trade_id,position_id,run_id,symbol,direction,signal_time,confirmation_time,entry_time,entry_time_msc,entry_bid,entry_ask,entry_price,volume,stop_price,exit_time,exit_time_msc,exit_bid,exit_ask,exit_price,exit_reason,structural_outcome,economic_outcome,deal_profit,commission,swap,net_pnl,calculated_price_pnl,pnl_discrepancy,price_move,ticks_move,r_multiple,duration_seconds,entry_k,entry_d,entry_adaptive_tf,entry_k_len,target_closed_k,target_closed_d,live_exit_k,live_exit_d,mae_points,mfe_points,spread_entry,spread_exit,stop_slippage_points,deal_reason
1,2,SEA2575_AMP_@ENQ_1754006400,@ENQ,BUY,2025.08.01 11:09:22,2025.08.01 11:10:22,2025.08.01 11:10:22,1754046622046,23380.50,23381.25,23381.25,0.1,23281.25,2025.08.01 13:37:00,1754055420881,23280.50,23281.00,23280.50,SL,LOSS,LOSS,-201.5,0.0,0.0,-201.5,-201.5,0.0,-100.75,-403.0,-1.0075,8798,22.407124880116797,20.884367384825655,44,7,0.0,0.0,22.597608821717227,46.35060446441876,100.75,83.75,0.75,0.5,0.75,SL
2,4,SEA2575_AMP_@ENQ_1754006400,@ENQ,SELL,2025.08.04 08:00:00,2025.08.04 08:01:00,2025.08.04 08:01:00,1754294460253,23312.50,23312.75,23312.50,0.1,23412.50,2025.08.04 13:30:15,1754314215448,23410.75,23411.25,23411.25,SL,LOSS,LOSS,-197.5,0.0,0.0,-197.5,-197.5,0.0,-98.75,-395.0,-0.9875,19755,76.53314251236814,78.44004583868583,31,5,0.0,0.0,94.86878838637632,84.48647058470368,98.75,3.5,0.25,0.5,-1.25,SL
3,6,SEA2575_AMP_@ENQ_1754006400,@ENQ,BUY,2025.08.05 08:48:00,2025.08.05 08:49:00,2025.08.05 08:49:00,1754383740034,23628.00,23628.50,23628.50,0.1,23528.50,2025.08.05 10:30:00,1754389800002,23673.50,23674.25,23673.75,TARGET_K80_M30_CLOSE,WIN,PROFIT,90.5,0.0,0.0,90.5,90.5,0.0,45.25,181.0,0.4525,6060,23.956928266939865,23.106114469524925,20,3,82.70399107346839,64.03405772975798,89.53724482698317,79.24804143353772,4.5,51.5,0.5,0.75,0.0,EXPERT
4,8,SEA2575_AMP_@ENQ_1754006400,@ENQ,SELL,2025.08.05 11:00:00,2025.08.05 11:01:00,2025.08.05 11:01:00,1754391660347,23678.00,23678.75,23678.00,0.1,23778.00,2025.08.05 15:30:00,1754407800002,23468.25,23468.75,23468.75,TARGET_K20_M30_CLOSE,WIN,PROFIT,418.5,0.0,0.0,418.5,418.5,0.0,209.25,837.0,2.0925,16140,82.93422617612549,85.08110628219826,17,3,15.747289598761498,28.744914740129115,13.400770146978891,21.477168029265258,24.75,240.25,0.75,0.5,0.0,EXPERT
5,10,SEA2575_AMP_@ENQ_1754006400,@ENQ,BUY,2025.08.06 10:00:00,2025.08.06 10:01:00,2025.08.06 10:01:00,1754474460986,23441.25,23442.00,23442.00,0.1,23342.00,2025.08.06 16:00:00,1754496000036,23665.75,23666.25,23665.75,TARGET_K80_M30_CLOSE,WIN,PROFIT,447.5,0.0,0.0,447.5,447.5,0.0,223.75,895.0,2.2375,21540,12.708899866895166,10.70029005278838,22,4,96.44397231864279,81.32599251451332,96.29487031932052,90.37610572256654,36.75,231.5,0.75,0.5,0.0,EXPERT
6,12,SEA2575_AMP_@ENQ_1754006400,@ENQ,SELL,2025.08.06 19:41:56,2025.08.06 19:42:56,2025.08.06 19:42:56,1754509376065,23723.00,23723.50,23723.00,0.1,23823.00,2025.08.07 05:00:00,1754542800750,23762.50,23763.25,23763.25,TARGET_K20_M30_CLOSE,WIN,LOSS,-80.5,0.0,0.0,-80.5,-80.5,0.0,-40.25,-161.0,-0.4025,33424,78.6201037792166,79.95799750829178,24,4,19.476534861150245,24.164845181085003,11.275476660092044,17.457931272393964,86.5,38.5,0.5,0.75,0.0,EXPERT
7,14,SEA2575_AMP_@ENQ_1754006400,@ENQ,SELL,2025.08.07 09:02:23,2025.08.07 09:03:23,2025.08.07 09:03:23,1754557403097,23839.25,23840.00,23839.25,0.1,23939.25,2025.08.07 13:40:08,1754574008245,23935.75,23936.25,23936.25,SL,LOSS,LOSS,-194.0,0.0,0.0,-194.0,-194.0,0.0,-97.0,-388.0,-0.97,16605,79.86130331117138,80.0314360037964,23,4,0.0,0.0,65.37331119270918,44.78603781472635,98.5,1.25,0.75,0.5,-3.0,SL
8,16,SEA2575_AMP_@ENQ_1754006400,@ENQ,BUY,2025.08.07 18:31:00,2025.08.07 18:32:00,2025.08.07 18:32:00,1754591520064,23652.25,23653.00,23653.00,0.1,23553.00,2025.08.07 22:00:00,1754604000029,23813.50,23817.25,23819.50,TARGET_K80_M30_CLOSE,WIN,PROFIT,333.0,0.0,0.0,333.0,333.0,0.0,166.5,666.0,1.665,12480,15.357159601878193,14.94318221455976,44,7,92.37275014643137,74.72529983483973,81.35465553121445,82.75183994663546,6.5,179.25,0.75,3.75,0.0,EXPERT
9,18,SEA2575_AMP_@ENQ_1754006400,@ENQ,SELL,2025.08.08 15:00:00,2025.08.08 15:01:00,2025.08.08 15:01:00,1754665260014,23953.75,23954.25,23953.75,0.1,24053.75,2025.08.08 20:14:24,1754684064279,24052.50,24053.00,24053.00,SL,LOSS,LOSS,-198.5,0.0,0.0,-198.5,-198.5,0.0,-99.25,-397.0,-0.9925,18804,80.90125063253349,81.8467145925011,38,6,0.0,0.0,77.61290512067781,72.30390035737146,99.5,43.25,0.5,0.5,-0.75,SL
10,20,SEA2575_AMP_@ENQ_1754006400,@ENQ,SELL,2025.08.11 10:30:52,2025.08.11 10:31:52,2025.08.11 10:31:52,1754908312947,24034.50,24035.25,24034.50,0.1,24134.50,2025.08.11 18:00:00,1754935200000,23995.75,23996.00,23996.25,TARGET_K20_M30_CLOSE,WIN,PROFIT,76.5,0.0,0.0,76.5,76.5,0.0,38.25,153.0,0.3825,26888,78.09614590395493,79.13013732966888,16,3,15.315272020984763,41.436547730991585,9.987139997610974,22.07589790300086,68.25,55.0,0.75,0.25,0.0,EXPERT
11,22,SEA2575_AMP_@ENQ_1754006400,@ENQ,BUY,2025.08.11 18:58:34,2025.08.11 18:59:34,2025.08.11 18:59:34,1754938774081,23986.00,23986.50,23986.50,0.1,23886.50,2025.08.11 19:56:04,1754942164829,23886.50,23886.75,23886.50,SL,LOSS,LOSS,-200.0,0.0,0.0,-200.0,-200.0,0.0,-100.0,-400.0,-1.0,3390,12.523885841590266,12.349625497783348,42,7,0.0,0.0,11.269964754072333,12.164604333554273,100.0,1.75,0.5,0.25,0.0,SL
12,24,SEA2575_AMP_@ENQ_1754006400,@ENQ,SELL,2025.08.12 08:05:00,2025.08.12 08:06:00,2025.08.12 08:06:00,1754985960131,23961.50,23962.25,23961.50,0.1,24061.50,2025.08.12 10:00:00,1754992800209,23933.00,23934.25,23934.25,TARGET_K20_M30_CLOSE,WIN,PROFIT,54.5,0.0,0.0,54.5,54.5,0.0,27.25,109.0,0.2725,6840,77.02410547339792,78.11458476998689,25,4,16.02914103888003,28.29883274772737,11.280274525307638,17.68348877165914,7.5,28.25,0.75,1.25,0.0,EXPERT
13,26,SEA2575_AMP_@ENQ_1754006400,@ENQ,BUY,2025.08.12 10:34:59,2025.08.12 10:35:59,2025.08.12 10:35:59,1754994959305,23932.25,23933.25,23933.25,0.1,23833.25,2025.08.12 13:00:00,1755003600034,24071.50,24072.25,24071.50,TARGET_K80_M30_CLOSE,WIN,PROFIT,276.5,0.0,0.0,276.5,276.5,0.0,138.25,553.0,1.3825,8641,21.655621341155932,19.369170904828692,20,3,80.47635883844224,66.59324024313507,77.37018069467011,74.98601292915625,26.75,186.75,1.0,0.75,0.0,EXPERT
14,28,SEA2575_AMP_@ENQ_1754006400,@ENQ,SELL,2025.08.13 08:30:00,2025.08.13 08:31:00,2025.08.13 08:31:00,1755073860172,24302.25,24302.75,24302.25,0.1,24402.25,2025.08.13 15:30:00,1755099000058,24224.25,24224.75,24224.75,TARGET_K20_M30_CLOSE,WIN,PROFIT,155.0,0.0,0.0,155.0,155.0,0.0,77.5,310.0,0.775,25140,90.12512927832194,90.42516555600749,20,3,15.621560987585648,28.90473829684697,19.261055486024198,19.05200820281267,64.5,111.5,0.5,0.5,0.0,EXPERT
15,30,SEA2575_AMP_@ENQ_1754006400,@ENQ,SELL,2025.08.14 08:39:09,2025.08.14 08:40:10,2025.08.14 08:40:10,1755160810312,24226.75,24227.25,24226.75,0.1,24326.75,2025.08.14 22:30:10,1755210610770,24184.00,24184.50,24184.50,TARGET_K20_M30_CLOSE,WIN,PROFIT,84.5,0.0,0.0,84.5,84.5,0.0,42.25,169.0,0.4225,49800,81.82697263824257,83.65515326872017,16,3,17.705444273240886,25.070271983621087,23.590235582560496,22.11379242380797,79.25,135.0,0.5,0.5,0.0,EXPERT
16,32,SEA2575_AMP_@ENQ_1754006400,@ENQ,BUY,2025.08.15 10:07:25,2025.08.15 10:08:25,2025.08.15 10:08:25,1755252505465,24183.00,24183.50,24183.50,0.1,24083.50,2025.08.15 12:00:00,1755259200022,24218.75,24219.25,24218.50,TARGET_K80_M30_CLOSE,WIN,PROFIT,70.0,0.0,0.0,70.0,70.0,0.0,35.0,140.0,0.35,6695,13.972983722956004,12.399312408397043,23,4,80.96214751592446,61.36817607892954,79.16319939256802,75.26539677571424,2.0,41.75,0.5,0.5,0.0,EXPERT
17,34,SEA2575_AMP_@ENQ_1754006400,@ENQ,BUY,2025.08.18 10:17:11,2025.08.18 10:18:11,2025.08.18 10:18:11,1755512291197,24056.25,24057.25,24057.25,0.1,23957.25,2025.08.19 08:00:00,1755590400002,24067.75,24068.25,24067.25,TARGET_K80_M30_CLOSE,WIN,PROFIT,20.0,0.0,0.0,20.0,20.0,0.0,10.0,40.0,0.1,78109,24.155511213778293,23.06423718757785,21,4,80.65614375910637,69.93200320919449,79.5207600281492,77.68172291949439,40.0,78.25,1.0,0.5,0.0,EXPERT
18,36,SEA2575_AMP_@ENQ_1754006400,@ENQ,SELL,2025.08.19 09:53:36,2025.08.19 09:54:36,2025.08.19 09:54:36,1755597276128,24084.75,24085.50,24084.75,0.1,24184.75,2025.08.19 15:00:00,1755615600000,23839.00,23840.00,23840.00,TARGET_K20_M30_CLOSE,WIN,PROFIT,489.5,0.0,0.0,489.5,489.5,0.0,244.75,979.0,2.4475,18324,81.77065587697099,82.61546895033881,17,3,9.875083657282811,23.889179613850672,1.0390946502057614,13.469049731547443,5.5,246.25,0.75,1.0,0.0,EXPERT
19,38,SEA2575_AMP_@ENQ_1754006400,@ENQ,BUY,2025.08.19 17:59:00,2025.08.19 18:00:00,2025.08.19 18:00:00,1755626400014,23804.75,23805.25,23805.25,0.1,23705.25,2025.08.20 00:24:15,1755649455129,23705.25,23706.25,23705.25,SL,LOSS,LOSS,-200.0,0.0,0.0,-200.0,-200.0,0.0,-100.0,-400.0,-1.0,23055,15.285242335885117,10.742997180611672,41,7,0.0,0.0,13.67061272682078,22.526266144466064,100.0,0.75,0.5,1.0,0.0,SL
20,40,SEA2575_AMP_@ENQ_1754006400,@ENQ,SELL,2025.08.20 07:30:28,2025.08.20 07:31:28,2025.08.20 07:31:28,1755675088122,23703.75,23704.25,23703.75,0.1,23803.75,2025.08.20 15:00:00,1755702000002,23355.25,23355.75,23355.75,TARGET_K20_M30_CLOSE,WIN,PROFIT,696.0,0.0,0.0,696.0,696.0,0.0,348.0,1392.0,3.48,26912,83.74931408064363,84.71183599040268,31,5,7.453994117418083,25.524677758490142,6.397262390459386,13.15267036894105,47.0,370.25,0.5,0.5,0.0,EXPERT
21,42,SEA2575_AMP_@ENQ_1754006400,@ENQ,BUY,2025.08.20 15:20:05,2025.08.20 15:21:05,2025.08.20 15:21:05,1755703265044,23479.00,23479.50,23479.50,0.1,23379.50,2025.08.21 03:00:02,1755745202706,23652.00,23652.50,23652.50,TARGET_K80_M30_CLOSE,WIN,PROFIT,346.0,0.0,0.0,346.0,346.0,0.0,173.0,692.0,1.73,41937,16.677636222235087,16.57946164619962,44,7,90.13465680132346,74.17028681318438,73.44617344617343,80.03287219661489,28.75,187.75,0.5,0.5,0.0,EXPERT
22,44,SEA2575_AMP_@ENQ_1754006400,@ENQ,BUY,2025.08.21 13:27:59,2025.08.21 13:28:59,2025.08.21 13:28:59,1755782939084,23555.50,23556.00,23556.00,0.1,23456.00,2025.08.21 14:00:23,1755784823041,23455.50,23456.25,23455.50,SL,LOSS,LOSS,-201.0,0.0,0.0,-201.0,-201.0,0.0,-100.5,-402.0,-1.005,1884,17.46237284792905,17.348594663387903,35,6,0.0,0.0,15.701554382567595,17.344830597130997,100.5,32.25,0.5,0.75,0.5,SL
23,46,SEA2575_AMP_@ENQ_1754006400,@ENQ,SELL,2025.08.22 09:03:08,2025.08.22 09:04:08,2025.08.22 09:04:08,1755853448002,23539.25,23540.25,23539.25,0.1,23639.25,2025.08.22 13:50:18,1755870618277,23638.25,23639.00,23639.00,SL,LOSS,LOSS,-199.5,0.0,0.0,-199.5,-199.5,0.0,-99.75,-399.0,-0.9975,17170,90.11552208356773,90.42290498159933,22,4,0.0,0.0,57.806995070334146,47.82095023180483,99.75,34.5,1.0,0.75,-0.25,SL
24,48,SEA2575_AMP_@ENQ_1754006400,@ENQ,BUY,2025.08.25 08:22:34,2025.08.25 08:23:35,2025.08.25 08:23:35,1756110215254,23810.25,23811.25,23811.25,0.1,23711.25,2025.08.25 14:30:00,1756132200000,23838.00,23838.50,23838.00,TARGET_K80_M30_CLOSE,WIN,PROFIT,53.5,0.0,0.0,53.5,53.5,0.0,26.75,107.0,0.2675,21985,23.500252857960366,23.175153316853255,17,3,90.78072636734714,72.7971343825718,87.98354746210764,85.342779721736,70.0,47.0,1.0,0.5,0.0,EXPERT
25,50,SEA2575_AMP_@ENQ_1754006400,@ENQ,SELL,2025.08.25 15:01:20,2025.08.25 15:02:20,2025.08.25 15:02:20,1756134140041,23868.75,23869.25,23868.75,0.1,23968.75,2025.08.25 19:30:00,1756150200048,23850.25,23850.75,23850.75,TARGET_K20_M30_CLOSE,WIN,PROFIT,36.0,0.0,0.0,36.0,36.0,0.0,18.0,72.0,0.18,16060,91.15216545155475,91.57368219813863,44,7,12.774728282117445,20.7129248999821,11.08765345218547,15.114188516080489,45.75,23.0,0.5,0.5,0.0,EXPERT
26,52,SEA2575_AMP_@ENQ_1754006400,@ENQ,BUY,2025.08.25 20:00:48,2025.08.25 20:01:48,2025.08.25 20:01:48,1756152108043,23799.25,23799.75,23799.75,0.1,23699.75,2025.08.26 00:40:45,1756168845333,23700.25,23701.25,23700.25,SL,LOSS,LOSS,-199.0,0.0,0.0,-199.0,-199.0,0.0,-99.5,-398.0,-0.995,16737,11.372669074401964,10.970401875905614,29,5,0.0,0.0,23.868957819366994,31.05644355425045,99.75,18.5,0.5,1.0,-0.5,SL
27,54,SEA2575_AMP_@ENQ_1754006400,@ENQ,SELL,2025.08.26 10:43:10,2025.08.26 10:44:13,2025.08.26 10:44:13,1756205053561,23791.25,23791.75,23791.25,0.1,23891.25,2025.08.26 19:52:33,1756237953385,23891.00,23891.25,23891.25,SL,LOSS,LOSS,-200.0,0.0,0.0,-200.0,-200.0,0.0,-100.0,-400.0,-1.0,32900,81.94482588756365,83.27597248878983,17,3,0.0,0.0,93.16695647914575,83.16411801463865,100.0,66.0,0.5,0.25,0.0,SL
28,56,SEA2575_AMP_@ENQ_1754006400,@ENQ,SELL,2025.08.26 20:01:06,2025.08.26 20:02:07,2025.08.26 20:02:07,1756238527118,23884.00,23884.25,23884.00,0.1,23984.00,2025.08.27 01:30:00,1756258200391,23901.00,23901.50,23901.50,TARGET_K20_M30_CLOSE,WIN,LOSS,-35.0,0.0,0.0,-35.0,-35.0,0.0,-17.5,-70.0,-0.175,19673,88.40666014058984,88.56758705925807,43,7,19.34512921532761,25.39504245853374,34.56024438761012,25.128052737596764,38.5,1.5,0.25,0.5,0.0,EXPERT
29,58,SEA2575_AMP_@ENQ_1754006400,@ENQ,SELL,2025.08.27 10:33:22,2025.08.27 10:34:22,2025.08.27 10:34:22,1756290862065,23900.25,23901.00,23900.25,0.1,24000.25,2025.08.27 13:30:00,1756301400027,23839.25,23839.75,23839.75,TARGET_K20_M30_CLOSE,WIN,PROFIT,121.0,0.0,0.0,121.0,121.0,0.0,60.5,242.0,0.605,10538,86.44142114468718,86.53447330527649,16,3,15.257603549937647,32.74546560896178,14.539816435091709,21.00069940773656,19.0,66.0,0.75,0.5,0.0,EXPERT
30,60,SEA2575_AMP_@ENQ_1754006400,@ENQ,BUY,2025.08.27 13:59:51,2025.08.27 14:00:51,2025.08.27 14:00:51,1756303251005,23829.50,23830.00,23830.00,0.1,23730.00,2025.08.27 15:30:00,1756308600025,23887.25,23887.75,23887.25,TARGET_K80_M30_CLOSE,WIN,PROFIT,114.5,0.0,0.0,114.5,114.5,0.0,57.25,229.0,0.5725,5349,24.616159625030118,21.333620071728472,44,7,82.52051440553676,63.885341614017506,81.14589772493122,77.1522247675842,5.5,83.5,0.5,0.5,0.0,EXPERT
31,62,SEA2575_AMP_@ENQ_1754006400,@ENQ,SELL,2025.08.27 18:53:26,2025.08.27 18:54:26,2025.08.27 18:54:26,1756320866423,23927.50,23928.00,23927.50,0.1,24027.50,2025.08.28 00:30:00,1756341000445,23790.75,23791.50,23791.75,TARGET_K20_M30_CLOSE,WIN,PROFIT,271.5,0.0,0.0,271.5,271.5,0.0,135.75,543.0,1.3575,20134,79.36821650512677,81.77744216089063,19,3,14.147136157068966,20.4800015904564,13.379264986605497,16.309424144625794,59.0,193.25,0.5,0.75,0.0,EXPERT
32,64,SEA2575_AMP_@ENQ_1754006400,@ENQ,SELL,2025.08.28 08:00:00,2025.08.28 08:01:00,2025.08.28 08:01:00,1756368060036,23920.25,23920.75,23920.25,0.1,24020.25,2025.08.28 10:00:01,1756375201123,23912.50,23913.25,23913.25,TARGET_K20_M30_CLOSE,WIN,PROFIT,14.0,0.0,0.0,14.0,14.0,0.0,7.0,28.0,0.07,7141,88.91531402751987,92.69777461839351,25,4,18.0422907732361,42.34677574790114,19.849063466084743,26.315838795694688,40.0,12.75,0.5,0.75,0.0,EXPERT
33,66,SEA2575_AMP_@ENQ_1754006400,@ENQ,BUY,2025.08.28 10:41:14,2025.08.28 10:42:14,2025.08.28 10:42:14,1756377734183,23905.50,23906.25,23906.25,0.1,23806.25,2025.08.28 17:30:00,1756402200006,24059.25,24059.75,24059.25,TARGET_K80_M30_CLOSE,WIN,PROFIT,306.0,0.0,0.0,306.0,306.0,0.0,153.0,612.0,1.53,24466,24.137931034482758,23.240530988703767,18,3,89.88946741528225,80.18520828237536,90.04409400563033,86.46887321673331,35.75,157.5,0.75,0.5,0.0,EXPERT
34,68,SEA2575_AMP_@ENQ_1754006400,@ENQ,SELL,2025.08.28 18:17:46,2025.08.28 18:18:46,2025.08.28 18:18:46,1756405126468,24064.00,24064.50,24064.00,0.1,24164.00,2025.08.28 23:00:00,1756422000995,24038.25,24039.25,24039.50,TARGET_K20_M30_CLOSE,WIN,PROFIT,49.0,0.0,0.0,49.0,49.0,0.0,24.5,98.0,0.245,16874,89.45424022439386,89.57296302192123,20,3,17.84274328578126,24.68123165877771,17.195767195767196,18.73151396079332,37.5,30.5,0.5,1.0,0.0,EXPERT
35,70,SEA2575_AMP_@ENQ_1754006400,@ENQ,BUY,2025.08.29 09:03:25,2025.08.29 09:04:25,2025.08.29 09:04:25,1756458265028,23926.25,23927.00,23927.00,0.1,23827.00,2025.08.29 13:50:22,1756475422428,23827.50,23827.75,23827.50,SL,LOSS,LOSS,-199.0,0.0,0.0,-199.0,-199.0,0.0,-99.5,-398.0,-0.995,17157,12.443695494673571,12.100879734416814,32,5,0.0,0.0,41.8046466163621,44.86426698172002,99.5,51.5,0.75,0.25,-0.5,SL
36,72,SEA2575_AMP_@ENQ_1754006400,@ENQ,SELL,2025.09.01 08:42:26,2025.09.01 08:43:26,2025.09.01 08:43:26,1756716206499,23792.75,23793.25,23792.75,0.1,23892.75,2025.09.01 23:30:06,1756769406949,23737.00,23737.25,23737.25,TARGET_K20_M30_CLOSE,WIN,PROFIT,111.0,0.0,0.0,111.0,111.0,0.0,55.5,222.0,0.555,53200,92.00805549765589,92.384345400409,26,4,6.464397189292249,24.638968201539853,9.894896514528417,15.364543181139888,15.25,65.5,0.5,0.25,0.0,EXPERT
37,74,SEA2575_AMP_@ENQ_1754006400,@ENQ,BUY,2025.09.02 09:00:00,2025.09.02 09:01:00,2025.09.02 09:01:00,1756803660010,23598.25,23598.75,23598.75,0.1,23498.75,2025.09.02 12:02:43,1756814563310,23498.50,23499.50,23498.50,SL,LOSS,LOSS,-200.5,0.0,0.0,-200.5,-200.5,0.0,-100.25,-401.0,-1.0025,10903,20.965660074580963,20.903384613437773,32,5,0.0,0.0,5.014415568814319,7.389329685441578,100.25,30.75,0.5,1.0,0.25,SL
38,76,SEA2575_AMP_@ENQ_1754006400,@ENQ,SELL,2025.09.03 09:01:21,2025.09.03 09:02:21,2025.09.03 09:02:21,1756890141035,23714.00,23714.50,23714.00,0.1,23814.00,2025.09.03 14:43:46,1756910626582,23813.25,23813.50,23813.50,SL,LOSS,LOSS,-199.0,0.0,0.0,-199.0,-199.0,0.0,-99.5,-398.0,-0.995,20485,87.05446862726326,88.38916428775563,24,4,0.0,0.0,58.55362057401883,42.709920148202684,99.5,45.5,0.5,0.25,-0.5,SL
39,78,SEA2575_AMP_@ENQ_1754006400,@ENQ,BUY,2025.09.03 19:05:18,2025.09.03 19:06:18,2025.09.03 19:06:18,1756926378096,23649.25,23649.75,23649.75,0.1,23549.75,2025.09.03 22:00:00,1756936800001,23752.75,23756.25,23752.75,TARGET_K80_M30_CLOSE,WIN,PROFIT,206.0,0.0,0.0,206.0,206.0,0.0,103.0,412.0,1.03,10422,15.882133990276323,15.380487979209803,39,7,92.32380448289724,69.41008908447662,70.81536282743632,78.23767255212506,19.5,119.5,0.5,3.5,0.0,EXPERT
40,80,SEA2575_AMP_@ENQ_1754006400,@ENQ,BUY,2025.09.04 07:00:11,2025.09.04 07:01:11,2025.09.04 07:01:11,1756969271039,23765.75,23766.75,23766.75,0.1,23666.75,2025.09.04 16:00:00,1757001600004,23835.75,23836.25,23835.75,TARGET_K80_M30_CLOSE,WIN,PROFIT,138.0,0.0,0.0,138.0,138.0,0.0,69.0,276.0,0.69,32329,23.592814811141782,17.93050375047367,23,4,87.32200533128851,70.2567915915268,89.547929514036,83.92638547997245,58.5,87.0,1.0,0.5,0.0,EXPERT
41,82,SEA2575_AMP_@ENQ_1754006400,@ENQ,SELL,2025.09.04 18:00:00,2025.09.04 18:01:00,2025.09.04 18:01:00,1757008860003,23887.00,23887.50,23887.00,0.1,23987.00,2025.09.04 20:11:57,1757016717238,23986.00,23986.50,23986.50,SL,LOSS,LOSS,-199.0,0.0,0.0,-199.0,-199.0,0.0,-99.5,-398.0,-0.995,7857,84.13532022323271,84.50083367797014,29,5,0.0,0.0,89.4879710453481,88.56655990074215,99.75,1.75,0.5,0.5,-0.5,SL
42,84,SEA2575_AMP_@ENQ_1754006400,@ENQ,SELL,2025.09.05 19:51:53,2025.09.05 19:52:53,2025.09.05 19:52:53,1757101973043,23952.00,23952.50,23952.00,0.1,24052.00,2025.09.07 23:10:58,1757286658512,24051.50,24051.75,24051.75,SL,LOSS,LOSS,-199.5,0.0,0.0,-199.5,-199.5,0.0,-99.75,-399.0,-0.9975,184685,80.29991880861806,81.84657546891567,43,7,0.0,0.0,99.14169962440614,99.27606804026613,99.75,8.75,0.5,0.25,-0.25,SL
43,86,SEA2575_AMP_@ENQ_1754006400,@ENQ,SELL,2025.09.08 10:30:01,2025.09.08 10:31:01,2025.09.08 10:31:01,1757327461053,24077.75,24078.25,24077.75,0.1,24177.75,2025.09.08 14:32:14,1757341934453,24172.75,24173.00,24173.00,SL,LOSS,LOSS,-190.5,0.0,0.0,-190.5,-190.5,0.0,-95.25,-381.0,-0.9525,14473,75.94045795530418,76.1379146606747,16,3,0.0,0.0,88.76333961079725,84.61489684669607,97.0,35.25,0.5,0.25,-4.75,SL
44,88,SEA2575_AMP_@ENQ_1754006400,@ENQ,BUY,2025.09.08 18:10:37,2025.09.08 18:11:37,2025.09.08 18:11:37,1757355097016,24094.25,24094.75,24094.75,0.1,23994.75,2025.09.09 07:00:00,1757401200149,24149.25,24150.00,24149.25,TARGET_K80_M30_CLOSE,WIN,PROFIT,109.0,0.0,0.0,109.0,109.0,0.0,54.5,218.0,0.545,46103,22.072595258907725,21.554094383002674,29,5,81.26086545729403,61.79196464910751,84.24949765384702,74.24716282242213,36.5,58.75,0.5,0.75,0.0,EXPERT
45,90,SEA2575_AMP_@ENQ_1754006400,@ENQ,SELL,2025.09.09 07:39:48,2025.09.09 07:40:48,2025.09.09 07:40:48,1757403648344,24171.25,24172.25,24171.25,0.1,24271.25,2025.09.10 09:00:00,1757494800200,24194.25,24195.00,24195.00,TARGET_K20_M30_CLOSE,WIN,LOSS,-47.5,0.0,0.0,-47.5,-47.5,0.0,-23.75,-95.0,-0.2375,91152,84.06725709151586,84.30441226106096,16,3,15.6811311896163,38.745531398981285,10.407653377438798,20.76263804501935,81.0,146.0,1.0,0.75,0.0,EXPERT
46,92,SEA2575_AMP_@ENQ_1754006400,@ENQ,BUY,2025.09.10 09:30:18,2025.09.10 09:31:18,2025.09.10 09:31:18,1757496678235,24189.50,24190.00,24190.00,0.1,24090.00,2025.09.10 11:00:00,1757502000098,24223.00,24224.25,24223.00,TARGET_K80_M30_CLOSE,WIN,PROFIT,66.0,0.0,0.0,66.0,66.0,0.0,33.0,132.0,0.33,5322,12.99719069235798,12.467172564200858,21,4,92.96328272773646,64.55190826361417,94.8181214374139,84.02011653986416,6.25,34.75,0.5,1.25,0.0,EXPERT
47,94,SEA2575_AMP_@ENQ_1754006400,@ENQ,SELL,2025.09.10 11:30:02,2025.09.10 11:31:02,2025.09.10 11:31:02,1757503862005,24227.75,24228.00,24227.75,0.1,24327.75,2025.09.10 12:30:03,1757507403948,24326.00,24328.25,24328.25,SL,LOSS,LOSS,-201.0,0.0,0.0,-201.0,-201.0,0.0,-100.5,-402.0,-1.005,3541,79.765357551165,87.42588742974253,16,3,0.0,0.0,71.67995297748062,72.76449468099212,100.5,1.25,0.25,2.25,0.5,SL
48,96,SEA2575_AMP_@ENQ_1754006400,@ENQ,BUY,2025.09.10 18:33:13,2025.09.10 18:34:13,2025.09.10 18:34:13,1757529253044,24172.25,24172.50,24172.50,0.1,24072.50,2025.09.11 02:00:00,1757556000090,24205.00,24205.75,24205.25,TARGET_K80_M30_CLOSE,WIN,PROFIT,65.5,0.0,0.0,65.5,65.5,0.0,32.75,131.0,0.3275,26747,17.567707607531247,16.543310942441817,39,7,82.69845836577727,69.08268883319029,71.59024530138267,74.14383076100762,89.0,42.0,0.25,0.75,0.0,EXPERT
49,98,SEA2575_AMP_@ENQ_1754006400,@ENQ,SELL,2025.09.11 07:35:15,2025.09.11 07:36:15,2025.09.11 07:36:15,1757576175000,24216.75,24217.25,24216.75,0.1,24316.75,2025.09.11 14:45:08,1757601908675,24316.50,24316.75,24316.75,SL,LOSS,LOSS,-200.0,0.0,0.0,-200.0,-200.0,0.0,-100.0,-400.0,-1.0,25733,78.93838427736733,81.83103908956237,19,3,0.0,0.0,88.40473702542668,89.5881004596813,100.0,72.75,0.5,0.25,0.0,SL
50,100,SEA2575_AMP_@ENQ_1754006400,@ENQ,SELL,2025.09.12 11:06:51,2025.09.12 11:07:51,2025.09.12 11:07:51,1757675271421,24313.25,24313.75,24313.25,0.1,24413.25,2025.09.12 14:55:26,1757688926445,24412.50,24412.75,24412.75,SL,LOSS,LOSS,-199.0,0.0,0.0,-199.0,-199.0,0.0,-99.5,-398.0,-0.995,13655,76.32203650175246,78.47526938777409,16,3,0.0,0.0,82.20426425603799,74.04449069331342,99.5,13.0,0.5,0.25,-0.5,SL
51,102,SEA2575_AMP_@ENQ_1754006400,@ENQ,BUY,2025.09.15 09:31:59,2025.09.15 09:32:59,2025.09.15 09:32:59,1757928779514,24394.25,24394.75,24394.75,0.1,24294.75,2025.09.15 11:30:02,1757935802325,24432.50,24433.25,24432.25,TARGET_K80_M30_CLOSE,WIN,PROFIT,75.0,0.0,0.0,75.0,75.0,0.0,37.5,150.0,0.375,7023,23.812071674142214,23.46076059698102,23,4,90.59143292020003,73.37437433532394,83.64040606395992,83.6542671371083,7.5,48.0,0.5,0.75,0.0,EXPERT
52,104,SEA2575_AMP_@ENQ_1754006400,@ENQ,SELL,2025.09.15 11:30:02,2025.09.15 11:31:02,2025.09.15 11:31:02,1757935862000,24430.00,24430.50,24430.00,0.1,24530.00,2025.09.15 13:50:03,1757944203329,24529.50,24529.75,24529.75,SL,LOSS,LOSS,-199.5,0.0,0.0,-199.5,-199.5,0.0,-99.75,-399.0,-0.9975,8341,82.21860511609263,83.18033348781921,21,4,0.0,0.0,96.36464127799172,92.36160837724283,100.0,1.75,0.5,0.25,-0.25,SL
53,106,SEA2575_AMP_@ENQ_1754006400,@ENQ,BUY,2025.09.16 13:00:00,2025.09.16 13:01:00,2025.09.16 13:01:00,1758027660019,24649.25,24649.75,24649.75,0.1,24549.75,2025.09.17 07:30:01,1758094201015,24605.25,24605.75,24605.75,TARGET_K80_M30_CLOSE,WIN,LOSS,-88.0,0.0,0.0,-88.0,-88.0,0.0,-44.0,-176.0,-0.44,66541,17.048543282619715,16.56808402230649,31,5,90.8853772936201,77.16155270443832,94.78820485236163,88.35205614965435,93.5,14.25,0.5,0.5,0.0,EXPERT
54,108,SEA2575_AMP_@ENQ_1754006400,@ENQ,SELL,2025.09.17 08:00:00,2025.09.17 08:01:00,2025.09.17 08:01:00,1758096060089,24603.75,24604.50,24603.75,0.1,24703.75,2025.09.17 15:00:00,1758121200035,24478.00,24479.00,24479.00,TARGET_K20_M30_CLOSE,WIN,PROFIT,249.5,0.0,0.0,249.5,249.5,0.0,124.75,499.0,1.2475,25140,84.68390090314027,88.71533783835729,16,3,9.192751899276335,35.617564612870105,5.581640788165224,15.947357176675302,3.5,134.75,0.75,1.0,0.0,EXPERT
55,110,SEA2575_AMP_@ENQ_1754006400,@ENQ,SELL,2025.09.18 09:30:00,2025.09.18 09:31:00,2025.09.18 09:31:00,1758187860084,24778.50,24779.25,24778.50,0.1,24878.50,2025.09.18 20:00:00,1758225600102,24752.00,24753.00,24752.75,TARGET_K20_M30_CLOSE,WIN,PROFIT,51.5,0.0,0.0,51.5,51.5,0.0,25.75,103.0,0.2575,37740,91.55779603112592,93.76776445291074,29,5,17.669188767644577,22.055403528801843,3.4565424815877606,14.72419528130434,89.75,124.5,0.75,1.0,0.0,EXPERT
56,112,SEA2575_AMP_@ENQ_1754006400,@ENQ,BUY,2025.09.18 20:30:33,2025.09.18 20:31:35,2025.09.18 20:31:35,1758227495628,24764.75,24766.00,24766.00,0.1,24666.00,2025.09.18 23:30:12,1758238212352,24789.00,24791.75,24789.25,TARGET_K80_M30_CLOSE,WIN,PROFIT,46.5,0.0,0.0,46.5,46.5,0.0,23.25,93.0,0.2325,10717,19.64357119567546,15.80997517688028,41,7,83.90351240925953,74.34252046408477,78.3056619838229,80.24605875180588,2.25,29.25,1.25,2.75,0.0,EXPERT
57,114,SEA2575_AMP_@ENQ_1754006400,@ENQ,SELL,2025.09.19 10:23:13,2025.09.19 10:24:13,2025.09.19 10:24:13,1758277453553,24713.25,24714.00,24713.25,0.1,24813.25,2025.09.19 13:53:01,1758289981150,24812.50,24813.25,24813.25,SL,LOSS,LOSS,-200.0,0.0,0.0,-200.0,-200.0,0.0,-100.0,-400.0,-1.0,12528,75.73601308897989,75.78111610656877,44,7,0.0,0.0,61.506049934534296,58.588712307051736,160.75,1.5,0.75,0.75,0.0,SL
58,116,SEA2575_AMP_@ENQ_1754006400,@ENQ,BUY,2025.09.22 07:01:25,2025.09.22 07:02:25,2025.09.22 07:02:25,1758524545652,25321.50,25322.25,25322.25,0.1,25222.25,2025.09.22 14:00:00,1758549600043,25372.00,25372.50,25372.00,TARGET_K80_M30_CLOSE,WIN,PROFIT,99.5,0.0,0.0,99.5,99.5,0.0,49.75,199.0,0.4975,25055,17.739127693447454,15.740845644074762,16,3,87.41643273029736,65.89499050169002,91.55087354365973,79.97217368875233,74.75,57.5,0.75,0.5,0.0,EXPERT
59,118,SEA2575_AMP_@ENQ_1754006400,@ENQ,SELL,2025.09.22 15:03:58,2025.09.22 15:04:58,2025.09.22 15:04:58,1758553498137,25418.25,25418.50,25418.25,0.1,25518.25,2025.09.22 18:48:19,1758566899723,25517.25,25517.50,25517.50,SL,LOSS,LOSS,-198.5,0.0,0.0,-198.5,-198.5,0.0,-99.25,-397.0,-0.9925,13401,92.98148434023773,94.05769364176457,24,4,0.0,0.0,82.62539237293795,81.76941043279372,99.5,21.0,0.25,0.25,-0.75,SL
60,120,SEA2575_AMP_@ENQ_1754006400,@ENQ,BUY,2025.09.23 18:00:00,2025.09.23 18:01:00,2025.09.23 18:01:00,1758650460001,25329.25,25329.75,25329.75,0.1,25229.75,2025.09.24 04:30:02,1758688202781,25341.50,25342.25,25341.75,TARGET_K80_M30_CLOSE,WIN,PROFIT,24.0,0.0,0.0,24.0,24.0,0.0,12.0,48.0,0.12,37742,19.34713296374599,18.025702595777442,44,7,81.33865779589227,78.23184000998512,83.73634601832276,81.64370115685749,46.25,31.75,0.5,0.75,0.0,EXPERT
61,122,SEA2575_AMP_@ENQ_1754006400,@ENQ,SELL,2025.09.24 09:38:51,2025.09.24 09:39:51,2025.09.24 09:39:51,1758706791115,25400.00,25400.50,25400.00,0.1,25500.00,2025.09.24 15:30:00,1758727800023,25293.00,25293.50,25293.25,TARGET_K20_M30_CLOSE,WIN,PROFIT,213.5,0.0,0.0,213.5,213.5,0.0,106.75,427.0,1.0675,21009,77.01548346323995,78.21325080408756,16,3,15.762976282011147,24.13244847642673,11.684955736441362,16.00122622786343,13.0,123.0,0.5,0.5,0.0,EXPERT
62,124,SEA2575_AMP_@ENQ_1754006400,@ENQ,BUY,2025.09.25 10:34:44,2025.09.25 10:35:44,2025.09.25 10:35:44,1758796544554,25206.00,25206.50,25206.50,0.1,25106.50,2025.09.25 11:48:21,1758800901389,25106.50,25107.50,25106.50,SL,LOSS,LOSS,-200.0,0.0,0.0,-200.0,-200.0,0.0,-100.0,-400.0,-1.0,4357,24.82403926482874,24.011536223717144,23,4,0.0,0.0,13.52507019655034,16.264697041440343,100.0,0.0,0.5,1.0,0.0,SL
63,126,SEA2575_AMP_@ENQ_1754006400,@ENQ,SELL,2025.09.25 20:30:36,2025.09.25 20:31:36,2025.09.25 20:31:36,1758832296181,25121.50,25122.25,25121.50,0.1,25221.50,2025.09.26 00:00:00,1758844800082,25115.00,25115.75,25115.75,TARGET_K20_M30_CLOSE,WIN,PROFIT,11.5,0.0,0.0,11.5,11.5,0.0,5.75,23.0,0.0575,12504,78.95433650287508,79.11763342529815,26,4,18.242253570551288,41.420231790153245,6.37784679089027,22.657382853581606,43.75,6.0,0.75,0.75,0.0,EXPERT
64,128,SEA2575_AMP_@ENQ_1754006400,@ENQ,SELL,2025.09.26 07:00:00,2025.09.26 07:01:00,2025.09.26 07:01:00,1758870060067,25148.00,25148.75,25148.00,0.1,25248.00,2025.09.28 22:08:43,1759097323187,25247.50,25248.25,25248.25,SL,LOSS,LOSS,-200.5,0.0,0.0,-200.5,-200.5,0.0,-100.25,-401.0,-1.0025,227263,79.66044497312505,85.04985011589902,25,4,0.0,0.0,99.98401278976819,98.91262958625349,100.25,128.25,0.75,0.75,0.25,SL
65,130,SEA2575_AMP_@ENQ_1754006400,@ENQ,SELL,2025.09.29 08:00:00,2025.09.29 08:01:00,2025.09.29 08:01:00,1759132860002,25354.75,25355.25,25354.75,0.1,25454.75,2025.09.29 13:54:42,1759154082915,25450.50,25455.00,25455.00,SL,LOSS,LOSS,-200.5,0.0,0.0,-200.5,-200.5,0.0,-100.25,-401.0,-1.0025,21222,81.08734790240102,81.37110714242495,20,3,0.0,0.0,61.705247744424376,60.407308167800146,100.25,8.0,0.5,4.5,0.25,SL
66,132,SEA2575_AMP_@ENQ_1754006400,@ENQ,SELL,2025.09.30 13:04:50,2025.09.30 13:05:50,2025.09.30 13:05:50,1759237550242,25317.75,25318.25,25317.75,0.1,25417.75,2025.10.01 00:30:01,1759278601277,25290.25,25291.50,25290.75,TARGET_K20_M30_CLOSE,WIN,PROFIT,54.0,0.0,0.0,54.0,54.0,0.0,27.0,108.0,0.27,41051,75.37177654120617,77.08223896497988,25,4,18.125284801402337,23.484514621083107,10.187643690039716,16.680981428338146,95.75,95.25,0.5,1.25,0.0,EXPERT
67,134,SEA2575_AMP_@ENQ_1754006400,@ENQ,BUY,2025.10.01 07:02:50,2025.10.01 07:03:50,2025.10.01 07:03:50,1759302230002,25165.50,25166.00,25166.00,0.1,25066.00,2025.10.01 10:00:00,1759312800806,25244.50,25245.50,25245.25,TARGET_K80_M30_CLOSE,WIN,PROFIT,158.5,0.0,0.0,158.5,158.5,0.0,79.25,317.0,0.7925,10570,11.930229306487695,11.284771804147427,41,7,82.41381692615391,64.04502619114801,84.17927076026972,77.5963281309058,16.75,100.0,0.5,1.0,0.0,EXPERT
68,136,SEA2575_AMP_@ENQ_1754006400,@ENQ,SELL,2025.10.01 12:30:00,2025.10.01 12:31:00,2025.10.01 12:31:00,1759321860108,25276.25,25277.00,25276.25,0.1,25376.25,2025.10.01 14:21:26,1759328486959,25375.25,25375.75,25375.75,SL,LOSS,LOSS,-199.0,0.0,0.0,-199.0,-199.0,0.0,-99.5,-398.0,-0.995,6626,76.36753212620862,80.19671647120445,37,6,0.0,0.0,57.48258111246943,52.7337802444079,100.0,50.5,0.75,0.5,-0.5,SL
69,138,SEA2575_AMP_@ENQ_1754006400,@ENQ,SELL,2025.10.02 12:30:00,2025.10.02 12:31:00,2025.10.02 12:31:00,1759408260027,25651.75,25652.25,25651.75,0.1,25751.75,2025.10.03 11:30:00,1759491000117,25643.75,25644.50,25644.50,TARGET_K20_M30_CLOSE,WIN,PROFIT,14.5,0.0,0.0,14.5,14.5,0.0,7.25,29.0,0.0725,82740,81.90765436609426,87.4642931892882,19,3,14.677622110611802,37.20735537866678,8.8005698005698,22.905723519684518,44.5,158.25,0.5,0.75,0.0,EXPERT
70,140,SEA2575_AMP_@ENQ_1754006400,@ENQ,BUY,2025.10.03 12:01:23,2025.10.03 12:02:23,2025.10.03 12:02:23,1759492943035,25640.25,25641.00,25641.00,0.1,25541.00,2025.10.03 17:04:04,1759511044249,25540.75,25541.00,25540.75,SL,LOSS,LOSS,-200.5,0.0,0.0,-200.5,-200.5,0.0,-100.25,-401.0,-1.0025,18101,12.87098087098087,12.791468935798832,29,5,0.0,0.0,47.03703703703704,65.56980056980056,100.25,25.25,0.75,0.25,0.25,SL
71,142,SEA2575_AMP_@ENQ_1754006400,@ENQ,SELL,2025.10.06 10:00:18,2025.10.06 10:01:18,2025.10.06 10:01:18,1759744878998,25633.00,25633.50,25633.00,0.1,25733.00,2025.10.06 12:11:54,1759752714086,25732.25,25733.00,25733.00,SL,LOSS,LOSS,-200.0,0.0,0.0,-200.0,-200.0,0.0,-100.0,-400.0,-1.0,7836,90.48008728859793,90.57071748522704,19,3,0.0,0.0,89.51720410736804,84.0252519000004,100.0,8.5,0.5,0.75,0.0,SL
72,144,SEA2575_AMP_@ENQ_1754006400,@ENQ,SELL,2025.10.06 18:08:55,2025.10.06 18:09:55,2025.10.06 18:09:55,1759774195118,25722.50,25723.00,25722.50,0.1,25822.50,2025.10.06 20:30:00,1759782600060,25678.00,25678.25,25678.50,TARGET_K20_M30_CLOSE,WIN,PROFIT,88.0,0.0,0.0,88.0,88.0,0.0,44.0,176.0,0.44,8405,86.07202834853096,86.50613008773291,26,4,15.591597529313793,41.6053330005075,5.827217764934029,20.566705139800465,29.75,48.5,0.5,0.25,0.0,EXPERT
73,146,SEA2575_AMP_@ENQ_1754006400,@ENQ,SELL,2025.10.07 10:00:39,2025.10.07 10:01:39,2025.10.07 10:01:39,1759831299077,25678.75,25679.00,25678.75,0.1,25778.75,2025.10.07 16:00:00,1759852800001,25528.75,25529.50,25529.25,TARGET_K20_M30_CLOSE,WIN,PROFIT,299.0,0.0,0.0,299.0,299.0,0.0,149.5,598.0,1.495,21501,76.73903129800307,79.09687873940145,16,3,12.39602326650953,25.01366225457315,13.258194146920266,15.662440944691916,95.75,193.5,0.25,0.75,0.0,EXPERT
74,148,SEA2575_AMP_@ENQ_1754006400,@ENQ,BUY,2025.10.07 18:07:35,2025.10.07 18:08:35,2025.10.07 18:08:35,1759860515008,25522.75,25523.25,25523.25,0.1,25423.25,2025.10.07 23:00:01,1759878001267,25578.50,25579.50,25578.75,TARGET_K80_M30_CLOSE,WIN,PROFIT,111.0,0.0,0.0,111.0,111.0,0.0,55.5,222.0,0.555,17486,18.06474792334373,17.656531355543397,44,7,82.12839093273875,76.53288200075018,90.89650687476774,83.95127691522175,6.75,58.75,0.5,1.0,0.0,EXPERT
75,150,SEA2575_AMP_@ENQ_1754006400,@ENQ,SELL,2025.10.08 08:55:23,2025.10.08 08:56:23,2025.10.08 08:56:23,1759913783009,25588.75,25589.25,25588.75,0.1,25688.75,2025.10.08 14:00:22,1759932022414,25678.50,25679.00,25679.00,SL,LOSS,LOSS,-180.5,0.0,0.0,-180.5,-180.5,0.0,-90.25,-361.0,-0.9025,18239,78.36953200406425,78.62811895744234,19,3,0.0,0.0,82.78511804227013,62.10494531710703,94.75,46.25,0.5,0.5,-9.75,SL
76,152,SEA2575_AMP_@ENQ_1754006400,@ENQ,SELL,2025.10.09 20:30:00,2025.10.09 20:31:00,2025.10.09 20:31:00,1760041860071,25774.00,25774.50,25774.00,0.1,25874.00,2025.10.10 04:00:00,1760068800032,25816.25,25817.00,25816.75,TARGET_K20_M30_CLOSE,WIN,LOSS,-85.5,0.0,0.0,-85.5,-85.5,0.0,-42.75,-171.0,-0.4275,26940,80.69939823390615,86.22535655392592,25,4,10.218516658295664,34.67081868407835,13.801970241749247,18.705818865671535,81.0,3.75,0.5,0.75,0.0,EXPERT
77,154,SEA2575_AMP_@ENQ_1754006400,@ENQ,SELL,2025.10.10 12:30:00,2025.10.10 12:31:00,2025.10.10 12:31:00,1760099460034,25827.50,25828.00,25827.50,0.1,25927.50,2025.10.10 16:00:00,1760112000033,25324.25,25325.00,25325.25,TARGET_K20_M30_CLOSE,WIN,PROFIT,1004.5,0.0,0.0,1004.5,1004.5,0.0,502.25,2009.0,5.0225,12540,83.22478920904118,84.74863320481502,18,3,16.092803315544717,29.642138032300494,15.404747763058397,18.848391749527213,60.0,656.5,0.5,0.75,0.0,EXPERT
78,156,SEA2575_AMP_@ENQ_1754006400,@ENQ,BUY,2025.10.10 18:00:00,2025.10.10 18:01:00,2025.10.10 18:01:00,1760119260017,25153.25,25154.25,25154.25,0.1,25054.25,2025.10.10 19:23:15,1760124195458,25054.00,25054.50,25054.00,SL,LOSS,LOSS,-200.5,0.0,0.0,-200.5,-200.5,0.0,-100.25,-401.0,-1.0025,4935,10.869201554347283,9.972986020294968,44,7,0.0,0.0,5.314508550867125,8.557344491573168,100.25,63.5,1.0,0.5,0.25,SL
79,158,SEA2575_AMP_@ENQ_1754006400,@ENQ,SELL,2025.10.13 07:01:34,2025.10.13 07:02:34,2025.10.13 07:02:34,1760338954106,25350.00,25351.00,25350.00,0.1,25450.00,2025.10.13 10:30:00,1760351400037,25358.00,25358.75,25358.75,TARGET_K20_M30_CLOSE,WIN,LOSS,-17.5,0.0,0.0,-17.5,-17.5,0.0,-8.75,-35.0,-0.0875,12446,76.30095591938635,79.42665631622872,25,4,19.969564851043774,29.86017123430136,25.364324490574347,24.80946684363045,95.5,23.5,1.0,0.75,0.0,EXPERT
80,160,SEA2575_AMP_@ENQ_1754006400,@ENQ,BUY,2025.10.13 11:04:11,2025.10.13 11:05:11,2025.10.13 11:05:11,1760353511001,25312.00,25313.25,25313.25,0.1,25213.25,2025.10.13 16:30:00,1760373000271,25408.50,25409.00,25408.25,TARGET_K80_M30_CLOSE,WIN,PROFIT,190.0,0.0,0.0,190.0,190.0,0.0,95.0,380.0,0.95,19489,22.4235690627124,21.530758472396357,44,7,86.62479833815604,66.61841180638928,89.44672140106735,79.54588576845366,89.25,116.0,1.25,0.5,0.0,EXPERT
81,162,SEA2575_AMP_@ENQ_1754006400,@ENQ,BUY,2025.10.14 07:11:46,2025.10.14 07:12:46,2025.10.14 07:12:46,1760425966038,25185.50,25186.50,25186.50,0.1,25086.50,2025.10.14 08:06:39,1760429199578,25086.75,25087.25,25086.75,SL,LOSS,LOSS,-199.5,0.0,0.0,-199.5,-199.5,0.0,-99.75,-399.0,-0.9975,3233,17.2388378805352,16.972507308163312,44,7,0.0,0.0,16.614099900870286,18.94908673186519,99.75,38.75,1.0,0.5,-0.25,SL
82,164,SEA2575_AMP_@ENQ_1754006400,@ENQ,SELL,2025.10.14 13:19:14,2025.10.14 13:20:14,2025.10.14 13:20:14,1760448014030,25127.25,25128.00,25127.25,0.1,25227.25,2025.10.14 14:36:57,1760452617278,25226.75,25227.50,25227.50,SL,LOSS,LOSS,-200.5,0.0,0.0,-200.5,-200.5,0.0,-100.25,-401.0,-1.0025,4603,75.04415954415954,75.3045940452908,37,6,0.0,0.0,87.1440329218107,79.83343885195738,100.25,205.0,0.75,0.75,0.25,SL
83,166,SEA2575_AMP_@ENQ_1754006400,@ENQ,SELL,2025.10.15 09:37:03,2025.10.15 09:38:03,2025.10.15 09:38:03,1760521083041,25470.00,25470.75,25470.00,0.1,25570.00,2025.10.15 14:07:15,1760537235366,25569.25,25569.75,25569.75,SL,LOSS,LOSS,-199.5,0.0,0.0,-199.5,-199.5,0.0,-99.75,-399.0,-0.9975,16152,76.19746143021547,77.04678609931943,23,4,0.0,0.0,87.86531717789825,84.15260722287523,99.75,72.75,0.75,0.5,-0.25,SL
84,168,SEA2575_AMP_@ENQ_1754006400,@ENQ,SELL,2025.10.15 20:30:00,2025.10.15 20:31:00,2025.10.15 20:31:00,1760560260004,25427.25,25427.75,25427.25,0.1,25527.25,2025.10.16 00:30:00,1760574600325,25414.50,25415.50,25415.50,TARGET_K20_M30_CLOSE,WIN,PROFIT,23.5,0.0,0.0,23.5,23.5,0.0,11.75,47.0,0.1175,14340,81.1821868189934,87.03365278984602,35,6,16.32690854706737,38.40291838128885,17.79406503605792,24.748891688767685,64.5,24.75,0.5,1.0,0.0,EXPERT
85,170,SEA2575_AMP_@ENQ_1754006400,@ENQ,SELL,2025.10.16 11:02:23,2025.10.16 11:03:23,2025.10.16 11:03:23,1760612603527,25563.50,25564.25,25563.50,0.1,25663.50,2025.10.16 14:42:22,1760625742083,25663.25,25663.50,25663.50,SL,LOSS,LOSS,-200.0,0.0,0.0,-200.0,-200.0,0.0,-100.0,-400.0,-1.0,13139,80.96185897435898,83.50041710168522,16,3,0.0,0.0,66.8484007928284,53.34937147222246,100.0,49.5,0.75,0.25,0.0,SL
86,172,SEA2575_AMP_@ENQ_1754006400,@ENQ,BUY,2025.10.17 07:53:23,2025.10.17 07:54:23,2025.10.17 07:54:23,1760687663011,25009.25,25010.50,25010.50,0.1,24910.50,2025.10.17 08:20:46,1760689246847,24910.50,24911.50,24910.50,SL,LOSS,LOSS,-200.0,0.0,0.0,-200.0,-200.0,0.0,-100.0,-400.0,-1.0,1583,16.222352155417447,15.996053346527347,44,7,0.0,0.0,9.943517874072356,11.89029635219424,100.0,1.5,1.25,1.0,0.0,SL
87,174,SEA2575_AMP_@ENQ_1754006400,@ENQ,SELL,2025.10.17 12:30:00,2025.10.17 12:31:00,2025.10.17 12:31:00,1760704260029,25279.50,25280.50,25279.50,0.1,25379.50,2025.10.17 13:55:39,1760709339114,25379.00,25379.50,25379.50,SL,LOSS,LOSS,-200.0,0.0,0.0,-200.0,-200.0,0.0,-100.0,-400.0,-1.0,5079,93.6702438634187,94.57293401661947,44,7,0.0,0.0,86.01414949195566,85.92944974653496,100.0,107.5,1.0,0.5,0.0,SL
88,176,SEA2575_AMP_@ENQ_1754006400,@ENQ,SELL,2025.10.17 19:30:00,2025.10.17 19:31:00,2025.10.17 19:31:00,1760729460013,25507.50,25508.25,25507.50,0.1,25607.50,2025.10.20 00:30:00,1760920200350,25476.50,25477.50,25477.50,TARGET_K20_M30_CLOSE,WIN,PROFIT,60.0,0.0,0.0,60.0,60.0,0.0,30.0,120.0,0.3,190740,83.13316330177554,87.02493759146057,29,5,18.660772814672256,41.814944058840716,28.116017055035694,30.057784562313696,91.5,51.5,0.75,1.0,0.0,EXPERT
89,178,SEA2575_AMP_@ENQ_1754006400,@ENQ,BUY,2025.10.20 09:43:11,2025.10.20 09:44:12,2025.10.20 09:44:12,1760953452295,25571.75,25572.75,25572.75,0.1,25472.75,2025.10.20 13:00:00,1760965200024,25629.00,25629.75,25629.00,TARGET_K80_M30_CLOSE,WIN,PROFIT,112.5,0.0,0.0,112.5,112.5,0.0,56.25,225.0,0.5625,11748,24.21988176433443,23.378565465668952,16,3,84.35172124795402,67.90515227055043,92.6320015282343,83.57560394989129,35.5,58.75,1.0,0.75,0.0,EXPERT
90,180,SEA2575_AMP_@ENQ_1754006400,@ENQ,SELL,2025.10.20 13:32:51,2025.10.20 13:33:51,2025.10.20 13:33:51,1760967231015,25689.50,25690.25,25689.50,0.1,25789.50,2025.10.20 14:40:06,1760971206099,25788.75,25789.25,25789.25,SL,LOSS,LOSS,-199.5,0.0,0.0,-199.5,-199.5,0.0,-99.75,-399.0,-0.9975,3975,81.04100290451362,81.60497705619395,24,4,0.0,0.0,96.87241758490107,86.68673433728698,99.75,11.25,0.75,0.5,-0.25,SL
91,182,SEA2575_AMP_@ENQ_1754006400,@ENQ,SELL,2025.10.21 12:30:00,2025.10.21 12:31:00,2025.10.21 12:31:00,1761049860014,25804.25,25805.00,25804.25,0.1,25904.25,2025.10.22 15:30:00,1761147000005,25526.75,25527.50,25527.50,TARGET_K20_M30_CLOSE,WIN,PROFIT,553.5,0.0,0.0,553.5,553.5,0.0,276.75,1107.0,2.7675,97140,80.8437132056764,85.23228115129133,16,3,19.590035576855698,36.44596193059777,18.07458686019003,26.03977322267892,43.0,281.0,0.75,0.75,0.0,EXPERT
92,184,SEA2575_AMP_@ENQ_1754006400,@ENQ,BUY,2025.10.22 18:21:30,2025.10.22 18:22:30,2025.10.22 18:22:30,1761157350014,25417.25,25417.75,25417.75,0.1,25317.75,2025.10.22 20:30:02,1761165002371,25528.50,25529.50,25528.50,TARGET_K80_M30_CLOSE,WIN,PROFIT,221.5,0.0,0.0,221.5,221.5,0.0,110.75,443.0,1.1075,7652,19.03442237967304,18.112923934108593,44,7,80.79855890192482,65.68579468042297,85.50904457433434,78.38162965559246,29.0,157.75,0.5,1.0,0.0,EXPERT
93,186,SEA2575_AMP_@ENQ_1754006400,@ENQ,SELL,2025.10.23 19:00:00,2025.10.23 19:01:00,2025.10.23 19:01:00,1761246060038,25776.50,25776.75,25776.50,0.1,25876.50,2025.10.24 06:23:40,1761287020615,25876.00,25876.50,25876.50,SL,LOSS,LOSS,-200.0,0.0,0.0,-200.0,-200.0,0.0,-100.0,-400.0,-1.0,40960,84.13649810801515,87.64396882030307,20,3,0.0,0.0,95.7998674272158,88.90605068801274,100.0,46.0,0.25,0.5,0.0,SL
94,188,SEA2575_AMP_@ENQ_1754006400,@ENQ,SELL,2025.10.27 11:01:42,2025.10.27 11:02:42,2025.10.27 11:02:42,1761562962109,26344.50,26345.25,26344.50,0.1,26444.50,2025.10.27 18:57:16,1761591436952,26443.75,26444.25,26444.25,SL,LOSS,LOSS,-199.5,0.0,0.0,-199.5,-199.5,0.0,-99.75,-399.0,-0.9975,28474,79.63322841004582,85.00009354230686,16,3,0.0,0.0,94.54773121876156,81.0938822140252,100.0,48.25,0.75,0.5,-0.25,SL
95,190,SEA2575_AMP_@ENQ_1754006400,@ENQ,SELL,2025.10.27 19:00:32,2025.10.27 19:01:32,2025.10.27 19:01:32,1761591692075,26435.50,26435.75,26435.50,0.1,26535.50,2025.10.28 01:00:01,1761613201082,26474.50,26475.00,26475.25,TARGET_K20_M30_CLOSE,WIN,LOSS,-79.5,0.0,0.0,-79.5,-79.5,0.0,-39.75,-159.0,-0.3975,21509,81.11360353921187,82.53892221409478,16,3,10.638605018560192,31.180411470478305,7.684488110954913,18.903814282273274,82.75,15.5,0.25,0.5,0.0,EXPERT
96,192,SEA2575_AMP_@ENQ_1754006400,@ENQ,SELL,2025.10.28 10:33:07,2025.10.28 10:34:07,2025.10.28 10:34:07,1761647647819,26477.75,26478.25,26477.75,0.1,26577.75,2025.10.28 13:30:13,1761658213886,26577.25,26577.75,26577.75,SL,LOSS,LOSS,-200.0,0.0,0.0,-200.0,-200.0,0.0,-100.0,-400.0,-1.0,10566,75.65049695890816,79.01517974252634,16,3,0.0,0.0,84.11737675727682,79.44137264015494,100.0,6.75,0.5,0.5,0.0,SL
97,194,SEA2575_AMP_@ENQ_1754006400,@ENQ,BUY,2025.10.29 10:20:23,2025.10.29 10:21:23,2025.10.29 10:21:23,1761733283298,26756.50,26757.25,26757.25,0.1,26657.25,2025.10.29 18:35:31,1761762931794,26667.00,26672.00,26667.00,SL,LOSS,LOSS,-180.5,0.0,0.0,-180.5,-180.5,0.0,-90.25,-361.0,-0.9025,29648,20.374420570674825,19.898719129710802,24,4,0.0,0.0,40.796745972430756,43.11514971412481,100.5,68.5,0.75,5.0,-9.75,SL
98,196,SEA2575_AMP_@ENQ_1754006400,@ENQ,BUY,2025.10.30 13:48:05,2025.10.30 13:49:05,2025.10.30 13:49:05,1761832145002,26560.50,26561.25,26561.25,0.1,26461.25,2025.10.30 19:06:08,1761851168609,26461.25,26461.50,26461.25,SL,LOSS,LOSS,-200.0,0.0,0.0,-200.0,-200.0,0.0,-100.0,-400.0,-1.0,19023,19.046164734338465,17.31284437171932,44,7,0.0,0.0,13.851992409867174,33.741484433688676,100.0,117.5,0.75,0.25,0.0,SL
99,198,SEA2575_AMP_@ENQ_1754006400,@ENQ,SELL,2025.10.31 12:35:47,2025.10.31 12:36:47,2025.10.31 12:36:47,1761914207008,26726.50,26727.25,26726.50,0.1,26826.50,2025.10.31 16:30:00,1761928200012,26504.50,26505.00,26505.00,TARGET_K20_M30_CLOSE,WIN,PROFIT,443.0,0.0,0.0,443.0,443.0,0.0,221.5,886.0,2.215,13993,76.98957714315327,80.7348077975172,24,4,18.897637771257866,27.772995243182297,13.364523671588353,20.328224476073757,13.0,271.25,0.75,0.5,0.0,EXPERT
100,200,SEA2575_AMP_@ENQ_1754006400,@ENQ,BUY,2025.10.31 17:59:44,2025.10.31 18:00:44,2025.10.31 18:00:44,1761933644009,26457.25,26457.75,26457.75,0.1,26357.75,2025.11.03 00:00:00,1762128000367,26580.75,26582.25,26580.75,TARGET_K80_M30_CLOSE,WIN,PROFIT,246.0,0.0,0.0,246.0,246.0,0.0,123.0,492.0,1.23,194356,16.43814997263273,12.700082369834819,44,7,89.07834174399886,60.74947520850987,95.55168665651098,81.50565705229049,1.5,159.75,0.5,1.5,0.0,EXPERT
101,202,SEA2575_AMP_@ENQ_1754006400,@ENQ,BUY,2025.11.03 07:59:49,2025.11.03 08:00:49,2025.11.03 08:00:49,1762156849391,26527.25,26528.25,26528.25,0.1,26428.25,2025.11.03 09:30:00,1762162200097,26646.00,26646.50,26646.00,TARGET_K80_M30_CLOSE,WIN,PROFIT,235.5,0.0,0.0,235.5,235.5,0.0,117.75,471.0,1.1775,5351,22.432283935623943,22.375781190323337,22,4,92.59335184306053,68.43949906500673,93.61863375069538,84.46272741080907,9.75,120.0,1.0,0.5,0.0,EXPERT
102,204,SEA2575_AMP_@ENQ_1754006400,@ENQ,SELL,2025.11.03 10:00:00,2025.11.03 10:01:00,2025.11.03 10:01:00,1762164060076,26629.75,26630.50,26629.75,0.1,26729.75,2025.11.03 14:00:06,1762178406912,26725.75,26727.50,26727.50,SL,LOSS,LOSS,-195.5,0.0,0.0,-195.5,-195.5,0.0,-97.75,-391.0,-0.9775,14346,79.44797779453387,86.14184371795251,19,3,0.0,0.0,72.01176607982248,49.54993375731368,97.75,6.0,0.75,1.75,-2.25,SL
103,206,SEA2575_AMP_@ENQ_1754006400,@ENQ,SELL,2025.11.04 12:31:01,2025.11.04 12:32:01,2025.11.04 12:32:01,1762259521288,26282.25,26283.00,26282.25,0.1,26382.25,2025.11.04 15:00:02,1762268402213,26381.75,26382.25,26382.25,SL,LOSS,LOSS,-200.0,0.0,0.0,-200.0,-200.0,0.0,-100.0,-400.0,-1.0,8881,87.41459754496168,87.61132143637433,29,5,0.0,0.0,83.22067559492426,57.6272133647393,100.0,119.25,0.75,0.5,0.0,SL
104,208,SEA2575_AMP_@ENQ_1754006400,@ENQ,BUY,2025.11.04 19:00:00,2025.11.04 19:01:00,2025.11.04 19:01:00,1762282860013,26174.00,26174.75,26174.75,0.1,26074.75,2025.11.04 19:43:16,1762285396842,26075.25,26076.00,26075.25,SL,LOSS,LOSS,-199.0,0.0,0.0,-199.0,-199.0,0.0,-99.5,-398.0,-0.995,2536,20.648475260559927,16.873493229635667,44,7,0.0,0.0,16.47806436266014,16.432097452549154,99.5,12.5,0.75,0.75,-0.5,SL
105,210,SEA2575_AMP_@ENQ_1754006400,@ENQ,BUY,2025.11.05 11:30:37,2025.11.05 11:31:37,2025.11.05 11:31:37,1762342297636,25957.25,25958.50,25958.50,0.1,25858.50,2025.11.05 13:30:00,1762349400027,26061.00,26062.00,26061.00,TARGET_K80_M30_CLOSE,WIN,PROFIT,205.0,0.0,0.0,205.0,205.0,0.0,102.5,410.0,1.025,7103,23.34782690084646,22.169328243027678,27,5,92.22002877606461,75.8961892373857,96.76846480279359,89.2148356300226,25.0,105.5,1.25,1.0,0.0,EXPERT
106,212,SEA2575_AMP_@ENQ_1754006400,@ENQ,SELL,2025.11.05 14:00:08,2025.11.05 14:01:08,2025.11.05 14:01:08,1762351268007,26071.25,26071.75,26071.25,0.1,26171.25,2025.11.05 14:55:54,1762354554943,26171.25,26171.50,26171.50,SL,LOSS,LOSS,-200.5,0.0,0.0,-200.5,-200.5,0.0,-100.25,-401.0,-1.0025,3286,91.69441685597133,93.21307057734549,27,5,0.0,0.0,79.4948045807028,84.6971074339682,100.25,83.5,0.5,0.25,0.25,SL
107,214,SEA2575_AMP_@ENQ_1754006400,@ENQ,SELL,2025.11.06 10:38:24,2025.11.06 10:39:24,2025.11.06 10:39:24,1762425564228,26254.00,26254.75,26254.00,0.1,26354.00,2025.11.06 15:00:00,1762441200011,26012.75,26013.25,26013.50,TARGET_K20_M30_CLOSE,WIN,PROFIT,481.0,0.0,0.0,481.0,481.0,0.0,240.5,962.0,2.405,15636,81.35001568400612,83.32501833709944,17,3,4.4951199282439775,33.24792395418774,2.0872432136491614,14.274904936146593,67.75,244.25,0.75,0.5,0.0,EXPERT
108,216,SEA2575_AMP_@ENQ_1754006400,@ENQ,BUY,2025.11.06 15:30:00,2025.11.06 15:31:00,2025.11.06 15:31:00,1762443060084,25995.75,25996.25,25996.25,0.1,25896.25,2025.11.06 15:36:41,1762443401141,25897.25,25899.00,25897.25,SL,LOSS,LOSS,-198.0,0.0,0.0,-198.0,-198.0,0.0,-99.0,-396.0,-0.99,341,15.722136187050118,10.003927194059354,44,7,0.0,0.0,8.420790081274754,7.570145158800899,99.25,16.75,0.5,1.75,-1.0,SL
109,218,SEA2575_AMP_@ENQ_1754006400,@ENQ,BUY,2025.11.07 10:30:02,2025.11.07 10:31:02,2025.11.07 10:31:02,1762511462010,25725.00,25725.75,25725.75,0.1,25625.75,2025.11.07 11:14:54,1762514094473,25625.25,25626.25,25625.25,SL,LOSS,LOSS,-201.0,0.0,0.0,-201.0,-201.0,0.0,-100.5,-402.0,-1.005,2632,19.882897112800865,19.108542905277293,33,6,0.0,0.0,14.08828654972273,15.886280029844563,100.5,20.5,0.75,1.0,0.5,SL
110,220,SEA2575_AMP_@ENQ_1754006400,@ENQ,SELL,2025.11.07 20:30:00,2025.11.07 20:31:00,2025.11.07 20:31:00,1762547460015,25586.00,25586.75,25586.00,0.1,25686.00,2025.11.07 21:01:47,1762549307505,25686.00,25686.25,25686.25,SL,LOSS,LOSS,-200.5,0.0,0.0,-200.5,-200.5,0.0,-100.25,-401.0,-1.0025,1847,90.47702083331909,91.27642727326419,44,7,0.0,0.0,93.62642284179041,93.1720828623935,100.25,20.0,0.75,0.25,0.25,SL
111,222,SEA2575_AMP_@ENQ_1754006400,@ENQ,SELL,2025.11.10 09:33:07,2025.11.10 09:34:07,2025.11.10 09:34:07,1762767247607,26032.75,26033.50,26032.75,0.1,26132.75,2025.11.10 11:30:00,1762774200373,26010.25,26011.00,26011.00,TARGET_K20_M30_CLOSE,WIN,PROFIT,43.5,0.0,0.0,43.5,43.5,0.0,21.75,87.0,0.2175,6953,79.50862356808959,79.910323297901,21,4,19.776061900391706,42.5811614721514,10.185005707393769,24.552680967591595,26.5,26.75,0.75,0.75,0.0,EXPERT
112,224,SEA2575_AMP_@ENQ_1754006400,@ENQ,SELL,2025.11.10 14:32:49,2025.11.10 14:33:49,2025.11.10 14:33:49,1762785229017,26081.25,26081.75,26081.25,0.1,26181.25,2025.11.10 17:00:00,1762794000018,26020.75,26021.50,26021.50,TARGET_K20_M30_CLOSE,WIN,PROFIT,119.5,0.0,0.0,119.5,119.5,0.0,59.75,239.0,0.5975,8771,75.18115141025964,79.14156108102907,26,4,14.375981932247917,35.07185870365388,23.526331582597564,23.261602847280596,84.75,128.75,0.5,0.75,0.0,EXPERT
113,226,SEA2575_AMP_@ENQ_1754006400,@ENQ,SELL,2025.11.10 19:35:44,2025.11.10 19:36:44,2025.11.10 19:36:44,1762803404062,26178.75,26179.25,26178.75,0.1,26278.75,2025.11.11 05:30:00,1762839000195,26180.75,26182.25,26181.25,TARGET_K20_M30_CLOSE,WIN,LOSS,-5.0,0.0,0.0,-5.0,-5.0,0.0,-2.5,-10.0,-0.025,35596,81.96212628861743,83.62695595828116,20,3,18.849355645658715,24.509226951405168,25.601440250092313,23.652510368157035,90.25,21.25,0.5,1.5,0.0,EXPERT
114,228,SEA2575_AMP_@ENQ_1754006400,@ENQ,BUY,2025.11.11 09:01:47,2025.11.11 09:02:47,2025.11.11 09:02:47,1762851767223,26135.50,26136.25,26136.25,0.1,26036.25,2025.11.11 15:19:30,1762874370197,26036.25,26037.00,26036.25,SL,LOSS,LOSS,-200.0,0.0,0.0,-200.0,-200.0,0.0,-100.0,-400.0,-1.0,22603,12.6378896882494,11.372364610293689,20,3,0.0,0.0,45.8958958958959,46.89444346307091,100.0,17.75,0.75,0.75,0.0,SL
115,230,SEA2575_AMP_@ENQ_1754006400,@ENQ,SELL,2025.11.11 19:30:00,2025.11.11 19:31:00,2025.11.11 19:31:00,1762889460018,26171.25,26171.75,26171.25,0.1,26271.25,2025.11.12 06:34:11,1762929251469,26265.25,26266.00,26266.00,SL,LOSS,LOSS,-189.5,0.0,0.0,-189.5,-189.5,0.0,-94.75,-379.0,-0.9475,39791,87.20281199490312,88.895322780556,28,5,0.0,0.0,90.47141896723747,78.0500478273586,94.75,51.75,0.5,0.75,-5.25,SL
116,232,SEA2575_AMP_@ENQ_1754006400,@ENQ,BUY,2025.11.12 12:27:55,2025.11.12 12:28:56,2025.11.12 12:28:56,1762950536992,26286.00,26286.75,26286.75,0.1,26186.75,2025.11.12 14:32:33,1762957953345,26187.25,26187.75,26187.25,SL,LOSS,LOSS,-199.0,0.0,0.0,-199.0,-199.0,0.0,-99.5,-398.0,-0.995,7417,22.60189004385461,22.39477331558116,27,5,0.0,0.0,30.064939698851067,54.674663258439125,99.5,24.75,0.75,0.5,-0.5,SL
117,234,SEA2575_AMP_@ENQ_1754006400,@ENQ,BUY,2025.11.12 16:27:19,2025.11.12 16:28:19,2025.11.12 16:28:19,1762964899018,26055.75,26056.25,26056.25,0.1,25956.25,2025.11.13 07:30:00,1763019000739,26213.50,26214.25,26213.50,TARGET_K80_M30_CLOSE,WIN,PROFIT,314.5,0.0,0.0,314.5,314.5,0.0,157.25,629.0,1.5725,54101,16.27978803222672,15.949199402259817,44,7,80.32679461250889,78.74038281299528,75.08203936775367,77.19443148014578,68.0,164.5,0.5,0.75,0.0,EXPERT
118,236,SEA2575_AMP_@ENQ_1754006400,@ENQ,BUY,2025.11.13 10:10:21,2025.11.13 10:11:21,2025.11.13 10:11:21,1763028681079,26105.00,26105.75,26105.75,0.1,26005.75,2025.11.13 13:39:09,1763041149554,26006.00,26007.00,26006.00,SL,LOSS,LOSS,-199.5,0.0,0.0,-199.5,-199.5,0.0,-99.75,-399.0,-0.9975,12468,23.100567064463956,22.890620103118152,26,4,0.0,0.0,26.83285350881202,37.13617281857795,99.75,22.5,0.75,1.0,-0.25,SL
119,238,SEA2575_AMP_@ENQ_1754006400,@ENQ,SELL,2025.11.17 09:00:00,2025.11.17 09:01:00,2025.11.17 09:01:00,1763370060012,25851.25,25852.25,25851.25,0.1,25951.25,2025.11.17 10:30:00,1763375400047,25725.00,25726.00,25726.00,TARGET_K20_M30_CLOSE,WIN,PROFIT,250.5,0.0,0.0,250.5,250.5,0.0,125.25,501.0,1.2525,5340,85.77077689089481,86.74970692263942,18,3,14.028100942894321,40.06521520902101,9.845028420599183,22.173904379132324,1.0,131.5,1.0,1.0,0.0,EXPERT
120,240,SEA2575_AMP_@ENQ_1754006400,@ENQ,BUY,2025.11.17 11:16:06,2025.11.17 11:17:06,2025.11.17 11:17:06,1763378226030,25722.75,25723.75,25723.75,0.1,25623.75,2025.11.17 12:47:48,1763383668586,25623.50,25624.50,25623.50,SL,LOSS,LOSS,-200.5,0.0,0.0,-200.5,-200.5,0.0,-100.25,-401.0,-1.0025,5442,16.161010355153298,14.54925335871968,33,6,0.0,0.0,9.373152602460609,15.070959378238342,100.25,19.75,1.0,1.0,0.25,SL
121,242,SEA2575_AMP_@ENQ_1754006400,@ENQ,SELL,2025.11.18 09:31:48,2025.11.18 09:32:48,2025.11.18 09:32:48,1763458368036,25307.25,25308.50,25307.25,0.1,25407.25,2025.11.18 16:00:00,1763481600014,24957.25,24958.50,24958.25,TARGET_K20_M30_CLOSE,WIN,PROFIT,698.0,0.0,0.0,698.0,698.0,0.0,349.0,1396.0,3.49,23232,75.8501182180911,78.93889579677538,32,5,11.851440436104127,20.653209056064913,14.152435460979751,16.354364412712314,42.0,377.5,1.25,1.25,0.0,EXPERT
122,244,SEA2575_AMP_@ENQ_1754006400,@ENQ,BUY,2025.11.18 16:07:14,2025.11.18 16:08:14,2025.11.18 16:08:14,1763482094010,24974.75,24975.50,24975.50,0.1,24875.50,2025.11.18 19:00:00,1763492400018,25209.00,25209.75,25209.00,TARGET_K80_M30_CLOSE,WIN,PROFIT,467.0,0.0,0.0,467.0,467.0,0.0,233.5,934.0,2.335,10306,19.092252284705335,18.000970020620844,44,7,81.69185967337859,69.53042753479248,80.09373141301558,76.40752981417215,1.5,328.5,0.75,0.75,0.0,EXPERT
123,246,SEA2575_AMP_@ENQ_1754006400,@ENQ,SELL,2025.11.18 19:30:00,2025.11.18 19:31:00,2025.11.18 19:31:00,1763494260013,25213.75,25214.50,25213.75,0.1,25313.75,2025.11.18 23:00:00,1763506800026,25043.00,25046.75,25046.75,TARGET_K20_M30_CLOSE,WIN,PROFIT,334.0,0.0,0.0,334.0,334.0,0.0,167.0,668.0,1.67,12540,75.6353282289334,79.17273816964833,44,7,15.513409178544293,36.16442087043197,15.60482295600179,21.382932246413702,96.0,189.75,0.75,3.75,0.0,EXPERT
124,248,SEA2575_AMP_@ENQ_1754006400,@ENQ,SELL,2025.11.19 08:03:44,2025.11.19 08:04:44,2025.11.19 08:04:44,1763539484153,25099.75,25100.75,25099.75,0.1,25199.75,2025.11.19 10:24:03,1763547843227,25198.25,25199.75,25199.75,SL,LOSS,LOSS,-200.0,0.0,0.0,-200.0,-200.0,0.0,-100.0,-400.0,-1.0,8359,79.74704859632004,81.80875859492188,20,3,0.0,0.0,89.58066010835472,78.26471768191236,100.0,30.5,1.0,1.5,0.0,SL
125,250,SEA2575_AMP_@ENQ_1754006400,@ENQ,BUY,2025.11.20 10:17:35,2025.11.20 10:18:35,2025.11.20 10:18:35,1763633915067,25570.75,25571.50,25571.50,0.1,25471.50,2025.11.20 15:00:00,1763650800024,25773.25,25774.50,25773.25,TARGET_K80_M30_CLOSE,WIN,PROFIT,403.5,0.0,0.0,403.5,403.5,0.0,201.75,807.0,2.0175,16885,17.171558030752696,14.387992579836643,18,3,81.49467852203433,77.1455065892377,84.33909149302958,78.65914634570736,25.0,219.0,0.75,1.25,0.0,EXPERT
126,252,SEA2575_AMP_@ENQ_1754006400,@ENQ,SELL,2025.11.20 15:21:33,2025.11.20 15:22:33,2025.11.20 15:22:33,1763652153005,25714.00,25715.00,25714.00,0.1,25814.00,2025.11.20 17:00:00,1763658000033,25052.50,25054.00,25054.50,TARGET_K20_M30_CLOSE,WIN,PROFIT,1319.0,0.0,0.0,1319.0,1319.0,0.0,659.5,2638.0,6.595,5847,75.01337536815028,75.55057430408091,44,7,14.208848875744225,41.17399739840902,5.0812188040012956,19.7683173101317,95.5,702.0,1.0,1.5,0.0,EXPERT
127,254,SEA2575_AMP_@ENQ_1754006400,@ENQ,SELL,2025.11.21 14:33:03,2025.11.21 14:34:03,2025.11.21 14:34:03,1763735643012,24716.00,24717.00,24716.00,0.1,24816.00,2025.11.21 16:56:48,1763744208645,24814.50,24815.50,24815.50,SL,LOSS,LOSS,-199.0,0.0,0.0,-199.0,-199.0,0.0,-99.5,-398.0,-0.995,8565,78.81688757977417,78.9631855156758,38,6,0.0,0.0,63.9836068404286,47.47863989039916,100.0,288.75,1.0,1.0,-0.5,SL
128,256,SEA2575_AMP_@ENQ_1754006400,@ENQ,SELL,2025.11.21 20:00:00,2025.11.21 20:01:00,2025.11.21 20:01:00,1763755260001,24968.50,24969.25,24968.50,0.1,25068.50,2025.11.24 10:30:00,1763980200222,24895.00,24896.25,24896.75,TARGET_K20_M30_CLOSE,WIN,PROFIT,143.5,0.0,0.0,143.5,143.5,0.0,71.75,287.0,0.7175,224940,78.37798451409101,82.68043663463418,38,6,15.472209448087966,38.690985462672494,20.329499086589408,25.336340507461603,94.75,183.5,0.75,1.25,0.0,EXPERT
129,258,SEA2575_AMP_@ENQ_1754006400,@ENQ,BUY,2025.11.24 11:04:28,2025.11.24 11:05:28,2025.11.24 11:05:28,1763982328068,24889.75,24890.75,24890.75,0.1,24790.75,2025.11.24 12:30:00,1763987400127,24980.00,24980.75,24980.50,TARGET_K80_M30_CLOSE,WIN,PROFIT,179.5,0.0,0.0,179.5,179.5,0.0,89.75,359.0,0.8975,5072,22.80926526676927,19.907328316479628,22,4,82.3303525770868,57.252012883879445,92.97420087047767,77.5952972169588,14.25,96.5,1.0,0.75,0.0,EXPERT
130,260,SEA2575_AMP_@ENQ_1754006400,@ENQ,SELL,2025.11.24 13:30:01,2025.11.24 13:31:01,2025.11.24 13:31:01,1763991061195,25050.50,25051.25,25050.50,0.1,25150.50,2025.11.24 14:33:37,1763994817437,25150.50,25151.00,25151.00,SL,LOSS,LOSS,-201.0,0.0,0.0,-201.0,-201.0,0.0,-100.5,-402.0,-1.005,3756,92.90700122324841,93.05064658030243,16,3,0.0,0.0,57.273818893665116,62.30049306811612,100.5,59.5,0.75,0.5,0.5,SL
131,262,SEA2575_AMP_@ENQ_1754006400,@ENQ,BUY,2025.11.25 10:01:08,2025.11.25 10:02:08,2025.11.25 10:02:08,1764064928157,25351.25,25352.00,25352.00,0.1,25252.00,2025.11.25 14:43:05,1764081785691,25258.25,25259.00,25258.25,SL,LOSS,LOSS,-187.5,0.0,0.0,-187.5,-187.5,0.0,-93.75,-375.0,-0.9375,16857,24.58468176914779,22.507107014192844,16,3,0.0,0.0,9.580364083037916,27.874170924444325,94.25,122.75,0.75,0.75,-6.25,SL
132,264,SEA2575_AMP_@ENQ_1754006400,@ENQ,BUY,2025.11.26 10:00:00,2025.11.26 10:01:00,2025.11.26 10:01:00,1764151260040,25652.25,25653.25,25653.25,0.1,25553.25,2025.11.26 11:30:03,1764156603878,25703.25,25704.25,25703.75,TARGET_K80_M30_CLOSE,WIN,PROFIT,101.0,0.0,0.0,101.0,101.0,0.0,50.5,202.0,0.505,5343,20.99717329854316,15.508308264777062,16,3,80.77602120577563,56.30125667702239,84.65731980437862,74.43464603729188,2.5,60.75,1.0,1.0,0.0,EXPERT
133,266,SEA2575_AMP_@ENQ_1754006400,@ENQ,SELL,2025.11.26 14:37:54,2025.11.26 14:38:54,2025.11.26 14:38:54,1764167934025,25708.75,25709.75,25708.75,0.1,25808.75,2025.11.26 16:18:33,1764173913088,25808.25,25808.75,25808.75,SL,LOSS,LOSS,-200.0,0.0,0.0,-200.0,-200.0,0.0,-100.0,-400.0,-1.0,5979,82.0953773917695,84.74729674849596,32,5,0.0,0.0,78.6126869991383,63.237097694243865,100.0,73.25,1.0,0.5,0.0,SL
134,268,SEA2575_AMP_@ENQ_1754006400,@ENQ,SELL,2025.12.01 07:59:12,2025.12.01 08:00:12,2025.12.01 08:00:12,1764576012003,25777.50,25778.50,25777.50,0.1,25877.50,2025.12.01 13:00:00,1764594000228,25725.75,25726.75,25726.50,TARGET_K20_M30_CLOSE,WIN,PROFIT,102.0,0.0,0.0,102.0,102.0,0.0,51.0,204.0,0.51,17988,86.94770056632338,90.29741177893034,24,4,17.574342659108027,29.528343506470602,13.012078239792189,19.56397254157854,65.0,66.5,1.0,1.0,0.0,EXPERT
135,270,SEA2575_AMP_@ENQ_1754006400,@ENQ,BUY,2025.12.01 13:30:00,2025.12.01 13:31:00,2025.12.01 13:31:00,1764595860021,25744.75,25745.50,25745.50,0.1,25645.50,2025.12.01 16:00:00,1764604800019,25912.25,25913.00,25912.25,TARGET_K80_M30_CLOSE,WIN,PROFIT,333.5,0.0,0.0,333.5,333.5,0.0,166.75,667.0,1.6675,8940,24.323164161591723,19.891312220493663,34,6,82.89167262206408,70.64744914859769,85.7039186038658,78.08316083677988,37.0,173.75,0.75,0.75,0.0,EXPERT
136,272,SEA2575_AMP_@ENQ_1754006400,@ENQ,SELL,2025.12.02 10:11:06,2025.12.02 10:12:06,2025.12.02 10:12:06,1764670326027,25944.25,25944.75,25944.25,0.1,26044.25,2025.12.02 14:35:57,1764686157013,26043.25,26043.75,26043.75,SL,LOSS,LOSS,-199.0,0.0,0.0,-199.0,-199.0,0.0,-99.5,-398.0,-0.995,15831,84.64142495987022,86.62370404574189,19,3,0.0,0.0,79.92248062015504,77.30646673710027,99.5,8.0,0.5,0.5,-0.5,SL
137,274,SEA2575_AMP_@ENQ_1754006400,@ENQ,SELL,2025.12.03 13:35:43,2025.12.03 13:36:43,2025.12.03 13:36:43,1764769003022,26163.25,26164.00,26163.25,0.1,26263.25,2025.12.05 14:31:16,1764945076159,26260.00,26260.75,26260.75,SL,LOSS,LOSS,-195.0,0.0,0.0,-195.0,-195.0,0.0,-97.5,-390.0,-0.975,176073,78.13772496699326,79.17277580895467,25,4,0.0,0.0,62.104957361203965,39.74409362315075,98.0,242.0,0.75,0.75,-2.5,SL
138,276,SEA2575_AMP_@ENQ_1754006400,@ENQ,BUY,2025.12.08 19:30:00,2025.12.08 19:31:00,2025.12.08 19:31:00,1765222260022,26096.25,26096.75,26096.75,0.1,25996.75,2025.12.08 23:00:00,1765234800008,26209.50,26211.75,26206.00,TARGET_K80_M30_CLOSE,WIN,PROFIT,218.5,0.0,0.0,218.5,218.5,0.0,109.25,437.0,1.0925,12540,22.411772547568308,22.084937792296852,40,7,91.84655348736315,69.6618013912205,98.66045743256716,87.29724748935969,15.0,109.75,0.5,2.25,0.0,EXPERT
139,278,SEA2575_AMP_@ENQ_1754006400,@ENQ,SELL,2025.12.10 08:26:29,2025.12.10 08:27:29,2025.12.10 08:27:29,1765355249030,26228.75,26229.75,26228.75,0.1,26328.75,2025.12.10 10:30:00,1765362600024,26131.00,26132.00,26132.50,TARGET_K20_M30_CLOSE,WIN,PROFIT,192.5,0.0,0.0,192.5,192.5,0.0,96.25,385.0,0.9625,7351,84.09412349292205,85.00285280740565,19,3,13.221250613536517,29.26177691486247,5.132155326298813,15.515564544323468,10.0,97.0,1.0,1.0,0.0,EXPERT
140,280,SEA2575_AMP_@ENQ_1754006400,@ENQ,BUY,2025.12.10 11:00:00,2025.12.10 11:01:00,2025.12.10 11:01:00,1765364460016,26155.50,26156.75,26156.75,0.1,26056.75,2025.12.10 15:55:15,1765382115837,26057.00,26057.25,26057.00,SL,LOSS,LOSS,-199.5,0.0,0.0,-199.5,-199.5,0.0,-99.75,-399.0,-0.9975,17655,19.634981319054596,15.636625602171259,44,7,0.0,0.0,28.89222841307559,34.10199373053688,100.25,58.25,1.25,0.25,-0.25,SL
141,282,SEA2575_AMP_@ENQ_1754006400,@ENQ,SELL,2025.12.10 21:00:00,2025.12.10 21:01:00,2025.12.10 21:01:00,1765400460001,26302.00,26302.50,26302.00,0.1,26402.00,2025.12.11 01:00:00,1765414800385,26181.75,26183.25,26182.75,TARGET_K20_M30_CLOSE,WIN,PROFIT,238.5,0.0,0.0,238.5,238.5,0.0,119.25,477.0,1.1925,14340,79.51536177600131,82.98103246087383,44,7,13.76930476074516,23.83754063172881,14.623939808481532,18.091911695168672,9.25,130.5,0.5,1.5,0.0,EXPERT
142,284,SEA2575_AMP_@ENQ_1754006400,@ENQ,SELL,2025.12.11 10:30:00,2025.12.11 10:31:00,2025.12.11 10:31:00,1765449060050,26099.75,26100.75,26099.75,0.1,26199.75,2025.12.11 12:34:45,1765456485375,26199.25,26200.00,26200.00,SL,LOSS,LOSS,-200.5,0.0,0.0,-200.5,-200.5,0.0,-100.25,-401.0,-1.0025,7425,86.14686440773397,88.16524820380035,31,5,0.0,0.0,93.38358458961476,84.73516058625778,100.25,10.5,1.0,0.75,0.25,SL
143,286,SEA2575_AMP_@ENQ_1754006400,@ENQ,SELL,2025.12.11 19:59:29,2025.12.11 20:00:29,2025.12.11 20:00:29,1765483229006,26201.75,26202.25,26201.75,0.1,26301.75,2025.12.11 21:15:19,1765487719135,26297.00,26299.25,26299.25,SL,LOSS,LOSS,-195.0,0.0,0.0,-195.0,-195.0,0.0,-97.5,-390.0,-0.975,4490,85.69564372174524,86.49796232143807,26,4,0.0,0.0,87.53105613417615,83.01799098370708,97.75,41.5,0.5,2.25,-2.5,SL
144,288,SEA2575_AMP_@ENQ_1754006400,@ENQ,BUY,2025.12.12 10:30:02,2025.12.12 10:31:02,2025.12.12 10:31:02,1765535462161,26085.50,26086.50,26086.50,0.1,25986.50,2025.12.12 15:04:41,1765551881897,25987.50,25988.00,25987.50,SL,LOSS,LOSS,-198.0,0.0,0.0,-198.0,-198.0,0.0,-99.0,-396.0,-0.99,16419,19.888440659395386,17.316908529439345,28,5,0.0,0.0,23.577901001101946,49.894445018467714,99.5,45.25,1.0,0.5,-1.0,SL
145,290,SEA2575_AMP_@ENQ_1754006400,@ENQ,SELL,2025.12.15 10:30:00,2025.12.15 10:31:00,2025.12.15 10:31:00,1765794660042,25835.50,25836.75,25835.50,0.1,25935.50,2025.12.15 16:00:00,1765814400463,25653.25,25654.50,25655.00,TARGET_K20_M30_CLOSE,WIN,PROFIT,361.0,0.0,0.0,361.0,361.0,0.0,180.5,722.0,1.805,19740,82.90705173739032,87.86505353418063,16,3,15.60664743667872,39.972802368527084,24.441495244414952,26.058100745274885,74.0,301.0,1.25,1.25,0.0,EXPERT
146,292,SEA2575_AMP_@ENQ_1754006400,@ENQ,SELL,2025.12.16 09:31:13,2025.12.16 09:32:13,2025.12.16 09:32:13,1765877533081,25470.00,25471.50,25470.00,0.1,25570.00,2025.12.16 12:16:43,1765887403154,25569.00,25569.75,25569.75,SL,LOSS,LOSS,-199.5,0.0,0.0,-199.5,-199.5,0.0,-99.75,-399.0,-0.9975,9870,89.0114987378463,89.01832662082887,21,4,0.0,0.0,90.75783562012377,85.63898893238388,99.75,50.25,1.5,0.75,-0.25,SL
147,294,SEA2575_AMP_@ENQ_1754006400,@ENQ,SELL,2025.12.16 21:00:00,2025.12.16 21:01:00,2025.12.16 21:01:00,1765918860010,25614.50,25615.25,25614.50,0.1,25714.50,2025.12.17 00:00:02,1765929602162,25571.25,25573.50,25573.50,TARGET_K20_M30_CLOSE,WIN,PROFIT,82.0,0.0,0.0,82.0,82.0,0.0,41.0,164.0,0.41,10742,80.276923515168,81.74491116724612,42,7,16.815080340069116,29.7441135138486,21.513424968727332,22.245783808268854,7.25,57.75,0.75,2.25,0.0,EXPERT
148,296,SEA2575_AMP_@ENQ_1754006400,@ENQ,SELL,2025.12.17 10:35:43,2025.12.17 10:36:43,2025.12.17 10:36:43,1765967803522,25729.75,25731.50,25729.75,0.1,25829.75,2025.12.17 16:30:00,1765989000029,25337.25,25338.50,25338.50,TARGET_K20_M30_CLOSE,WIN,PROFIT,782.5,0.0,0.0,782.5,782.5,0.0,391.25,1565.0,3.9125,21197,82.56359897220408,83.61604935071351,16,3,15.164964130179007,22.29885215364901,9.709624883091232,15.78110940822503,37.0,449.25,1.75,1.25,0.0,EXPERT
149,298,SEA2575_AMP_@ENQ_1754006400,@ENQ,BUY,2025.12.17 19:05:25,2025.12.17 19:06:25,2025.12.17 19:06:25,1765998385024,25230.25,25231.75,25231.75,0.1,25131.75,2025.12.18 01:30:13,1766021413910,25252.75,25254.50,25252.75,TARGET_K80_M30_CLOSE,WIN,PROFIT,42.0,0.0,0.0,42.0,42.0,0.0,21.0,84.0,0.21,23028,8.843070201450358,8.469721038115251,41,7,81.82199336254443,63.78460504430436,85.16532618409293,74.99311494776293,77.75,36.5,1.5,1.75,0.0,EXPERT
150,300,SEA2575_AMP_@ENQ_1754006400,@ENQ,SELL,2025.12.18 08:05:00,2025.12.18 08:06:00,2025.12.18 08:06:00,1766045160041,25289.50,25291.50,25289.50,0.1,25389.50,2025.12.18 13:16:53,1766063813547,25388.50,25389.50,25389.50,SL,LOSS,LOSS,-200.0,0.0,0.0,-200.0,-200.0,0.0,-100.0,-400.0,-1.0,18653,80.1988438809729,81.84564481330686,16,3,0.0,0.0,70.34632034632035,67.52969252969254,101.25,8.75,2.0,1.0,0.0,SL
151,302,SEA2575_AMP_@ENQ_1754006400,@ENQ,SELL,2025.12.22 13:38:38,2025.12.22 13:39:38,2025.12.22 13:39:38,1766410778058,25737.00,25737.50,25737.00,0.1,25837.00,2025.12.23 04:30:00,1766464200999,25702.75,25703.50,25703.75,TARGET_K20_M30_CLOSE,WIN,PROFIT,66.5,0.0,0.0,66.5,66.5,0.0,33.25,133.0,0.3325,53422,75.89071214071214,77.09078826725884,16,3,17.623012333092618,36.278870324323925,11.611975675623166,21.799227627163646,57.75,107.0,0.5,0.75,0.0,EXPERT
152,304,SEA2575_AMP_@ENQ_1754006400,@ENQ,SELL,2025.12.23 10:16:01,2025.12.23 10:17:02,2025.12.23 10:17:02,1766485022135,25711.00,25711.50,25711.00,0.1,25811.00,2025.12.23 12:30:01,1766493001080,25664.75,25665.75,25666.25,TARGET_K20_M30_CLOSE,WIN,PROFIT,89.5,0.0,0.0,89.5,89.5,0.0,44.75,179.0,0.4475,7979,76.33140135565021,77.14811425900236,16,3,19.113014614150774,25.189488879133567,11.318305200601069,18.844376211867043,1.5,45.75,0.5,1.0,0.0,EXPERT
153,306,SEA2575_AMP_@ENQ_1754006400,@ENQ,BUY,2025.12.23 12:54:45,2025.12.23 12:55:45,2025.12.23 12:55:45,1766494545367,25680.00,25680.75,25680.75,0.1,25580.75,2025.12.23 17:00:00,1766509200020,25773.25,25773.75,25773.25,TARGET_K80_M30_CLOSE,WIN,PROFIT,185.0,0.0,0.0,185.0,185.0,0.0,92.5,370.0,0.925,14655,24.689749707014897,23.30152438067165,16,3,90.82737974473118,75.54439934978649,94.14851795611328,86.17337400150848,72.75,95.5,0.75,0.5,0.0,EXPERT
154,308,SEA2575_AMP_@ENQ_1754006400,@ENQ,SELL,2025.12.23 20:31:11,2025.12.23 20:32:11,2025.12.23 20:32:11,1766521931041,25797.75,25798.00,25797.75,0.1,25897.75,2025.12.24 02:30:00,1766543400447,25799.00,25799.50,25799.25,TARGET_K20_M30_CLOSE,WIN,LOSS,-3.0,0.0,0.0,-3.0,-3.0,0.0,-1.5,-6.0,-0.015,21469,76.63340102020616,82.03022873979778,16,3,16.386681466046543,32.50807450001896,11.45220153156661,20.726553996840305,29.5,4.25,0.25,0.5,0.0,EXPERT
155,310,SEA2575_AMP_@ENQ_1754006400,@ENQ,BUY,2025.12.29 09:27:08,2025.12.29 09:28:08,2025.12.29 09:28:08,1767000488023,25766.00,25766.75,25766.75,0.1,25666.75,2025.12.29 13:50:43,1767016243991,25667.25,25667.50,25667.25,SL,LOSS,LOSS,-199.0,0.0,0.0,-199.0,-199.0,0.0,-99.5,-398.0,-0.995,15755,20.516230865997922,19.966681072082242,18,3,0.0,0.0,19.162940029813097,42.009579986427475,99.5,9.5,0.75,0.25,-0.5,SL
156,312,SEA2575_AMP_@ENQ_1754006400,@ENQ,SELL,2025.12.29 20:43:20,2025.12.29 20:44:20,2025.12.29 20:44:20,1767041060016,25738.75,25739.25,25738.75,0.1,25838.75,2025.12.30 00:00:00,1767052800059,25706.75,25708.00,25707.50,TARGET_K20_M30_CLOSE,WIN,PROFIT,62.5,0.0,0.0,62.5,62.5,0.0,31.25,125.0,0.3125,11740,77.94754130813469,79.018753834907,29,5,18.414002377032027,39.598098983522554,2.0332200720991507,20.008497447087663,17.75,32.5,0.5,1.25,0.0,EXPERT
157,314,SEA2575_AMP_@ENQ_1754006400,@ENQ,SELL,2025.12.30 09:50:39,2025.12.30 09:51:40,2025.12.30 09:51:40,1767088300129,25731.50,25732.00,25731.50,0.1,25831.50,2025.12.30 23:00:00,1767135600010,25675.50,25676.25,25676.25,TARGET_K20_M30_CLOSE,WIN,PROFIT,110.5,0.0,0.0,110.5,110.5,0.0,55.25,221.0,0.5525,47300,76.4532918694155,78.98389301390347,19,3,17.093598357596118,20.859781465928013,21.529403780243644,20.87431643162967,62.5,62.75,0.5,0.75,0.0,EXPERT
158,316,SEA2575_AMP_@ENQ_1754006400,@ENQ,BUY,2025.12.31 09:30:01,2025.12.31 09:31:01,2025.12.31 09:31:01,1767173461442,25567.50,25568.25,25568.25,0.1,25468.25,2025.12.31 11:30:00,1767180600052,25594.50,25595.25,25595.25,TARGET_K80_M30_CLOSE,WIN,PROFIT,54.0,0.0,0.0,54.0,54.0,0.0,27.0,108.0,0.27,7139,21.96379975950889,20.814340670048292,29,5,89.15736420587508,70.38194317279995,84.70297375404219,81.14378628551295,7.5,30.75,0.75,0.75,0.0,EXPERT
159,318,SEA2575_AMP_@ENQ_1754006400,@ENQ,SELL,2025.12.31 12:01:08,2025.12.31 12:02:08,2025.12.31 12:02:08,1767182528051,25603.50,25604.25,25603.50,0.1,25703.50,2025.12.31 13:52:17,1767189137229,25703.50,25704.00,25704.00,SL,LOSS,LOSS,-201.0,0.0,0.0,-201.0,-201.0,0.0,-100.5,-402.0,-1.005,6609,84.57348435699981,87.23677718143925,21,4,0.0,0.0,94.12075391974889,92.54830251933377,100.5,4.75,0.75,0.5,0.5,SL
160,320,SEA2575_AMP_@ENQ_1754006400,@ENQ,BUY,2025.12.31 21:41:18,2025.12.31 21:42:18,2025.12.31 21:42:18,1767217338779,25442.25,25442.75,25442.75,0.1,25342.75,2026.01.02 01:00:00,1767315600062,25510.50,25511.75,25510.25,TARGET_K80_M30_CLOSE,WIN,PROFIT,135.0,0.0,0.0,135.0,135.0,0.0,67.5,270.0,0.675,98262,4.050653670632673,3.971724522083195,31,5,88.47140039447731,63.919631621682676,91.87468607201049,82.03756726130575,13.75,70.75,0.5,1.25,0.0,EXPERT
161,322,SEA2575_AMP_@ENQ_1754006400,@ENQ,SELL,2026.01.02 10:01:49,2026.01.02 10:02:49,2026.01.02 10:02:49,1767348169266,25730.75,25731.50,25730.75,0.1,25830.75,2026.01.02 16:30:00,1767371400012,25375.75,25376.25,25376.25,TARGET_K20_M30_CLOSE,WIN,PROFIT,709.0,0.0,0.0,709.0,709.0,0.0,354.5,1418.0,3.545,23231,91.29016835706723,91.56856486948594,26,4,9.638653235995726,21.733536346172173,11.936067151056703,14.992990256999414,73.25,436.0,0.75,0.5,0.0,EXPERT
162,324,SEA2575_AMP_@ENQ_1754006400,@ENQ,BUY,2026.01.02 19:00:00,2026.01.02 19:01:00,2026.01.02 19:01:00,1767380460007,25312.00,25312.50,25312.50,0.1,25212.50,2026.01.02 20:30:00,1767385800015,25431.25,25431.75,25431.50,TARGET_K80_M30_CLOSE,WIN,PROFIT,238.0,0.0,0.0,238.0,238.0,0.0,119.0,476.0,1.19,5340,15.115436268383514,11.077879647377564,44,7,82.16337977110057,57.911544844720765,81.12558621918272,73.14195148126976,24.5,144.25,0.5,0.5,0.0,EXPERT
163,326,SEA2575_AMP_@ENQ_1754006400,@ENQ,SELL,2026.01.05 11:30:00,2026.01.05 11:31:00,2026.01.05 11:31:00,1767612660175,25552.00,25553.00,25552.00,0.1,25652.00,2026.01.05 14:30:10,1767623410407,25650.75,25651.50,25651.50,SL,LOSS,LOSS,-199.0,0.0,0.0,-199.0,-199.0,0.0,-99.5,-398.0,-0.995,10750,79.2002722940776,79.35161672898447,24,4,0.0,0.0,91.3610240104227,67.45300904713878,100.0,31.5,1.0,0.75,-0.5,SL
164,328,SEA2575_AMP_@ENQ_1754006400,@ENQ,BUY,2026.01.06 09:00:00,2026.01.06 09:01:00,2026.01.06 09:01:00,1767690060018,25570.75,25572.00,25572.00,0.1,25472.00,2026.01.06 13:00:00,1767704400012,25640.00,25640.25,25640.50,TARGET_K80_M30_CLOSE,WIN,PROFIT,137.0,0.0,0.0,137.0,137.0,0.0,68.5,274.0,0.685,14340,21.828673597641274,18.449498854837547,42,7,80.10471695354013,71.5654331091164,89.42654458934055,80.70415584154466,15.25,76.5,1.25,0.25,0.0,EXPERT
165,330,SEA2575_AMP_@ENQ_1754006400,@ENQ,SELL,2026.01.06 20:00:00,2026.01.06 20:01:00,2026.01.06 20:01:00,1767729660002,25813.75,25814.25,25813.75,0.1,25913.75,2026.01.07 02:30:00,1767753000000,25808.50,25809.00,25809.00,TARGET_K20_M30_CLOSE,WIN,PROFIT,9.5,0.0,0.0,9.5,9.5,0.0,4.75,19.0,0.0475,23340,82.48575672762516,88.1481254661846,17,3,8.687004301235673,24.14115721001718,4.89296636085627,12.925959463372964,31.25,59.75,0.5,0.5,0.0,EXPERT
166,332,SEA2575_AMP_@ENQ_1754006400,@ENQ,BUY,2026.01.07 08:25:33,2026.01.07 08:26:34,2026.01.07 08:26:34,1767774394196,25771.25,25771.75,25771.75,0.1,25671.75,2026.01.07 13:00:00,1767790800043,25765.00,25765.50,25765.00,TARGET_K80_M30_CLOSE,WIN,LOSS,-13.5,0.0,0.0,-13.5,-13.5,0.0,-6.75,-27.0,-0.0675,16406,24.91823530457349,20.134063589195804,18,3,80.0711663093566,70.43041860767966,61.23609191872665,71.7331804759156,45.5,10.25,0.5,0.5,0.0,EXPERT
167,334,SEA2575_AMP_@ENQ_1754006400,@ENQ,SELL,2026.01.07 14:30:07,2026.01.07 14:31:07,2026.01.07 14:31:07,1767796267009,25780.00,25780.75,25780.00,0.1,25880.00,2026.01.07 14:56:05,1767797765262,25879.50,25880.00,25880.00,SL,LOSS,LOSS,-200.0,0.0,0.0,-200.0,-200.0,0.0,-100.0,-400.0,-1.0,1498,75.81332025159928,80.32915440873755,33,6,0.0,0.0,93.42612956746537,86.20009084735956,100.0,8.5,0.75,0.5,0.0,SL
168,336,SEA2575_AMP_@ENQ_1754006400,@ENQ,BUY,2026.01.07 21:30:03,2026.01.07 21:31:05,2026.01.07 21:31:05,1767821465053,25828.50,25828.75,25828.75,0.1,25728.75,2026.01.08 02:00:00,1767837600425,25837.00,25837.75,25837.00,TARGET_K80_M30_CLOSE,WIN,PROFIT,16.5,0.0,0.0,16.5,16.5,0.0,8.25,33.0,0.0825,16135,12.039700072712451,10.242933386239883,25,4,85.76416073675847,62.92019249509202,77.1267663850784,75.26260943551772,23.0,20.25,0.25,0.75,0.0,EXPERT
169,338,SEA2575_AMP_@ENQ_1754006400,@ENQ,SELL,2026.01.08 14:19:42,2026.01.08 14:20:42,2026.01.08 14:20:42,1767882042127,25788.50,25789.00,25788.50,0.1,25888.50,2026.01.09 00:30:00,1767918600096,25685.50,25686.25,25686.25,TARGET_K20_M30_CLOSE,WIN,PROFIT,204.5,0.0,0.0,204.5,204.5,0.0,102.25,409.0,1.0225,36558,75.54015013042329,75.6232623091754,29,5,17.16536208339487,34.93768161911359,27.385242385242382,24.493359886142372,14.75,219.0,0.5,0.75,0.0,EXPERT
170,340,SEA2575_AMP_@ENQ_1754006400,@ENQ,SELL,2026.01.09 11:00:00,2026.01.09 11:01:00,2026.01.09 11:01:00,1767956460245,25729.75,25730.50,25729.75,0.1,25829.75,2026.01.09 15:26:03,1767972363093,25829.50,25829.75,25829.75,SL,LOSS,LOSS,-200.0,0.0,0.0,-200.0,-200.0,0.0,-100.0,-400.0,-1.0,15903,75.6178634692691,84.40669249842198,16,3,0.0,0.0,53.1568887264309,52.68977217400311,100.0,113.25,0.75,0.25,0.0,SL
171,342,SEA2575_AMP_@ENQ_1754006400,@ENQ,SELL,2026.01.12 11:36:56,2026.01.12 11:37:56,2026.01.12 11:37:56,1768217876941,25722.00,25722.75,25722.00,0.1,25822.00,2026.01.12 14:31:44,1768228304371,25821.50,25822.00,25822.00,SL,LOSS,LOSS,-200.0,0.0,0.0,-200.0,-200.0,0.0,-100.0,-400.0,-1.0,10428,77.02202565236621,79.2700965868837,22,4,0.0,0.0,77.0440251572327,75.3758165527517,100.0,12.0,0.75,0.5,0.0,SL
172,344,SEA2575_AMP_@ENQ_1754006400,@ENQ,BUY,2026.01.13 11:31:56,2026.01.13 11:32:56,2026.01.13 11:32:56,1768303976957,25878.50,25879.25,25879.25,0.1,25779.25,2026.01.14 01:30:00,1768354200104,25919.75,25920.50,25920.25,TARGET_K80_M30_CLOSE,WIN,PROFIT,82.0,0.0,0.0,82.0,82.0,0.0,41.0,164.0,0.41,50224,22.466174741501536,21.946071974795633,17,3,82.16965400515869,60.8055243261642,76.76903973681824,72.24357189239862,76.25,166.25,0.75,0.75,0.0,EXPERT
173,346,SEA2575_AMP_@ENQ_1754006400,@ENQ,BUY,2026.01.14 11:30:00,2026.01.14 11:31:00,2026.01.14 11:31:00,1768390260019,25760.50,25761.50,25761.50,0.1,25661.50,2026.01.14 14:00:00,1768399200004,25753.75,25754.75,25754.25,TARGET_K80_M30_CLOSE,WIN,LOSS,-14.5,0.0,0.0,-14.5,-14.5,0.0,-7.25,-29.0,-0.0725,8940,24.07271700472634,21.38610348394157,36,6,81.6189173314151,70.72468789948049,67.24612553464104,75.75851925506275,60.5,40.25,1.0,1.0,0.0,EXPERT
174,348,SEA2575_AMP_@ENQ_1754006400,@ENQ,BUY,2026.01.14 16:04:17,2026.01.14 16:05:17,2026.01.14 16:05:17,1768406717137,25534.75,25535.25,25535.25,0.1,25435.25,2026.01.14 17:58:06,1768413486165,25435.50,25436.25,25435.50,SL,LOSS,LOSS,-199.5,0.0,0.0,-199.5,-199.5,0.0,-99.75,-399.0,-0.9975,6769,18.566792634401626,17.942006429488917,44,7,0.0,0.0,7.204742362061104,13.282861594250102,99.75,56.25,0.5,0.75,-0.25,SL
175,350,SEA2575_AMP_@ENQ_1754006400,@ENQ,SELL,2026.01.14 21:54:12,2026.01.14 21:55:12,2026.01.14 21:55:12,1768427712117,25580.50,25581.25,25580.50,0.1,25680.50,2026.01.15 04:30:01,1768451401698,25590.50,25591.25,25591.50,TARGET_K20_M30_CLOSE,WIN,LOSS,-22.0,0.0,0.0,-22.0,-22.0,0.0,-11.0,-44.0,-0.11,23689,80.63892278651709,81.35185357084991,29,5,11.566948805754775,25.541214537748306,22.107504741047553,19.24104281637859,63.0,17.5,0.75,0.75,0.0,EXPERT
176,352,SEA2575_AMP_@ENQ_1754006400,@ENQ,SELL,2026.01.15 10:23:20,2026.01.15 10:24:20,2026.01.15 10:24:20,1768472660306,25802.75,25803.25,25802.75,0.1,25902.75,2026.01.15 13:46:33,1768484793468,25902.25,25902.75,25902.75,SL,LOSS,LOSS,-200.0,0.0,0.0,-200.0,-200.0,0.0,-100.0,-400.0,-1.0,12133,86.60620495264659,87.72016113671776,23,4,0.0,0.0,94.22734128616482,80.34564799270682,100.0,2.25,0.5,0.5,0.0,SL
177,354,SEA2575_AMP_@ENQ_1754006400,@ENQ,BUY,2026.01.15 21:00:00,2026.01.15 21:01:00,2026.01.15 21:01:00,1768510860010,25716.75,25717.25,25717.25,0.1,25617.25,2026.01.16 00:30:03,1768523403708,25748.75,25749.50,25748.75,TARGET_K80_M30_CLOSE,WIN,PROFIT,63.0,0.0,0.0,63.0,63.0,0.0,31.5,126.0,0.315,12543,15.039774597926032,11.150023140351978,44,7,81.76688672566269,66.80604518197268,85.8462706705941,79.6588574627995,23.5,36.0,0.5,0.75,0.0,EXPERT
178,356,SEA2575_AMP_@ENQ_1754006400,@ENQ,SELL,2026.01.16 11:39:14,2026.01.16 11:40:14,2026.01.16 11:40:14,1768563614710,25855.25,25856.00,25855.25,0.1,25955.25,2026.01.16 16:00:00,1768579200020,25680.25,25680.75,25680.75,TARGET_K20_M30_CLOSE,WIN,PROFIT,349.0,0.0,0.0,349.0,349.0,0.0,174.5,698.0,1.745,15586,75.61285546850904,77.11880224698085,16,3,10.838205779381136,27.427171332771934,20.309894175990063,20.37084778617157,36.25,263.75,0.75,0.5,0.0,EXPERT
179,358,SEA2575_AMP_@ENQ_1754006400,@ENQ,BUY,2026.01.16 16:00:01,2026.01.16 16:01:01,2026.01.16 16:01:01,1768579261003,25683.25,25683.75,25683.75,0.1,25583.75,2026.01.18 23:00:00,1768777200127,25681.00,25681.50,25681.00,SL,LOSS,LOSS,-5.5,0.0,0.0,-5.5,-5.5,0.0,-2.75,-11.0,-0.0275,197939,20.643783992350663,20.482144391625102,44,7,0.0,0.0,20.557961994855198,22.656214633905194,30.0,68.25,0.5,0.5,-97.25,SL
180,360,SEA2575_AMP_@ENQ_1754006400,@ENQ,BUY,2026.01.19 08:05:09,2026.01.19 08:06:09,2026.01.19 08:06:09,1768809969025,25355.25,25356.00,25356.00,0.1,25256.00,2026.01.19 14:35:17,1768833317707,25258.00,25259.25,25258.00,SL,LOSS,LOSS,-196.0,0.0,0.0,-196.0,-196.0,0.0,-98.0,-392.0,-0.98,23348,24.58069446063385,23.69050172422365,34,6,0.0,0.0,29.13978494623656,42.730841440518866,98.75,54.0,0.75,1.25,-2.0,SL
181,362,SEA2575_AMP_@ENQ_1754006400,@ENQ,BUY,2026.01.20 09:44:43,2026.01.20 09:45:43,2026.01.20 09:45:43,1768902343607,25130.25,25131.25,25131.25,0.1,25031.25,2026.01.20 12:30:00,1768912200164,25233.25,25234.00,25233.50,TARGET_K80_M30_CLOSE,WIN,PROFIT,204.5,0.0,0.0,204.5,204.5,0.0,102.25,409.0,1.0225,9857,10.938438916782061,10.47442479870849,44,7,81.14216996680317,70.81238548697287,84.48232824041827,78.94193160170136,36.25,124.0,1.0,0.75,0.0,EXPERT
182,364,SEA2575_AMP_@ENQ_1754006400,@ENQ,SELL,2026.01.20 13:02:18,2026.01.20 13:03:18,2026.01.20 13:03:18,1768914198116,25259.00,25260.00,25259.00,0.1,25359.00,2026.01.20 14:51:31,1768920691382,25354.25,25354.75,25354.75,SL,LOSS,LOSS,-191.5,0.0,0.0,-191.5,-191.5,0.0,-95.75,-383.0,-0.9575,6493,80.64470420580496,81.3001400338307,29,5,0.0,0.0,66.83702813703691,61.954937632266684,98.5,77.0,1.0,0.5,-4.25,SL
183,366,SEA2575_AMP_@ENQ_1754006400,@ENQ,BUY,2026.01.20 19:59:47,2026.01.20 20:00:47,2026.01.20 20:00:47,1768939247466,25158.50,25159.00,25159.00,0.1,25059.00,2026.01.21 01:30:00,1768959000004,25211.00,25211.75,25210.75,TARGET_K80_M30_CLOSE,WIN,PROFIT,103.5,0.0,0.0,103.5,103.5,0.0,51.75,207.0,0.5175,19753,9.600303059199407,8.30220168578012,42,7,86.6081335396835,66.14762520183034,91.54333980963146,79.72838503823468,61.0,58.0,0.5,0.75,0.0,EXPERT
184,368,SEA2575_AMP_@ENQ_1754006400,@ENQ,BUY,2026.01.21 10:17:31,2026.01.21 10:18:31,2026.01.21 10:18:31,1768990711285,25173.75,25174.50,25174.50,0.1,25074.50,2026.01.21 11:49:20,1768996160016,25074.50,25075.00,25074.50,SL,LOSS,LOSS,-200.0,0.0,0.0,-200.0,-200.0,0.0,-100.0,-400.0,-1.0,5449,23.347294797531763,23.08670124768629,29,5,0.0,0.0,20.966667877423024,28.351481500034936,100.0,13.5,0.75,0.5,0.0,SL
185,370,SEA2575_AMP_@ENQ_1754006400,@ENQ,SELL,2026.01.21 20:30:00,2026.01.21 20:31:00,2026.01.21 20:31:00,1769027460007,25464.50,25465.00,25464.50,0.1,25564.50,2026.01.21 23:06:29,1769036789004,25564.50,25566.00,25566.00,SL,LOSS,LOSS,-203.0,0.0,0.0,-203.0,-203.0,0.0,-101.5,-406.0,-1.015,9329,76.46324978190921,77.66373820860595,44,7,0.0,0.0,80.98936543717865,72.24409133223288,101.5,18.25,0.5,1.5,1.5,SL
186,372,SEA2575_AMP_@ENQ_1754006400,@ENQ,SELL,2026.01.22 09:30:00,2026.01.22 09:31:00,2026.01.22 09:31:00,1769074260042,25697.00,25698.00,25697.00,0.1,25797.00,2026.01.23 09:00:00,1769158800044,25601.00,25602.50,25602.25,TARGET_K20_M30_CLOSE,WIN,PROFIT,189.5,0.0,0.0,189.5,189.5,0.0,94.75,379.0,0.9475,84540,87.53551246087568,89.45483073487303,24,4,13.869316401186515,26.039449080444854,11.669365529164898,18.52949772207174,43.0,159.25,1.0,1.5,0.0,EXPERT
187,374,SEA2575_AMP_@ENQ_1754006400,@ENQ,BUY,2026.01.23 09:30:00,2026.01.23 09:31:00,2026.01.23 09:31:00,1769160660280,25600.50,25601.25,25601.25,0.1,25501.25,2026.01.23 15:30:00,1769182200028,25746.50,25747.00,25746.50,TARGET_K80_M30_CLOSE,WIN,PROFIT,290.5,0.0,0.0,290.5,290.5,0.0,145.25,581.0,1.4525,21540,14.020567331583534,13.22506376364015,32,5,85.30882491477048,56.22966175904531,94.55537630788179,79.37468294856515,61.0,162.0,0.75,0.5,0.0,EXPERT
188,376,SEA2575_AMP_@ENQ_1754006400,@ENQ,SELL,2026.01.23 16:28:04,2026.01.23 16:29:04,2026.01.23 16:29:04,1769185744004,25786.00,25786.25,25786.00,0.1,25886.00,2026.01.26 15:21:35,1769440895530,25885.50,25886.00,25886.00,TARGET_K20_M30_CLOSE,WIN,LOSS,-200.0,0.0,0.0,-200.0,-200.0,0.0,-100.0,-400.0,-1.0,255151,90.32722412972778,90.93634235790205,32,5,11.900803136809385,23.042117346334994,97.37055016181229,90.20294321607734,42.5,113.25,0.25,0.5,0.0,SL
189,378,SEA2575_AMP_@ENQ_1754006400,@ENQ,SELL,2026.01.26 15:30:00,2026.01.26 15:31:00,2026.01.26 15:31:00,1769441460001,25851.00,25851.50,25851.00,0.1,25951.00,2026.01.26 21:00:00,1769461200000,25844.00,25844.50,25844.50,TARGET_K20_M30_CLOSE,WIN,PROFIT,13.0,0.0,0.0,13.0,13.0,0.0,6.5,26.0,0.065,19740,86.27728112385421,90.86684009316222,41,7,12.54157796315944,22.386752176790257,13.52267616691475,17.31353760467753,85.5,16.5,0.5,0.5,0.0,EXPERT
190,380,SEA2575_AMP_@ENQ_1754006400,@ENQ,BUY,2026.01.26 21:13:01,2026.01.26 21:14:01,2026.01.26 21:14:01,1769462041025,25853.00,25853.50,25853.50,0.1,25753.50,2026.01.27 00:30:01,1769473801183,25889.50,25890.25,25889.75,TARGET_K80_M30_CLOSE,WIN,PROFIT,72.5,0.0,0.0,72.5,72.5,0.0,36.25,145.0,0.3625,11760,19.87144097160518,19.42979253957434,21,4,80.97890648667232,68.2080537289748,79.15190106274996,75.86882902299799,15.0,45.75,0.5,0.75,0.0,EXPERT
191,382,SEA2575_AMP_@ENQ_1754006400,@ENQ,SELL,2026.01.27 12:00:00,2026.01.27 12:01:00,2026.01.27 12:01:00,1769515260068,26030.75,26031.75,26030.75,0.1,26130.75,2026.01.27 14:30:00,1769524200001,25982.50,25983.00,25983.00,TARGET_K20_M30_CLOSE,WIN,PROFIT,95.5,0.0,0.0,95.5,95.5,0.0,47.75,191.0,0.4775,8940,81.51800733544273,87.48143191347602,20,3,17.830166653696065,21.001647514522237,10.161910161910162,17.588117680996934,2.75,49.25,1.0,0.5,0.0,EXPERT
192,384,SEA2575_AMP_@ENQ_1754006400,@ENQ,BUY,2026.01.27 14:41:51,2026.01.27 14:42:51,2026.01.27 14:42:51,1769524971016,25965.75,25966.50,25966.50,0.1,25866.50,2026.01.27 16:00:00,1769529600015,26078.00,26078.50,26078.00,TARGET_K80_M30_CLOSE,WIN,PROFIT,223.0,0.0,0.0,223.0,223.0,0.0,111.5,446.0,1.115,4629,21.666754966953775,21.423065949344807,44,7,88.51185128200079,63.24218012144564,85.93009046900265,78.23369760632602,22.5,131.75,0.75,0.5,0.0,EXPERT
193,386,SEA2575_AMP_@ENQ_1754006400,@ENQ,SELL,2026.01.27 20:00:00,2026.01.27 20:01:00,2026.01.27 20:01:00,1769544060010,26093.50,26093.75,26093.50,0.1,26193.50,2026.01.28 00:36:47,1769560607791,26192.75,26193.50,26193.50,SL,LOSS,LOSS,-200.0,0.0,0.0,-200.0,-200.0,0.0,-100.0,-400.0,-1.0,16547,80.06058807419298,81.65753208771973,16,3,0.0,0.0,92.52786536153609,89.03236810249292,100.25,31.75,0.25,0.75,0.0,SL
194,388,SEA2575_AMP_@ENQ_1754006400,@ENQ,SELL,2026.01.28 12:02:12,2026.01.28 12:03:12,2026.01.28 12:03:12,1769601792008,26312.25,26313.25,26312.25,0.1,26412.25,2026.01.28 16:00:00,1769616000071,26162.50,26163.00,26163.00,TARGET_K20_M30_CLOSE,WIN,PROFIT,298.5,0.0,0.0,298.5,298.5,0.0,149.25,597.0,1.4925,14208,75.18744890020831,80.82793065514446,20,3,16.913851632320764,22.731587391294624,5.874833767364332,15.36447150737799,8.75,152.5,1.0,0.5,0.0,EXPERT
195,390,SEA2575_AMP_@ENQ_1754006400,@ENQ,BUY,2026.01.29 11:08:06,2026.01.29 11:09:06,2026.01.29 11:09:06,1769684946032,26201.25,26202.00,26202.00,0.1,26102.00,2026.01.29 14:34:07,1769697247079,26102.00,26103.00,26102.00,SL,LOSS,LOSS,-200.0,0.0,0.0,-200.0,-200.0,0.0,-100.0,-400.0,-1.0,12301,24.58434566937757,23.5368027751756,27,5,0.0,0.0,20.839238300021176,30.75651720099532,100.0,19.5,0.75,1.0,0.0,SL
196,392,SEA2575_AMP_@ENQ_1754006400,@ENQ,SELL,2026.01.29 20:00:00,2026.01.29 20:01:00,2026.01.29 20:01:00,1769716860016,25850.50,25850.75,25850.50,0.1,25950.50,2026.01.29 20:50:04,1769719804190,25949.25,25950.00,25950.00,SL,LOSS,LOSS,-199.0,0.0,0.0,-199.0,-199.0,0.0,-99.5,-398.0,-0.995,2944,78.81848947232287,84.42240449664989,34,6,0.0,0.0,81.31482044525522,81.76845633452399,99.5,3.5,0.25,0.75,-0.5,SL
197,394,SEA2575_AMP_@ENQ_1754006400,@ENQ,BUY,2026.01.30 08:02:59,2026.01.30 08:03:59,2026.01.30 08:03:59,1769760239168,25721.50,25723.00,25723.00,0.1,25623.00,2026.01.30 12:00:00,1769774400034,25870.00,25870.25,25870.00,TARGET_K80_M30_CLOSE,WIN,PROFIT,294.0,0.0,0.0,294.0,294.0,0.0,147.0,588.0,1.47,14161,12.43660372427945,12.059443270687671,44,7,91.13699195342144,73.59221914368354,95.62467824464288,87.7528545601644,73.25,160.25,1.5,0.25,0.0,EXPERT
198,396,SEA2575_AMP_@ENQ_1754006400,@ENQ,SELL,2026.01.30 12:30:00,2026.01.30 12:31:00,2026.01.30 12:31:00,1769776260036,25873.00,25874.00,25873.00,0.1,25973.00,2026.01.30 18:00:00,1769796000076,25677.50,25677.75,25678.25,TARGET_K20_M30_CLOSE,WIN,PROFIT,389.5,0.0,0.0,389.5,389.5,0.0,194.75,779.0,1.9475,19740,87.99198596512008,90.57269306518295,37,6,14.914731871116194,21.36031255504496,12.618813503769255,16.84572204496351,66.5,194.75,1.0,0.25,0.0,EXPERT
199,398,SEA2575_AMP_@ENQ_1754006400,@ENQ,SELL,2026.02.02 09:01:04,2026.02.02 09:02:04,2026.02.02 09:02:04,1770022924015,25390.00,25391.00,25390.00,0.1,25490.00,2026.02.02 11:47:26,1770032846372,25489.50,25490.00,25490.00,SL,LOSS,LOSS,-200.0,0.0,0.0,-200.0,-200.0,0.0,-100.0,-400.0,-1.0,9922,89.0130199507393,89.56073586966052,29,5,0.0,0.0,73.9410639803647,71.14567178994928,100.0,33.25,1.0,0.5,0.0,SL
200,400,SEA2575_AMP_@ENQ_1754006400,@ENQ,BUY,2026.02.03 10:00:04,2026.02.03 10:01:04,2026.02.03 10:01:04,1770112864002,25971.50,25972.25,25972.25,0.1,25872.25,2026.02.03 13:30:00,1770125400537,25991.25,25992.00,25991.00,TARGET_K80_M30_CLOSE,WIN,PROFIT,37.5,0.0,0.0,37.5,37.5,0.0,18.75,75.0,0.1875,12536,19.625183489060728,19.39221465260895,18,3,87.89366459683134,67.47478455690445,73.90429060745736,76.95525985222844,49.5,30.25,0.75,0.75,0.0,EXPERT
201,402,SEA2575_AMP_@ENQ_1754006400,@ENQ,SELL,2026.02.03 13:32:26,2026.02.03 13:33:26,2026.02.03 13:33:26,1770125606337,25994.75,25995.50,25994.75,0.1,26094.75,2026.02.03 15:00:00,1770130800010,25631.25,25633.00,25632.75,TARGET_K20_M30_CLOSE,WIN,PROFIT,724.0,0.0,0.0,724.0,724.0,0.0,362.0,1448.0,3.62,5194,78.40879511196185,78.45676135372993,16,3,8.30749682875322,34.839211839488044,4.450385279333978,16.281853118928435,1.25,371.25,0.75,1.75,0.0,EXPERT
202,404,SEA2575_AMP_@ENQ_1754006400,@ENQ,BUY,2026.02.03 15:30:00,2026.02.03 15:31:00,2026.02.03 15:31:00,1770132660001,25534.00,25534.50,25534.50,0.1,25434.50,2026.02.03 17:12:11,1770138731823,25444.25,25445.00,25444.25,SL,LOSS,LOSS,-180.5,0.0,0.0,-180.5,-180.5,0.0,-90.25,-361.0,-0.9025,6071,9.434345982888967,8.753788859081306,44,7,0.0,0.0,3.1609017147491087,10.368228407795051,90.5,96.75,0.5,0.75,-9.75,SL
203,406,SEA2575_AMP_@ENQ_1754006400,@ENQ,SELL,2026.02.04 07:59:01,2026.02.04 08:00:01,2026.02.04 08:00:01,1770192001057,25501.25,25502.50,25501.25,0.1,25601.25,2026.02.04 09:30:00,1770197400291,25381.00,25382.75,25382.75,TARGET_K20_M30_CLOSE,WIN,PROFIT,237.0,0.0,0.0,237.0,237.0,0.0,118.5,474.0,1.185,5399,79.5819451239875,81.15803430485123,16,3,13.393444413838216,35.28613899305507,17.34773012812393,22.125174911541475,8.5,142.25,1.25,1.75,0.0,EXPERT
204,408,SEA2575_AMP_@ENQ_1754006400,@ENQ,SELL,2026.02.04 12:02:10,2026.02.04 12:03:10,2026.02.04 12:03:10,1770206590043,25473.50,25474.75,25473.50,0.1,25573.50,2026.02.04 13:30:00,1770211800079,25391.50,25392.50,25392.75,TARGET_K20_M30_CLOSE,WIN,PROFIT,161.5,0.0,0.0,161.5,161.5,0.0,80.75,323.0,0.8075,5210,75.51444615278142,79.99341427332757,19,3,14.748912092672514,36.072035377410366,15.795646359909682,22.10392009475224,2.5,102.75,1.25,1.0,0.0,EXPERT
205,410,SEA2575_AMP_@ENQ_1754006400,@ENQ,BUY,2026.02.04 14:11:24,2026.02.04 14:12:24,2026.02.04 14:12:24,1770214344335,25349.00,25350.00,25350.00,0.1,25250.00,2026.02.04 14:32:03,1770215523821,25251.00,25251.75,25251.00,SL,LOSS,LOSS,-198.0,0.0,0.0,-198.0,-198.0,0.0,-99.0,-396.0,-0.99,1179,14.167360659566024,13.928829915221373,29,5,0.0,0.0,19.396459141657186,19.26420395358733,99.0,38.25,1.0,0.75,-1.0,SL
206,412,SEA2575_AMP_@ENQ_1754006400,@ENQ,BUY,2026.02.05 13:08:33,2026.02.05 13:09:33,2026.02.05 13:09:33,1770296973033,24831.25,24832.25,24832.25,0.1,24732.25,2026.02.05 14:21:51,1770301311226,24735.00,24736.25,24735.00,SL,LOSS,LOSS,-194.5,0.0,0.0,-194.5,-194.5,0.0,-97.25,-389.0,-0.9725,4338,21.565683528258244,21.314354621798405,44,7,0.0,0.0,14.969252211426175,17.54756778143567,97.25,34.75,1.0,1.25,-2.75,SL
207,414,SEA2575_AMP_@ENQ_1754006400,@ENQ,SELL,2026.02.06 10:30:00,2026.02.06 10:31:00,2026.02.06 10:31:00,1770373860037,24713.25,24714.50,24713.25,0.1,24813.25,2026.02.06 11:00:30,1770375630293,24812.50,24813.75,24813.75,SL,LOSS,LOSS,-201.0,0.0,0.0,-201.0,-201.0,0.0,-100.5,-402.0,-1.005,1770,77.08252992015112,83.83123590927666,23,4,0.0,0.0,90.83417099458312,88.3493265647367,101.0,1.0,1.25,1.25,0.5,SL
208,416,SEA2575_AMP_@ENQ_1754006400,@ENQ,BUY,2026.02.09 10:56:47,2026.02.09 10:57:47,2026.02.09 10:57:47,1770634667049,25053.25,25054.50,25054.50,0.1,24954.50,2026.02.09 13:00:00,1770642000017,25100.75,25101.75,25101.25,TARGET_K80_M30_CLOSE,WIN,PROFIT,93.5,0.0,0.0,93.5,93.5,0.0,46.75,187.0,0.4675,7333,17.762096321913443,17.377429352565525,27,5,89.52229475252336,72.42587679943325,95.95090697737287,86.41094256204559,39.5,49.5,1.25,1.0,0.0,EXPERT
209,418,SEA2575_AMP_@ENQ_1754006400,@ENQ,SELL,2026.02.09 13:30:00,2026.02.09 13:31:00,2026.02.09 13:31:00,1770643860007,25110.50,25111.25,25110.50,0.1,25210.50,2026.02.09 15:07:20,1770649640500,25209.75,25210.50,25210.50,SL,LOSS,LOSS,-200.0,0.0,0.0,-200.0,-200.0,0.0,-100.0,-400.0,-1.0,5780,79.972606385347,86.07320358825694,21,4,0.0,0.0,61.26751516340138,50.070575271319825,100.0,154.5,0.75,0.75,0.0,SL
210,420,SEA2575_AMP_@ENQ_1754006400,@ENQ,SELL,2026.02.10 15:52:48,2026.02.10 15:53:48,2026.02.10 15:53:48,1770738828021,25385.75,25386.50,25385.75,0.1,25485.75,2026.02.10 19:30:00,1770751800024,25300.50,25301.00,25301.25,TARGET_K20_M30_CLOSE,WIN,PROFIT,169.0,0.0,0.0,169.0,169.0,0.0,84.5,338.0,0.845,12972,75.18631404659142,76.14222392883242,43,7,19.57185699065317,34.878654867474815,27.261008190826573,29.009231923673763,15.25,114.25,0.75,0.5,0.0,EXPERT
211,422,SEA2575_AMP_@ENQ_1754006400,@ENQ,SELL,2026.02.11 19:55:22,2026.02.11 19:56:22,2026.02.11 19:56:22,1770839782167,25310.00,25310.50,25310.00,0.1,25410.00,2026.02.12 00:30:02,1770856202085,25230.25,25231.25,25231.00,TARGET_K20_M30_CLOSE,WIN,PROFIT,158.0,0.0,0.0,158.0,158.0,0.0,79.0,316.0,0.79,16420,83.42630947847915,83.70594620676236,26,4,19.78454326520625,22.10137377572286,35.378948859611846,26.605140497844584,12.75,103.25,0.5,1.0,0.0,EXPERT
212,424,SEA2575_AMP_@ENQ_1754006400,@ENQ,SELL,2026.02.12 12:50:59,2026.02.12 12:51:59,2026.02.12 12:51:59,1770900719036,25368.00,25368.75,25368.00,0.1,25468.00,2026.02.12 15:30:00,1770910200002,25232.50,25233.00,25233.00,TARGET_K20_M30_CLOSE,WIN,PROFIT,270.0,0.0,0.0,270.0,270.0,0.0,135.0,540.0,1.35,9481,75.60646435283063,75.96459997259416,16,3,19.99099100068508,34.2960329897927,19.73119200571021,25.595771128584584,52.0,197.5,0.75,0.5,0.0,EXPERT
213,426,SEA2575_AMP_@ENQ_1754006400,@ENQ,SELL,2026.02.13 09:02:17,2026.02.13 09:03:17,2026.02.13 09:03:17,1770973397287,24741.75,24742.75,24741.75,0.1,24841.75,2026.02.13 14:48:05,1770994085696,24841.25,24842.50,24842.50,SL,LOSS,LOSS,-201.5,0.0,0.0,-201.5,-201.5,0.0,-100.75,-403.0,-1.0075,20688,79.53241966451162,81.31776200147671,36,6,0.0,0.0,79.82664020278787,64.72470523584296,100.75,162.75,1.0,1.25,0.75,SL
214,428,SEA2575_AMP_@ENQ_1754006400,@ENQ,SELL,2026.02.13 18:59:15,2026.02.13 19:00:15,2026.02.13 19:00:15,1771009215004,24935.50,24936.25,24935.50,0.1,25035.50,2026.02.13 21:00:00,1771016400002,24802.00,24802.50,24802.50,TARGET_K20_M30_CLOSE,WIN,PROFIT,266.0,0.0,0.0,266.0,266.0,0.0,133.0,532.0,1.33,7185,80.51689117263106,84.93331359994494,44,7,17.96421307239358,34.073900200090485,19.27500253484181,22.258507366687876,33.5,203.5,0.75,0.5,0.0,EXPERT
215,430,SEA2575_AMP_@ENQ_1754006400,@ENQ,BUY,2026.02.13 21:30:00,2026.02.13 21:31:00,2026.02.13 21:31:00,1771018260006,24782.25,24783.00,24783.00,0.1,24683.00,2026.02.16 00:30:07,1771201807174,24838.75,24839.75,24838.75,TARGET_K80_M30_CLOSE,WIN,PROFIT,111.5,0.0,0.0,111.5,111.5,0.0,55.75,223.0,0.5575,183547,22.90534037878375,19.184572901079576,29,5,87.89209501602481,58.17226976909114,90.99862387016366,78.80748451395097,28.75,64.0,0.75,1.0,0.0,EXPERT
216,432,SEA2575_AMP_@ENQ_1754006400,@ENQ,SELL,2026.02.16 08:43:39,2026.02.16 08:44:39,2026.02.16 08:44:39,1771231479435,24878.75,24879.75,24878.75,0.1,24978.75,2026.02.16 14:30:00,1771252200010,24762.75,24763.25,24763.25,TARGET_K20_M30_CLOSE,WIN,PROFIT,231.0,0.0,0.0,231.0,231.0,0.0,115.5,462.0,1.155,20721,76.09865177733867,79.9697747619919,23,4,18.314306233934207,41.10041212696729,4.996534484517766,20.233447393066754,43.5,123.75,1.0,0.5,0.0,EXPERT
217,434,SEA2575_AMP_@ENQ_1754006400,@ENQ,BUY,2026.02.16 15:20:30,2026.02.16 15:21:30,2026.02.16 15:21:30,1771255290014,24728.25,24728.75,24728.75,0.1,24628.75,2026.02.16 23:30:00,1771284600096,24776.00,24777.50,24776.00,TARGET_K80_M30_CLOSE,WIN,PROFIT,94.5,0.0,0.0,94.5,94.5,0.0,47.25,189.0,0.4725,29310,22.14333657570091,18.896584891310297,38,6,85.48381854801795,68.94701450894716,86.50230325230325,80.18871300715364,58.0,52.0,0.5,1.5,0.0,EXPERT
218,436,SEA2575_AMP_@ENQ_1754006400,@ENQ,SELL,2026.02.17 19:51:16,2026.02.17 19:52:16,2026.02.17 19:52:16,1771357936003,24837.75,24838.25,24837.75,0.1,24937.75,2026.02.18 09:35:28,1771407328379,24934.00,24935.00,24935.00,SL,LOSS,LOSS,-194.5,0.0,0.0,-194.5,-194.5,0.0,-97.25,-389.0,-0.9725,49392,86.8098673323474,87.06348939974417,35,6,0.0,0.0,94.15866197323152,87.90218499890216,97.25,135.5,0.5,1.0,-2.75,SL
219,438,SEA2575_AMP_@ENQ_1754006400,@ENQ,SELL,2026.02.18 09:49:10,2026.02.18 09:50:10,2026.02.18 09:50:10,1771408210095,24922.25,24923.00,24922.25,0.1,25022.25,2026.02.18 12:30:00,1771417800030,24901.50,24902.25,24902.25,TARGET_K20_M30_CLOSE,WIN,PROFIT,40.0,0.0,0.0,40.0,40.0,0.0,20.0,80.0,0.2,9590,81.9037600124472,83.81721767864072,17,3,17.034259723111273,31.15980583941725,13.943417701638461,19.128979049287,40.75,32.0,0.75,0.75,0.0,EXPERT
220,440,SEA2575_AMP_@ENQ_1754006400,@ENQ,BUY,2026.02.18 20:34:14,2026.02.18 20:35:14,2026.02.18 20:35:14,1771446914034,24909.75,24910.50,24910.50,0.1,24810.50,2026.02.19 03:30:01,1771471801517,24994.00,24995.00,24994.50,TARGET_K80_M30_CLOSE,WIN,PROFIT,168.0,0.0,0.0,168.0,168.0,0.0,84.0,336.0,0.84,24887,11.662519922401794,11.375673860013462,37,6,86.25524747343871,77.75846927497984,90.35312442734103,84.72538146140748,4.0,87.0,0.75,1.0,0.0,EXPERT
221,442,SEA2575_AMP_@ENQ_1754006400,@ENQ,BUY,2026.02.19 10:33:21,2026.02.19 10:34:21,2026.02.19 10:34:21,1771497261151,24848.00,24849.00,24849.00,0.1,24749.00,2026.02.19 18:20:12,1771525212889,24750.00,24750.25,24750.00,SL,LOSS,LOSS,-198.0,0.0,0.0,-198.0,-198.0,0.0,-99.0,-396.0,-0.99,27951,11.64260675933968,10.92008075428282,31,5,0.0,0.0,19.083969465648853,33.51091014192098,99.0,110.25,1.0,0.25,-1.0,SL
222,444,SEA2575_AMP_@ENQ_1754006400,@ENQ,BUY,2026.02.20 11:30:01,2026.02.20 11:31:01,2026.02.20 11:31:01,1771587061002,24875.25,24876.25,24876.25,0.1,24776.25,2026.02.20 13:32:04,1771594324896,24777.25,24778.50,24777.25,SL,LOSS,LOSS,-198.0,0.0,0.0,-198.0,-198.0,0.0,-99.0,-396.0,-0.99,7263,17.273962101461695,16.2668111733023,28,5,0.0,0.0,30.312995779108633,25.66412390653262,99.0,11.5,1.0,1.25,-1.0,SL
223,446,SEA2575_AMP_@ENQ_1754006400,@ENQ,SELL,2026.02.23 07:59:12,2026.02.23 08:00:12,2026.02.23 08:00:12,1771833612055,24904.00,24904.75,24904.00,0.1,25004.00,2026.02.23 09:42:08,1771839728441,25003.50,25004.00,25004.00,SL,LOSS,LOSS,-200.0,0.0,0.0,-200.0,-200.0,0.0,-100.0,-400.0,-1.0,6116,79.95580502142316,84.55874689933624,16,3,0.0,0.0,96.67192988898273,87.85308720974405,100.0,26.0,0.75,0.5,0.0,SL
224,448,SEA2575_AMP_@ENQ_1754006400,@ENQ,BUY,2026.02.23 13:04:23,2026.02.23 13:05:23,2026.02.23 13:05:23,1771851923155,24917.50,24918.25,24918.25,0.1,24818.25,2026.02.23 15:44:28,1771861468372,24818.25,24819.00,24818.25,SL,LOSS,LOSS,-200.0,0.0,0.0,-200.0,-200.0,0.0,-100.0,-400.0,-1.0,9545,23.027763226820326,22.373874064549813,23,4,0.0,0.0,15.425474608828802,43.66594397190395,100.0,121.25,0.75,0.75,0.0,SL
225,450,SEA2575_AMP_@ENQ_1754006400,@ENQ,BUY,2026.02.23 20:30:00,2026.02.23 20:31:00,2026.02.23 20:31:00,1771878660006,24732.75,24733.50,24733.50,0.1,24633.50,2026.02.23 23:00:00,1771887600036,24786.25,24787.00,24786.25,TARGET_K80_M30_CLOSE,WIN,PROFIT,105.5,0.0,0.0,105.5,105.5,0.0,52.75,211.0,0.5275,8940,22.712113872638522,21.54964331996042,27,5,81.39987725366161,56.76637156016714,85.24626643573986,74.99557980453835,22.75,63.0,0.75,0.75,0.0,EXPERT
226,452,SEA2575_AMP_@ENQ_1754006400,@ENQ,SELL,2026.02.25 13:00:00,2026.02.25 13:01:00,2026.02.25 13:01:00,1772024460016,25137.00,25137.75,25137.00,0.1,25237.00,2026.02.25 14:34:01,1772030041840,25236.25,25237.00,25237.00,SL,LOSS,LOSS,-200.0,0.0,0.0,-200.0,-200.0,0.0,-100.0,-400.0,-1.0,5581,78.49332858337566,80.05836489744324,18,3,0.0,0.0,77.76384079113608,75.75041917287228,100.0,12.75,0.75,0.75,0.0,SL
227,454,SEA2575_AMP_@ENQ_1754006400,@ENQ,BUY,2026.02.26 15:38:41,2026.02.26 15:39:41,2026.02.26 15:39:41,1772120381002,24966.50,24967.25,24967.25,0.1,24867.25,2026.02.26 21:00:00,1772139600011,25081.25,25081.75,25081.25,TARGET_K80_M30_CLOSE,WIN,PROFIT,228.0,0.0,0.0,228.0,228.0,0.0,114.0,456.0,1.14,19219,10.927267107750113,10.415241600581535,44,7,80.33406941849272,77.51082480182126,82.94656395759277,80.01647659846584,78.25,131.5,0.75,0.5,0.0,EXPERT
228,456,SEA2575_AMP_@ENQ_1754006400,@ENQ,SELL,2026.02.26 21:12:00,2026.02.26 21:13:00,2026.02.26 21:13:00,1772140380009,25069.50,25070.25,25069.50,0.1,25169.50,2026.02.27 13:30:00,1772199000565,24881.25,24884.50,24884.50,TARGET_K20_M30_CLOSE,WIN,PROFIT,370.0,0.0,0.0,370.0,370.0,0.0,185.0,740.0,1.85,58620,77.16949884985895,78.09078822922125,31,5,17.58917933597975,20.50413344232226,7.8913235854924215,15.437095056968653,29.5,195.0,0.75,3.25,0.0,EXPERT
229,458,SEA2575_AMP_@ENQ_1754006400,@ENQ,BUY,2026.02.27 14:00:00,2026.02.27 14:01:00,2026.02.27 14:01:00,1772200860005,24861.75,24862.75,24862.75,0.1,24762.75,2026.02.27 16:30:00,1772209800012,24968.25,24969.25,24968.25,TARGET_K80_M30_CLOSE,WIN,PROFIT,211.0,0.0,0.0,211.0,211.0,0.0,105.5,422.0,1.055,8940,21.889726249273355,18.663435714485026,44,7,83.94824504526399,68.0388736109976,80.43105255571867,79.02667046073147,80.5,158.0,1.0,1.0,0.0,EXPERT
230,460,SEA2575_AMP_@ENQ_1754006400,@ENQ,BUY,2026.02.27 20:00:00,2026.02.27 20:01:00,2026.02.27 20:01:00,1772222460005,24902.00,24902.75,24902.75,0.1,24802.75,2026.03.01 23:00:00,1772406000153,24952.75,24953.25,24952.75,SL,LOSS,PROFIT,100.0,0.0,0.0,100.0,100.0,0.0,50.0,200.0,0.5,183540,22.921895724926028,20.52088057483421,31,5,0.0,0.0,50.0,41.78569117415943,4.75,119.75,0.75,0.5,-150.0,SL
231,462,SEA2575_AMP_@ENQ_1754006400,@ENQ,BUY,2026.03.02 08:38:25,2026.03.02 08:39:25,2026.03.02 08:39:25,1772440765095,24546.25,24547.50,24547.50,0.1,24447.50,2026.03.02 10:30:00,1772447400690,24657.00,24658.25,24657.25,TARGET_K80_M30_CLOSE,WIN,PROFIT,219.5,0.0,0.0,219.5,219.5,0.0,109.75,439.0,1.0975,6635,11.084298317022453,10.21690722402377,44,7,81.11457669690772,59.64350391831436,86.46963539150015,76.69035438226804,7.0,136.0,1.25,1.25,0.0,EXPERT
232,464,SEA2575_AMP_@ENQ_1754006400,@ENQ,SELL,2026.03.02 11:06:28,2026.03.02 11:07:28,2026.03.02 11:07:28,1772449648099,24646.50,24647.50,24646.50,0.1,24746.50,2026.03.02 14:31:51,1772461911342,24745.75,24746.50,24746.50,SL,LOSS,LOSS,-200.0,0.0,0.0,-200.0,-200.0,0.0,-100.0,-400.0,-1.0,12263,81.7799638388247,83.09458591757503,31,5,0.0,0.0,51.36518771331058,42.90174566444904,100.0,50.75,1.0,0.75,0.0,SL
233,466,SEA2575_AMP_@ENQ_1754006400,@ENQ,SELL,2026.03.02 20:16:19,2026.03.02 20:17:19,2026.03.02 20:17:19,1772482639011,25013.75,25014.50,25013.75,0.1,25113.75,2026.03.03 00:30:00,1772497800961,24941.25,24942.75,24942.00,TARGET_K20_M30_CLOSE,WIN,PROFIT,143.5,0.0,0.0,143.5,143.5,0.0,71.75,287.0,0.7175,15161,75.29674605190252,76.99142901650033,44,7,19.55392717061097,23.25401156446127,21.846370234793167,22.155208462776898,49.0,84.75,0.75,1.5,0.0,EXPERT
234,468,SEA2575_AMP_@ENQ_1754006400,@ENQ,BUY,2026.03.03 09:00:00,2026.03.03 09:01:00,2026.03.03 09:01:00,1772528460006,24543.50,24544.75,24544.75,0.1,24444.75,2026.03.03 09:59:56,1772531996655,24449.00,24452.00,24449.00,SL,LOSS,LOSS,-191.5,0.0,0.0,-191.5,-191.5,0.0,-95.75,-383.0,-0.9575,3536,5.455446927532772,3.963495529606659,44,7,0.0,0.0,2.72808545543359,2.6437855306488625,95.75,36.75,1.25,3.0,-4.25,SL
235,470,SEA2575_AMP_@ENQ_1754006400,@ENQ,SELL,2026.03.03 19:09:45,2026.03.03 19:10:45,2026.03.03 19:10:45,1772565045009,24737.75,24738.50,24737.75,0.1,24837.75,2026.03.03 19:45:17,1772567117506,24831.50,24832.25,24832.25,SL,LOSS,LOSS,-189.0,0.0,0.0,-189.0,-189.0,0.0,-94.5,-378.0,-0.945,2072,87.64753487506414,88.10855178526636,44,7,0.0,0.0,91.3573624914359,89.62798704854276,94.5,28.0,0.75,0.75,-5.5,SL
236,472,SEA2575_AMP_@ENQ_1754006400,@ENQ,SELL,2026.03.04 08:30:00,2026.03.04 08:31:00,2026.03.04 08:31:00,1772613060025,24646.75,24648.75,24646.75,0.1,24746.75,2026.03.04 09:48:12,1772617692233,24745.75,24747.00,24747.00,SL,LOSS,LOSS,-200.5,0.0,0.0,-200.5,-200.5,0.0,-100.25,-401.0,-1.0025,4632,78.43740011662528,79.23406501264219,42,7,0.0,0.0,90.0192526012046,82.66008743568949,100.25,26.0,2.0,1.25,0.25,SL
237,474,SEA2575_AMP_@ENQ_1754006400,@ENQ,BUY,2026.03.05 14:30:05,2026.03.05 14:31:05,2026.03.05 14:31:05,1772721065013,25037.25,25038.25,25038.25,0.1,24938.25,2026.03.05 15:31:49,1772724709081,24938.25,24938.75,24938.25,SL,LOSS,LOSS,-200.0,0.0,0.0,-200.0,-200.0,0.0,-100.0,-400.0,-1.0,3644,19.549848708359093,17.534343914755393,36,6,0.0,0.0,39.57427169063116,41.050279850629074,100.0,169.0,1.0,0.5,0.0,SL
238,476,SEA2575_AMP_@ENQ_1754006400,@ENQ,BUY,2026.03.06 10:10:50,2026.03.06 10:11:50,2026.03.06 10:11:50,1772791910045,24967.00,24967.75,24967.75,0.1,24867.75,2026.03.06 11:42:49,1772797369272,24868.00,24869.50,24868.00,SL,LOSS,LOSS,-199.5,0.0,0.0,-199.5,-199.5,0.0,-99.75,-399.0,-0.9975,5459,16.959618474612423,16.414507935395118,31,5,0.0,0.0,32.87220840396487,35.16995397197338,99.75,11.5,0.75,1.5,-0.25,SL
239,478,SEA2575_AMP_@ENQ_1754006400,@ENQ,BUY,2026.03.06 21:32:22,2026.03.06 21:33:22,2026.03.06 21:33:22,1772832802017,24638.50,24639.25,24639.25,0.1,24539.25,2026.03.08 22:00:00,1773007200137,24660.75,24662.00,24660.75,SL,LOSS,PROFIT,43.0,0.0,0.0,43.0,43.0,0.0,21.5,86.0,0.215,174398,16.58326141368585,16.564701864123105,24,4,0.0,0.0,44.975831196832125,29.349790004958482,2.75,42.75,0.75,1.25,-121.5,SL
240,480,SEA2575_AMP_@ENQ_1754006400,@ENQ,SELL,2026.03.09 10:00:00,2026.03.09 10:01:00,2026.03.09 10:01:00,1773050460020,24418.50,24419.75,24418.50,0.1,24518.50,2026.03.09 13:31:06,1773063066466,24517.50,24518.50,24518.50,SL,LOSS,LOSS,-200.0,0.0,0.0,-200.0,-200.0,0.0,-100.0,-400.0,-1.0,12606,78.57920239962088,81.34770605520004,38,6,0.0,0.0,69.86937572946876,63.19714042857699,100.5,71.25,1.25,1.0,0.0,SL
241,482,SEA2575_AMP_@ENQ_1754006400,@ENQ,SELL,2026.03.09 20:30:00,2026.03.09 20:31:00,2026.03.09 20:31:00,1773088260018,24951.00,24952.00,24951.00,0.1,25051.00,2026.03.10 07:26:37,1773127597460,25050.00,25051.25,25051.25,SL,LOSS,LOSS,-200.5,0.0,0.0,-200.5,-200.5,0.0,-100.25,-401.0,-1.0025,39337,80.9671361761039,83.34855897327874,34,6,0.0,0.0,82.69131500838817,83.97914385719264,100.25,118.5,1.0,1.25,0.25,SL
242,484,SEA2575_AMP_@ENQ_1754006400,@ENQ,SELL,2026.03.10 08:51:13,2026.03.10 08:52:13,2026.03.10 08:52:13,1773132733045,25094.75,25095.75,25094.75,0.1,25194.75,2026.03.10 12:30:00,1773145800303,24918.50,24920.00,24920.00,TARGET_K20_M30_CLOSE,WIN,PROFIT,349.5,0.0,0.0,349.5,349.5,0.0,174.75,699.0,1.7475,13067,87.18692367550887,87.89939387767777,22,4,12.85425364974875,22.16206577006021,8.827189586713466,14.82900743518258,40.25,193.25,1.0,1.5,0.0,EXPERT
243,486,SEA2575_AMP_@ENQ_1754006400,@ENQ,BUY,2026.03.10 12:46:24,2026.03.10 12:47:24,2026.03.10 12:47:24,1773146844002,24973.50,24974.25,24974.25,0.1,24874.25,2026.03.10 16:00:00,1773158400016,25148.75,25149.50,25148.75,TARGET_K80_M30_CLOSE,WIN,PROFIT,349.0,0.0,0.0,349.0,349.0,0.0,174.5,698.0,1.745,11556,18.49264479446901,18.05082583776776,25,4,91.67393738733871,77.39777751108615,85.58923433392975,85.51880284901665,82.25,207.25,0.75,0.75,0.0,EXPERT
244,488,SEA2575_AMP_@ENQ_1754006400,@ENQ,SELL,2026.03.10 17:59:02,2026.03.10 18:00:02,2026.03.10 18:00:02,1773165602065,25172.50,25173.25,25172.50,0.1,25272.50,2026.03.10 19:30:00,1773171000000,24988.00,24988.75,24988.75,TARGET_K20_M30_CLOSE,WIN,PROFIT,367.5,0.0,0.0,367.5,367.5,0.0,183.75,735.0,1.8375,5398,76.07305510323464,82.08275339592433,34,6,17.912355174335328,40.748887137088076,6.73865108278024,21.26124316055179,8.5,186.25,0.75,0.75,0.0,EXPERT
245,490,SEA2575_AMP_@ENQ_1754006400,@ENQ,BUY,2026.03.10 20:11:39,2026.03.10 20:12:39,2026.03.10 20:12:39,1773173559442,25021.25,25022.00,25022.00,0.1,24922.00,2026.03.11 01:00:01,1773190801041,25062.50,25064.00,25062.50,TARGET_K80_M30_CLOSE,WIN,PROFIT,81.0,0.0,0.0,81.0,81.0,0.0,40.5,162.0,0.405,17242,15.470057760877596,14.967211390082655,36,6,85.882947605244,72.45789462103122,78.55756936651682,80.32087039543356,71.25,63.25,0.75,1.5,0.0,EXPERT
246,492,SEA2575_AMP_@ENQ_1754006400,@ENQ,SELL,2026.03.12 07:30:02,2026.03.12 07:31:02,2026.03.12 07:31:02,1773300662039,24825.00,24826.00,24825.00,0.1,24925.00,2026.03.12 10:00:18,1773309618755,24924.25,24925.00,24925.00,SL,LOSS,LOSS,-200.0,0.0,0.0,-200.0,-200.0,0.0,-100.0,-400.0,-1.0,8956,88.89002991758109,93.3801352054046,16,3,0.0,0.0,79.9844024765929,70.46819017565528,100.0,15.5,1.0,0.75,0.0,SL
247,494,SEA2575_AMP_@ENQ_1754006400,@ENQ,BUY,2026.03.12 13:00:18,2026.03.12 13:01:18,2026.03.12 13:01:18,1773320478154,24827.50,24828.75,24828.75,0.1,24728.75,2026.03.12 13:45:42,1773323142550,24729.00,24730.00,24729.00,SL,LOSS,LOSS,-199.5,0.0,0.0,-199.5,-199.5,0.0,-99.75,-399.0,-0.9975,2664,24.261220400052537,23.8163095250374,21,4,0.0,0.0,13.218416263367923,18.959970680667457,99.75,23.5,1.25,1.0,-0.25,SL
248,496,SEA2575_AMP_@ENQ_1754006400,@ENQ,BUY,2026.03.13 08:00:00,2026.03.13 08:01:00,2026.03.13 08:01:00,1773388860029,24450.25,24451.50,24451.50,0.1,24351.50,2026.03.13 10:00:00,1773396000445,24531.75,24532.75,24531.50,TARGET_K80_M30_CLOSE,WIN,PROFIT,160.0,0.0,0.0,160.0,160.0,0.0,80.0,320.0,0.8,7140,23.66239832917286,18.132850676698542,21,4,80.19640462006221,60.141500207348464,73.99270091635852,71.05430529502775,54.75,123.0,1.25,1.0,0.0,EXPERT
249,498,SEA2575_AMP_@ENQ_1754006400,@ENQ,SELL,2026.03.13 10:30:00,2026.03.13 10:31:00,2026.03.13 10:31:00,1773397860087,24576.00,24577.00,24576.00,0.1,24676.00,2026.03.13 12:02:17,1773403337609,24675.00,24675.75,24675.75,SL,LOSS,LOSS,-199.5,0.0,0.0,-199.5,-199.5,0.0,-99.75,-399.0,-0.9975,5477,75.38483290147518,77.98354817811573,21,4,0.0,0.0,93.76129114939249,91.18302439338377,99.75,7.0,1.0,0.75,-0.25,SL
250,500,SEA2575_AMP_@ENQ_1754006400,@ENQ,BUY,2026.03.16 09:06:52,2026.03.16 09:07:52,2026.03.16 09:07:52,1773652072022,24487.00,24488.50,24488.50,0.1,24388.50,2026.03.16 11:30:00,1773660600133,24579.00,24580.75,24578.50,TARGET_K80_M30_CLOSE,WIN,PROFIT,180.0,0.0,0.0,180.0,180.0,0.0,90.0,360.0,0.9,8528,23.001543369086175,21.902161186953972,24,4,85.77154731018452,64.97336673616577,69.18471934228236,73.65344196211326,11.0,124.25,1.5,1.75,0.0,EXPERT
251,502,SEA2575_AMP_@ENQ_1754006400,@ENQ,SELL,2026.03.16 12:00:00,2026.03.16 12:01:00,2026.03.16 12:01:00,1773662460034,24629.75,24630.75,24629.75,0.1,24729.75,2026.03.16 13:47:10,1773668830664,24729.00,24729.75,24729.75,SL,LOSS,LOSS,-200.0,0.0,0.0,-200.0,-200.0,0.0,-100.0,-400.0,-1.0,6370,85.34313345669896,85.90607316292318,20,3,0.0,0.0,81.16819938770196,80.76879552950966,100.0,6.5,1.0,0.75,0.0,SL
252,504,SEA2575_AMP_@ENQ_1754006400,@ENQ,SELL,2026.03.17 14:00:00,2026.03.17 14:01:00,2026.03.17 14:01:00,1773756060002,24865.50,24867.00,24865.50,0.1,24965.50,2026.03.18 06:20:19,1773814819522,24964.00,24965.50,24965.50,SL,LOSS,LOSS,-200.0,0.0,0.0,-200.0,-200.0,0.0,-100.0,-400.0,-1.0,58759,90.09676549794972,91.33756323086193,44,7,0.0,0.0,95.9863247863248,88.81462024876659,100.5,134.5,1.5,1.5,0.0,SL
253,506,SEA2575_AMP_@ENQ_1754006400,@ENQ,BUY,2026.03.18 08:31:00,2026.03.18 08:32:00,2026.03.18 08:32:00,1773822720300,24950.00,24951.25,24951.25,0.1,24851.25,2026.03.18 12:06:02,1773835562234,24851.00,24851.75,24851.00,SL,LOSS,LOSS,-200.5,0.0,0.0,-200.5,-200.5,0.0,-100.25,-401.0,-1.0025,12842,19.81910911511127,17.367754100692583,16,3,0.0,0.0,4.892205638474295,13.55890574219962,100.25,24.5,1.25,0.75,0.25,SL
254,508,SEA2575_AMP_@ENQ_1754006400,@ENQ,BUY,2026.03.18 12:30:01,2026.03.18 12:31:01,2026.03.18 12:31:01,1773837061019,24764.25,24766.50,24766.50,0.1,24666.50,2026.03.18 12:50:39,1773838239233,24666.50,24669.00,24666.50,SL,LOSS,LOSS,-200.0,0.0,0.0,-200.0,-200.0,0.0,-100.0,-400.0,-1.0,1178,9.774135625366114,8.368504443186472,40,7,0.0,0.0,8.75140835263884,8.027595352277382,100.0,10.5,2.25,2.5,0.0,SL
255,510,SEA2575_AMP_@ENQ_1754006400,@ENQ,BUY,2026.03.19 09:26:43,2026.03.19 09:27:43,2026.03.19 09:27:43,1773912463014,24320.50,24324.00,24324.00,0.1,24224.00,2026.03.19 12:51:24,1773924684509,24219.50,24222.50,24219.50,SL,LOSS,LOSS,-209.0,0.0,0.0,-209.0,-209.0,0.0,-104.5,-418.0,-1.045,12221,21.36682306944436,19.156355406665508,44,7,0.0,0.0,12.056744633183499,23.337835028404303,105.25,110.75,3.5,3.0,4.5,SL
256,512,SEA2575_AMP_@ENQ_1754006400,@ENQ,BUY,2026.03.20 10:39:12,2026.03.20 10:40:12,2026.03.20 10:40:12,1774003212084,24427.50,24428.25,24428.25,0.1,24328.25,2026.03.20 13:56:47,1774015007441,24328.25,24328.75,24328.25,SL,LOSS,LOSS,-200.0,0.0,0.0,-200.0,-200.0,0.0,-100.0,-400.0,-1.0,11795,20.658557788127865,20.127332276983434,44,7,0.0,0.0,54.63031252773152,67.51991900023589,100.25,98.75,0.75,0.5,0.0,SL
257,514,SEA2575_AMP_@ENQ_1754006400,@ENQ,BUY,2026.03.20 18:00:00,2026.03.20 18:01:00,2026.03.20 18:01:00,1774029660007,24211.00,24211.75,24211.75,0.1,24111.75,2026.03.20 18:36:01,1774031761956,24114.25,24114.50,24114.25,SL,LOSS,LOSS,-195.0,0.0,0.0,-195.0,-195.0,0.0,-97.5,-390.0,-0.975,2101,19.047243304910744,17.141138597495885,39,7,0.0,0.0,12.617440580108935,14.669352261768084,97.75,1.0,0.75,0.25,-2.5,SL
258,516,SEA2575_AMP_@ENQ_1754006400,@ENQ,BUY,2026.03.23 07:45:02,2026.03.23 07:46:02,2026.03.23 07:46:02,1774251962023,23863.00,23864.00,23864.00,0.1,23764.00,2026.03.23 14:30:00,1774276200004,24637.00,24637.75,24637.00,TARGET_K80_M30_CLOSE,WIN,PROFIT,1546.0,0.0,0.0,1546.0,1546.0,0.0,773.0,3092.0,7.73,24238,19.725708650193777,17.691273627744163,44,7,80.01292102044836,78.34687760591879,83.82349309111545,81.05124539474343,48.75,897.5,1.0,0.75,0.0,EXPERT
259,518,SEA2575_AMP_@ENQ_1754006400,@ENQ,SELL,2026.03.23 15:00:00,2026.03.23 15:01:00,2026.03.23 15:01:00,1774278060037,24622.00,24622.75,24622.00,0.1,24722.00,2026.03.23 17:00:00,1774285200013,24369.00,24369.75,24369.00,TARGET_K20_M30_CLOSE,WIN,PROFIT,506.0,0.0,0.0,506.0,506.0,0.0,253.0,1012.0,2.53,7140,80.6190431241469,80.64077109877225,44,7,7.166596629976659,28.972741903611364,11.33629902758073,15.407788849276775,68.0,313.25,0.75,0.75,0.0,EXPERT
260,520,SEA2575_AMP_@ENQ_1754006400,@ENQ,SELL,2026.03.24 08:00:00,2026.03.24 08:01:00,2026.03.24 08:01:00,1774339260008,24475.75,24477.00,24475.75,0.1,24575.75,2026.03.24 14:00:00,1774360800023,24215.75,24216.50,24216.50,TARGET_K20_M30_CLOSE,WIN,PROFIT,518.5,0.0,0.0,518.5,518.5,0.0,259.25,1037.0,2.5925,21540,84.48237359975779,86.46215504022484,26,4,19.2964950244362,27.237145381753226,25.890835603044906,23.167469598500148,16.75,340.5,1.25,0.75,0.0,EXPERT
261,522,SEA2575_AMP_@ENQ_1754006400,@ENQ,BUY,2026.03.24 14:13:14,2026.03.24 14:14:14,2026.03.24 14:14:14,1774361654014,24205.00,24206.00,24206.00,0.1,24106.00,2026.03.25 05:00:00,1774414800898,24418.50,24419.50,24418.25,TARGET_K80_M30_CLOSE,WIN,PROFIT,424.5,0.0,0.0,424.5,424.5,0.0,212.25,849.0,2.1225,53146,24.656267701810336,22.755946964755292,44,7,92.65520991703538,66.12405466334782,94.57364172677153,85.09847201132722,45.75,340.25,1.0,1.0,0.0,EXPERT
262,524,SEA2575_AMP_@ENQ_1754006400,@ENQ,BUY,2026.03.26 10:00:00,2026.03.26 10:01:00,2026.03.26 10:01:00,1774519260020,24147.00,24148.75,24148.75,0.1,24048.75,2026.03.26 14:30:00,1774535400001,24170.50,24171.50,24171.00,TARGET_K80_M30_CLOSE,WIN,PROFIT,44.5,0.0,0.0,44.5,44.5,0.0,22.25,89.0,0.2225,16140,22.184007560224206,17.9155487150817,22,4,82.52811433580665,72.76843437624402,70.19462538467064,76.12341654081455,84.75,90.25,1.75,1.0,0.0,EXPERT
263,526,SEA2575_AMP_@ENQ_1754006400,@ENQ,BUY,2026.03.26 18:00:09,2026.03.26 18:01:09,2026.03.26 18:01:09,1774548069007,23883.50,23884.00,23884.00,0.1,23784.00,2026.03.26 19:54:30,1774554870055,23785.75,23788.75,23785.75,SL,LOSS,LOSS,-196.5,0.0,0.0,-196.5,-196.5,0.0,-98.25,-393.0,-0.9825,6801,11.361229076248334,9.430595564034654,25,4,0.0,0.0,12.069280990079955,11.44997453599305,98.25,16.5,0.5,3.0,-1.75,SL
264,528,SEA2575_AMP_@ENQ_1754006400,@ENQ,BUY,2026.03.27 08:00:00,2026.03.27 08:01:00,2026.03.27 08:01:00,1774598460042,23874.25,23875.00,23875.00,0.1,23775.00,2026.03.27 08:36:19,1774600579367,23775.00,23776.50,23775.00,SL,LOSS,LOSS,-200.0,0.0,0.0,-200.0,-200.0,0.0,-100.0,-400.0,-1.0,2119,20.531462808829115,19.42795706884697,17,3,0.0,0.0,7.4986140613764976,9.763516255249664,100.0,20.5,0.75,1.5,0.0,SL
265,530,SEA2575_AMP_@ENQ_1754006400,@ENQ,SELL,2026.03.30 09:16:37,2026.03.30 09:17:37,2026.03.30 09:17:37,1774862257199,23407.75,23408.50,23407.75,0.1,23507.75,2026.03.30 11:26:48,1774870008453,23505.00,23507.75,23507.75,SL,LOSS,LOSS,-200.0,0.0,0.0,-200.0,-200.0,0.0,-100.0,-400.0,-1.0,7751,77.70855803078388,79.31734229364646,21,4,0.0,0.0,67.26979451574444,47.30762566958405,100.0,33.5,0.75,2.75,0.0,SL
266,532,SEA2575_AMP_@ENQ_1754006400,@ENQ,BUY,2026.03.30 18:00:00,2026.03.30 18:01:00,2026.03.30 18:01:00,1774893660014,23198.75,23199.50,23199.50,0.1,23099.50,2026.03.30 19:06:12,1774897572971,23100.00,23100.25,23100.00,SL,LOSS,LOSS,-199.0,0.0,0.0,-199.0,-199.0,0.0,-99.5,-398.0,-0.995,3912,10.457042022436257,9.216328060758846,29,5,0.0,0.0,1.0987886518076544,4.465276552321431,99.5,11.5,0.75,0.25,-0.5,SL
267,534,SEA2575_AMP_@ENQ_1754006400,@ENQ,SELL,2026.03.31 13:08:55,2026.03.31 13:09:55,2026.03.31 13:09:55,1774962595085,23386.00,23386.75,23386.00,0.1,23486.00,2026.03.31 13:47:07,1774964827701,23484.25,23485.50,23485.50,SL,LOSS,LOSS,-199.0,0.0,0.0,-199.0,-199.0,0.0,-99.5,-398.0,-0.995,2232,75.2725099914519,75.97800944428872,33,6,0.0,0.0,77.95213187509906,75.6978702672047,100.0,11.25,0.75,1.25,-0.5,SL
268,536,SEA2575_AMP_@ENQ_1754006400,@ENQ,SELL,2026.04.01 07:30:14,2026.04.01 07:31:14,2026.04.01 07:31:14,1775028674507,24156.00,24157.00,24156.00,0.1,24256.00,2026.04.01 14:53:39,1775055219885,24252.00,24252.75,24252.75,SL,LOSS,LOSS,-193.5,0.0,0.0,-193.5,-193.5,0.0,-96.75,-387.0,-0.9675,26545,78.03399418337465,82.61688673246253,17,3,0.0,0.0,69.69418960244649,46.91642982444528,98.75,151.5,1.0,0.75,-3.25,SL
269,538,SEA2575_AMP_@ENQ_1754006400,@ENQ,BUY,2026.04.01 19:07:01,2026.04.01 19:08:01,2026.04.01 19:08:01,1775070481055,24193.75,24194.25,24194.25,0.1,24094.25,2026.04.02 01:05:51,1775091951656,24092.50,24095.75,24092.50,SL,LOSS,LOSS,-203.5,0.0,0.0,-203.5,-203.5,0.0,-101.75,-407.0,-1.0175,21470,17.611366473963887,17.27327214006915,36,6,0.0,0.0,34.732288987608136,46.26889483773857,101.75,58.75,0.5,3.25,1.75,SL
270,540,SEA2575_AMP_@ENQ_1754006400,@ENQ,SELL,2026.04.02 08:08:24,2026.04.02 08:09:24,2026.04.02 08:09:24,1775117364021,23845.25,23846.25,23845.25,0.1,23945.25,2026.04.02 11:30:00,1775129400030,23726.00,23727.75,23727.75,TARGET_K20_M30_CLOSE,WIN,PROFIT,235.0,0.0,0.0,235.0,235.0,0.0,117.5,470.0,1.175,12036,79.36608169446338,79.93383598967067,20,3,18.785150785310698,22.90993002929577,17.639095348210486,20.685822729965977,25.25,121.5,1.0,1.75,0.0,EXPERT
271,542,SEA2575_AMP_@ENQ_1754006400,@ENQ,BUY,2026.04.02 11:31:45,2026.04.02 11:32:45,2026.04.02 11:32:45,1775129565145,23743.50,23744.75,23744.75,0.1,23644.75,2026.04.02 15:00:00,1775142000027,24174.50,24175.50,24174.50,TARGET_K80_M30_CLOSE,WIN,PROFIT,859.5,0.0,0.0,859.5,859.5,0.0,429.75,1719.0,4.2975,12435,23.430971769305955,22.616448203664472,25,4,87.44672925051576,77.4874691357525,83.7069623872231,83.62717933744553,78.5,518.25,1.25,1.0,0.0,EXPERT
272,544,SEA2575_AMP_@ENQ_1754006400,@ENQ,SELL,2026.04.02 15:00:01,2026.04.02 15:01:01,2026.04.02 15:01:01,1775142061008,24131.50,24132.25,24131.50,0.1,24231.50,2026.04.02 20:29:20,1775161760794,24230.75,24231.00,24231.00,SL,LOSS,LOSS,-199.0,0.0,0.0,-199.0,-199.0,0.0,-99.5,-398.0,-0.995,19699,81.3210558814664,82.83187716885996,44,7,0.0,0.0,89.185637317825,74.85499322731364,99.5,73.75,0.75,0.25,-0.5,SL
273,546,SEA2575_AMP_@ENQ_1754006400,@ENQ,SELL,2026.04.06 09:30:00,2026.04.06 09:31:00,2026.04.06 09:31:00,1775467860377,24385.25,24386.75,24385.25,0.1,24485.25,2026.04.06 23:30:01,1775518201977,24312.75,24313.75,24314.00,TARGET_K20_M30_CLOSE,WIN,PROFIT,142.5,0.0,0.0,142.5,142.5,0.0,71.25,285.0,0.7125,50341,81.82704736528586,86.21391733702369,18,3,14.652144448864306,24.630439739506965,19.454273227601274,19.482824368186126,67.25,181.0,1.5,1.0,0.0,EXPERT
274,548,SEA2575_AMP_@ENQ_1754006400,@ENQ,SELL,2026.04.07 10:00:00,2026.04.07 10:01:00,2026.04.07 10:01:00,1775556060551,24386.75,24388.25,24386.75,0.1,24486.75,2026.04.07 12:00:00,1775563200045,24210.75,24213.00,24213.00,TARGET_K20_M30_CLOSE,WIN,PROFIT,347.5,0.0,0.0,347.5,347.5,0.0,173.75,695.0,1.7375,7140,78.56443086285958,84.39758983116023,23,4,12.52045739200993,31.01619770414169,14.798368214224551,18.975947983945346,13.75,208.25,1.5,2.25,0.0,EXPERT
275,550,SEA2575_AMP_@ENQ_1754006400,@ENQ,BUY,2026.04.07 12:27:28,2026.04.07 12:28:28,2026.04.07 12:28:28,1775564908361,24232.00,24233.25,24233.25,0.1,24133.25,2026.04.07 13:59:32,1775570372842,24136.00,24136.75,24136.00,SL,LOSS,LOSS,-194.5,0.0,0.0,-194.5,-194.5,0.0,-97.25,-389.0,-0.9725,5464,21.337173455451936,21.15554973102114,43,7,0.0,0.0,26.64811336299226,30.61001511475114,97.25,69.25,1.25,0.75,-2.75,SL
276,552,SEA2575_AMP_@ENQ_1754006400,@ENQ,BUY,2026.04.08 15:00:00,2026.04.08 15:01:00,2026.04.08 15:01:00,1775660460010,24998.50,24999.25,24999.25,0.1,24899.25,2026.04.09 10:30:03,1775730603618,25020.75,25021.50,25021.00,TARGET_K80_M30_CLOSE,WIN,PROFIT,43.5,0.0,0.0,43.5,43.5,0.0,21.75,87.0,0.2175,70143,15.906166637381967,15.49821149443055,44,7,94.04116332527987,70.67004318307538,90.28364438144736,86.00545384192368,56.25,158.0,0.75,0.75,0.0,EXPERT
277,554,SEA2575_AMP_@ENQ_1754006400,@ENQ,SELL,2026.04.09 10:34:06,2026.04.09 10:35:06,2026.04.09 10:35:06,1775730906331,25009.00,25010.00,25009.00,0.1,25109.00,2026.04.09 13:43:34,1775742214501,25108.75,25109.25,25109.25,SL,LOSS,LOSS,-200.5,0.0,0.0,-200.5,-200.5,0.0,-100.25,-401.0,-1.0025,11308,78.51893849909442,82.08388521447272,16,3,0.0,0.0,85.9710373573293,79.16258086473783,100.25,31.5,1.0,0.5,0.25,SL
278,556,SEA2575_AMP_@ENQ_1754006400,@ENQ,BUY,2026.04.10 06:59:37,2026.04.10 07:00:37,2026.04.10 07:00:37,1775804437026,25233.25,25234.00,25234.00,0.1,25134.00,2026.04.10 11:00:00,1775818800030,25271.75,25272.75,25271.50,TARGET_K80_M30_CLOSE,WIN,PROFIT,75.0,0.0,0.0,75.0,75.0,0.0,37.5,150.0,0.375,14363,16.753384094754654,13.873098521144906,16,3,81.14260691704924,65.8227601608675,79.22452192454227,76.98956306981334,31.5,49.5,0.75,1.0,0.0,EXPERT
279,558,SEA2575_AMP_@ENQ_1754006400,@ENQ,SELL,2026.04.10 11:35:07,2026.04.10 11:36:07,2026.04.10 11:36:07,1775820967050,25288.25,25288.75,25288.25,0.1,25388.25,2026.04.10 15:23:59,1775834639178,25387.75,25388.25,25388.25,SL,LOSS,LOSS,-200.0,0.0,0.0,-200.0,-200.0,0.0,-100.0,-400.0,-1.0,13672,79.47085923241782,81.4786387904532,16,3,0.0,0.0,78.80617035546614,64.08617734504088,100.0,26.25,0.5,0.5,0.0,SL
280,560,SEA2575_AMP_@ENQ_1754006400,@ENQ,SELL,2026.04.13 14:30:00,2026.04.13 14:31:00,2026.04.13 14:31:00,1776090660008,25293.25,25293.75,25293.25,0.1,25393.25,2026.04.13 16:29:33,1776097773140,25390.25,25391.00,25391.00,SL,LOSS,LOSS,-195.5,0.0,0.0,-195.5,-195.5,0.0,-97.75,-391.0,-0.9775,7113,89.91308580910099,92.11430741593621,44,7,0.0,0.0,85.70799146631276,86.50754346694568,97.75,15.5,0.5,0.75,-2.25,SL
281,562,SEA2575_AMP_@ENQ_1754006400,@ENQ,SELL,2026.04.15 09:02:17,2026.04.15 09:03:17,2026.04.15 09:03:17,1776243797013,26016.25,26017.50,26016.25,0.1,26116.25,2026.04.15 10:30:01,1776249001982,25949.00,25950.00,25949.75,TARGET_K20_M30_CLOSE,WIN,PROFIT,133.0,0.0,0.0,133.0,133.0,0.0,66.5,266.0,0.665,5204,76.72632857743109,84.06441842443947,19,3,13.767397329302092,42.22518873928272,7.245026706334708,20.6474924907193,6.0,74.75,1.25,1.0,0.0,EXPERT
282,564,SEA2575_AMP_@ENQ_1754006400,@ENQ,SELL,2026.04.15 15:07:43,2026.04.15 15:08:43,2026.04.15 15:08:43,1776265723046,26145.75,26146.25,26145.75,0.1,26245.75,2026.04.15 16:20:45,1776270045741,26244.50,26245.00,26245.00,SL,LOSS,LOSS,-198.5,0.0,0.0,-198.5,-198.5,0.0,-99.25,-397.0,-0.9925,4322,92.79743162337735,93.39252249967471,44,7,0.0,0.0,96.04491516055526,95.56399621243219,99.75,3.75,0.5,0.5,-0.75,SL
283,566,SEA2575_AMP_@ENQ_1754006400,@ENQ,SELL,2026.04.16 07:00:00,2026.04.16 07:01:00,2026.04.16 07:01:00,1776322860025,26474.25,26475.00,26474.25,0.1,26574.25,2026.04.17 12:02:19,1776427339272,26573.75,26574.00,26574.00,SL,LOSS,LOSS,-199.5,0.0,0.0,-199.5,-199.5,0.0,-99.75,-399.0,-0.9975,104479,78.75588004434958,84.98713028749539,16,3,0.0,0.0,95.92128514056225,78.73824485171319,99.75,198.0,0.75,0.25,-0.25,SL
284,568,SEA2575_AMP_@ENQ_1754006400,@ENQ,SELL,2026.04.17 13:00:18,2026.04.17 13:01:18,2026.04.17 13:01:18,1776430878005,26723.25,26724.00,26723.25,0.1,26823.25,2026.04.17 14:40:06,1776436806529,26822.00,26822.75,26822.75,SL,LOSS,LOSS,-199.0,0.0,0.0,-199.0,-199.0,0.0,-99.5,-398.0,-0.995,5928,94.99158474543042,95.54300131028383,44,7,0.0,0.0,81.89777030876506,75.78410601598098,100.0,93.25,0.75,0.75,-0.5,SL
285,570,SEA2575_AMP_@ENQ_1754006400,@ENQ,SELL,2026.04.20 13:32:21,2026.04.20 13:33:21,2026.04.20 13:33:21,1776692001001,26762.50,26763.50,26762.50,0.1,26862.50,2026.04.21 10:38:56,1776767936728,26861.50,26862.25,26862.25,SL,LOSS,LOSS,-199.5,0.0,0.0,-199.5,-199.5,0.0,-99.75,-399.0,-0.9975,75935,75.47566728779265,76.32243625663256,44,7,0.0,0.0,82.40425961284714,68.79222127341393,99.75,193.0,1.0,0.75,-0.25,SL
286,572,SEA2575_AMP_@ENQ_1754006400,@ENQ,SELL,2026.04.21 11:55:46,2026.04.21 11:56:46,2026.04.21 11:56:46,1776772606100,26877.75,26878.50,26877.75,0.1,26977.75,2026.04.21 17:00:00,1776790800106,26670.25,26670.75,26671.00,TARGET_K20_M30_CLOSE,WIN,PROFIT,413.5,0.0,0.0,413.5,413.5,0.0,206.75,827.0,2.0675,18194,78.99725068290915,79.45215440438193,25,4,17.994762439206884,21.861699943198015,8.641975308641975,17.526515622820213,7.5,215.0,0.75,0.5,0.0,EXPERT
287,574,SEA2575_AMP_@ENQ_1754006400,@ENQ,SELL,2026.04.22 20:38:48,2026.04.22 20:39:48,2026.04.22 20:39:48,1776890388007,27094.25,27095.25,27094.25,0.1,27194.25,2026.04.24 03:30:00,1777001400072,27036.00,27037.00,27036.50,TARGET_K20_M30_CLOSE,WIN,PROFIT,115.5,0.0,0.0,115.5,115.5,0.0,57.75,231.0,0.5775,111012,81.79901398618273,82.01074343124913,37,6,9.081105941738127,27.017161655571623,7.101182616475818,13.976687055539578,61.75,412.25,1.0,1.0,0.0,EXPERT
288,576,SEA2575_AMP_@ENQ_1754006400,@ENQ,SELL,2026.04.24 11:54:08,2026.04.24 11:55:08,2026.04.24 11:55:08,1777031708190,27275.25,27276.00,27275.25,0.1,27375.25,2026.04.24 15:44:48,1777045488786,27373.50,27374.00,27374.00,SL,LOSS,LOSS,-197.5,0.0,0.0,-197.5,-197.5,0.0,-98.75,-395.0,-0.9875,13780,84.59909768227465,84.85089684288025,44,7,0.0,0.0,88.5105522962444,65.30881065202009,98.75,144.75,0.75,0.5,-1.25,SL
289,578,SEA2575_AMP_@ENQ_1754006400,@ENQ,BUY,2026.04.27 06:59:37,2026.04.27 07:00:37,2026.04.27 07:00:37,1777273237182,27422.25,27423.00,27423.00,0.1,27323.00,2026.04.27 10:00:00,1777284000081,27454.75,27455.50,27454.75,TARGET_K80_M30_CLOSE,WIN,PROFIT,63.5,0.0,0.0,63.5,63.5,0.0,31.75,127.0,0.3175,10763,18.253589113936176,15.956730641520158,18,3,87.74250440917108,73.38992955199707,78.13716136120507,80.17574942661481,35.0,42.5,0.75,0.75,0.0,EXPERT
290,580,SEA2575_AMP_@ENQ_1754006400,@ENQ,SELL,2026.04.27 10:00:00,2026.04.27 10:01:00,2026.04.27 10:01:00,1777284060203,27455.75,27456.50,27455.75,0.1,27555.75,2026.04.28 03:00:01,1777345201448,27394.00,27394.75,27394.75,TARGET_K20_M30_CLOSE,WIN,PROFIT,122.0,0.0,0.0,122.0,122.0,0.0,61.0,244.0,0.61,61141,79.23005753606846,80.54004815156928,16,3,13.047138047138048,18.858322607615197,16.398538227806522,16.8393194114411,56.25,156.75,0.75,0.75,0.0,EXPERT
291,582,SEA2575_AMP_@ENQ_1754006400,@ENQ,BUY,2026.04.28 07:00:00,2026.04.28 07:01:00,2026.04.28 07:01:00,1777359660035,27333.75,27334.75,27334.75,0.1,27234.75,2026.04.28 11:04:57,1777374297575,27234.00,27236.75,27234.00,SL,LOSS,LOSS,-201.5,0.0,0.0,-201.5,-201.5,0.0,-100.75,-403.0,-1.0075,14637,22.295110056675895,21.686258398881744,19,3,0.0,0.0,12.382210609721758,18.523946644740544,100.75,24.0,1.0,2.75,0.75,SL
292,584,SEA2575_AMP_@ENQ_1754006400,@ENQ,BUY,2026.04.28 12:35:42,2026.04.28 12:36:42,2026.04.28 12:36:42,1777379802068,27079.75,27080.50,27080.50,0.1,26980.50,2026.04.28 19:00:00,1777402800019,27194.25,27194.75,27194.25,TARGET_K80_M30_CLOSE,WIN,PROFIT,227.5,0.0,0.0,227.5,227.5,0.0,113.75,455.0,1.1375,22998,8.178230819091823,8.171478799591869,44,7,97.75444839912484,75.60393890891477,98.32406791857885,90.4714754815439,71.0,170.25,0.75,0.5,0.0,EXPERT
293,586,SEA2575_AMP_@ENQ_1754006400,@ENQ,SELL,2026.04.28 19:30:00,2026.04.28 19:31:00,2026.04.28 19:31:00,1777404660026,27186.50,27186.75,27186.50,0.1,27286.50,2026.04.29 00:24:59,1777422299393,27285.75,27286.50,27286.50,SL,LOSS,LOSS,-200.0,0.0,0.0,-200.0,-200.0,0.0,-100.0,-400.0,-1.0,17639,83.97330332721587,91.03095668373238,29,5,0.0,0.0,90.37382370715704,83.89488334942259,100.0,98.75,0.25,0.75,0.0,SL
294,588,SEA2575_AMP_@ENQ_1754006400,@ENQ,BUY,2026.04.29 08:04:42,2026.04.29 08:05:42,2026.04.29 08:05:42,1777449942030,27226.00,27227.50,27227.50,0.1,27127.50,2026.04.29 13:35:11,1777469711662,27127.50,27128.25,27127.50,SL,LOSS,LOSS,-200.0,0.0,0.0,-200.0,-200.0,0.0,-100.0,-400.0,-1.0,19769,20.99795083524231,18.398451767543516,31,5,0.0,0.0,16.8739577863151,24.861929736147896,100.0,60.5,1.5,0.75,0.0,SL
295,590,SEA2575_AMP_@ENQ_1754006400,@ENQ,SELL,2026.04.29 20:01:01,2026.04.29 20:02:01,2026.04.29 20:02:01,1777492921001,27254.75,27257.75,27254.75,0.1,27354.75,2026.04.29 20:02:46,1777492966246,27335.00,27340.50,27340.50,SL,LOSS,LOSS,-171.5,0.0,0.0,-171.5,-171.5,0.0,-85.75,-343.0,-0.8575,45,76.96238427012601,80.74556889283785,44,7,0.0,0.0,90.18858946172058,85.15430395670272,94.75,0.0,3.0,5.5,-14.25,SL
296,592,SEA2575_AMP_@ENQ_1754006400,@ENQ,SELL,2026.04.30 09:00:00,2026.04.30 09:01:00,2026.04.30 09:01:00,1777539660049,27370.00,27370.75,27370.00,0.1,27470.00,2026.04.30 11:28:05,1777548485766,27469.50,27470.00,27470.00,SL,LOSS,LOSS,-200.0,0.0,0.0,-200.0,-200.0,0.0,-100.0,-400.0,-1.0,8825,81.99560994214045,86.08098748444216,31,5,0.0,0.0,73.6318407960199,71.82625780663817,100.0,38.5,0.75,0.5,0.0,SL
297,594,SEA2575_AMP_@ENQ_1754006400,@ENQ,SELL,2026.04.30 18:48:33,2026.04.30 18:49:33,2026.04.30 18:49:33,1777574973040,27574.25,27574.75,27574.25,0.1,27674.25,2026.05.01 03:31:33,1777606293643,27672.75,27673.50,27673.50,SL,LOSS,LOSS,-198.5,0.0,0.0,-198.5,-198.5,0.0,-99.25,-397.0,-0.9925,31320,93.3941616242588,93.40894101123683,24,4,0.0,0.0,82.14487233742418,70.1691269668698,99.25,31.5,0.5,0.75,-0.75,SL
298,596,SEA2575_AMP_@ENQ_1754006400,@ENQ,BUY,2026.05.01 07:06:57,2026.05.01 07:07:57,2026.05.01 07:07:57,1777619277076,27609.00,27610.25,27610.25,0.1,27510.25,2026.05.01 14:30:00,1777645800046,27871.25,27871.75,27871.00,TARGET_K80_M30_CLOSE,WIN,PROFIT,521.5,0.0,0.0,521.5,521.5,0.0,260.75,1043.0,2.6075,26523,22.835362835362833,22.54328986287749,16,3,94.58783708389024,82.91735811859043,93.06754874066017,88.95919963773922,74.25,296.0,1.25,0.5,0.0,EXPERT
299,598,SEA2575_AMP_@ENQ_1754006400,@ENQ,SELL,2026.05.01 14:36:00,2026.05.01 14:37:00,2026.05.01 14:37:00,1777646220004,27774.00,27774.75,27774.00,0.1,27874.00,2026.05.01 15:30:13,1777649413778,27870.00,27870.25,27870.25,SL,LOSS,LOSS,-192.5,0.0,0.0,-192.5,-192.5,0.0,-96.25,-385.0,-0.9625,3193,84.37579246825872,86.06194754693873,44,7,0.0,0.0,83.49002022984733,85.21807229176962,96.25,22.25,0.75,0.25,-3.75,SL
300,600,SEA2575_AMP_@ENQ_1754006400,@ENQ,BUY,2026.05.04 07:00:01,2026.05.04 07:01:01,2026.05.04 07:01:01,1777878061129,27885.00,27885.75,27885.75,0.1,27785.75,2026.05.04 10:04:03,1777889043244,27785.50,27786.25,27785.50,SL,LOSS,LOSS,-200.5,0.0,0.0,-200.5,-200.5,0.0,-100.25,-401.0,-1.0025,10982,21.71365823477376,21.018483267482328,21,4,0.0,0.0,36.54968944099379,47.06565309013297,100.25,65.0,0.75,0.75,0.25,SL
301,602,SEA2575_AMP_@ENQ_1754006400,@ENQ,SELL,2026.05.04 13:33:06,2026.05.04 13:34:06,2026.05.04 13:34:06,1777901646001,27845.50,27846.50,27845.50,0.1,27945.50,2026.05.05 09:30:55,1777973455818,27941.75,27942.25,27942.25,SL,LOSS,LOSS,-193.5,0.0,0.0,-193.5,-193.5,0.0,-96.75,-387.0,-0.9675,71809,75.73573573573573,76.39934960062754,44,7,0.0,0.0,86.53331678896087,81.34726291752078,96.75,228.5,1.0,0.5,-3.25,SL
302,604,SEA2575_AMP_@ENQ_1754006400,@ENQ,SELL,2026.05.05 09:35:31,2026.05.05 09:36:31,2026.05.05 09:36:31,1777973791274,27934.00,27935.50,27934.00,0.1,28034.00,2026.05.05 13:35:35,1777988135261,28033.75,28034.00,28034.00,SL,LOSS,LOSS,-200.0,0.0,0.0,-200.0,-200.0,0.0,-100.0,-400.0,-1.0,14344,75.34986157153538,77.61944451171229,20,3,0.0,0.0,78.01994301994301,73.97555932956823,100.0,33.75,1.5,0.25,0.0,SL
303,606,SEA2575_AMP_@ENQ_1754006400,@ENQ,SELL,2026.05.06 11:27:09,2026.05.06 11:28:09,2026.05.06 11:28:09,1778066889020,28595.25,28595.75,28595.25,0.1,28695.25,2026.05.06 13:30:00,1778074200011,28389.50,28389.75,28389.50,TARGET_K20_M30_CLOSE,WIN,PROFIT,411.5,0.0,0.0,411.5,411.5,0.0,205.75,823.0,2.0575,7311,91.78155033102773,91.937545002092,38,6,19.52363905600407,41.336460998254566,9.18590812984283,22.954776766623166,13.75,221.5,0.5,0.25,0.0,EXPERT
304,608,SEA2575_AMP_@ENQ_1754006400,@ENQ,BUY,2026.05.06 14:06:24,2026.05.06 14:07:24,2026.05.06 14:07:24,1778076444025,28406.50,28407.00,28407.00,0.1,28307.00,2026.05.06 16:00:00,1778083200010,28560.00,28560.75,28560.00,TARGET_K80_M30_CLOSE,WIN,PROFIT,306.0,0.0,0.0,306.0,306.0,0.0,153.0,612.0,1.53,6756,24.844854171311255,22.08731204043458,44,7,87.11368769715155,67.53014750329304,91.44020377019741,81.73961552051163,5.25,179.25,0.5,0.75,0.0,EXPERT
305,610,SEA2575_AMP_@ENQ_1754006400,@ENQ,SELL,2026.05.06 19:00:00,2026.05.06 19:01:00,2026.05.06 19:01:00,1778094060003,28644.75,28645.25,28644.75,0.1,28744.75,2026.05.06 20:07:26,1778098046991,28744.25,28744.50,28744.50,SL,LOSS,LOSS,-199.5,0.0,0.0,-199.5,-199.5,0.0,-99.75,-399.0,-0.9975,3986,83.95901913076666,86.9484684225365,23,4,0.0,0.0,95.12932940309504,91.57411264097851,99.75,3.5,0.5,0.25,-0.25,SL
306,612,SEA2575_AMP_@ENQ_1754006400,@ENQ,SELL,2026.05.07 13:31:08,2026.05.07 13:32:08,2026.05.07 13:32:08,1778160728005,28744.25,28745.00,28744.25,0.1,28844.25,2026.05.07 14:11:02,1778163062173,28844.00,28844.25,28844.25,SL,LOSS,LOSS,-200.0,0.0,0.0,-200.0,-200.0,0.0,-100.0,-400.0,-1.0,2334,77.79530189397362,79.1828723506775,27,5,0.0,0.0,85.13559750673153,82.82144072512993,100.0,35.75,0.75,0.25,0.0,SL
307,614,SEA2575_AMP_@ENQ_1754006400,@ENQ,SELL,2026.05.08 07:03:45,2026.05.08 07:04:45,2026.05.08 07:04:45,1778223885046,28817.00,28818.25,28817.00,0.1,28917.00,2026.05.08 12:30:02,1778243402754,28900.25,28909.50,28909.50,SL,LOSS,LOSS,-185.0,0.0,0.0,-185.0,-185.0,0.0,-92.5,-370.0,-0.925,19517,81.36474106942076,81.6453402091365,19,3,0.0,0.0,73.00920368147258,76.51870709969812,98.0,10.75,1.25,9.25,-7.5,SL
308,616,SEA2575_AMP_@ENQ_1754006400,@ENQ,SELL,2026.05.11 18:48:13,2026.05.11 18:49:13,2026.05.11 18:49:13,1778525353136,29443.25,29443.75,29443.25,0.1,29543.25,2026.05.12 01:30:00,1778549400661,29316.50,29317.75,29317.25,TARGET_K20_M30_CLOSE,WIN,PROFIT,252.0,0.0,0.0,252.0,252.0,0.0,126.0,504.0,1.26,24047,75.42976382457978,75.6986479703494,25,4,16.58486621185533,28.90982117462164,8.696295620774501,16.507750423776216,13.5,128.25,0.5,1.25,0.0,EXPERT
309,618,SEA2575_AMP_@ENQ_1754006400,@ENQ,BUY,2026.05.12 07:14:03,2026.05.12 07:15:03,2026.05.12 07:15:03,1778570103078,29217.75,29218.75,29218.75,0.1,29118.75,2026.05.12 12:30:33,1778589033623,29119.50,29119.75,29119.50,SL,LOSS,LOSS,-198.5,0.0,0.0,-198.5,-198.5,0.0,-99.25,-397.0,-0.9925,18930,14.928800826409423,14.38294559402143,27,5,0.0,0.0,15.369993884398605,23.624298220966043,99.25,35.5,1.0,0.25,-0.75,SL
310,620,SEA2575_AMP_@ENQ_1754006400,@ENQ,SELL,2026.05.12 20:30:00,2026.05.12 20:31:00,2026.05.12 20:31:00,1778617860377,29124.00,29124.50,29124.00,0.1,29224.00,2026.05.13 01:45:09,1778636709981,29222.25,29222.75,29222.75,SL,LOSS,LOSS,-197.5,0.0,0.0,-197.5,-197.5,0.0,-98.75,-395.0,-0.9875,18849,86.19739710574926,89.6840076057498,37,6,0.0,0.0,88.74362050385311,67.05356698942292,98.75,67.0,0.5,0.5,-1.25,SL
311,622,SEA2575_AMP_@ENQ_1754006400,@ENQ,SELL,2026.05.13 09:00:00,2026.05.13 09:01:00,2026.05.13 09:01:00,1778662860001,29411.25,29412.00,29411.25,0.1,29511.25,2026.05.13 18:13:52,1778696032180,29509.50,29509.75,29509.75,SL,LOSS,LOSS,-197.0,0.0,0.0,-197.0,-197.0,0.0,-98.5,-394.0,-0.985,33172,81.55599330982608,83.97033530560469,22,4,0.0,0.0,89.80965453046672,91.53893913885894,98.5,335.5,0.75,0.25,-1.5,SL
312,624,SEA2575_AMP_@ENQ_1754006400,@ENQ,BUY,2026.05.15 06:59:00,2026.05.15 07:00:00,2026.05.15 07:00:00,1778828400000,29402.25,29403.25,29403.25,0.1,29303.25,2026.05.15 08:17:00,1778833020269,29303.00,29303.50,29303.00,SL,LOSS,LOSS,-200.5,0.0,0.0,-200.5,-200.5,0.0,-100.25,-401.0,-1.0025,4620,21.060587661680557,13.697854833102303,43,7,0.0,0.0,55.9881792530904,54.6683411083935,100.25,65.0,1.0,0.5,0.25,SL
313,626,SEA2575_AMP_@ENQ_1754006400,@ENQ,SELL,2026.05.15 18:26:32,2026.05.15 18:27:32,2026.05.15 18:27:32,1778869652020,29386.50,29387.25,29386.50,0.1,29486.50,2026.05.15 20:30:00,1778877000190,29175.75,29176.25,29176.25,TARGET_K20_M30_CLOSE,WIN,PROFIT,420.5,0.0,0.0,420.5,420.5,0.0,210.25,841.0,2.1025,7348,85.9173425988022,86.84820955504891,36,6,10.111515181001502,26.72010462381375,14.245276643583587,16.740768216558198,20.75,275.25,0.75,0.5,0.0,EXPERT
314,628,SEA2575_AMP_@ENQ_1754006400,@ENQ,BUY,2026.05.15 20:59:02,2026.05.15 21:34:02,2026.05.15 21:34:02,1778880842398,29172.00,29173.50,29173.50,0.1,29073.50,2026.05.17 23:40:31,1779061231517,29075.25,29076.25,29075.25,SL,LOSS,LOSS,-196.5,0.0,0.0,-196.5,-196.5,0.0,-98.25,-393.0,-0.9825,180389,21.72885198534591,15.806731826093271,22,4,0.0,0.0,28.968824940047963,52.718173287457,98.25,108.75,1.5,1.0,-1.75,SL
315,630,SEA2575_AMP_@ENQ_1754006400,@ENQ,SELL,2026.05.18 08:30:00,2026.05.18 08:31:00,2026.05.18 08:31:00,1779093060192,29207.00,29207.75,29207.00,0.1,29307.00,2026.05.18 12:42:41,1779108161485,29306.50,29307.00,29307.00,SL,LOSS,LOSS,-200.0,0.0,0.0,-200.0,-200.0,0.0,-100.0,-400.0,-1.0,15101,86.83199625007457,88.22222622389319,31,5,0.0,0.0,74.59941662697568,52.86097657023246,100.0,154.5,0.75,0.5,0.0,SL
316,632,SEA2575_AMP_@ENQ_1754006400,@ENQ,SELL,2026.05.18 13:39:34,2026.05.18 13:40:34,2026.05.18 13:40:34,1779111634017,29248.25,29249.50,29248.25,0.1,29348.25,2026.05.18 15:30:00,1779118200008,28959.50,28960.50,28960.50,TARGET_K20_M30_CLOSE,WIN,PROFIT,575.5,0.0,0.0,575.5,575.5,0.0,287.75,1151.0,2.8775,6566,76.00202555529351,76.7264696306505,44,7,17.774637657912482,34.902089530137495,8.762955247577809,20.397287166481693,60.25,291.5,1.25,1.0,0.0,EXPERT
317,634,SEA2575_AMP_@ENQ_1754006400,@ENQ,SELL,2026.05.19 08:00:00,2026.05.19 08:01:00,2026.05.19 08:01:00,1779177660022,29106.75,29108.00,29106.75,0.1,29206.75,2026.05.19 10:00:00,1779184800015,28913.75,28914.75,28915.50,TARGET_K20_M30_CLOSE,WIN,PROFIT,382.5,0.0,0.0,382.5,382.5,0.0,191.25,765.0,1.9125,7140,88.49869466566626,90.85757377965683,23,4,17.367602301170624,29.33449738017627,19.59330456024701,19.331650389672248,5.0,267.5,1.25,1.0,0.0,EXPERT
318,636,SEA2575_AMP_@ENQ_1754006400,@ENQ,BUY,2026.05.19 10:00:00,2026.05.19 10:01:00,2026.05.19 10:01:00,1779184860032,28914.50,28915.75,28915.75,0.1,28815.75,2026.05.19 13:20:53,1779196853108,28821.50,28823.25,28821.50,SL,LOSS,LOSS,-188.5,0.0,0.0,-188.5,-188.5,0.0,-94.25,-377.0,-0.9425,11993,19.59330456024701,19.331650389672248,33,6,0.0,0.0,31.94154488517745,32.18044383958793,94.25,34.25,1.25,1.75,-5.75,SL
319,638,SEA2575_AMP_@ENQ_1754006400,@ENQ,SELL,2026.05.19 18:14:55,2026.05.19 18:15:55,2026.05.19 18:15:55,1779214555007,29070.00,29070.75,29070.00,0.1,29170.00,2026.05.19 22:30:00,1779229800837,28875.25,28877.00,28877.00,TARGET_K20_M30_CLOSE,WIN,PROFIT,386.0,0.0,0.0,386.0,386.0,0.0,193.0,772.0,1.93,15245,85.94659155843753,86.15295539889242,31,5,16.417509658787974,22.760068270324343,14.849758900037719,17.263146463633692,4.75,203.5,0.75,1.75,0.0,EXPERT
320,640,SEA2575_AMP_@ENQ_1754006400,@ENQ,SELL,2026.05.20 07:30:04,2026.05.20 07:31:04,2026.05.20 07:31:04,1779262264140,29048.00,29049.25,29048.00,0.1,29148.00,2026.05.20 09:53:25,1779270805855,29146.75,29148.00,29148.00,SL,LOSS,LOSS,-200.0,0.0,0.0,-200.0,-200.0,0.0,-100.0,-400.0,-1.0,8541,89.90853732043159,90.65943632247064,18,3,0.0,0.0,73.68081577026335,73.36293449332028,100.0,32.5,1.25,1.25,0.0,SL
321,642,SEA2575_AMP_@ENQ_1754006400,@ENQ,SELL,2026.05.20 20:30:55,2026.05.20 20:31:55,2026.05.20 20:31:55,1779309115019,29316.50,29317.75,29316.50,0.1,29416.50,2026.05.21 04:58:00,1779339480595,29414.25,29415.50,29415.50,SL,LOSS,LOSS,-198.0,0.0,0.0,-198.0,-198.0,0.0,-99.0,-396.0,-0.99,30365,76.9641253452388,80.99790156171439,44,7,0.0,0.0,86.85936963553242,76.91312203155911,100.5,200.25,1.25,1.25,-1.0,SL
322,644,SEA2575_AMP_@ENQ_1754006400,@ENQ,SELL,2026.05.21 18:30:00,2026.05.21 18:31:00,2026.05.21 18:31:00,1779388260025,29457.25,29458.00,29457.25,0.1,29557.25,2026.05.21 23:50:01,1779407401855,29556.25,29557.25,29557.25,SL,LOSS,LOSS,-200.0,0.0,0.0,-200.0,-200.0,0.0,-100.0,-400.0,-1.0,19141,77.75307652863255,79.24263765064622,35,6,0.0,0.0,94.19601072095048,89.24813471634684,100.0,160.5,0.75,1.0,0.0,SL
323,646,SEA2575_AMP_@ENQ_1754006400,@ENQ,BUY,2026.05.22 10:47:42,2026.05.22 10:48:42,2026.05.22 10:48:42,1779446922076,29463.00,29464.25,29464.25,0.1,29364.25,2026.05.22 13:00:00,1779454800022,29593.50,29594.50,29593.25,TARGET_K80_M30_CLOSE,WIN,PROFIT,258.0,0.0,0.0,258.0,258.0,0.0,129.0,516.0,1.29,7878,18.971562037652337,17.947736537355862,21,4,84.59283029741434,64.9498313897774,90.71920392378797,79.8198195889314,12.0,131.0,1.25,1.0,0.0,EXPERT
324,648,SEA2575_AMP_@ENQ_1754006400,@ENQ,SELL,2026.05.22 13:48:04,2026.05.22 13:49:04,2026.05.22 13:49:04,1779457744028,29624.75,29625.50,29624.75,0.1,29724.75,2026.05.22 17:28:16,1779470896275,29723.75,29724.50,29724.50,SL,LOSS,LOSS,-199.5,0.0,0.0,-199.5,-199.5,0.0,-99.75,-399.0,-0.9975,13152,83.07570804622058,84.52245511780214,44,7,0.0,0.0,61.13553113553113,62.90844799262237,100.0,134.0,0.75,0.75,-0.25,SL
325,650,SEA2575_AMP_@ENQ_1754006400,@ENQ,BUY,2026.05.22 20:30:00,2026.05.22 20:31:00,2026.05.22 20:31:00,1779481860693,29550.75,29551.25,29551.25,0.1,29451.25,2026.05.24 23:30:00,1779665400093,29811.25,29812.00,29811.25,TARGET_K80_M30_CLOSE,WIN,PROFIT,520.0,0.0,0.0,520.0,520.0,0.0,260.0,1040.0,2.6,183540,17.958682270391993,12.494164086141359,19,3,92.89591207682611,68.90858212202443,82.05140408388515,81.90548308484621,50.25,279.75,0.5,0.75,0.0,EXPERT
326,652,SEA2575_AMP_@ENQ_1754006400,@ENQ,BUY,2026.05.25 13:33:34,2026.05.25 13:34:34,2026.05.25 13:34:34,1779716074008,29951.75,29952.50,29952.50,0.1,29852.50,2026.05.25 23:20:56,1779751256500,29858.00,29859.25,29858.00,SL,LOSS,LOSS,-189.0,0.0,0.0,-189.0,-189.0,0.0,-94.5,-378.0,-0.945,35182,21.020373815218353,18.550506243776635,16,3,0.0,0.0,8.25508607198748,31.15394647084788,94.5,117.5,0.75,1.25,-5.5,SL
327,654,SEA2575_AMP_@ENQ_1754006400,@ENQ,SELL,2026.05.26 10:31:01,2026.05.26 10:32:01,2026.05.26 10:32:01,1779791521144,29905.75,29907.00,29905.75,0.1,30005.75,2026.05.26 13:59:59,1779803999920,30004.50,30005.50,30005.50,SL,LOSS,LOSS,-199.5,0.0,0.0,-199.5,-199.5,0.0,-99.75,-399.0,-0.9975,12478,93.0439211354125,94.53125851491,16,3,0.0,0.0,85.52382824198861,82.90876714155449,99.75,86.75,1.25,1.0,-0.25,SL
328,656,SEA2575_AMP_@ENQ_1754006400,@ENQ,SELL,2026.05.26 14:02:17,2026.05.26 14:03:17,2026.05.26 14:03:17,1779804197025,29982.50,29983.25,29982.50,0.1,30082.50,2026.05.26 14:27:07,1779805627375,30080.50,30081.00,30081.00,SL,LOSS,LOSS,-197.0,0.0,0.0,-197.0,-197.0,0.0,-98.5,-394.0,-0.985,1430,82.6235287651442,84.25125135215363,44,7,0.0,0.0,88.54270765388658,86.2243109817344,98.5,5.5,0.75,0.5,-1.5,SL
329,658,SEA2575_AMP_@ENQ_1754006400,@ENQ,SELL,2026.05.27 09:00:01,2026.05.27 09:01:01,2026.05.27 09:01:01,1779872461009,30187.00,30187.75,30187.00,0.1,30287.00,2026.05.27 11:22:59,1779880979502,30285.50,30286.00,30286.00,SL,LOSS,LOSS,-198.0,0.0,0.0,-198.0,-198.0,0.0,-99.0,-396.0,-0.99,8518,79.8592132505176,88.34541120893778,20,3,0.0,0.0,86.28722440108113,82.66199488966619,99.0,13.75,0.75,0.5,-1.0,SL
330,660,SEA2575_AMP_@ENQ_1754006400,@ENQ,BUY,2026.05.27 14:38:00,2026.05.27 14:39:00,2026.05.27 14:39:00,1779892740002,29991.25,29991.75,29991.75,0.1,29891.75,2026.05.27 15:21:12,1779895272405,29899.00,29899.50,29899.00,SL,LOSS,LOSS,-185.5,0.0,0.0,-185.5,-185.5,0.0,-92.75,-371.0,-0.9275,2532,18.747209577480238,17.804947898069994,44,7,0.0,0.0,7.530383755019128,11.47105272942118,93.0,32.25,0.5,0.5,-7.25,SL
331,662,SEA2575_AMP_@ENQ_1754006400,@ENQ,SELL,2026.05.27 19:30:00,2026.05.27 19:31:00,2026.05.27 19:31:00,1779910260010,30032.50,30033.00,30032.50,0.1,30132.50,2026.05.27 22:01:39,1779919299863,30131.50,30133.00,30133.00,SL,LOSS,LOSS,-201.0,0.0,0.0,-201.0,-201.0,0.0,-100.5,-402.0,-1.005,9039,80.45272103610323,83.11166219300655,27,5,0.0,0.0,93.82902795676648,87.23137085548795,100.5,4.25,0.5,1.5,0.5,SL
332,664,SEA2575_AMP_@ENQ_1754006400,@ENQ,SELL,2026.05.28 07:32:58,2026.05.28 07:33:58,2026.05.28 07:33:58,1779953638086,29947.75,29948.50,29947.75,0.1,30047.75,2026.05.28 12:48:43,1779972523702,30045.75,30048.25,30048.25,SL,LOSS,LOSS,-201.0,0.0,0.0,-201.0,-201.0,0.0,-100.5,-402.0,-1.005,18885,87.27722757789302,87.6912001046665,29,5,0.0,0.0,81.38555676723615,55.934325860402076,100.5,80.0,0.75,2.5,0.5,SL
333,666,SEA2575_AMP_@ENQ_1754006400,@ENQ,SELL,2026.05.28 13:33:11,2026.05.28 13:34:11,2026.05.28 13:34:11,1779975251001,30010.25,30011.00,30010.25,0.1,30110.25,2026.05.28 14:12:57,1779977577364,30111.50,30111.75,30111.75,SL,LOSS,LOSS,-203.0,0.0,0.0,-203.0,-203.0,0.0,-101.5,-406.0,-1.015,2326,78.95139649518835,82.66561773799764,44,7,0.0,0.0,78.06827602538891,81.28856003631915,101.5,89.5,0.75,0.25,1.5,SL
334,668,SEA2575_AMP_@ENQ_1754006400,@ENQ,SELL,2026.05.29 14:24:58,2026.05.29 14:25:58,2026.05.29 14:25:58,1780064758015,30380.00,30381.00,30380.00,0.1,30480.00,2026.05.31 05:36:07,1780205767760,30388.25,30389.75,30389.75,TARGET_K20_M30_CLOSE,WIN,LOSS,-19.5,0.0,0.0,-19.5,-19.5,0.0,-9.75,-39.0,-0.0975,141009,77.39162365321144,78.2809884664422,44,7,19.10569105691057,28.606496209889638,0.0,16.521346372884018,68.0,110.0,1.0,1.5,0.0,EXPERT
335,670,SEA2575_AMP_@ENQ_1754006400,@ENQ,BUY,2026.06.01 09:28:52,2026.06.01 09:29:52,2026.06.01 09:29:52,1780306192515,30472.25,30473.00,30473.00,0.1,30373.00,2026.06.01 13:11:50,1780319510250,30373.00,30374.00,30373.00,SL,LOSS,LOSS,-200.0,0.0,0.0,-200.0,-200.0,0.0,-100.0,-400.0,-1.0,13318,23.430475861661588,18.440650445211432,22,4,0.0,0.0,25.64706003389944,27.413319695423354,100.0,31.25,0.75,1.0,0.0,SL
336,672,SEA2575_AMP_@ENQ_1754006400,@ENQ,SELL,2026.06.01 18:00:00,2026.06.01 18:01:00,2026.06.01 18:01:00,1780336860043,30670.25,30670.75,30670.25,0.1,30770.25,2026.06.01 22:00:00,1780351200048,30542.25,30545.00,30434.25,TARGET_K20_M30_CLOSE,WIN,PROFIT,472.0,0.0,0.0,472.0,472.0,0.0,236.0,944.0,2.36,14340,94.94450092636735,95.38724543567366,44,7,15.956814323244755,27.520562798801535,23.289289097579996,21.398681197405086,5.0,236.0,0.5,2.75,0.0,EXPERT
337,674,SEA2575_AMP_@ENQ_1754006400,@ENQ,SELL,2026.06.02 15:03:37,2026.06.02 15:04:37,2026.06.02 15:04:37,1780412677030,30625.00,30625.75,30625.00,0.1,30725.00,2026.06.02 20:04:11,1780430651445,30723.00,30723.75,30723.75,SL,LOSS,LOSS,-197.5,0.0,0.0,-197.5,-197.5,0.0,-98.75,-395.0,-0.9875,17974,82.63806043426406,82.736467957449,44,7,0.0,0.0,87.88869292572996,67.80116271474296,99.0,26.5,0.75,0.75,-1.25,SL
338,676,SEA2575_AMP_@ENQ_1754006400,@ENQ,SELL,2026.06.03 19:30:00,2026.06.03 19:31:00,2026.06.03 19:31:00,1780515060030,30639.00,30639.50,30639.00,0.1,30739.00,2026.06.03 23:30:00,1780529400429,30407.50,30408.75,30408.50,TARGET_K20_M30_CLOSE,WIN,PROFIT,461.0,0.0,0.0,461.0,461.0,0.0,230.5,922.0,2.305,14340,77.04565393553399,81.29100352806041,42,7,16.723409065157995,22.521612630247684,17.081140389478563,19.782017452127533,55.75,265.25,0.5,1.25,0.0,EXPERT
339,678,SEA2575_AMP_@ENQ_1754006400,@ENQ,BUY,2026.06.04 09:51:17,2026.06.04 09:52:17,2026.06.04 09:52:17,1780566737033,30339.25,30340.50,30340.50,0.1,30240.50,2026.06.04 10:50:33,1780570233767,30241.00,30242.50,30241.00,SL,LOSS,LOSS,-199.0,0.0,0.0,-199.0,-199.0,0.0,-99.5,-398.0,-0.995,3496,19.017283297013744,18.31717233259379,41,7,0.0,0.0,12.632849237638341,16.746970203917943,99.5,8.0,1.25,1.5,-0.5,SL
340,680,SEA2575_AMP_@ENQ_1754006400,@ENQ,SELL,2026.06.04 18:16:33,2026.06.04 18:17:33,2026.06.04 18:17:33,1780597053001,30576.00,30576.50,30576.00,0.1,30676.00,2026.06.04 21:00:00,1780606800044,30399.50,30401.25,30401.25,TARGET_K20_M30_CLOSE,WIN,PROFIT,349.5,0.0,0.0,349.5,349.5,0.0,174.75,699.0,1.7475,9747,94.08137986316241,95.493723390698,25,4,6.979295839757306,35.33911924937426,2.5500043947928144,16.127547938092317,27.25,178.25,0.5,1.75,0.0,EXPERT
341,682,SEA2575_AMP_@ENQ_1754006400,@ENQ,BUY,2026.06.05 07:30:00,2026.06.05 07:31:00,2026.06.05 07:31:00,1780644660023,30121.75,30122.75,30122.75,0.1,30022.75,2026.06.05 13:23:23,1780665803295,30026.00,30026.75,30026.00,SL,LOSS,LOSS,-193.5,0.0,0.0,-193.5,-193.5,0.0,-96.75,-387.0,-0.9675,21143,23.06112393216723,16.547558243833304,33,6,0.0,0.0,3.8652471737125755,10.964656718648484,97.5,135.5,1.0,0.75,-3.25,SL
342,684,SEA2575_AMP_@ENQ_1754006400,@ENQ,BUY,2026.06.05 13:30:00,2026.06.05 13:31:00,2026.06.05 13:31:00,1780666260005,30020.00,30020.75,30020.75,0.1,29920.75,2026.06.05 13:45:36,1780667136127,29921.25,29922.25,29921.25,SL,LOSS,LOSS,-199.0,0.0,0.0,-199.0,-199.0,0.0,-99.5,-398.0,-0.995,876,8.356555681828644,7.645397921405741,43,7,0.0,0.0,5.423824899924017,6.6678209941042,100.0,79.5,0.75,1.0,-0.5,SL
343,686,SEA2575_AMP_@ENQ_1754006400,@ENQ,SELL,2026.06.08 08:39:32,2026.06.08 08:40:32,2026.06.08 08:40:32,1780908032003,29217.00,29218.25,29217.00,0.1,29317.00,2026.06.08 11:10:59,1780917059048,29310.00,29311.75,29311.75,SL,LOSS,LOSS,-189.5,0.0,0.0,-189.5,-189.5,0.0,-94.75,-379.0,-0.9475,9027,83.64014353512168,84.04038423547654,38,6,0.0,0.0,71.24221917081627,62.24950789266623,95.5,71.75,1.25,1.75,-5.25,SL
344,688,SEA2575_AMP_@ENQ_1754006400,@ENQ,BUY,2026.06.08 20:31:28,2026.06.08 20:32:28,2026.06.08 20:32:28,1780950748188,29432.25,29433.00,29433.00,0.1,29333.00,2026.06.08 22:15:47,1780956947299,29333.00,29333.75,29333.00,SL,LOSS,LOSS,-200.0,0.0,0.0,-200.0,-200.0,0.0,-100.0,-400.0,-1.0,6199,24.956085158171515,24.696790343659476,31,5,0.0,0.0,19.602775925248658,24.276510971492858,100.0,33.75,0.75,0.75,0.0,SL
345,690,SEA2575_AMP_@ENQ_1754006400,@ENQ,SELL,2026.06.09 10:15:52,2026.06.09 10:16:52,2026.06.09 10:16:52,1781000212596,29665.75,29667.25,29665.75,0.1,29765.75,2026.06.09 13:44:15,1781012655616,29765.25,29765.75,29765.75,SL,LOSS,LOSS,-200.0,0.0,0.0,-200.0,-200.0,0.0,-100.0,-400.0,-1.0,12443,76.61586527006953,77.38686310006034,23,4,0.0,0.0,95.50157793988308,73.17486143737077,100.0,32.0,1.5,0.5,0.0,SL
346,692,SEA2575_AMP_@ENQ_1754006400,@ENQ,SELL,2026.06.09 20:30:16,2026.06.09 20:31:16,2026.06.09 20:31:16,1781037076086,29103.25,29105.25,29103.25,0.1,29203.25,2026.06.10 09:00:00,1781082000110,28762.00,28763.50,28763.50,TARGET_K20_M30_CLOSE,WIN,PROFIT,679.5,0.0,0.0,679.5,679.5,0.0,339.75,1359.0,3.3975,44924,88.99719068514777,89.41174961512549,44,7,19.955432633910494,35.29953229789504,8.673958472001551,20.525727670018295,66.25,359.5,2.0,1.5,0.0,EXPERT
347,694,SEA2575_AMP_@ENQ_1754006400,@ENQ,BUY,2026.06.10 09:30:00,2026.06.10 09:31:00,2026.06.10 09:31:00,1781083860057,28782.00,28783.50,28783.50,0.1,28683.50,2026.06.10 11:05:08,1781089508127,28689.00,28691.00,28689.00,SL,LOSS,LOSS,-189.0,0.0,0.0,-189.0,-189.0,0.0,-94.5,-378.0,-0.945,5648,22.120642351533473,19.18070379533808,35,6,0.0,0.0,33.92136510594748,35.27609051689147,94.5,61.0,1.5,2.0,-5.5,SL
348,696,SEA2575_AMP_@ENQ_1754006400,@ENQ,BUY,2026.06.10 18:17:42,2026.06.10 18:18:42,2026.06.10 18:18:42,1781115522000,28707.25,28708.00,28708.00,0.1,28608.00,2026.06.10 18:50:05,1781117405845,28614.00,28614.25,28614.00,SL,LOSS,LOSS,-188.0,0.0,0.0,-188.0,-188.0,0.0,-94.0,-376.0,-0.94,1883,19.980190166047763,16.90494655916743,44,7,0.0,0.0,17.558145469786748,18.19670349115413,96.5,55.25,0.75,0.25,-6.0,SL
349,698,SEA2575_AMP_@ENQ_1754006400,@ENQ,SELL,2026.06.11 08:04:08,2026.06.11 08:05:08,2026.06.11 08:05:08,1781165108048,28865.25,28866.75,28865.25,0.1,28965.25,2026.06.11 13:51:56,1781185916461,28963.00,28964.00,28964.00,SL,LOSS,LOSS,-197.5,0.0,0.0,-197.5,-197.5,0.0,-98.75,-395.0,-0.9875,20808,80.40691768511425,82.87743088199262,19,3,0.0,0.0,67.93434015991288,54.31472806631721,100.25,226.5,1.5,1.0,-1.25,SL
350,700,SEA2575_AMP_@ENQ_1754006400,@ENQ,BUY,2026.06.12 07:35:53,2026.06.12 07:36:53,2026.06.12 07:36:53,1781249813186,29336.50,29338.75,29338.75,0.1,29238.75,2026.06.12 09:30:00,1781256600361,29611.25,29613.25,29611.25,TARGET_K80_M30_CLOSE,WIN,PROFIT,545.0,0.0,0.0,545.0,545.0,0.0,272.5,1090.0,2.725,6787,24.557592709885085,20.233980149688715,20,3,85.06841784524038,75.09239467363122,87.55556080269936,83.9613958977019,20.75,276.75,2.25,2.0,0.0,EXPERT
351,702,SEA2575_AMP_@ENQ_1754006400,@ENQ,SELL,2026.06.12 10:13:14,2026.06.12 10:14:14,2026.06.12 10:14:14,1781259254057,29610.50,29612.50,29610.50,0.1,29710.50,2026.06.12 15:17:45,1781277465908,29708.75,29710.00,29710.00,SL,LOSS,LOSS,-199.0,0.0,0.0,-199.0,-199.0,0.0,-99.5,-398.0,-0.995,18211,83.74629958783297,83.96322932774689,21,4,0.0,0.0,86.37596899224805,65.11020616155332,99.5,376.25,2.0,1.25,-0.5,SL
352,704,SEA2575_AMP_@ENQ_1754006400,@ENQ,SELL,2026.06.12 18:10:53,2026.06.12 18:11:53,2026.06.12 18:11:53,1781287913002,29696.50,29697.25,29696.50,0.1,29796.50,2026.06.14 22:00:00,1781474400131,29678.50,29684.50,29684.50,SL,LOSS,PROFIT,24.0,0.0,0.0,24.0,24.0,0.0,12.0,48.0,0.12,186487,79.1572659199495,80.30859274014537,26,4,0.0,0.0,100.0,100.0,36.0,115.0,0.75,6.0,-112.0,SL
353,706,SEA2575_AMP_@ENQ_1754006400,@ENQ,SELL,2026.06.16 08:37:02,2026.06.16 08:38:02,2026.06.16 08:38:02,1781599082022,30568.25,30570.25,30568.25,0.1,30668.25,2026.06.16 13:30:00,1781616600185,30501.25,30503.50,30503.50,TARGET_K20_M30_CLOSE,WIN,PROFIT,129.5,0.0,0.0,129.5,129.5,0.0,64.75,259.0,0.6475,17518,80.84967320261438,82.71279661962251,16,3,12.667486202783733,28.2331339002708,17.245664337506255,18.222058220648325,100.25,90.75,2.0,2.25,0.0,EXPERT
354,708,SEA2575_AMP_@ENQ_1754006400,@ENQ,BUY,2026.06.16 13:34:52,2026.06.16 13:35:52,2026.06.16 13:35:52,1781616952008,30518.25,30519.75,30519.75,0.1,30419.75,2026.06.16 14:20:32,1781619632321,30419.75,30420.00,30419.75,SL,LOSS,LOSS,-200.0,0.0,0.0,-200.0,-200.0,0.0,-100.0,-400.0,-1.0,2680,20.426801157215646,19.282437160551453,21,4,0.0,0.0,13.637184240858781,14.311840642291068,100.0,59.5,1.5,0.25,0.0,SL
355,710,SEA2575_AMP_@ENQ_1754006400,@ENQ,SELL,2026.06.18 07:15:38,2026.06.18 07:16:38,2026.06.18 07:16:38,1781766998103,30391.00,30392.25,30391.00,0.1,30491.00,2026.06.18 08:09:47,1781770187127,30489.50,30490.25,30490.25,SL,LOSS,LOSS,-198.5,0.0,0.0,-198.5,-198.5,0.0,-99.25,-397.0,-0.9925,3189,83.22296779874127,83.24148082015735,21,4,0.0,0.0,97.10483580953486,95.21590926374562,99.5,7.5,1.25,0.75,-0.75,SL
356,712,SEA2575_AMP_@ENQ_1754006400,@ENQ,SELL,2026.06.18 13:34:23,2026.06.18 13:35:23,2026.06.18 13:35:23,1781789723007,30485.50,30487.00,30485.50,0.1,30585.50,2026.06.18 14:09:09,1781791749675,30584.50,30585.50,30585.50,SL,LOSS,LOSS,-200.0,0.0,0.0,-200.0,-200.0,0.0,-100.0,-400.0,-1.0,2026,76.68437896890988,80.2498636468074,44,7,0.0,0.0,73.89657712030144,79.20296084999795,100.0,91.75,1.5,1.0,0.0,SL
357,714,SEA2575_AMP_@ENQ_1754006400,@ENQ,SELL,2026.06.19 08:00:08,2026.06.19 08:01:08,2026.06.19 08:01:08,1781856068009,30619.50,30621.00,30619.50,0.1,30719.50,2026.06.19 10:30:02,1781865002756,30577.00,30578.75,30579.00,TARGET_K20_M30_CLOSE,WIN,PROFIT,81.0,0.0,0.0,81.0,81.0,0.0,40.5,162.0,0.405,8934,93.97852663332539,96.10709574624958,19,3,16.661897495772823,39.9606968109974,16.66780236101273,24.93865360671988,47.5,49.0,1.5,1.75,0.0,EXPERT
358,716,SEA2575_AMP_@ENQ_1754006400,@ENQ,BUY,2026.06.19 11:03:57,2026.06.19 11:04:57,2026.06.19 11:04:57,1781867097229,30569.25,30571.25,30571.25,0.1,30471.25,2026.06.19 14:00:00,1781877600025,30680.25,30681.50,30680.25,TARGET_K80_M30_CLOSE,WIN,PROFIT,218.0,0.0,0.0,218.0,218.0,0.0,109.0,436.0,1.09,10503,21.37603458120596,19.981005919038754,24,4,87.63029547991543,76.4267927671808,88.54202143511964,82.1324926548645,46.0,122.5,2.0,1.25,0.0,EXPERT
359,718,SEA2575_AMP_@ENQ_1754006400,@ENQ,SELL,2026.06.19 14:30:00,2026.06.19 14:31:00,2026.06.19 14:31:00,1781879460179,30665.50,30666.25,30665.50,0.1,30765.50,2026.06.21 09:29:15,1782034155399,30645.00,30649.00,30649.00,TARGET_K20_M30_CLOSE,WIN,PROFIT,33.0,0.0,0.0,33.0,33.0,0.0,16.5,66.0,0.165,154695,77.4966408928312,83.77430558404927,23,4,8.075399416655783,24.564577800995455,5.376344086021505,12.58307576219291,39.25,24.25,0.75,4.0,0.0,EXPERT
360,720,SEA2575_AMP_@ENQ_1754006400,@ENQ,SELL,2026.06.22 07:30:00,2026.06.22 07:31:00,2026.06.22 07:31:00,1782113460012,30768.75,30770.00,30768.75,0.1,30868.75,2026.06.22 13:00:54,1782133254495,30866.25,30869.00,30869.00,SL,LOSS,LOSS,-200.5,0.0,0.0,-200.5,-200.5,0.0,-100.25,-401.0,-1.0025,19794,91.27025557527162,92.77453405714493,18,3,0.0,0.0,88.13234953314345,71.66328706271024,100.25,81.5,1.25,2.75,0.25,SL
361,722,SEA2575_AMP_@ENQ_1754006400,@ENQ,SELL,2026.06.22 14:17:31,2026.06.22 14:18:31,2026.06.22 14:18:31,1782137911009,30873.00,30874.00,30873.00,0.1,30973.00,2026.06.22 15:30:00,1782142200015,30597.50,30598.50,30597.75,TARGET_K20_M30_CLOSE,WIN,PROFIT,550.5,0.0,0.0,550.5,550.5,0.0,275.25,1101.0,2.7525,4289,77.23272778478648,77.90269125186249,44,7,17.36714775873647,42.01467332419185,15.54373522458629,26.49923308903649,20.75,327.5,1.0,1.0,0.0,EXPERT
362,724,SEA2575_AMP_@ENQ_1754006400,@ENQ,BUY,2026.06.23 09:00:00,2026.06.23 09:01:00,2026.06.23 09:01:00,1782205260014,29851.00,29852.50,29852.50,0.1,29752.50,2026.06.23 10:42:25,1782211345959,29753.75,29756.25,29753.75,SL,LOSS,LOSS,-197.5,0.0,0.0,-197.5,-197.5,0.0,-98.75,-395.0,-0.9875,6085,12.735223205792371,9.126017908418074,44,7,0.0,0.0,26.089396542737205,35.310212645443876,99.5,80.0,1.5,2.5,-1.25,SL
363,726,SEA2575_AMP_@ENQ_1754006400,@ENQ,BUY,2026.06.23 19:02:51,2026.06.23 19:03:51,2026.06.23 19:03:51,1782241431005,29691.00,29692.00,29692.00,0.1,29592.00,2026.06.23 23:05:39,1782255939200,29591.75,29593.75,29591.75,SL,LOSS,LOSS,-200.5,0.0,0.0,-200.5,-200.5,0.0,-100.25,-401.0,-1.0025,14508,22.140120671697776,21.090892366062334,44,7,0.0,0.0,27.98753821209807,50.64848463758509,100.25,110.75,1.0,2.0,0.25,SL
364,728,SEA2575_AMP_@ENQ_1754006400,@ENQ,BUY,2026.06.24 18:30:00,2026.06.24 18:31:00,2026.06.24 18:31:00,1782325860003,29542.50,29543.25,29543.25,0.1,29443.25,2026.06.24 18:40:33,1782326433509,29442.50,29443.25,29442.50,SL,LOSS,LOSS,-201.5,0.0,0.0,-201.5,-201.5,0.0,-100.75,-403.0,-1.0075,573,24.870535259283788,15.479163106063796,44,7,0.0,0.0,17.694360160611378,13.087104739839658,101.0,3.5,0.75,0.75,0.75,SL
365,730,SEA2575_AMP_@ENQ_1754006400,@ENQ,SELL,2026.06.25 18:45:47,2026.06.25 18:46:47,2026.06.25 18:46:47,1782413207002,29744.25,29745.50,29744.25,0.1,29844.25,2026.06.25 20:01:03,1782417663450,29843.75,29844.75,29844.75,SL,LOSS,LOSS,-201.0,0.0,0.0,-201.0,-201.0,0.0,-100.5,-402.0,-1.005,4456,76.46171781890463,76.98613946387498,44,7,0.0,0.0,55.30340318691427,55.43094842641213,100.75,127.75,1.25,1.0,0.5,SL
366,732,SEA2575_AMP_@ENQ_1754006400,@ENQ,SELL,2026.06.26 07:08:21,2026.06.26 07:09:21,2026.06.26 07:09:21,1782457761048,29441.00,29442.75,29441.00,0.1,29541.00,2026.06.26 07:30:08,1782459008283,29538.75,29541.25,29541.25,SL,LOSS,LOSS,-200.5,0.0,0.0,-200.5,-200.5,0.0,-100.25,-401.0,-1.0025,1247,81.44566925453735,81.77908667430017,31,5,0.0,0.0,95.75891351532671,89.87437664367481,101.5,5.0,1.75,2.5,0.25,SL
367,734,SEA2575_AMP_@ENQ_1754006400,@ENQ,BUY,2026.06.26 10:36:49,2026.06.26 10:37:49,2026.06.26 10:37:49,1782470269060,29345.00,29347.75,29347.75,0.1,29247.75,2026.06.26 13:18:33,1782479913788,29249.00,29250.25,29249.00,SL,LOSS,LOSS,-197.5,0.0,0.0,-197.5,-197.5,0.0,-98.75,-395.0,-0.9875,9644,21.078913357174226,18.48917653738607,24,4,0.0,0.0,24.403218807403636,35.817083173663484,100.0,101.75,2.75,1.25,-1.25,SL
368,736,SEA2575_AMP_@ENQ_1754006400,@ENQ,SELL,2026.06.26 15:03:03,2026.06.26 15:04:03,2026.06.26 15:04:03,1782486243003,29536.75,29537.75,29536.75,0.1,29636.75,2026.06.26 15:30:20,1782487820057,29627.25,29628.25,29628.25,SL,LOSS,LOSS,-183.0,0.0,0.0,-183.0,-183.0,0.0,-91.5,-366.0,-0.915,1577,75.05283055469512,78.71181507140754,44,7,0.0,0.0,81.13695090439276,80.3820508771736,95.25,127.25,1.0,1.0,-8.5,SL
369,738,SEA2575_AMP_@ENQ_1754006400,@ENQ,BUY,2026.06.26 19:30:00,2026.06.26 19:31:00,2026.06.26 19:31:00,1782502260014,29451.50,29452.75,29452.75,0.1,29352.75,2026.06.26 19:59:55,1782503995477,29355.00,29356.00,29355.00,SL,LOSS,LOSS,-195.5,0.0,0.0,-195.5,-195.5,0.0,-97.75,-391.0,-0.9775,1735,16.32965247829198,15.006135576471626,36,6,0.0,0.0,9.609438288198271,12.766064179773727,97.75,116.0,1.25,1.0,-2.25,SL
370,740,SEA2575_AMP_@ENQ_1754006400,@ENQ,SELL,2026.06.29 07:28:07,2026.06.29 07:29:07,2026.06.29 07:29:07,1782718147054,29650.50,29652.25,29650.50,0.1,29750.50,2026.06.29 11:00:04,1782730804064,29749.25,29750.00,29750.00,SL,LOSS,LOSS,-199.0,0.0,0.0,-199.0,-199.0,0.0,-99.5,-398.0,-0.995,12657,76.91285408132495,78.50628215142807,23,4,0.0,0.0,96.88162791790414,78.2055771083046,99.5,29.75,1.75,0.75,-0.5,SL
371,742,SEA2575_AMP_@ENQ_1754006400,@ENQ,SELL,2026.06.29 17:59:30,2026.06.29 18:00:30,2026.06.29 18:00:30,1782756030013,29995.50,29996.25,29995.50,0.1,30095.50,2026.06.30 03:36:45,1782790605871,30094.00,30095.25,30095.25,SL,LOSS,LOSS,-199.5,0.0,0.0,-199.5,-199.5,0.0,-99.75,-399.0,-0.9975,34575,82.15633215517488,89.5494349140285,20,3,0.0,0.0,78.93116376698467,68.20368305538945,100.5,96.25,0.75,1.25,-0.25,SL
372,744,SEA2575_AMP_@ENQ_1754006400,@ENQ,SELL,2026.06.30 11:41:42,2026.06.30 11:42:42,2026.06.30 11:42:42,1782819762099,30148.00,30149.25,30148.00,0.1,30248.00,2026.06.30 13:30:00,1782826200123,30046.50,30047.75,30047.25,TARGET_K20_M30_CLOSE,WIN,PROFIT,201.5,0.0,0.0,201.5,201.5,0.0,100.75,403.0,1.0075,6438,76.42298196369296,80.39888677019782,16,3,13.672971712780301,25.680874523062915,39.58121544037886,25.01939011530902,28.0,150.75,1.25,1.25,0.0,EXPERT
373,746,SEA2575_AMP_@ENQ_1754006400,@ENQ,SELL,2026.06.30 15:00:00,2026.06.30 15:01:00,2026.06.30 15:01:00,1782831660032,30334.00,30334.75,30334.00,0.1,30434.00,2026.06.30 15:45:29,1782834329925,30433.75,30434.00,30434.00,SL,LOSS,LOSS,-200.0,0.0,0.0,-200.0,-200.0,0.0,-100.0,-400.0,-1.0,2669,80.50938731574625,81.98378889985162,36,6,0.0,0.0,85.5713725291431,86.78186185809359,100.0,4.0,0.75,0.25,0.0,SL
374,748,SEA2575_AMP_@ENQ_1754006400,@ENQ,SELL,2026.07.01 11:12:20,2026.07.01 11:13:20,2026.07.01 11:13:20,1782904400084,30415.50,30416.50,30415.50,0.1,30515.50,2026.07.01 18:00:00,1782928800078,30164.25,30165.00,30164.75,TARGET_K20_M30_CLOSE,WIN,PROFIT,501.5,0.0,0.0,501.5,501.5,0.0,250.75,1003.0,2.5075,24400,87.93918546152906,89.10710720953979,16,3,15.262694577478628,28.014868008114302,15.805990902780762,19.90260131053211,4.25,327.25,1.0,0.75,0.0,EXPERT
375,750,SEA2575_AMP_@ENQ_1754006400,@ENQ,BUY,2026.07.01 18:24:54,2026.07.01 18:25:54,2026.07.01 18:25:54,1782930354061,30176.25,30177.00,30177.00,0.1,30077.00,2026.07.01 19:57:17,1782935837890,30077.75,30078.25,30077.75,SL,LOSS,LOSS,-198.5,0.0,0.0,-198.5,-198.5,0.0,-99.25,-397.0,-0.9925,5483,22.515671616597672,22.13916154847108,23,4,0.0,0.0,31.982249987604735,28.642748814704095,99.25,54.25,0.75,0.5,-0.75,SL
376,752,SEA2575_AMP_@ENQ_1754006400,@ENQ,BUY,2026.07.02 07:30:00,2026.07.02 07:31:00,2026.07.02 07:31:00,1782977460076,29876.75,29878.50,29878.50,0.1,29778.50,2026.07.02 12:00:00,1782993600058,30034.00,30035.25,30034.00,TARGET_K80_M30_CLOSE,WIN,PROFIT,311.0,0.0,0.0,311.0,311.0,0.0,155.5,622.0,1.555,16140,12.869293330485121,9.414713983592113,31,5,81.50125289799443,68.7431626027536,73.91052034141212,73.81166491886825,52.0,200.0,1.75,1.25,0.0,EXPERT
377,754,SEA2575_AMP_@ENQ_1754006400,@ENQ,SELL,2026.07.02 12:52:33,2026.07.02 12:53:33,2026.07.02 12:53:33,1782996813111,30226.25,30227.25,30226.25,0.1,30326.25,2026.07.02 15:30:00,1783006200015,29670.00,29671.00,29671.00,TARGET_K20_M30_CLOSE,WIN,PROFIT,1110.5,0.0,0.0,1110.5,1110.5,0.0,555.25,2221.0,5.5525,9387,81.84303693986442,82.55711909073138,44,7,10.907640756231928,29.70247468183469,11.760200007515607,19.459550669857187,67.25,614.5,1.0,1.0,0.0,EXPERT
378,756,SEA2575_AMP_@ENQ_1754006400,@ENQ,BUY,2026.07.02 18:00:22,2026.07.02 18:01:22,2026.07.02 18:01:22,1783015282055,29364.50,29365.00,29365.00,0.1,29265.00,2026.07.02 22:00:00,1783029600068,29551.25,29553.50,29551.25,TARGET_K80_M30_CLOSE,WIN,PROFIT,372.5,0.0,0.0,372.5,372.5,0.0,186.25,745.0,1.8625,14318,5.05073847323341,4.2121175305250995,41,7,81.21567166007937,64.89248857284862,79.09891766622631,74.59913812173484,15.75,222.75,0.5,2.25,0.0,EXPERT
379,758,SEA2575_AMP_@ENQ_1754006400,@ENQ,SELL,2026.07.06 10:04:25,2026.07.06 10:05:25,2026.07.06 10:05:25,1783332325445,29865.75,29867.25,29865.75,0.1,29965.75,2026.07.06 13:46:05,1783345565025,29965.00,29966.00,29966.00,SL,LOSS,LOSS,-200.5,0.0,0.0,-200.5,-200.5,0.0,-100.25,-401.0,-1.0025,13240,75.6957273369675,76.93117149728631,19,3,0.0,0.0,70.21464717722972,64.09991116462136,100.5,88.5,1.5,1.0,0.25,SL
380,760,SEA2575_AMP_@ENQ_1754006400,@ENQ,SELL,2026.07.07 07:31:04,2026.07.07 07:32:04,2026.07.07 07:32:04,1783409524075,29704.50,29706.25,29704.50,0.1,29804.50,2026.07.07 14:30:00,1783434600056,29303.00,29304.00,29304.25,TARGET_K20_M30_CLOSE,WIN,PROFIT,800.5,0.0,0.0,800.5,800.5,0.0,400.25,1601.0,4.0025,25076,77.58937062187755,79.40550981323435,25,4,11.479865842906241,25.07677518077038,11.882330253327941,15.097658239199953,12.25,444.25,1.75,1.0,0.0,EXPERT
381,762,SEA2575_AMP_@ENQ_1754006400,@ENQ,BUY,2026.07.07 15:00:00,2026.07.07 15:01:00,2026.07.07 15:01:00,1783436460006,29297.00,29298.50,29298.50,0.1,29198.50,2026.07.07 18:00:00,1783447200034,29566.75,29567.50,29566.75,TARGET_K80_M30_CLOSE,WIN,PROFIT,536.5,0.0,0.0,536.5,536.5,0.0,268.25,1073.0,2.6825,10740,14.984642125815514,13.754698656421917,44,7,84.14064489093757,72.13564908808456,92.98411457407867,83.96548286606456,50.5,281.75,1.5,0.75,0.0,EXPERT
382,764,SEA2575_AMP_@ENQ_1754006400,@ENQ,BUY,2026.07.08 06:59:58,2026.07.08 07:00:58,2026.07.08 07:00:58,1783494058049,29305.50,29307.00,29307.00,0.1,29207.00,2026.07.08 08:23:36,1783499016587,29207.25,29209.25,29207.25,SL,LOSS,LOSS,-199.5,0.0,0.0,-199.5,-199.5,0.0,-99.75,-399.0,-0.9975,4958,18.857814013909394,14.839459773423679,25,4,0.0,0.0,40.2871560405807,38.42904595073571,99.75,107.25,1.5,2.0,-0.25,SL
383,766,SEA2575_AMP_@ENQ_1754006400,@ENQ,SELL,2026.07.08 13:00:00,2026.07.08 13:01:00,2026.07.08 13:01:00,1783515660032,29151.50,29153.00,29151.50,0.1,29251.50,2026.07.08 13:30:02,1783517402622,29250.00,29251.75,29251.75,SL,LOSS,LOSS,-200.5,0.0,0.0,-200.5,-200.5,0.0,-100.25,-401.0,-1.0025,1742,77.55220129341667,79.22368130432216,31,5,0.0,0.0,85.59245237773189,84.54977026407654,100.25,2.5,1.5,1.75,0.25,SL
384,768,SEA2575_AMP_@ENQ_1754006400,@ENQ,SELL,2026.07.08 18:00:00,2026.07.08 18:01:00,2026.07.08 18:01:00,1783533660002,29370.75,29372.75,29370.75,0.1,29470.75,2026.07.08 19:55:41,1783540541109,29470.50,29470.75,29470.75,SL,LOSS,LOSS,-200.0,0.0,0.0,-200.0,-200.0,0.0,-100.0,-400.0,-1.0,6881,84.60732652744504,86.53645815494231,36,6,0.0,0.0,83.56162570638293,79.00176019051209,100.0,23.0,2.0,0.25,0.0,SL
385,770,SEA2575_AMP_@ENQ_1754006400,@ENQ,BUY,2026.07.10 06:59:00,2026.07.10 07:00:00,2026.07.10 07:00:00,1783666800010,29818.75,29820.25,29820.25,0.1,29720.25,2026.07.10 09:01:28,1783674088783,29721.50,29723.50,29721.50,SL,LOSS,LOSS,-197.5,0.0,0.0,-197.5,-197.5,0.0,-98.75,-395.0,-0.9875,7288,17.846645845196395,12.732267587708888,21,4,0.0,0.0,21.86048841430356,26.53272453840719,100.0,4.75,1.5,2.0,-1.25,SL
386,772,SEA2575_AMP_@ENQ_1754006400,@ENQ,SELL,2026.07.10 10:54:00,2026.07.10 10:55:00,2026.07.10 10:55:00,1783680900002,29836.50,29837.75,29836.50,0.1,29936.50,2026.07.10 13:37:15,1783690635021,29936.00,29936.75,29936.75,SL,LOSS,LOSS,-200.5,0.0,0.0,-200.5,-200.5,0.0,-100.25,-401.0,-1.0025,9735,83.41970354654272,83.95252078316828,16,3,0.0,0.0,61.404331769637686,48.89575220065276,100.25,64.5,1.25,0.75,0.25,SL
387,774,SEA2575_AMP_@ENQ_1754006400,@ENQ,SELL,2026.07.13 09:50:37,2026.07.13 09:51:37,2026.07.13 09:51:37,1783936297533,29753.50,29754.75,29753.50,0.1,29853.50,2026.07.13 18:00:00,1783965600050,29480.75,29482.00,29481.25,TARGET_K20_M30_CLOSE,WIN,PROFIT,544.5,0.0,0.0,544.5,544.5,0.0,272.25,1089.0,2.7225,29303,86.94350241670251,87.21488928251705,16,3,16.539407158835953,23.66935067982499,12.819220447669174,17.37135850149536,46.5,292.5,1.25,1.25,0.0,EXPERT
388,776,SEA2575_AMP_@ENQ_1754006400,@ENQ,BUY,2026.07.13 18:05:19,2026.07.13 18:06:19,2026.07.13 18:06:19,1783965979047,29532.50,29533.50,29533.50,0.1,29433.50,2026.07.13 19:22:35,1783970555569,29438.75,29439.75,29438.75,SL,LOSS,LOSS,-189.5,0.0,0.0,-189.5,-189.5,0.0,-94.75,-379.0,-0.9475,4576,22.523861797880144,20.606238951565686,31,5,0.0,0.0,12.011897963561514,12.394233946938558,95.5,0.25,1.0,1.0,-5.25,SL
389,778,SEA2575_AMP_@ENQ_1754006400,@ENQ,SELL,2026.07.14 13:26:33,2026.07.14 13:27:33,2026.07.14 13:27:33,1784035653158,29813.75,29814.75,29813.75,0.1,29913.75,2026.07.14 20:00:00,1784059200009,29787.25,29787.75,29787.75,TARGET_K20_M30_CLOSE,WIN,PROFIT,52.0,0.0,0.0,52.0,52.0,0.0,26.0,104.0,0.26,23547,75.0969331161925,76.49600266268472,31,5,19.038871811162917,38.98023812277145,16.46785034887776,23.726241294962563,82.25,245.75,1.0,0.5,0.0,EXPERT
390,780,SEA2575_AMP_@ENQ_1754006400,@ENQ,BUY,2026.07.14 20:35:10,2026.07.14 20:36:10,2026.07.14 20:36:10,1784061370131,29790.25,29790.75,29790.75,0.1,29690.75,2026.07.15 00:30:00,1784075400322,29919.00,29920.50,29918.50,TARGET_K80_M30_CLOSE,WIN,PROFIT,255.5,0.0,0.0,255.5,255.5,0.0,127.75,511.0,1.2775,14030,18.392871758124834,16.896007213733526,20,3,94.11253578743349,80.43107466832673,91.37861765877851,87.87840451969434,46.25,141.25,0.5,1.5,0.0,EXPERT
391,782,SEA2575_AMP_@ENQ_1754006400,@ENQ,SELL,2026.07.15 19:02:11,2026.07.15 19:03:11,2026.07.15 19:03:11,1784142191014,29649.25,29649.75,29649.25,0.1,29749.25,2026.07.16 00:13:52,1784160832400,29747.75,29749.00,29749.00,SL,LOSS,LOSS,-199.5,0.0,0.0,-199.5,-199.5,0.0,-99.75,-399.0,-0.9975,18641,76.69077060523732,79.03498008961598,34,6,0.0,0.0,58.42123769338959,53.45077376067318,100.0,59.75,0.5,1.25,-0.25,SL
392,784,SEA2575_AMP_@ENQ_1754006400,@ENQ,BUY,2026.07.16 08:30:00,2026.07.16 08:31:00,2026.07.16 08:31:00,1784190660043,29538.75,29540.75,29540.75,0.1,29440.75,2026.07.16 11:31:56,1784201516273,29443.00,29444.00,29443.00,SL,LOSS,LOSS,-195.5,0.0,0.0,-195.5,-195.5,0.0,-97.75,-391.0,-0.9775,10856,18.880627526985602,14.857969307578252,31,5,0.0,0.0,11.148095300708244,17.516969195594363,97.75,103.5,2.0,1.0,-2.25,SL
393,786,SEA2575_AMP_@ENQ_1754006400,@ENQ,SELL,2026.07.17 11:08:38,2026.07.17 11:09:38,2026.07.17 11:09:38,1784286578027,28751.50,28752.75,28751.50,0.1,28851.50,2026.07.17 13:00:00,1784293200021,28664.50,28665.75,28665.75,TARGET_K20_M30_CLOSE,WIN,PROFIT,171.5,0.0,0.0,171.5,171.5,0.0,85.75,343.0,0.8575,6622,81.0007934486988,81.40296887693565,29,5,18.346926712018185,39.82680545861677,12.087169015146893,22.695238891957384,29.25,106.0,1.25,1.25,0.0,EXPERT
394,788,SEA2575_AMP_@ENQ_1754006400,@ENQ,BUY,2026.07.17 13:30:01,2026.07.17 13:31:01,2026.07.17 13:31:01,1784295061007,28650.75,28652.00,28652.00,0.1,28552.00,2026.07.17 13:34:31,1784295271009,28553.75,28554.50,28553.75,SL,LOSS,LOSS,-196.5,0.0,0.0,-196.5,-196.5,0.0,-98.25,-393.0,-0.9825,210,20.290932269424214,16.32594181146092,32,5,0.0,0.0,7.655062704206823,12.113985289721787,98.25,32.5,1.25,0.75,-1.75,SL
395,790,SEA2575_AMP_@ENQ_1754006400,@ENQ,BUY,2026.07.17 20:33:46,2026.07.17 20:34:46,2026.07.17 20:34:46,1784320486649,28763.50,28764.25,28764.25,0.1,28664.25,2026.07.20 00:30:00,1784507400083,28933.50,28935.50,28933.50,TARGET_K80_M30_CLOSE,WIN,PROFIT,338.5,0.0,0.0,338.5,338.5,0.0,169.25,677.0,1.6925,186914,19.23593426933201,19.069249554806206,27,5,83.39651881076738,74.32153554233838,90.78306573957859,84.64451830221905,54.5,198.25,0.75,2.0,0.0,EXPERT
396,792,SEA2575_AMP_@ENQ_1754006400,@ENQ,SELL,2026.07.20 08:30:24,2026.07.20 08:31:24,2026.07.20 08:31:24,1784536284011,28883.25,28884.50,28883.25,0.1,28983.25,2026.07.20 09:52:29,1784541149820,28982.00,28983.00,28983.00,SL,LOSS,LOSS,-199.5,0.0,0.0,-199.5,-199.5,0.0,-99.75,-399.0,-0.9975,4865,76.04964837405726,78.10926784262453,24,4,0.0,0.0,60.14886562974308,58.86402964267551,100.0,28.25,1.25,1.0,-0.25,SL
397,794,SEA2575_AMP_@ENQ_1754006400,@ENQ,BUY,2026.07.20 19:31:16,2026.07.20 19:32:16,2026.07.20 19:32:16,1784575936007,28863.25,28864.25,28864.25,0.1,28764.25,2026.07.20 20:16:32,1784578592233,28764.00,28764.75,28764.00,SL,LOSS,LOSS,-200.5,0.0,0.0,-200.5,-200.5,0.0,-100.25,-401.0,-1.0025,2656,18.80259895382857,17.434293168073413,36,6,0.0,0.0,7.940333112132458,11.168964964540587,100.25,29.75,1.0,0.75,0.25,SL
398,796,SEA2575_AMP_@ENQ_1754006400,@ENQ,SELL,2026.07.21 07:07:13,2026.07.21 07:08:13,2026.07.21 07:08:13,1784617693574,29140.25,29141.75,29140.25,0.1,29240.25,2026.07.21 13:30:14,1784640614257,29239.25,29240.00,29240.00,SL,LOSS,LOSS,-199.5,0.0,0.0,-199.5,-199.5,0.0,-99.75,-399.0,-0.9975,22921,79.9191137953348,81.70011626316064,19,3,0.0,0.0,90.38094358216308,64.89549677964312,99.75,51.75,1.5,0.75,-0.25,SL
399,798,SEA2575_AMP_@ENQ_1754006400,@ENQ,BUY,2026.07.21 20:07:03,2026.07.21 20:08:03,2026.07.21 20:08:03,1784664483129,29301.00,29301.75,29301.75,0.1,29201.75,2026.07.22 03:53:14,1784692394004,29201.75,29202.50,29201.75,SL,LOSS,LOSS,-200.0,0.0,0.0,-200.0,-200.0,0.0,-100.0,-400.0,-1.0,27911,20.026655564169562,19.8514685963918,22,4,0.0,0.0,27.230056919548044,39.35854538360697,100.0,34.25,0.75,0.75,0.0,SL
400,800,SEA2575_AMP_@ENQ_1754006400,@ENQ,BUY,2026.07.22 06:59:40,2026.07.22 07:00:40,2026.07.22 07:00:40,1784703640171,29097.25,29098.50,29098.50,0.1,28998.50,2026.07.22 09:30:00,1784712600744,29124.00,29125.25,29124.50,TARGET_K80_M30_CLOSE,WIN,PROFIT,52.0,0.0,0.0,52.0,52.0,0.0,26.0,104.0,0.26,8960,19.995182718329463,18.69557384433834,21,4,80.00961046541305,63.66751188718314,75.97026893097434,72.48895088174832,73.0,50.75,1.25,1.25,0.0,EXPERT
401,802,SEA2575_AMP_@ENQ_1754006400,@ENQ,SELL,2026.07.22 10:20:15,2026.07.22 10:21:15,2026.07.22 10:21:15,1784715675029,29150.50,29151.75,29150.50,0.1,29250.50,2026.07.22 12:30:00,1784723400387,29027.00,29028.00,29028.00,TARGET_K20_M30_CLOSE,WIN,PROFIT,245.0,0.0,0.0,245.0,245.0,0.0,122.5,490.0,1.225,7725,75.21543051116304,77.41721597857315,22,4,15.543499529966146,36.214470674709055,20.261254617886596,23.634882170043927,23.0,154.75,1.25,1.0,0.0,EXPERT
402,804,SEA2575_AMP_@ENQ_1754006400,@ENQ,BUY,2026.07.22 19:01:26,2026.07.22 19:02:26,2026.07.22 19:02:26,1784746946029,29239.75,29240.25,29240.25,0.1,29140.25,2026.07.22 20:01:57,1784750517874,29145.00,29150.75,29145.00,SL,LOSS,LOSS,-190.5,0.0,0.0,-190.5,-190.5,0.0,-95.25,-381.0,-0.9525,3571,24.7726135452229,22.321080335892376,22,4,0.0,0.0,13.443110891143556,21.893572366649526,95.25,19.0,0.5,5.75,-4.75,SL
403,806,SEA2575_AMP_@ENQ_1754006400,@ENQ,BUY,2026.07.23 07:30:00,2026.07.23 07:31:00,2026.07.23 07:31:00,1784791860004,29007.25,29008.50,29008.50,0.1,28908.50,2026.07.23 12:15:00,1784808900749,28913.75,28916.00,28913.75,SL,LOSS,LOSS,-189.5,0.0,0.0,-189.5,-189.5,0.0,-94.75,-379.0,-0.9475,17040,19.298557704110763,19.089622477906957,31,5,0.0,0.0,8.168369189465352,21.789879223814793,95.5,128.25,1.25,2.25,-5.25,SL
404,808,SEA2575_AMP_@ENQ_1754006400,@ENQ,BUY,2026.07.23 13:31:30,2026.07.23 13:32:30,2026.07.23 13:32:30,1784813550003,28734.00,28734.75,28734.75,0.1,28634.75,2026.07.23 14:43:29,1784817809934,28640.25,28641.25,28640.25,SL,LOSS,LOSS,-189.0,0.0,0.0,-189.0,-189.0,0.0,-94.5,-378.0,-0.945,4259,10.174987508666986,9.217565372171473,35,6,0.0,0.0,9.12676647751143,9.268012955970308,94.75,148.0,0.75,1.0,-5.5,SL
405,810,SEA2575_AMP_@ENQ_1754006400,@ENQ,SELL,2026.07.24 08:31:49,2026.07.24 08:32:49,2026.07.24 08:32:49,1784881969106,28634.25,28635.75,28634.25,0.1,28734.25,2026.07.24 14:00:00,1784901600006,28322.00,28324.50,28324.50,TARGET_K20_M30_CLOSE,WIN,PROFIT,619.5,0.0,0.0,619.5,619.5,0.0,309.75,1239.0,3.0975,19631,75.63501313501314,76.38168758067887,24,4,2.0755045289169547,27.39247117490267,1.7738415099346536,10.693731739611714,72.0,320.0,1.5,2.5,0.0,EXPERT
406,812,SEA2575_AMP_@ENQ_1754006400,@ENQ,BUY,2026.07.24 14:30:00,2026.07.24 14:31:00,2026.07.24 14:31:00,1784903460002,28346.75,28347.75,28347.75,0.1,28247.75,2026.07.24 19:07:37,1784920057898,28248.00,28248.75,28248.00,SL,LOSS,LOSS,-199.5,0.0,0.0,-199.5,-199.5,0.0,-99.75,-399.0,-0.9975,16597,12.396225416119442,7.7354680370253055,44,7,0.0,0.0,4.277132975322056,19.629751506609054,100.25,282.75,1.0,0.75,-0.25,SL
407,814,SEA2575_AMP_@ENQ_1754006400,@ENQ,BUY,2026.07.24 19:30:13,2026.07.24 19:31:13,2026.07.24 19:31:13,1784921473002,28268.00,28269.25,28269.25,0.1,28169.25,2026.07.26 23:00:00,1785106800386,28610.25,28612.25,28610.25,TARGET_K80_M30_CLOSE,WIN,PROFIT,682.0,0.0,0.0,682.0,682.0,0.0,341.0,1364.0,3.41,185327,12.574346430675776,12.565872975242376,38,6,81.14958404673094,76.84046999130878,76.38422111143335,77.97332077400206,45.5,411.25,1.25,2.0,0.0,EXPERT
408,816,SEA2575_AMP_@ENQ_1754006400,@ENQ,BUY,2026.07.27 12:30:00,2026.07.27 12:31:00,2026.07.27 12:31:00,1785155460024,28655.00,28655.75,28655.75,0.1,28555.75,2026.07.27 13:31:19,1785159079829,28555.75,28556.75,28555.75,SL,LOSS,LOSS,-200.0,0.0,0.0,-200.0,-200.0,0.0,-100.0,-400.0,-1.0,3619,21.306045535027305,20.587674552093997,21,4,0.0,0.0,18.682561948977046,24.97561023358152,100.25,43.75,0.75,1.0,0.0,SL
409,818,SEA2575_AMP_@ENQ_1754006400,@ENQ,SELL,2026.07.27 20:02:48,2026.07.27 20:03:48,2026.07.27 20:03:48,1785182628022,28182.75,28183.50,28182.75,0.1,28282.75,2026.07.27 23:30:00,1785195000022,28160.25,28161.75,28162.00,TARGET_K20_M30_CLOSE,WIN,PROFIT,41.5,0.0,0.0,41.5,41.5,0.0,20.75,83.0,0.2075,12372,82.27618512261176,83.41469800535988,35,6,18.41167395866886,27.588050149312227,49.508865171216065,29.68378034203394,48.75,76.5,0.75,1.5,0.0,EXPERT
410,820,SEA2575_AMP_@ENQ_1754006400,@ENQ,SELL,2026.07.29 08:00:00,2026.07.29 08:01:00,2026.07.29 08:01:00,1785312060038,27900.75,27902.50,27900.75,0.1,28000.75,2026.07.29 09:41:38,1785318098100,27999.00,28000.50,28000.50,SL,LOSS,LOSS,-199.5,0.0,0.0,-199.5,-199.5,0.0,-99.75,-399.0,-0.9975,6038,77.03437809153904,85.35012145889048,22,4,0.0,0.0,85.05256733426135,64.91883225814342,99.75,80.25,1.75,1.5,-0.25,SL
411,822,SEA2575_AMP_@ENQ_1754006400,@ENQ,SELL,2026.07.29 19:08:45,2026.07.29 19:09:45,2026.07.29 19:09:45,1785352185002,27884.75,27886.00,27884.75,0.1,27984.75,2026.07.29 20:30:00,1785357000789,27242.25,27244.00,27244.00,TARGET_K20_M30_CLOSE,WIN,PROFIT,1281.5,0.0,0.0,1281.5,1281.5,0.0,640.75,2563.0,6.4075,4815,79.95833503564283,80.53268385215455,44,7,16.872163330023625,45.04884938544627,3.845262576166182,22.493875510266605,54.0,682.5,1.25,1.75,0.0,EXPERT
412,824,SEA2575_AMP_@ENQ_1754006400,@ENQ,BUY,2026.07.30 08:06:35,2026.07.30 08:07:35,2026.07.30 08:07:35,1785398855005,27402.25,27403.75,27403.75,0.1,27303.75,2026.07.30 09:30:00,1785403800734,27553.00,27554.50,27553.50,TARGET_K80_M30_CLOSE,WIN,PROFIT,299.5,0.0,0.0,299.5,299.5,0.0,149.75,599.0,1.4975,4945,23.11340249908912,21.31801169952011,31,5,83.9964829061978,61.20701584786942,86.68548720479113,77.1314134551709,1.75,170.5,1.5,1.5,0.0,EXPERT
413,826,SEA2575_AMP_@ENQ_1754006400,@ENQ,SELL,2026.07.30 12:00:00,2026.07.30 12:01:00,2026.07.30 12:01:00,1785412860096,27718.00,27719.50,27718.00,0.1,27818.00,2026.07.30 12:58:40,1785416320135,27817.50,27818.00,27818.00,SL,LOSS,LOSS,-200.0,0.0,0.0,-200.0,-200.0,0.0,-100.0,-400.0,-1.0,3460,89.62658546175216,90.43885666944068,24,4,0.0,0.0,91.39921106352934,90.76081111607114,100.0,21.25,1.5,0.5,0.0,SL
414,828,SEA2575_AMP_@ENQ_1754006400,@ENQ,SELL,2026.07.31 09:28:38,2026.07.31 09:29:38,2026.07.31 09:29:38,1785490178046,28585.25,28586.50,28585.25,0.1,28685.25,2026.07.31 13:33:07,1785504787318,28684.00,28685.75,28685.75,SL,LOSS,LOSS,-201.0,0.0,0.0,-201.0,-201.0,0.0,-100.5,-402.0,-1.005,14609,78.2195786106174,79.95352995780735,17,3,0.0,0.0,71.52706481736632,48.07602253753689,100.5,152.75,1.25,1.75,0.5,SL
415,830,SEA2575_AMP_@ENQ_1754006400,@ENQ,SELL,2026.07.31 18:00:00,2026.07.31 18:01:00,2026.07.31 18:01:00,1785520860007,28441.00,28441.75,28441.00,0.1,28541.00,2026.08.02 22:00:00,1785708000113,28282.25,28287.25,28287.25,SL,LOSS,PROFIT,307.5,0.0,0.0,307.5,307.5,0.0,153.75,615.0,1.5375,187140,78.45832730213641,80.61112783223258,26,4,0.0,0.0,16.977958192028364,35.21093690451763,83.5,178.25,0.75,5.0,-253.75,SL
416,832,SEA2575_AMP_@ENQ_1754006400,@ENQ,SELL,2026.08.03 18:19:34,2026.08.03 18:20:34,2026.08.03 18:20:34,1785781234265,28922.25,28922.75,28922.25,0.1,29022.25,2026.08.04 01:53:04,1785808384709,29021.00,29022.25,29022.25,SL,LOSS,LOSS,-200.0,0.0,0.0,-200.0,-200.0,0.0,-100.0,-400.0,-1.0,27150,87.94951369449889,88.8724290335137,16,3,0.0,0.0,53.01917203180795,37.827559731100244,100.0,90.0,0.5,1.25,0.0,SL
417,834,SEA2575_AMP_@ENQ_1754006400,@ENQ,SELL,2026.08.04 12:30:00,2026.08.04 12:31:00,2026.08.04 12:31:00,1785846660018,29221.25,29222.00,29221.25,0.1,29321.25,2026.08.04 13:32:00,1785850320589,29320.50,29321.25,29321.25,SL,LOSS,LOSS,-200.0,0.0,0.0,-200.0,-200.0,0.0,-100.0,-400.0,-1.0,3660,83.8522196708267,88.24439426995345,16,3,0.0,0.0,67.83734729493892,68.94513003221414,100.0,32.75,0.75,0.75,0.0,SL
418,836,SEA2575_AMP_@ENQ_1754006400,@ENQ,BUY,2026.08.05 09:00:00,2026.08.05 09:01:00,2026.08.05 09:01:00,1785920460111,29840.75,29841.50,29841.50,0.1,29741.50,2026.08.05 12:30:00,1785933000145,29934.25,29935.50,29934.25,TARGET_K80_M30_CLOSE,WIN,PROFIT,185.5,0.0,0.0,185.5,185.5,0.0,92.75,371.0,0.9275,12540,21.209879282225035,16.453693260895157,24,4,81.67856714056684,69.74592931397596,86.05890902090873,78.50279593525742,27.25,101.25,0.75,1.25,0.0,EXPERT
419,838,SEA2575_AMP_@ENQ_1754006400,@ENQ,SELL,2026.08.05 13:01:21,2026.08.05 13:02:21,2026.08.05 13:02:21,1785934941107,29934.50,29935.75,29934.50,0.1,30034.50,2026.08.05 13:40:23,1785937223085,30032.00,30032.75,30032.75,SL,LOSS,LOSS,-196.5,0.0,0.0,-196.5,-196.5,0.0,-98.25,-393.0,-0.9825,2282,76.27245952230113,78.58253540859835,24,4,0.0,0.0,86.73405826763246,82.81198330694066,98.25,38.0,1.25,0.75,-1.75,SL
420,840,SEA2575_AMP_@ENQ_1754006400,@ENQ,BUY,2026.08.06 20:33:51,2026.08.06 20:34:51,2026.08.06 20:34:51,1786048491320,29502.25,29503.00,29503.00,0.1,29403.00,2026.08.07 00:00:00,1786060800029,29595.00,29596.25,29594.50,TARGET_K80_M30_CLOSE,WIN,PROFIT,183.0,0.0,0.0,183.0,183.0,0.0,91.5,366.0,0.915,12309,22.453936526701984,20.991392839573646,27,5,82.14230240092309,78.72533732560389,81.63385466684959,79.79536181626351,23.0,100.25,0.75,1.25,0.0,EXPERT
421,842,SEA2575_AMP_@ENQ_1754006400,@ENQ,SELL,2026.08.07 08:36:30,2026.08.07 08:37:30,2026.08.07 08:37:30,1786091850207,29610.50,29611.25,29610.50,0.1,29710.50,2026.08.07 12:30:03,1786105803600,29703.00,29705.75,29705.75,SL,LOSS,LOSS,-190.5,0.0,0.0,-190.5,-190.5,0.0,-95.25,-381.0,-0.9525,13953,78.77565134240831,81.95484285332067,19,3,0.0,0.0,64.7386331601627,56.477716618952996,95.25,17.75,0.75,2.75,-4.75,SL
