run_id,variant_id,sl,activation,distance,cost_scenario,month,trades,net_points
FIRST_TRIANGLE_GOLD_EVIDENCE_XAUUSD_1751328000,0,52.5,57.5,22.5,BASE,1,17,481.15999999999985
FIRST_TRIANGLE_GOLD_EVIDENCE_XAUUSD_1751328000,0,52.5,57.5,22.5,BASE,2,14,354.39000000000124
FIRST_TRIANGLE_GOLD_EVIDENCE_XAUUSD_1751328000,0,52.5,57.5,22.5,BASE,3,20,95.20999999999822
FIRST_TRIANGLE_GOLD_EVIDENCE_XAUUSD_1751328000,0,52.5,57.5,22.5,BASE,4,16,95.5699999999988
FIRST_TRIANGLE_GOLD_EVIDENCE_XAUUSD_1751328000,0,52.5,57.5,22.5,BASE,5,13,84.82999999999902
FIRST_TRIANGLE_GOLD_EVIDENCE_XAUUSD_1751328000,0,52.5,57.5,22.5,BASE,6,15,258.5700000000006
FIRST_TRIANGLE_GOLD_EVIDENCE_XAUUSD_1751328000,0,52.5,57.5,22.5,BASE,7,34,130.7499999999991
FIRST_TRIANGLE_GOLD_EVIDENCE_XAUUSD_1751328000,0,52.5,57.5,22.5,BASE,8,19,-6.819999999999254
FIRST_TRIANGLE_GOLD_EVIDENCE_XAUUSD_1751328000,0,52.5,57.5,22.5,BASE,9,9,-87.47999999999956
FIRST_TRIANGLE_GOLD_EVIDENCE_XAUUSD_1751328000,0,52.5,57.5,22.5,BASE,10,18,191.30999999999813
FIRST_TRIANGLE_GOLD_EVIDENCE_XAUUSD_1751328000,0,52.5,57.5,22.5,BASE,11,13,242.6399999999985
FIRST_TRIANGLE_GOLD_EVIDENCE_XAUUSD_1751328000,0,52.5,57.5,22.5,BASE,12,16,-201.34999999999945
FIRST_TRIANGLE_GOLD_EVIDENCE_XAUUSD_1751328000,1,52.5,57.5,22.5,SPREAD_PLUS_25,1,17,481.15999999999985
FIRST_TRIANGLE_GOLD_EVIDENCE_XAUUSD_1751328000,1,52.5,57.5,22.5,SPREAD_PLUS_25,2,14,354.39000000000124
FIRST_TRIANGLE_GOLD_EVIDENCE_XAUUSD_1751328000,1,52.5,57.5,22.5,SPREAD_PLUS_25,3,20,95.20999999999822
FIRST_TRIANGLE_GOLD_EVIDENCE_XAUUSD_1751328000,1,52.5,57.5,22.5,SPREAD_PLUS_25,4,16,95.5699999999988
FIRST_TRIANGLE_GOLD_EVIDENCE_XAUUSD_1751328000,1,52.5,57.5,22.5,SPREAD_PLUS_25,5,13,84.82999999999902
FIRST_TRIANGLE_GOLD_EVIDENCE_XAUUSD_1751328000,1,52.5,57.5,22.5,SPREAD_PLUS_25,6,15,258.5700000000006
FIRST_TRIANGLE_GOLD_EVIDENCE_XAUUSD_1751328000,1,52.5,57.5,22.5,SPREAD_PLUS_25,7,34,130.7499999999991
FIRST_TRIANGLE_GOLD_EVIDENCE_XAUUSD_1751328000,1,52.5,57.5,22.5,SPREAD_PLUS_25,8,19,-6.819999999999254
FIRST_TRIANGLE_GOLD_EVIDENCE_XAUUSD_1751328000,1,52.5,57.5,22.5,SPREAD_PLUS_25,9,9,-87.47999999999956
FIRST_TRIANGLE_GOLD_EVIDENCE_XAUUSD_1751328000,1,52.5,57.5,22.5,SPREAD_PLUS_25,10,18,191.30999999999813
FIRST_TRIANGLE_GOLD_EVIDENCE_XAUUSD_1751328000,1,52.5,57.5,22.5,SPREAD_PLUS_25,11,13,242.6399999999985
FIRST_TRIANGLE_GOLD_EVIDENCE_XAUUSD_1751328000,1,52.5,57.5,22.5,SPREAD_PLUS_25,12,16,-201.34999999999945
FIRST_TRIANGLE_GOLD_EVIDENCE_XAUUSD_1751328000,2,52.5,57.5,22.5,SPREAD_PLUS_50,1,17,481.15999999999985
FIRST_TRIANGLE_GOLD_EVIDENCE_XAUUSD_1751328000,2,52.5,57.5,22.5,SPREAD_PLUS_50,2,14,354.39000000000124
FIRST_TRIANGLE_GOLD_EVIDENCE_XAUUSD_1751328000,2,52.5,57.5,22.5,SPREAD_PLUS_50,3,20,95.20999999999822
FIRST_TRIANGLE_GOLD_EVIDENCE_XAUUSD_1751328000,2,52.5,57.5,22.5,SPREAD_PLUS_50,4,16,95.5699999999988
FIRST_TRIANGLE_GOLD_EVIDENCE_XAUUSD_1751328000,2,52.5,57.5,22.5,SPREAD_PLUS_50,5,13,84.82999999999902
FIRST_TRIANGLE_GOLD_EVIDENCE_XAUUSD_1751328000,2,52.5,57.5,22.5,SPREAD_PLUS_50,6,15,258.5700000000006
FIRST_TRIANGLE_GOLD_EVIDENCE_XAUUSD_1751328000,2,52.5,57.5,22.5,SPREAD_PLUS_50,7,34,130.7499999999991
FIRST_TRIANGLE_GOLD_EVIDENCE_XAUUSD_1751328000,2,52.5,57.5,22.5,SPREAD_PLUS_50,8,19,-6.819999999999254
FIRST_TRIANGLE_GOLD_EVIDENCE_XAUUSD_1751328000,2,52.5,57.5,22.5,SPREAD_PLUS_50,9,9,-87.47999999999956
FIRST_TRIANGLE_GOLD_EVIDENCE_XAUUSD_1751328000,2,52.5,57.5,22.5,SPREAD_PLUS_50,10,18,191.30999999999813
FIRST_TRIANGLE_GOLD_EVIDENCE_XAUUSD_1751328000,2,52.5,57.5,22.5,SPREAD_PLUS_50,11,13,242.6399999999985
FIRST_TRIANGLE_GOLD_EVIDENCE_XAUUSD_1751328000,2,52.5,57.5,22.5,SPREAD_PLUS_50,12,16,-201.34999999999945
FIRST_TRIANGLE_GOLD_EVIDENCE_XAUUSD_1751328000,3,52.5,57.5,22.5,SLIPPAGE_BASE,1,17,481.15999999999985
FIRST_TRIANGLE_GOLD_EVIDENCE_XAUUSD_1751328000,3,52.5,57.5,22.5,SLIPPAGE_BASE,2,14,354.39000000000124
FIRST_TRIANGLE_GOLD_EVIDENCE_XAUUSD_1751328000,3,52.5,57.5,22.5,SLIPPAGE_BASE,3,20,95.20999999999822
FIRST_TRIANGLE_GOLD_EVIDENCE_XAUUSD_1751328000,3,52.5,57.5,22.5,SLIPPAGE_BASE,4,16,95.5699999999988
FIRST_TRIANGLE_GOLD_EVIDENCE_XAUUSD_1751328000,3,52.5,57.5,22.5,SLIPPAGE_BASE,5,13,84.82999999999902
FIRST_TRIANGLE_GOLD_EVIDENCE_XAUUSD_1751328000,3,52.5,57.5,22.5,SLIPPAGE_BASE,6,15,258.5700000000006
FIRST_TRIANGLE_GOLD_EVIDENCE_XAUUSD_1751328000,3,52.5,57.5,22.5,SLIPPAGE_BASE,7,34,130.7499999999991
FIRST_TRIANGLE_GOLD_EVIDENCE_XAUUSD_1751328000,3,52.5,57.5,22.5,SLIPPAGE_BASE,8,19,-6.819999999999254
FIRST_TRIANGLE_GOLD_EVIDENCE_XAUUSD_1751328000,3,52.5,57.5,22.5,SLIPPAGE_BASE,9,9,-87.47999999999956
FIRST_TRIANGLE_GOLD_EVIDENCE_XAUUSD_1751328000,3,52.5,57.5,22.5,SLIPPAGE_BASE,10,18,191.30999999999813
FIRST_TRIANGLE_GOLD_EVIDENCE_XAUUSD_1751328000,3,52.5,57.5,22.5,SLIPPAGE_BASE,11,13,242.6399999999985
FIRST_TRIANGLE_GOLD_EVIDENCE_XAUUSD_1751328000,3,52.5,57.5,22.5,SLIPPAGE_BASE,12,16,-201.34999999999945
FIRST_TRIANGLE_GOLD_EVIDENCE_XAUUSD_1751328000,4,52.5,57.5,22.5,COMMISSION_PLUS_25,1,17,481.15999999999985
FIRST_TRIANGLE_GOLD_EVIDENCE_XAUUSD_1751328000,4,52.5,57.5,22.5,COMMISSION_PLUS_25,2,14,354.39000000000124
FIRST_TRIANGLE_GOLD_EVIDENCE_XAUUSD_1751328000,4,52.5,57.5,22.5,COMMISSION_PLUS_25,3,20,95.20999999999822
FIRST_TRIANGLE_GOLD_EVIDENCE_XAUUSD_1751328000,4,52.5,57.5,22.5,COMMISSION_PLUS_25,4,16,95.5699999999988
FIRST_TRIANGLE_GOLD_EVIDENCE_XAUUSD_1751328000,4,52.5,57.5,22.5,COMMISSION_PLUS_25,5,13,84.82999999999902
FIRST_TRIANGLE_GOLD_EVIDENCE_XAUUSD_1751328000,4,52.5,57.5,22.5,COMMISSION_PLUS_25,6,15,258.5700000000006
FIRST_TRIANGLE_GOLD_EVIDENCE_XAUUSD_1751328000,4,52.5,57.5,22.5,COMMISSION_PLUS_25,7,34,130.7499999999991
FIRST_TRIANGLE_GOLD_EVIDENCE_XAUUSD_1751328000,4,52.5,57.5,22.5,COMMISSION_PLUS_25,8,19,-6.819999999999254
FIRST_TRIANGLE_GOLD_EVIDENCE_XAUUSD_1751328000,4,52.5,57.5,22.5,COMMISSION_PLUS_25,9,9,-87.47999999999956
FIRST_TRIANGLE_GOLD_EVIDENCE_XAUUSD_1751328000,4,52.5,57.5,22.5,COMMISSION_PLUS_25,10,18,191.30999999999813
FIRST_TRIANGLE_GOLD_EVIDENCE_XAUUSD_1751328000,4,52.5,57.5,22.5,COMMISSION_PLUS_25,11,13,242.6399999999985
FIRST_TRIANGLE_GOLD_EVIDENCE_XAUUSD_1751328000,4,52.5,57.5,22.5,COMMISSION_PLUS_25,12,16,-201.34999999999945
FIRST_TRIANGLE_GOLD_EVIDENCE_XAUUSD_1751328000,5,52.5,57.5,22.5,COMBINED_STRESS,1,17,481.15999999999985
FIRST_TRIANGLE_GOLD_EVIDENCE_XAUUSD_1751328000,5,52.5,57.5,22.5,COMBINED_STRESS,2,14,354.39000000000124
FIRST_TRIANGLE_GOLD_EVIDENCE_XAUUSD_1751328000,5,52.5,57.5,22.5,COMBINED_STRESS,3,20,95.20999999999822
FIRST_TRIANGLE_GOLD_EVIDENCE_XAUUSD_1751328000,5,52.5,57.5,22.5,COMBINED_STRESS,4,16,95.5699999999988
FIRST_TRIANGLE_GOLD_EVIDENCE_XAUUSD_1751328000,5,52.5,57.5,22.5,COMBINED_STRESS,5,13,84.82999999999902
FIRST_TRIANGLE_GOLD_EVIDENCE_XAUUSD_1751328000,5,52.5,57.5,22.5,COMBINED_STRESS,6,15,258.5700000000006
FIRST_TRIANGLE_GOLD_EVIDENCE_XAUUSD_1751328000,5,52.5,57.5,22.5,COMBINED_STRESS,7,34,130.7499999999991
FIRST_TRIANGLE_GOLD_EVIDENCE_XAUUSD_1751328000,5,52.5,57.5,22.5,COMBINED_STRESS,8,19,-6.819999999999254
FIRST_TRIANGLE_GOLD_EVIDENCE_XAUUSD_1751328000,5,52.5,57.5,22.5,COMBINED_STRESS,9,9,-87.47999999999956
FIRST_TRIANGLE_GOLD_EVIDENCE_XAUUSD_1751328000,5,52.5,57.5,22.5,COMBINED_STRESS,10,18,191.30999999999813
FIRST_TRIANGLE_GOLD_EVIDENCE_XAUUSD_1751328000,5,52.5,57.5,22.5,COMBINED_STRESS,11,13,242.6399999999985
FIRST_TRIANGLE_GOLD_EVIDENCE_XAUUSD_1751328000,5,52.5,57.5,22.5,COMBINED_STRESS,12,16,-201.34999999999945
FIRST_TRIANGLE_GOLD_EVIDENCE_XAUUSD_1751328000,6,52.5,57.5,25.0,BASE,1,17,520.4800000000005
FIRST_TRIANGLE_GOLD_EVIDENCE_XAUUSD_1751328000,6,52.5,57.5,25.0,BASE,2,14,348.70000000000164
FIRST_TRIANGLE_GOLD_EVIDENCE_XAUUSD_1751328000,6,52.5,57.5,25.0,BASE,3,20,72.70999999999822
FIRST_TRIANGLE_GOLD_EVIDENCE_XAUUSD_1751328000,6,52.5,57.5,25.0,BASE,4,16,112.57999999999902
FIRST_TRIANGLE_GOLD_EVIDENCE_XAUUSD_1751328000,6,52.5,57.5,25.0,BASE,5,13,74.82999999999902
FIRST_TRIANGLE_GOLD_EVIDENCE_XAUUSD_1751328000,6,52.5,57.5,25.0,BASE,6,15,268.5500000000002
FIRST_TRIANGLE_GOLD_EVIDENCE_XAUUSD_1751328000,6,52.5,57.5,25.0,BASE,7,34,118.24999999999909
FIRST_TRIANGLE_GOLD_EVIDENCE_XAUUSD_1751328000,6,52.5,57.5,25.0,BASE,8,19,127.79000000000042
FIRST_TRIANGLE_GOLD_EVIDENCE_XAUUSD_1751328000,6,52.5,57.5,25.0,BASE,9,9,-87.47999999999956
FIRST_TRIANGLE_GOLD_EVIDENCE_XAUUSD_1751328000,6,52.5,57.5,25.0,BASE,10,18,201.05999999999813
FIRST_TRIANGLE_GOLD_EVIDENCE_XAUUSD_1751328000,6,52.5,57.5,25.0,BASE,11,13,235.4099999999985
FIRST_TRIANGLE_GOLD_EVIDENCE_XAUUSD_1751328000,6,52.5,57.5,25.0,BASE,12,16,-206.34999999999945
FIRST_TRIANGLE_GOLD_EVIDENCE_XAUUSD_1751328000,7,52.5,57.5,25.0,SPREAD_PLUS_25,1,17,520.4800000000005
FIRST_TRIANGLE_GOLD_EVIDENCE_XAUUSD_1751328000,7,52.5,57.5,25.0,SPREAD_PLUS_25,2,14,348.70000000000164
FIRST_TRIANGLE_GOLD_EVIDENCE_XAUUSD_1751328000,7,52.5,57.5,25.0,SPREAD_PLUS_25,3,20,72.70999999999822
FIRST_TRIANGLE_GOLD_EVIDENCE_XAUUSD_1751328000,7,52.5,57.5,25.0,SPREAD_PLUS_25,4,16,112.57999999999902
FIRST_TRIANGLE_GOLD_EVIDENCE_XAUUSD_1751328000,7,52.5,57.5,25.0,SPREAD_PLUS_25,5,13,74.82999999999902
FIRST_TRIANGLE_GOLD_EVIDENCE_XAUUSD_1751328000,7,52.5,57.5,25.0,SPREAD_PLUS_25,6,15,268.5500000000002
FIRST_TRIANGLE_GOLD_EVIDENCE_XAUUSD_1751328000,7,52.5,57.5,25.0,SPREAD_PLUS_25,7,34,118.24999999999909
FIRST_TRIANGLE_GOLD_EVIDENCE_XAUUSD_1751328000,7,52.5,57.5,25.0,SPREAD_PLUS_25,8,19,127.79000000000042
FIRST_TRIANGLE_GOLD_EVIDENCE_XAUUSD_1751328000,7,52.5,57.5,25.0,SPREAD_PLUS_25,9,9,-87.47999999999956
FIRST_TRIANGLE_GOLD_EVIDENCE_XAUUSD_1751328000,7,52.5,57.5,25.0,SPREAD_PLUS_25,10,18,201.05999999999813
FIRST_TRIANGLE_GOLD_EVIDENCE_XAUUSD_1751328000,7,52.5,57.5,25.0,SPREAD_PLUS_25,11,13,235.4099999999985
FIRST_TRIANGLE_GOLD_EVIDENCE_XAUUSD_1751328000,7,52.5,57.5,25.0,SPREAD_PLUS_25,12,16,-206.34999999999945
FIRST_TRIANGLE_GOLD_EVIDENCE_XAUUSD_1751328000,8,52.5,57.5,25.0,SPREAD_PLUS_50,1,17,520.4800000000005
FIRST_TRIANGLE_GOLD_EVIDENCE_XAUUSD_1751328000,8,52.5,57.5,25.0,SPREAD_PLUS_50,2,14,348.70000000000164
FIRST_TRIANGLE_GOLD_EVIDENCE_XAUUSD_1751328000,8,52.5,57.5,25.0,SPREAD_PLUS_50,3,20,72.70999999999822
FIRST_TRIANGLE_GOLD_EVIDENCE_XAUUSD_1751328000,8,52.5,57.5,25.0,SPREAD_PLUS_50,4,16,112.57999999999902
FIRST_TRIANGLE_GOLD_EVIDENCE_XAUUSD_1751328000,8,52.5,57.5,25.0,SPREAD_PLUS_50,5,13,74.82999999999902
FIRST_TRIANGLE_GOLD_EVIDENCE_XAUUSD_1751328000,8,52.5,57.5,25.0,SPREAD_PLUS_50,6,15,268.5500000000002
FIRST_TRIANGLE_GOLD_EVIDENCE_XAUUSD_1751328000,8,52.5,57.5,25.0,SPREAD_PLUS_50,7,34,118.24999999999909
FIRST_TRIANGLE_GOLD_EVIDENCE_XAUUSD_1751328000,8,52.5,57.5,25.0,SPREAD_PLUS_50,8,19,127.79000000000042
FIRST_TRIANGLE_GOLD_EVIDENCE_XAUUSD_1751328000,8,52.5,57.5,25.0,SPREAD_PLUS_50,9,9,-87.47999999999956
FIRST_TRIANGLE_GOLD_EVIDENCE_XAUUSD_1751328000,8,52.5,57.5,25.0,SPREAD_PLUS_50,10,18,201.05999999999813
FIRST_TRIANGLE_GOLD_EVIDENCE_XAUUSD_1751328000,8,52.5,57.5,25.0,SPREAD_PLUS_50,11,13,235.4099999999985
FIRST_TRIANGLE_GOLD_EVIDENCE_XAUUSD_1751328000,8,52.5,57.5,25.0,SPREAD_PLUS_50,12,16,-206.34999999999945
FIRST_TRIANGLE_GOLD_EVIDENCE_XAUUSD_1751328000,9,52.5,57.5,25.0,SLIPPAGE_BASE,1,17,520.4800000000005
FIRST_TRIANGLE_GOLD_EVIDENCE_XAUUSD_1751328000,9,52.5,57.5,25.0,SLIPPAGE_BASE,2,14,348.70000000000164
FIRST_TRIANGLE_GOLD_EVIDENCE_XAUUSD_1751328000,9,52.5,57.5,25.0,SLIPPAGE_BASE,3,20,72.70999999999822
FIRST_TRIANGLE_GOLD_EVIDENCE_XAUUSD_1751328000,9,52.5,57.5,25.0,SLIPPAGE_BASE,4,16,112.57999999999902
FIRST_TRIANGLE_GOLD_EVIDENCE_XAUUSD_1751328000,9,52.5,57.5,25.0,SLIPPAGE_BASE,5,13,74.82999999999902
FIRST_TRIANGLE_GOLD_EVIDENCE_XAUUSD_1751328000,9,52.5,57.5,25.0,SLIPPAGE_BASE,6,15,268.5500000000002
FIRST_TRIANGLE_GOLD_EVIDENCE_XAUUSD_1751328000,9,52.5,57.5,25.0,SLIPPAGE_BASE,7,34,118.24999999999909
FIRST_TRIANGLE_GOLD_EVIDENCE_XAUUSD_1751328000,9,52.5,57.5,25.0,SLIPPAGE_BASE,8,19,127.79000000000042
FIRST_TRIANGLE_GOLD_EVIDENCE_XAUUSD_1751328000,9,52.5,57.5,25.0,SLIPPAGE_BASE,9,9,-87.47999999999956
FIRST_TRIANGLE_GOLD_EVIDENCE_XAUUSD_1751328000,9,52.5,57.5,25.0,SLIPPAGE_BASE,10,18,201.05999999999813
FIRST_TRIANGLE_GOLD_EVIDENCE_XAUUSD_1751328000,9,52.5,57.5,25.0,SLIPPAGE_BASE,11,13,235.4099999999985
FIRST_TRIANGLE_GOLD_EVIDENCE_XAUUSD_1751328000,9,52.5,57.5,25.0,SLIPPAGE_BASE,12,16,-206.34999999999945
FIRST_TRIANGLE_GOLD_EVIDENCE_XAUUSD_1751328000,10,52.5,57.5,25.0,COMMISSION_PLUS_25,1,17,520.4800000000005
FIRST_TRIANGLE_GOLD_EVIDENCE_XAUUSD_1751328000,10,52.5,57.5,25.0,COMMISSION_PLUS_25,2,14,348.70000000000164
FIRST_TRIANGLE_GOLD_EVIDENCE_XAUUSD_1751328000,10,52.5,57.5,25.0,COMMISSION_PLUS_25,3,20,72.70999999999822
FIRST_TRIANGLE_GOLD_EVIDENCE_XAUUSD_1751328000,10,52.5,57.5,25.0,COMMISSION_PLUS_25,4,16,112.57999999999902
FIRST_TRIANGLE_GOLD_EVIDENCE_XAUUSD_1751328000,10,52.5,57.5,25.0,COMMISSION_PLUS_25,5,13,74.82999999999902
FIRST_TRIANGLE_GOLD_EVIDENCE_XAUUSD_1751328000,10,52.5,57.5,25.0,COMMISSION_PLUS_25,6,15,268.5500000000002
FIRST_TRIANGLE_GOLD_EVIDENCE_XAUUSD_1751328000,10,52.5,57.5,25.0,COMMISSION_PLUS_25,7,34,118.24999999999909
FIRST_TRIANGLE_GOLD_EVIDENCE_XAUUSD_1751328000,10,52.5,57.5,25.0,COMMISSION_PLUS_25,8,19,127.79000000000042
FIRST_TRIANGLE_GOLD_EVIDENCE_XAUUSD_1751328000,10,52.5,57.5,25.0,COMMISSION_PLUS_25,9,9,-87.47999999999956
FIRST_TRIANGLE_GOLD_EVIDENCE_XAUUSD_1751328000,10,52.5,57.5,25.0,COMMISSION_PLUS_25,10,18,201.05999999999813
FIRST_TRIANGLE_GOLD_EVIDENCE_XAUUSD_1751328000,10,52.5,57.5,25.0,COMMISSION_PLUS_25,11,13,235.4099999999985
FIRST_TRIANGLE_GOLD_EVIDENCE_XAUUSD_1751328000,10,52.5,57.5,25.0,COMMISSION_PLUS_25,12,16,-206.34999999999945
FIRST_TRIANGLE_GOLD_EVIDENCE_XAUUSD_1751328000,11,52.5,57.5,25.0,COMBINED_STRESS,1,17,520.4800000000005
FIRST_TRIANGLE_GOLD_EVIDENCE_XAUUSD_1751328000,11,52.5,57.5,25.0,COMBINED_STRESS,2,14,348.70000000000164
FIRST_TRIANGLE_GOLD_EVIDENCE_XAUUSD_1751328000,11,52.5,57.5,25.0,COMBINED_STRESS,3,20,72.70999999999822
FIRST_TRIANGLE_GOLD_EVIDENCE_XAUUSD_1751328000,11,52.5,57.5,25.0,COMBINED_STRESS,4,16,112.57999999999902
FIRST_TRIANGLE_GOLD_EVIDENCE_XAUUSD_1751328000,11,52.5,57.5,25.0,COMBINED_STRESS,5,13,74.82999999999902
FIRST_TRIANGLE_GOLD_EVIDENCE_XAUUSD_1751328000,11,52.5,57.5,25.0,COMBINED_STRESS,6,15,268.5500000000002
FIRST_TRIANGLE_GOLD_EVIDENCE_XAUUSD_1751328000,11,52.5,57.5,25.0,COMBINED_STRESS,7,34,118.24999999999909
FIRST_TRIANGLE_GOLD_EVIDENCE_XAUUSD_1751328000,11,52.5,57.5,25.0,COMBINED_STRESS,8,19,127.79000000000042
FIRST_TRIANGLE_GOLD_EVIDENCE_XAUUSD_1751328000,11,52.5,57.5,25.0,COMBINED_STRESS,9,9,-87.47999999999956
FIRST_TRIANGLE_GOLD_EVIDENCE_XAUUSD_1751328000,11,52.5,57.5,25.0,COMBINED_STRESS,10,18,201.05999999999813
FIRST_TRIANGLE_GOLD_EVIDENCE_XAUUSD_1751328000,11,52.5,57.5,25.0,COMBINED_STRESS,11,13,235.4099999999985
FIRST_TRIANGLE_GOLD_EVIDENCE_XAUUSD_1751328000,11,52.5,57.5,25.0,COMBINED_STRESS,12,16,-206.34999999999945
FIRST_TRIANGLE_GOLD_EVIDENCE_XAUUSD_1751328000,12,52.5,57.5,27.5,BASE,1,17,495.4800000000005
FIRST_TRIANGLE_GOLD_EVIDENCE_XAUUSD_1751328000,12,52.5,57.5,27.5,BASE,2,14,328.70000000000164
FIRST_TRIANGLE_GOLD_EVIDENCE_XAUUSD_1751328000,12,52.5,57.5,27.5,BASE,3,20,50.20999999999822
FIRST_TRIANGLE_GOLD_EVIDENCE_XAUUSD_1751328000,12,52.5,57.5,27.5,BASE,4,16,150.95999999999913
FIRST_TRIANGLE_GOLD_EVIDENCE_XAUUSD_1751328000,12,52.5,57.5,27.5,BASE,5,13,64.82999999999902
FIRST_TRIANGLE_GOLD_EVIDENCE_XAUUSD_1751328000,12,52.5,57.5,27.5,BASE,6,15,248.55000000000018
FIRST_TRIANGLE_GOLD_EVIDENCE_XAUUSD_1751328000,12,52.5,57.5,27.5,BASE,7,34,124.26999999999907
FIRST_TRIANGLE_GOLD_EVIDENCE_XAUUSD_1751328000,12,52.5,57.5,27.5,BASE,8,19,122.79000000000042
FIRST_TRIANGLE_GOLD_EVIDENCE_XAUUSD_1751328000,12,52.5,57.5,27.5,BASE,9,9,-87.47999999999956
FIRST_TRIANGLE_GOLD_EVIDENCE_XAUUSD_1751328000,12,52.5,57.5,27.5,BASE,10,18,181.80999999999813
FIRST_TRIANGLE_GOLD_EVIDENCE_XAUUSD_1751328000,12,52.5,57.5,27.5,BASE,11,13,222.9099999999985
FIRST_TRIANGLE_GOLD_EVIDENCE_XAUUSD_1751328000,12,52.5,57.5,27.5,BASE,12,16,-211.34999999999945
FIRST_TRIANGLE_GOLD_EVIDENCE_XAUUSD_1751328000,13,52.5,57.5,27.5,SPREAD_PLUS_25,1,17,495.4800000000005
FIRST_TRIANGLE_GOLD_EVIDENCE_XAUUSD_1751328000,13,52.5,57.5,27.5,SPREAD_PLUS_25,2,14,328.70000000000164
FIRST_TRIANGLE_GOLD_EVIDENCE_XAUUSD_1751328000,13,52.5,57.5,27.5,SPREAD_PLUS_25,3,20,50.20999999999822
FIRST_TRIANGLE_GOLD_EVIDENCE_XAUUSD_1751328000,13,52.5,57.5,27.5,SPREAD_PLUS_25,4,16,150.95999999999913
FIRST_TRIANGLE_GOLD_EVIDENCE_XAUUSD_1751328000,13,52.5,57.5,27.5,SPREAD_PLUS_25,5,13,64.82999999999902
FIRST_TRIANGLE_GOLD_EVIDENCE_XAUUSD_1751328000,13,52.5,57.5,27.5,SPREAD_PLUS_25,6,15,248.55000000000018
FIRST_TRIANGLE_GOLD_EVIDENCE_XAUUSD_1751328000,13,52.5,57.5,27.5,SPREAD_PLUS_25,7,34,124.26999999999907
FIRST_TRIANGLE_GOLD_EVIDENCE_XAUUSD_1751328000,13,52.5,57.5,27.5,SPREAD_PLUS_25,8,19,122.79000000000042
FIRST_TRIANGLE_GOLD_EVIDENCE_XAUUSD_1751328000,13,52.5,57.5,27.5,SPREAD_PLUS_25,9,9,-87.47999999999956
FIRST_TRIANGLE_GOLD_EVIDENCE_XAUUSD_1751328000,13,52.5,57.5,27.5,SPREAD_PLUS_25,10,18,181.80999999999813
FIRST_TRIANGLE_GOLD_EVIDENCE_XAUUSD_1751328000,13,52.5,57.5,27.5,SPREAD_PLUS_25,11,13,222.9099999999985
FIRST_TRIANGLE_GOLD_EVIDENCE_XAUUSD_1751328000,13,52.5,57.5,27.5,SPREAD_PLUS_25,12,16,-211.34999999999945
FIRST_TRIANGLE_GOLD_EVIDENCE_XAUUSD_1751328000,14,52.5,57.5,27.5,SPREAD_PLUS_50,1,17,495.4800000000005
FIRST_TRIANGLE_GOLD_EVIDENCE_XAUUSD_1751328000,14,52.5,57.5,27.5,SPREAD_PLUS_50,2,14,328.70000000000164
FIRST_TRIANGLE_GOLD_EVIDENCE_XAUUSD_1751328000,14,52.5,57.5,27.5,SPREAD_PLUS_50,3,20,50.20999999999822
FIRST_TRIANGLE_GOLD_EVIDENCE_XAUUSD_1751328000,14,52.5,57.5,27.5,SPREAD_PLUS_50,4,16,150.95999999999913
FIRST_TRIANGLE_GOLD_EVIDENCE_XAUUSD_1751328000,14,52.5,57.5,27.5,SPREAD_PLUS_50,5,13,64.82999999999902
FIRST_TRIANGLE_GOLD_EVIDENCE_XAUUSD_1751328000,14,52.5,57.5,27.5,SPREAD_PLUS_50,6,15,248.55000000000018
FIRST_TRIANGLE_GOLD_EVIDENCE_XAUUSD_1751328000,14,52.5,57.5,27.5,SPREAD_PLUS_50,7,34,124.26999999999907
FIRST_TRIANGLE_GOLD_EVIDENCE_XAUUSD_1751328000,14,52.5,57.5,27.5,SPREAD_PLUS_50,8,19,122.79000000000042
FIRST_TRIANGLE_GOLD_EVIDENCE_XAUUSD_1751328000,14,52.5,57.5,27.5,SPREAD_PLUS_50,9,9,-87.47999999999956
FIRST_TRIANGLE_GOLD_EVIDENCE_XAUUSD_1751328000,14,52.5,57.5,27.5,SPREAD_PLUS_50,10,18,181.80999999999813
FIRST_TRIANGLE_GOLD_EVIDENCE_XAUUSD_1751328000,14,52.5,57.5,27.5,SPREAD_PLUS_50,11,13,222.9099999999985
FIRST_TRIANGLE_GOLD_EVIDENCE_XAUUSD_1751328000,14,52.5,57.5,27.5,SPREAD_PLUS_50,12,16,-211.34999999999945
FIRST_TRIANGLE_GOLD_EVIDENCE_XAUUSD_1751328000,15,52.5,57.5,27.5,SLIPPAGE_BASE,1,17,495.4800000000005
FIRST_TRIANGLE_GOLD_EVIDENCE_XAUUSD_1751328000,15,52.5,57.5,27.5,SLIPPAGE_BASE,2,14,328.70000000000164
FIRST_TRIANGLE_GOLD_EVIDENCE_XAUUSD_1751328000,15,52.5,57.5,27.5,SLIPPAGE_BASE,3,20,50.20999999999822
FIRST_TRIANGLE_GOLD_EVIDENCE_XAUUSD_1751328000,15,52.5,57.5,27.5,SLIPPAGE_BASE,4,16,150.95999999999913
FIRST_TRIANGLE_GOLD_EVIDENCE_XAUUSD_1751328000,15,52.5,57.5,27.5,SLIPPAGE_BASE,5,13,64.82999999999902
FIRST_TRIANGLE_GOLD_EVIDENCE_XAUUSD_1751328000,15,52.5,57.5,27.5,SLIPPAGE_BASE,6,15,248.55000000000018
FIRST_TRIANGLE_GOLD_EVIDENCE_XAUUSD_1751328000,15,52.5,57.5,27.5,SLIPPAGE_BASE,7,34,124.26999999999907
FIRST_TRIANGLE_GOLD_EVIDENCE_XAUUSD_1751328000,15,52.5,57.5,27.5,SLIPPAGE_BASE,8,19,122.79000000000042
FIRST_TRIANGLE_GOLD_EVIDENCE_XAUUSD_1751328000,15,52.5,57.5,27.5,SLIPPAGE_BASE,9,9,-87.47999999999956
FIRST_TRIANGLE_GOLD_EVIDENCE_XAUUSD_1751328000,15,52.5,57.5,27.5,SLIPPAGE_BASE,10,18,181.80999999999813
FIRST_TRIANGLE_GOLD_EVIDENCE_XAUUSD_1751328000,15,52.5,57.5,27.5,SLIPPAGE_BASE,11,13,222.9099999999985
FIRST_TRIANGLE_GOLD_EVIDENCE_XAUUSD_1751328000,15,52.5,57.5,27.5,SLIPPAGE_BASE,12,16,-211.34999999999945
FIRST_TRIANGLE_GOLD_EVIDENCE_XAUUSD_1751328000,16,52.5,57.5,27.5,COMMISSION_PLUS_25,1,17,495.4800000000005
FIRST_TRIANGLE_GOLD_EVIDENCE_XAUUSD_1751328000,16,52.5,57.5,27.5,COMMISSION_PLUS_25,2,14,328.70000000000164
FIRST_TRIANGLE_GOLD_EVIDENCE_XAUUSD_1751328000,16,52.5,57.5,27.5,COMMISSION_PLUS_25,3,20,50.20999999999822
FIRST_TRIANGLE_GOLD_EVIDENCE_XAUUSD_1751328000,16,52.5,57.5,27.5,COMMISSION_PLUS_25,4,16,150.95999999999913
FIRST_TRIANGLE_GOLD_EVIDENCE_XAUUSD_1751328000,16,52.5,57.5,27.5,COMMISSION_PLUS_25,5,13,64.82999999999902
FIRST_TRIANGLE_GOLD_EVIDENCE_XAUUSD_1751328000,16,52.5,57.5,27.5,COMMISSION_PLUS_25,6,15,248.55000000000018
FIRST_TRIANGLE_GOLD_EVIDENCE_XAUUSD_1751328000,16,52.5,57.5,27.5,COMMISSION_PLUS_25,7,34,124.26999999999907
FIRST_TRIANGLE_GOLD_EVIDENCE_XAUUSD_1751328000,16,52.5,57.5,27.5,COMMISSION_PLUS_25,8,19,122.79000000000042
FIRST_TRIANGLE_GOLD_EVIDENCE_XAUUSD_1751328000,16,52.5,57.5,27.5,COMMISSION_PLUS_25,9,9,-87.47999999999956
FIRST_TRIANGLE_GOLD_EVIDENCE_XAUUSD_1751328000,16,52.5,57.5,27.5,COMMISSION_PLUS_25,10,18,181.80999999999813
FIRST_TRIANGLE_GOLD_EVIDENCE_XAUUSD_1751328000,16,52.5,57.5,27.5,COMMISSION_PLUS_25,11,13,222.9099999999985
FIRST_TRIANGLE_GOLD_EVIDENCE_XAUUSD_1751328000,16,52.5,57.5,27.5,COMMISSION_PLUS_25,12,16,-211.34999999999945
FIRST_TRIANGLE_GOLD_EVIDENCE_XAUUSD_1751328000,17,52.5,57.5,27.5,COMBINED_STRESS,1,17,495.4800000000005
FIRST_TRIANGLE_GOLD_EVIDENCE_XAUUSD_1751328000,17,52.5,57.5,27.5,COMBINED_STRESS,2,14,328.70000000000164
FIRST_TRIANGLE_GOLD_EVIDENCE_XAUUSD_1751328000,17,52.5,57.5,27.5,COMBINED_STRESS,3,20,50.20999999999822
FIRST_TRIANGLE_GOLD_EVIDENCE_XAUUSD_1751328000,17,52.5,57.5,27.5,COMBINED_STRESS,4,16,150.95999999999913
FIRST_TRIANGLE_GOLD_EVIDENCE_XAUUSD_1751328000,17,52.5,57.5,27.5,COMBINED_STRESS,5,13,64.82999999999902
FIRST_TRIANGLE_GOLD_EVIDENCE_XAUUSD_1751328000,17,52.5,57.5,27.5,COMBINED_STRESS,6,15,248.55000000000018
FIRST_TRIANGLE_GOLD_EVIDENCE_XAUUSD_1751328000,17,52.5,57.5,27.5,COMBINED_STRESS,7,34,124.26999999999907
FIRST_TRIANGLE_GOLD_EVIDENCE_XAUUSD_1751328000,17,52.5,57.5,27.5,COMBINED_STRESS,8,19,122.79000000000042
FIRST_TRIANGLE_GOLD_EVIDENCE_XAUUSD_1751328000,17,52.5,57.5,27.5,COMBINED_STRESS,9,9,-87.47999999999956
FIRST_TRIANGLE_GOLD_EVIDENCE_XAUUSD_1751328000,17,52.5,57.5,27.5,COMBINED_STRESS,10,18,181.80999999999813
FIRST_TRIANGLE_GOLD_EVIDENCE_XAUUSD_1751328000,17,52.5,57.5,27.5,COMBINED_STRESS,11,13,222.9099999999985
FIRST_TRIANGLE_GOLD_EVIDENCE_XAUUSD_1751328000,17,52.5,57.5,27.5,COMBINED_STRESS,12,16,-211.34999999999945
FIRST_TRIANGLE_GOLD_EVIDENCE_XAUUSD_1751328000,18,52.5,57.5,30.0,BASE,1,17,624.8900000000012
FIRST_TRIANGLE_GOLD_EVIDENCE_XAUUSD_1751328000,18,52.5,57.5,30.0,BASE,2,14,308.70000000000164
FIRST_TRIANGLE_GOLD_EVIDENCE_XAUUSD_1751328000,18,52.5,57.5,30.0,BASE,3,20,31.959999999998217
FIRST_TRIANGLE_GOLD_EVIDENCE_XAUUSD_1751328000,18,52.5,57.5,30.0,BASE,4,16,135.95999999999913
FIRST_TRIANGLE_GOLD_EVIDENCE_XAUUSD_1751328000,18,52.5,57.5,30.0,BASE,5,13,54.82999999999902
FIRST_TRIANGLE_GOLD_EVIDENCE_XAUUSD_1751328000,18,52.5,57.5,30.0,BASE,6,15,241.1199999999999
FIRST_TRIANGLE_GOLD_EVIDENCE_XAUUSD_1751328000,18,52.5,57.5,30.0,BASE,7,34,111.76999999999907
FIRST_TRIANGLE_GOLD_EVIDENCE_XAUUSD_1751328000,18,52.5,57.5,30.0,BASE,8,19,117.79000000000042
FIRST_TRIANGLE_GOLD_EVIDENCE_XAUUSD_1751328000,18,52.5,57.5,30.0,BASE,9,9,-87.47999999999956
FIRST_TRIANGLE_GOLD_EVIDENCE_XAUUSD_1751328000,18,52.5,57.5,30.0,BASE,10,18,159.30999999999813
FIRST_TRIANGLE_GOLD_EVIDENCE_XAUUSD_1751328000,18,52.5,57.5,30.0,BASE,11,13,210.4099999999985
FIRST_TRIANGLE_GOLD_EVIDENCE_XAUUSD_1751328000,18,52.5,57.5,30.0,BASE,12,16,-216.34999999999945
FIRST_TRIANGLE_GOLD_EVIDENCE_XAUUSD_1751328000,19,52.5,57.5,30.0,SPREAD_PLUS_25,1,17,624.8900000000012
FIRST_TRIANGLE_GOLD_EVIDENCE_XAUUSD_1751328000,19,52.5,57.5,30.0,SPREAD_PLUS_25,2,14,308.70000000000164
FIRST_TRIANGLE_GOLD_EVIDENCE_XAUUSD_1751328000,19,52.5,57.5,30.0,SPREAD_PLUS_25,3,20,31.959999999998217
FIRST_TRIANGLE_GOLD_EVIDENCE_XAUUSD_1751328000,19,52.5,57.5,30.0,SPREAD_PLUS_25,4,16,135.95999999999913
FIRST_TRIANGLE_GOLD_EVIDENCE_XAUUSD_1751328000,19,52.5,57.5,30.0,SPREAD_PLUS_25,5,13,54.82999999999902
FIRST_TRIANGLE_GOLD_EVIDENCE_XAUUSD_1751328000,19,52.5,57.5,30.0,SPREAD_PLUS_25,6,15,241.1199999999999
FIRST_TRIANGLE_GOLD_EVIDENCE_XAUUSD_1751328000,19,52.5,57.5,30.0,SPREAD_PLUS_25,7,34,111.76999999999907
FIRST_TRIANGLE_GOLD_EVIDENCE_XAUUSD_1751328000,19,52.5,57.5,30.0,SPREAD_PLUS_25,8,19,117.79000000000042
FIRST_TRIANGLE_GOLD_EVIDENCE_XAUUSD_1751328000,19,52.5,57.5,30.0,SPREAD_PLUS_25,9,9,-87.47999999999956
FIRST_TRIANGLE_GOLD_EVIDENCE_XAUUSD_1751328000,19,52.5,57.5,30.0,SPREAD_PLUS_25,10,18,159.30999999999813
FIRST_TRIANGLE_GOLD_EVIDENCE_XAUUSD_1751328000,19,52.5,57.5,30.0,SPREAD_PLUS_25,11,13,210.4099999999985
FIRST_TRIANGLE_GOLD_EVIDENCE_XAUUSD_1751328000,19,52.5,57.5,30.0,SPREAD_PLUS_25,12,16,-216.34999999999945
FIRST_TRIANGLE_GOLD_EVIDENCE_XAUUSD_1751328000,20,52.5,57.5,30.0,SPREAD_PLUS_50,1,17,624.8900000000012
FIRST_TRIANGLE_GOLD_EVIDENCE_XAUUSD_1751328000,20,52.5,57.5,30.0,SPREAD_PLUS_50,2,14,308.70000000000164
FIRST_TRIANGLE_GOLD_EVIDENCE_XAUUSD_1751328000,20,52.5,57.5,30.0,SPREAD_PLUS_50,3,20,31.959999999998217
FIRST_TRIANGLE_GOLD_EVIDENCE_XAUUSD_1751328000,20,52.5,57.5,30.0,SPREAD_PLUS_50,4,16,135.95999999999913
FIRST_TRIANGLE_GOLD_EVIDENCE_XAUUSD_1751328000,20,52.5,57.5,30.0,SPREAD_PLUS_50,5,13,54.82999999999902
FIRST_TRIANGLE_GOLD_EVIDENCE_XAUUSD_1751328000,20,52.5,57.5,30.0,SPREAD_PLUS_50,6,15,241.1199999999999
FIRST_TRIANGLE_GOLD_EVIDENCE_XAUUSD_1751328000,20,52.5,57.5,30.0,SPREAD_PLUS_50,7,34,111.76999999999907
FIRST_TRIANGLE_GOLD_EVIDENCE_XAUUSD_1751328000,20,52.5,57.5,30.0,SPREAD_PLUS_50,8,19,117.79000000000042
FIRST_TRIANGLE_GOLD_EVIDENCE_XAUUSD_1751328000,20,52.5,57.5,30.0,SPREAD_PLUS_50,9,9,-87.47999999999956
FIRST_TRIANGLE_GOLD_EVIDENCE_XAUUSD_1751328000,20,52.5,57.5,30.0,SPREAD_PLUS_50,10,18,159.30999999999813
FIRST_TRIANGLE_GOLD_EVIDENCE_XAUUSD_1751328000,20,52.5,57.5,30.0,SPREAD_PLUS_50,11,13,210.4099999999985
FIRST_TRIANGLE_GOLD_EVIDENCE_XAUUSD_1751328000,20,52.5,57.5,30.0,SPREAD_PLUS_50,12,16,-216.34999999999945
FIRST_TRIANGLE_GOLD_EVIDENCE_XAUUSD_1751328000,21,52.5,57.5,30.0,SLIPPAGE_BASE,1,17,624.8900000000012
FIRST_TRIANGLE_GOLD_EVIDENCE_XAUUSD_1751328000,21,52.5,57.5,30.0,SLIPPAGE_BASE,2,14,308.70000000000164
FIRST_TRIANGLE_GOLD_EVIDENCE_XAUUSD_1751328000,21,52.5,57.5,30.0,SLIPPAGE_BASE,3,20,31.959999999998217
FIRST_TRIANGLE_GOLD_EVIDENCE_XAUUSD_1751328000,21,52.5,57.5,30.0,SLIPPAGE_BASE,4,16,135.95999999999913
FIRST_TRIANGLE_GOLD_EVIDENCE_XAUUSD_1751328000,21,52.5,57.5,30.0,SLIPPAGE_BASE,5,13,54.82999999999902
FIRST_TRIANGLE_GOLD_EVIDENCE_XAUUSD_1751328000,21,52.5,57.5,30.0,SLIPPAGE_BASE,6,15,241.1199999999999
FIRST_TRIANGLE_GOLD_EVIDENCE_XAUUSD_1751328000,21,52.5,57.5,30.0,SLIPPAGE_BASE,7,34,111.76999999999907
FIRST_TRIANGLE_GOLD_EVIDENCE_XAUUSD_1751328000,21,52.5,57.5,30.0,SLIPPAGE_BASE,8,19,117.79000000000042
FIRST_TRIANGLE_GOLD_EVIDENCE_XAUUSD_1751328000,21,52.5,57.5,30.0,SLIPPAGE_BASE,9,9,-87.47999999999956
FIRST_TRIANGLE_GOLD_EVIDENCE_XAUUSD_1751328000,21,52.5,57.5,30.0,SLIPPAGE_BASE,10,18,159.30999999999813
FIRST_TRIANGLE_GOLD_EVIDENCE_XAUUSD_1751328000,21,52.5,57.5,30.0,SLIPPAGE_BASE,11,13,210.4099999999985
FIRST_TRIANGLE_GOLD_EVIDENCE_XAUUSD_1751328000,21,52.5,57.5,30.0,SLIPPAGE_BASE,12,16,-216.34999999999945
FIRST_TRIANGLE_GOLD_EVIDENCE_XAUUSD_1751328000,22,52.5,57.5,30.0,COMMISSION_PLUS_25,1,17,624.8900000000012
FIRST_TRIANGLE_GOLD_EVIDENCE_XAUUSD_1751328000,22,52.5,57.5,30.0,COMMISSION_PLUS_25,2,14,308.70000000000164
FIRST_TRIANGLE_GOLD_EVIDENCE_XAUUSD_1751328000,22,52.5,57.5,30.0,COMMISSION_PLUS_25,3,20,31.959999999998217
FIRST_TRIANGLE_GOLD_EVIDENCE_XAUUSD_1751328000,22,52.5,57.5,30.0,COMMISSION_PLUS_25,4,16,135.95999999999913
FIRST_TRIANGLE_GOLD_EVIDENCE_XAUUSD_1751328000,22,52.5,57.5,30.0,COMMISSION_PLUS_25,5,13,54.82999999999902
FIRST_TRIANGLE_GOLD_EVIDENCE_XAUUSD_1751328000,22,52.5,57.5,30.0,COMMISSION_PLUS_25,6,15,241.1199999999999
FIRST_TRIANGLE_GOLD_EVIDENCE_XAUUSD_1751328000,22,52.5,57.5,30.0,COMMISSION_PLUS_25,7,34,111.76999999999907
FIRST_TRIANGLE_GOLD_EVIDENCE_XAUUSD_1751328000,22,52.5,57.5,30.0,COMMISSION_PLUS_25,8,19,117.79000000000042
FIRST_TRIANGLE_GOLD_EVIDENCE_XAUUSD_1751328000,22,52.5,57.5,30.0,COMMISSION_PLUS_25,9,9,-87.47999999999956
FIRST_TRIANGLE_GOLD_EVIDENCE_XAUUSD_1751328000,22,52.5,57.5,30.0,COMMISSION_PLUS_25,10,18,159.30999999999813
FIRST_TRIANGLE_GOLD_EVIDENCE_XAUUSD_1751328000,22,52.5,57.5,30.0,COMMISSION_PLUS_25,11,13,210.4099999999985
FIRST_TRIANGLE_GOLD_EVIDENCE_XAUUSD_1751328000,22,52.5,57.5,30.0,COMMISSION_PLUS_25,12,16,-216.34999999999945
FIRST_TRIANGLE_GOLD_EVIDENCE_XAUUSD_1751328000,23,52.5,57.5,30.0,COMBINED_STRESS,1,17,624.8900000000012
FIRST_TRIANGLE_GOLD_EVIDENCE_XAUUSD_1751328000,23,52.5,57.5,30.0,COMBINED_STRESS,2,14,308.70000000000164
FIRST_TRIANGLE_GOLD_EVIDENCE_XAUUSD_1751328000,23,52.5,57.5,30.0,COMBINED_STRESS,3,20,31.959999999998217
FIRST_TRIANGLE_GOLD_EVIDENCE_XAUUSD_1751328000,23,52.5,57.5,30.0,COMBINED_STRESS,4,16,135.95999999999913
FIRST_TRIANGLE_GOLD_EVIDENCE_XAUUSD_1751328000,23,52.5,57.5,30.0,COMBINED_STRESS,5,13,54.82999999999902
FIRST_TRIANGLE_GOLD_EVIDENCE_XAUUSD_1751328000,23,52.5,57.5,30.0,COMBINED_STRESS,6,15,241.1199999999999
FIRST_TRIANGLE_GOLD_EVIDENCE_XAUUSD_1751328000,23,52.5,57.5,30.0,COMBINED_STRESS,7,34,111.76999999999907
FIRST_TRIANGLE_GOLD_EVIDENCE_XAUUSD_1751328000,23,52.5,57.5,30.0,COMBINED_STRESS,8,19,117.79000000000042
FIRST_TRIANGLE_GOLD_EVIDENCE_XAUUSD_1751328000,23,52.5,57.5,30.0,COMBINED_STRESS,9,9,-87.47999999999956
FIRST_TRIANGLE_GOLD_EVIDENCE_XAUUSD_1751328000,23,52.5,57.5,30.0,COMBINED_STRESS,10,18,159.30999999999813
FIRST_TRIANGLE_GOLD_EVIDENCE_XAUUSD_1751328000,23,52.5,57.5,30.0,COMBINED_STRESS,11,13,210.4099999999985
FIRST_TRIANGLE_GOLD_EVIDENCE_XAUUSD_1751328000,23,52.5,57.5,30.0,COMBINED_STRESS,12,16,-216.34999999999945
FIRST_TRIANGLE_GOLD_EVIDENCE_XAUUSD_1751328000,24,52.5,57.5,32.5,BASE,1,17,599.9100000000008
FIRST_TRIANGLE_GOLD_EVIDENCE_XAUUSD_1751328000,24,52.5,57.5,32.5,BASE,2,14,288.70000000000164
FIRST_TRIANGLE_GOLD_EVIDENCE_XAUUSD_1751328000,24,52.5,57.5,32.5,BASE,3,20,17.849999999998545
FIRST_TRIANGLE_GOLD_EVIDENCE_XAUUSD_1751328000,24,52.5,57.5,32.5,BASE,4,16,120.95999999999913
FIRST_TRIANGLE_GOLD_EVIDENCE_XAUUSD_1751328000,24,52.5,57.5,32.5,BASE,5,13,96.85999999999967
FIRST_TRIANGLE_GOLD_EVIDENCE_XAUUSD_1751328000,24,52.5,57.5,32.5,BASE,6,15,221.1199999999999
FIRST_TRIANGLE_GOLD_EVIDENCE_XAUUSD_1751328000,24,52.5,57.5,32.5,BASE,7,34,99.26999999999907
FIRST_TRIANGLE_GOLD_EVIDENCE_XAUUSD_1751328000,24,52.5,57.5,32.5,BASE,8,19,112.79000000000042
FIRST_TRIANGLE_GOLD_EVIDENCE_XAUUSD_1751328000,24,52.5,57.5,32.5,BASE,9,9,-87.47999999999956
FIRST_TRIANGLE_GOLD_EVIDENCE_XAUUSD_1751328000,24,52.5,57.5,32.5,BASE,10,18,136.80999999999813
FIRST_TRIANGLE_GOLD_EVIDENCE_XAUUSD_1751328000,24,52.5,57.5,32.5,BASE,11,13,240.88999999999805
FIRST_TRIANGLE_GOLD_EVIDENCE_XAUUSD_1751328000,24,52.5,57.5,32.5,BASE,12,16,-221.34999999999945
FIRST_TRIANGLE_GOLD_EVIDENCE_XAUUSD_1751328000,25,52.5,57.5,32.5,SPREAD_PLUS_25,1,17,599.9100000000008
FIRST_TRIANGLE_GOLD_EVIDENCE_XAUUSD_1751328000,25,52.5,57.5,32.5,SPREAD_PLUS_25,2,14,288.70000000000164
FIRST_TRIANGLE_GOLD_EVIDENCE_XAUUSD_1751328000,25,52.5,57.5,32.5,SPREAD_PLUS_25,3,20,17.849999999998545
FIRST_TRIANGLE_GOLD_EVIDENCE_XAUUSD_1751328000,25,52.5,57.5,32.5,SPREAD_PLUS_25,4,16,120.95999999999913
FIRST_TRIANGLE_GOLD_EVIDENCE_XAUUSD_1751328000,25,52.5,57.5,32.5,SPREAD_PLUS_25,5,13,96.85999999999967
FIRST_TRIANGLE_GOLD_EVIDENCE_XAUUSD_1751328000,25,52.5,57.5,32.5,SPREAD_PLUS_25,6,15,221.1199999999999
FIRST_TRIANGLE_GOLD_EVIDENCE_XAUUSD_1751328000,25,52.5,57.5,32.5,SPREAD_PLUS_25,7,34,99.26999999999907
FIRST_TRIANGLE_GOLD_EVIDENCE_XAUUSD_1751328000,25,52.5,57.5,32.5,SPREAD_PLUS_25,8,19,112.79000000000042
FIRST_TRIANGLE_GOLD_EVIDENCE_XAUUSD_1751328000,25,52.5,57.5,32.5,SPREAD_PLUS_25,9,9,-87.47999999999956
FIRST_TRIANGLE_GOLD_EVIDENCE_XAUUSD_1751328000,25,52.5,57.5,32.5,SPREAD_PLUS_25,10,18,136.80999999999813
FIRST_TRIANGLE_GOLD_EVIDENCE_XAUUSD_1751328000,25,52.5,57.5,32.5,SPREAD_PLUS_25,11,13,240.88999999999805
FIRST_TRIANGLE_GOLD_EVIDENCE_XAUUSD_1751328000,25,52.5,57.5,32.5,SPREAD_PLUS_25,12,16,-221.34999999999945
FIRST_TRIANGLE_GOLD_EVIDENCE_XAUUSD_1751328000,26,52.5,57.5,32.5,SPREAD_PLUS_50,1,17,599.9100000000008
FIRST_TRIANGLE_GOLD_EVIDENCE_XAUUSD_1751328000,26,52.5,57.5,32.5,SPREAD_PLUS_50,2,14,288.70000000000164
FIRST_TRIANGLE_GOLD_EVIDENCE_XAUUSD_1751328000,26,52.5,57.5,32.5,SPREAD_PLUS_50,3,20,17.849999999998545
FIRST_TRIANGLE_GOLD_EVIDENCE_XAUUSD_1751328000,26,52.5,57.5,32.5,SPREAD_PLUS_50,4,16,120.95999999999913
FIRST_TRIANGLE_GOLD_EVIDENCE_XAUUSD_1751328000,26,52.5,57.5,32.5,SPREAD_PLUS_50,5,13,96.85999999999967
FIRST_TRIANGLE_GOLD_EVIDENCE_XAUUSD_1751328000,26,52.5,57.5,32.5,SPREAD_PLUS_50,6,15,221.1199999999999
FIRST_TRIANGLE_GOLD_EVIDENCE_XAUUSD_1751328000,26,52.5,57.5,32.5,SPREAD_PLUS_50,7,34,99.26999999999907
FIRST_TRIANGLE_GOLD_EVIDENCE_XAUUSD_1751328000,26,52.5,57.5,32.5,SPREAD_PLUS_50,8,19,112.79000000000042
FIRST_TRIANGLE_GOLD_EVIDENCE_XAUUSD_1751328000,26,52.5,57.5,32.5,SPREAD_PLUS_50,9,9,-87.47999999999956
FIRST_TRIANGLE_GOLD_EVIDENCE_XAUUSD_1751328000,26,52.5,57.5,32.5,SPREAD_PLUS_50,10,18,136.80999999999813
FIRST_TRIANGLE_GOLD_EVIDENCE_XAUUSD_1751328000,26,52.5,57.5,32.5,SPREAD_PLUS_50,11,13,240.88999999999805
FIRST_TRIANGLE_GOLD_EVIDENCE_XAUUSD_1751328000,26,52.5,57.5,32.5,SPREAD_PLUS_50,12,16,-221.34999999999945
FIRST_TRIANGLE_GOLD_EVIDENCE_XAUUSD_1751328000,27,52.5,57.5,32.5,SLIPPAGE_BASE,1,17,599.9100000000008
FIRST_TRIANGLE_GOLD_EVIDENCE_XAUUSD_1751328000,27,52.5,57.5,32.5,SLIPPAGE_BASE,2,14,288.70000000000164
FIRST_TRIANGLE_GOLD_EVIDENCE_XAUUSD_1751328000,27,52.5,57.5,32.5,SLIPPAGE_BASE,3,20,17.849999999998545
FIRST_TRIANGLE_GOLD_EVIDENCE_XAUUSD_1751328000,27,52.5,57.5,32.5,SLIPPAGE_BASE,4,16,120.95999999999913
FIRST_TRIANGLE_GOLD_EVIDENCE_XAUUSD_1751328000,27,52.5,57.5,32.5,SLIPPAGE_BASE,5,13,96.85999999999967
FIRST_TRIANGLE_GOLD_EVIDENCE_XAUUSD_1751328000,27,52.5,57.5,32.5,SLIPPAGE_BASE,6,15,221.1199999999999
FIRST_TRIANGLE_GOLD_EVIDENCE_XAUUSD_1751328000,27,52.5,57.5,32.5,SLIPPAGE_BASE,7,34,99.26999999999907
FIRST_TRIANGLE_GOLD_EVIDENCE_XAUUSD_1751328000,27,52.5,57.5,32.5,SLIPPAGE_BASE,8,19,112.79000000000042
FIRST_TRIANGLE_GOLD_EVIDENCE_XAUUSD_1751328000,27,52.5,57.5,32.5,SLIPPAGE_BASE,9,9,-87.47999999999956
FIRST_TRIANGLE_GOLD_EVIDENCE_XAUUSD_1751328000,27,52.5,57.5,32.5,SLIPPAGE_BASE,10,18,136.80999999999813
FIRST_TRIANGLE_GOLD_EVIDENCE_XAUUSD_1751328000,27,52.5,57.5,32.5,SLIPPAGE_BASE,11,13,240.88999999999805
FIRST_TRIANGLE_GOLD_EVIDENCE_XAUUSD_1751328000,27,52.5,57.5,32.5,SLIPPAGE_BASE,12,16,-221.34999999999945
FIRST_TRIANGLE_GOLD_EVIDENCE_XAUUSD_1751328000,28,52.5,57.5,32.5,COMMISSION_PLUS_25,1,17,599.9100000000008
FIRST_TRIANGLE_GOLD_EVIDENCE_XAUUSD_1751328000,28,52.5,57.5,32.5,COMMISSION_PLUS_25,2,14,288.70000000000164
FIRST_TRIANGLE_GOLD_EVIDENCE_XAUUSD_1751328000,28,52.5,57.5,32.5,COMMISSION_PLUS_25,3,20,17.849999999998545
FIRST_TRIANGLE_GOLD_EVIDENCE_XAUUSD_1751328000,28,52.5,57.5,32.5,COMMISSION_PLUS_25,4,16,120.95999999999913
FIRST_TRIANGLE_GOLD_EVIDENCE_XAUUSD_1751328000,28,52.5,57.5,32.5,COMMISSION_PLUS_25,5,13,96.85999999999967
FIRST_TRIANGLE_GOLD_EVIDENCE_XAUUSD_1751328000,28,52.5,57.5,32.5,COMMISSION_PLUS_25,6,15,221.1199999999999
FIRST_TRIANGLE_GOLD_EVIDENCE_XAUUSD_1751328000,28,52.5,57.5,32.5,COMMISSION_PLUS_25,7,34,99.26999999999907
FIRST_TRIANGLE_GOLD_EVIDENCE_XAUUSD_1751328000,28,52.5,57.5,32.5,COMMISSION_PLUS_25,8,19,112.79000000000042
FIRST_TRIANGLE_GOLD_EVIDENCE_XAUUSD_1751328000,28,52.5,57.5,32.5,COMMISSION_PLUS_25,9,9,-87.47999999999956
FIRST_TRIANGLE_GOLD_EVIDENCE_XAUUSD_1751328000,28,52.5,57.5,32.5,COMMISSION_PLUS_25,10,18,136.80999999999813
FIRST_TRIANGLE_GOLD_EVIDENCE_XAUUSD_1751328000,28,52.5,57.5,32.5,COMMISSION_PLUS_25,11,13,240.88999999999805
FIRST_TRIANGLE_GOLD_EVIDENCE_XAUUSD_1751328000,28,52.5,57.5,32.5,COMMISSION_PLUS_25,12,16,-221.34999999999945
FIRST_TRIANGLE_GOLD_EVIDENCE_XAUUSD_1751328000,29,52.5,57.5,32.5,COMBINED_STRESS,1,17,599.9100000000008
FIRST_TRIANGLE_GOLD_EVIDENCE_XAUUSD_1751328000,29,52.5,57.5,32.5,COMBINED_STRESS,2,14,288.70000000000164
FIRST_TRIANGLE_GOLD_EVIDENCE_XAUUSD_1751328000,29,52.5,57.5,32.5,COMBINED_STRESS,3,20,17.849999999998545
FIRST_TRIANGLE_GOLD_EVIDENCE_XAUUSD_1751328000,29,52.5,57.5,32.5,COMBINED_STRESS,4,16,120.95999999999913
FIRST_TRIANGLE_GOLD_EVIDENCE_XAUUSD_1751328000,29,52.5,57.5,32.5,COMBINED_STRESS,5,13,96.85999999999967
FIRST_TRIANGLE_GOLD_EVIDENCE_XAUUSD_1751328000,29,52.5,57.5,32.5,COMBINED_STRESS,6,15,221.1199999999999
FIRST_TRIANGLE_GOLD_EVIDENCE_XAUUSD_1751328000,29,52.5,57.5,32.5,COMBINED_STRESS,7,34,99.26999999999907
FIRST_TRIANGLE_GOLD_EVIDENCE_XAUUSD_1751328000,29,52.5,57.5,32.5,COMBINED_STRESS,8,19,112.79000000000042
FIRST_TRIANGLE_GOLD_EVIDENCE_XAUUSD_1751328000,29,52.5,57.5,32.5,COMBINED_STRESS,9,9,-87.47999999999956
FIRST_TRIANGLE_GOLD_EVIDENCE_XAUUSD_1751328000,29,52.5,57.5,32.5,COMBINED_STRESS,10,18,136.80999999999813
FIRST_TRIANGLE_GOLD_EVIDENCE_XAUUSD_1751328000,29,52.5,57.5,32.5,COMBINED_STRESS,11,13,240.88999999999805
FIRST_TRIANGLE_GOLD_EVIDENCE_XAUUSD_1751328000,29,52.5,57.5,32.5,COMBINED_STRESS,12,16,-221.34999999999945
FIRST_TRIANGLE_GOLD_EVIDENCE_XAUUSD_1751328000,30,52.5,57.5,35.0,BASE,1,17,695.920000000001
FIRST_TRIANGLE_GOLD_EVIDENCE_XAUUSD_1751328000,30,52.5,57.5,35.0,BASE,2,14,268.70000000000164
FIRST_TRIANGLE_GOLD_EVIDENCE_XAUUSD_1751328000,30,52.5,57.5,35.0,BASE,3,20,-4.650000000001455
FIRST_TRIANGLE_GOLD_EVIDENCE_XAUUSD_1751328000,30,52.5,57.5,35.0,BASE,4,16,160.9399999999987
FIRST_TRIANGLE_GOLD_EVIDENCE_XAUUSD_1751328000,30,52.5,57.5,35.0,BASE,5,13,86.85999999999967
FIRST_TRIANGLE_GOLD_EVIDENCE_XAUUSD_1751328000,30,52.5,57.5,35.0,BASE,6,15,203.51000000000022
FIRST_TRIANGLE_GOLD_EVIDENCE_XAUUSD_1751328000,30,52.5,57.5,35.0,BASE,7,34,111.12999999999965
FIRST_TRIANGLE_GOLD_EVIDENCE_XAUUSD_1751328000,30,52.5,57.5,35.0,BASE,8,19,107.79000000000042
FIRST_TRIANGLE_GOLD_EVIDENCE_XAUUSD_1751328000,30,52.5,57.5,35.0,BASE,9,9,-87.47999999999956
FIRST_TRIANGLE_GOLD_EVIDENCE_XAUUSD_1751328000,30,52.5,57.5,35.0,BASE,10,18,250.73999999999842
FIRST_TRIANGLE_GOLD_EVIDENCE_XAUUSD_1751328000,30,52.5,57.5,35.0,BASE,11,13,228.38999999999805
FIRST_TRIANGLE_GOLD_EVIDENCE_XAUUSD_1751328000,30,52.5,57.5,35.0,BASE,12,16,-226.34999999999945
FIRST_TRIANGLE_GOLD_EVIDENCE_XAUUSD_1751328000,31,52.5,57.5,35.0,SPREAD_PLUS_25,1,17,695.920000000001
FIRST_TRIANGLE_GOLD_EVIDENCE_XAUUSD_1751328000,31,52.5,57.5,35.0,SPREAD_PLUS_25,2,14,268.70000000000164
FIRST_TRIANGLE_GOLD_EVIDENCE_XAUUSD_1751328000,31,52.5,57.5,35.0,SPREAD_PLUS_25,3,20,-4.650000000001455
FIRST_TRIANGLE_GOLD_EVIDENCE_XAUUSD_1751328000,31,52.5,57.5,35.0,SPREAD_PLUS_25,4,16,160.9399999999987
FIRST_TRIANGLE_GOLD_EVIDENCE_XAUUSD_1751328000,31,52.5,57.5,35.0,SPREAD_PLUS_25,5,13,86.85999999999967
FIRST_TRIANGLE_GOLD_EVIDENCE_XAUUSD_1751328000,31,52.5,57.5,35.0,SPREAD_PLUS_25,6,15,203.51000000000022
FIRST_TRIANGLE_GOLD_EVIDENCE_XAUUSD_1751328000,31,52.5,57.5,35.0,SPREAD_PLUS_25,7,34,111.12999999999965
FIRST_TRIANGLE_GOLD_EVIDENCE_XAUUSD_1751328000,31,52.5,57.5,35.0,SPREAD_PLUS_25,8,19,107.79000000000042
FIRST_TRIANGLE_GOLD_EVIDENCE_XAUUSD_1751328000,31,52.5,57.5,35.0,SPREAD_PLUS_25,9,9,-87.47999999999956
FIRST_TRIANGLE_GOLD_EVIDENCE_XAUUSD_1751328000,31,52.5,57.5,35.0,SPREAD_PLUS_25,10,18,250.73999999999842
FIRST_TRIANGLE_GOLD_EVIDENCE_XAUUSD_1751328000,31,52.5,57.5,35.0,SPREAD_PLUS_25,11,13,228.38999999999805
FIRST_TRIANGLE_GOLD_EVIDENCE_XAUUSD_1751328000,31,52.5,57.5,35.0,SPREAD_PLUS_25,12,16,-226.34999999999945
FIRST_TRIANGLE_GOLD_EVIDENCE_XAUUSD_1751328000,32,52.5,57.5,35.0,SPREAD_PLUS_50,1,17,695.920000000001
FIRST_TRIANGLE_GOLD_EVIDENCE_XAUUSD_1751328000,32,52.5,57.5,35.0,SPREAD_PLUS_50,2,14,268.70000000000164
FIRST_TRIANGLE_GOLD_EVIDENCE_XAUUSD_1751328000,32,52.5,57.5,35.0,SPREAD_PLUS_50,3,20,-4.650000000001455
FIRST_TRIANGLE_GOLD_EVIDENCE_XAUUSD_1751328000,32,52.5,57.5,35.0,SPREAD_PLUS_50,4,16,160.9399999999987
FIRST_TRIANGLE_GOLD_EVIDENCE_XAUUSD_1751328000,32,52.5,57.5,35.0,SPREAD_PLUS_50,5,13,86.85999999999967
FIRST_TRIANGLE_GOLD_EVIDENCE_XAUUSD_1751328000,32,52.5,57.5,35.0,SPREAD_PLUS_50,6,15,203.51000000000022
FIRST_TRIANGLE_GOLD_EVIDENCE_XAUUSD_1751328000,32,52.5,57.5,35.0,SPREAD_PLUS_50,7,34,111.12999999999965
FIRST_TRIANGLE_GOLD_EVIDENCE_XAUUSD_1751328000,32,52.5,57.5,35.0,SPREAD_PLUS_50,8,19,107.79000000000042
FIRST_TRIANGLE_GOLD_EVIDENCE_XAUUSD_1751328000,32,52.5,57.5,35.0,SPREAD_PLUS_50,9,9,-87.47999999999956
FIRST_TRIANGLE_GOLD_EVIDENCE_XAUUSD_1751328000,32,52.5,57.5,35.0,SPREAD_PLUS_50,10,18,250.73999999999842
FIRST_TRIANGLE_GOLD_EVIDENCE_XAUUSD_1751328000,32,52.5,57.5,35.0,SPREAD_PLUS_50,11,13,228.38999999999805
FIRST_TRIANGLE_GOLD_EVIDENCE_XAUUSD_1751328000,32,52.5,57.5,35.0,SPREAD_PLUS_50,12,16,-226.34999999999945
FIRST_TRIANGLE_GOLD_EVIDENCE_XAUUSD_1751328000,33,52.5,57.5,35.0,SLIPPAGE_BASE,1,17,695.920000000001
FIRST_TRIANGLE_GOLD_EVIDENCE_XAUUSD_1751328000,33,52.5,57.5,35.0,SLIPPAGE_BASE,2,14,268.70000000000164
FIRST_TRIANGLE_GOLD_EVIDENCE_XAUUSD_1751328000,33,52.5,57.5,35.0,SLIPPAGE_BASE,3,20,-4.650000000001455
FIRST_TRIANGLE_GOLD_EVIDENCE_XAUUSD_1751328000,33,52.5,57.5,35.0,SLIPPAGE_BASE,4,16,160.9399999999987
FIRST_TRIANGLE_GOLD_EVIDENCE_XAUUSD_1751328000,33,52.5,57.5,35.0,SLIPPAGE_BASE,5,13,86.85999999999967
FIRST_TRIANGLE_GOLD_EVIDENCE_XAUUSD_1751328000,33,52.5,57.5,35.0,SLIPPAGE_BASE,6,15,203.51000000000022
FIRST_TRIANGLE_GOLD_EVIDENCE_XAUUSD_1751328000,33,52.5,57.5,35.0,SLIPPAGE_BASE,7,34,111.12999999999965
FIRST_TRIANGLE_GOLD_EVIDENCE_XAUUSD_1751328000,33,52.5,57.5,35.0,SLIPPAGE_BASE,8,19,107.79000000000042
FIRST_TRIANGLE_GOLD_EVIDENCE_XAUUSD_1751328000,33,52.5,57.5,35.0,SLIPPAGE_BASE,9,9,-87.47999999999956
FIRST_TRIANGLE_GOLD_EVIDENCE_XAUUSD_1751328000,33,52.5,57.5,35.0,SLIPPAGE_BASE,10,18,250.73999999999842
FIRST_TRIANGLE_GOLD_EVIDENCE_XAUUSD_1751328000,33,52.5,57.5,35.0,SLIPPAGE_BASE,11,13,228.38999999999805
FIRST_TRIANGLE_GOLD_EVIDENCE_XAUUSD_1751328000,33,52.5,57.5,35.0,SLIPPAGE_BASE,12,16,-226.34999999999945
FIRST_TRIANGLE_GOLD_EVIDENCE_XAUUSD_1751328000,34,52.5,57.5,35.0,COMMISSION_PLUS_25,1,17,695.920000000001
FIRST_TRIANGLE_GOLD_EVIDENCE_XAUUSD_1751328000,34,52.5,57.5,35.0,COMMISSION_PLUS_25,2,14,268.70000000000164
FIRST_TRIANGLE_GOLD_EVIDENCE_XAUUSD_1751328000,34,52.5,57.5,35.0,COMMISSION_PLUS_25,3,20,-4.650000000001455
FIRST_TRIANGLE_GOLD_EVIDENCE_XAUUSD_1751328000,34,52.5,57.5,35.0,COMMISSION_PLUS_25,4,16,160.9399999999987
FIRST_TRIANGLE_GOLD_EVIDENCE_XAUUSD_1751328000,34,52.5,57.5,35.0,COMMISSION_PLUS_25,5,13,86.85999999999967
FIRST_TRIANGLE_GOLD_EVIDENCE_XAUUSD_1751328000,34,52.5,57.5,35.0,COMMISSION_PLUS_25,6,15,203.51000000000022
FIRST_TRIANGLE_GOLD_EVIDENCE_XAUUSD_1751328000,34,52.5,57.5,35.0,COMMISSION_PLUS_25,7,34,111.12999999999965
FIRST_TRIANGLE_GOLD_EVIDENCE_XAUUSD_1751328000,34,52.5,57.5,35.0,COMMISSION_PLUS_25,8,19,107.79000000000042
FIRST_TRIANGLE_GOLD_EVIDENCE_XAUUSD_1751328000,34,52.5,57.5,35.0,COMMISSION_PLUS_25,9,9,-87.47999999999956
FIRST_TRIANGLE_GOLD_EVIDENCE_XAUUSD_1751328000,34,52.5,57.5,35.0,COMMISSION_PLUS_25,10,18,250.73999999999842
FIRST_TRIANGLE_GOLD_EVIDENCE_XAUUSD_1751328000,34,52.5,57.5,35.0,COMMISSION_PLUS_25,11,13,228.38999999999805
FIRST_TRIANGLE_GOLD_EVIDENCE_XAUUSD_1751328000,34,52.5,57.5,35.0,COMMISSION_PLUS_25,12,16,-226.34999999999945
FIRST_TRIANGLE_GOLD_EVIDENCE_XAUUSD_1751328000,35,52.5,57.5,35.0,COMBINED_STRESS,1,17,695.920000000001
FIRST_TRIANGLE_GOLD_EVIDENCE_XAUUSD_1751328000,35,52.5,57.5,35.0,COMBINED_STRESS,2,14,268.70000000000164
FIRST_TRIANGLE_GOLD_EVIDENCE_XAUUSD_1751328000,35,52.5,57.5,35.0,COMBINED_STRESS,3,20,-4.650000000001455
FIRST_TRIANGLE_GOLD_EVIDENCE_XAUUSD_1751328000,35,52.5,57.5,35.0,COMBINED_STRESS,4,16,160.9399999999987
FIRST_TRIANGLE_GOLD_EVIDENCE_XAUUSD_1751328000,35,52.5,57.5,35.0,COMBINED_STRESS,5,13,86.85999999999967
FIRST_TRIANGLE_GOLD_EVIDENCE_XAUUSD_1751328000,35,52.5,57.5,35.0,COMBINED_STRESS,6,15,203.51000000000022
FIRST_TRIANGLE_GOLD_EVIDENCE_XAUUSD_1751328000,35,52.5,57.5,35.0,COMBINED_STRESS,7,34,111.12999999999965
FIRST_TRIANGLE_GOLD_EVIDENCE_XAUUSD_1751328000,35,52.5,57.5,35.0,COMBINED_STRESS,8,19,107.79000000000042
FIRST_TRIANGLE_GOLD_EVIDENCE_XAUUSD_1751328000,35,52.5,57.5,35.0,COMBINED_STRESS,9,9,-87.47999999999956
FIRST_TRIANGLE_GOLD_EVIDENCE_XAUUSD_1751328000,35,52.5,57.5,35.0,COMBINED_STRESS,10,18,250.73999999999842
FIRST_TRIANGLE_GOLD_EVIDENCE_XAUUSD_1751328000,35,52.5,57.5,35.0,COMBINED_STRESS,11,13,228.38999999999805
FIRST_TRIANGLE_GOLD_EVIDENCE_XAUUSD_1751328000,35,52.5,57.5,35.0,COMBINED_STRESS,12,16,-226.34999999999945
FIRST_TRIANGLE_GOLD_EVIDENCE_XAUUSD_1751328000,36,52.5,57.5,37.5,BASE,1,17,670.920000000001
FIRST_TRIANGLE_GOLD_EVIDENCE_XAUUSD_1751328000,36,52.5,57.5,37.5,BASE,2,14,248.70000000000164
FIRST_TRIANGLE_GOLD_EVIDENCE_XAUUSD_1751328000,36,52.5,57.5,37.5,BASE,3,20,-27.150000000001455
FIRST_TRIANGLE_GOLD_EVIDENCE_XAUUSD_1751328000,36,52.5,57.5,37.5,BASE,4,16,146.4499999999989
FIRST_TRIANGLE_GOLD_EVIDENCE_XAUUSD_1751328000,36,52.5,57.5,37.5,BASE,5,13,76.85999999999967
FIRST_TRIANGLE_GOLD_EVIDENCE_XAUUSD_1751328000,36,52.5,57.5,37.5,BASE,6,15,247.8199999999997
FIRST_TRIANGLE_GOLD_EVIDENCE_XAUUSD_1751328000,36,52.5,57.5,37.5,BASE,7,34,98.62999999999965
FIRST_TRIANGLE_GOLD_EVIDENCE_XAUUSD_1751328000,36,52.5,57.5,37.5,BASE,8,19,102.79000000000042
FIRST_TRIANGLE_GOLD_EVIDENCE_XAUUSD_1751328000,36,52.5,57.5,37.5,BASE,9,9,-87.47999999999956
FIRST_TRIANGLE_GOLD_EVIDENCE_XAUUSD_1751328000,36,52.5,57.5,37.5,BASE,10,18,497.9599999999987
FIRST_TRIANGLE_GOLD_EVIDENCE_XAUUSD_1751328000,36,52.5,57.5,37.5,BASE,11,13,215.88999999999805
FIRST_TRIANGLE_GOLD_EVIDENCE_XAUUSD_1751328000,36,52.5,57.5,37.5,BASE,12,16,-231.34999999999945
FIRST_TRIANGLE_GOLD_EVIDENCE_XAUUSD_1751328000,37,52.5,57.5,37.5,SPREAD_PLUS_25,1,17,670.920000000001
FIRST_TRIANGLE_GOLD_EVIDENCE_XAUUSD_1751328000,37,52.5,57.5,37.5,SPREAD_PLUS_25,2,14,248.70000000000164
FIRST_TRIANGLE_GOLD_EVIDENCE_XAUUSD_1751328000,37,52.5,57.5,37.5,SPREAD_PLUS_25,3,20,-27.150000000001455
FIRST_TRIANGLE_GOLD_EVIDENCE_XAUUSD_1751328000,37,52.5,57.5,37.5,SPREAD_PLUS_25,4,16,146.4499999999989
FIRST_TRIANGLE_GOLD_EVIDENCE_XAUUSD_1751328000,37,52.5,57.5,37.5,SPREAD_PLUS_25,5,13,76.85999999999967
FIRST_TRIANGLE_GOLD_EVIDENCE_XAUUSD_1751328000,37,52.5,57.5,37.5,SPREAD_PLUS_25,6,15,247.8199999999997
FIRST_TRIANGLE_GOLD_EVIDENCE_XAUUSD_1751328000,37,52.5,57.5,37.5,SPREAD_PLUS_25,7,34,98.62999999999965
FIRST_TRIANGLE_GOLD_EVIDENCE_XAUUSD_1751328000,37,52.5,57.5,37.5,SPREAD_PLUS_25,8,19,102.79000000000042
FIRST_TRIANGLE_GOLD_EVIDENCE_XAUUSD_1751328000,37,52.5,57.5,37.5,SPREAD_PLUS_25,9,9,-87.47999999999956
FIRST_TRIANGLE_GOLD_EVIDENCE_XAUUSD_1751328000,37,52.5,57.5,37.5,SPREAD_PLUS_25,10,18,497.9599999999987
FIRST_TRIANGLE_GOLD_EVIDENCE_XAUUSD_1751328000,37,52.5,57.5,37.5,SPREAD_PLUS_25,11,13,215.88999999999805
FIRST_TRIANGLE_GOLD_EVIDENCE_XAUUSD_1751328000,37,52.5,57.5,37.5,SPREAD_PLUS_25,12,16,-231.34999999999945
FIRST_TRIANGLE_GOLD_EVIDENCE_XAUUSD_1751328000,38,52.5,57.5,37.5,SPREAD_PLUS_50,1,17,670.920000000001
FIRST_TRIANGLE_GOLD_EVIDENCE_XAUUSD_1751328000,38,52.5,57.5,37.5,SPREAD_PLUS_50,2,14,248.70000000000164
FIRST_TRIANGLE_GOLD_EVIDENCE_XAUUSD_1751328000,38,52.5,57.5,37.5,SPREAD_PLUS_50,3,20,-27.150000000001455
FIRST_TRIANGLE_GOLD_EVIDENCE_XAUUSD_1751328000,38,52.5,57.5,37.5,SPREAD_PLUS_50,4,16,146.4499999999989
FIRST_TRIANGLE_GOLD_EVIDENCE_XAUUSD_1751328000,38,52.5,57.5,37.5,SPREAD_PLUS_50,5,13,76.85999999999967
FIRST_TRIANGLE_GOLD_EVIDENCE_XAUUSD_1751328000,38,52.5,57.5,37.5,SPREAD_PLUS_50,6,15,247.8199999999997
FIRST_TRIANGLE_GOLD_EVIDENCE_XAUUSD_1751328000,38,52.5,57.5,37.5,SPREAD_PLUS_50,7,34,98.62999999999965
FIRST_TRIANGLE_GOLD_EVIDENCE_XAUUSD_1751328000,38,52.5,57.5,37.5,SPREAD_PLUS_50,8,19,102.79000000000042
FIRST_TRIANGLE_GOLD_EVIDENCE_XAUUSD_1751328000,38,52.5,57.5,37.5,SPREAD_PLUS_50,9,9,-87.47999999999956
FIRST_TRIANGLE_GOLD_EVIDENCE_XAUUSD_1751328000,38,52.5,57.5,37.5,SPREAD_PLUS_50,10,18,497.9599999999987
FIRST_TRIANGLE_GOLD_EVIDENCE_XAUUSD_1751328000,38,52.5,57.5,37.5,SPREAD_PLUS_50,11,13,215.88999999999805
FIRST_TRIANGLE_GOLD_EVIDENCE_XAUUSD_1751328000,38,52.5,57.5,37.5,SPREAD_PLUS_50,12,16,-231.34999999999945
FIRST_TRIANGLE_GOLD_EVIDENCE_XAUUSD_1751328000,39,52.5,57.5,37.5,SLIPPAGE_BASE,1,17,670.920000000001
FIRST_TRIANGLE_GOLD_EVIDENCE_XAUUSD_1751328000,39,52.5,57.5,37.5,SLIPPAGE_BASE,2,14,248.70000000000164
FIRST_TRIANGLE_GOLD_EVIDENCE_XAUUSD_1751328000,39,52.5,57.5,37.5,SLIPPAGE_BASE,3,20,-27.150000000001455
FIRST_TRIANGLE_GOLD_EVIDENCE_XAUUSD_1751328000,39,52.5,57.5,37.5,SLIPPAGE_BASE,4,16,146.4499999999989
FIRST_TRIANGLE_GOLD_EVIDENCE_XAUUSD_1751328000,39,52.5,57.5,37.5,SLIPPAGE_BASE,5,13,76.85999999999967
FIRST_TRIANGLE_GOLD_EVIDENCE_XAUUSD_1751328000,39,52.5,57.5,37.5,SLIPPAGE_BASE,6,15,247.8199999999997
FIRST_TRIANGLE_GOLD_EVIDENCE_XAUUSD_1751328000,39,52.5,57.5,37.5,SLIPPAGE_BASE,7,34,98.62999999999965
FIRST_TRIANGLE_GOLD_EVIDENCE_XAUUSD_1751328000,39,52.5,57.5,37.5,SLIPPAGE_BASE,8,19,102.79000000000042
FIRST_TRIANGLE_GOLD_EVIDENCE_XAUUSD_1751328000,39,52.5,57.5,37.5,SLIPPAGE_BASE,9,9,-87.47999999999956
FIRST_TRIANGLE_GOLD_EVIDENCE_XAUUSD_1751328000,39,52.5,57.5,37.5,SLIPPAGE_BASE,10,18,497.9599999999987
FIRST_TRIANGLE_GOLD_EVIDENCE_XAUUSD_1751328000,39,52.5,57.5,37.5,SLIPPAGE_BASE,11,13,215.88999999999805
FIRST_TRIANGLE_GOLD_EVIDENCE_XAUUSD_1751328000,39,52.5,57.5,37.5,SLIPPAGE_BASE,12,16,-231.34999999999945
FIRST_TRIANGLE_GOLD_EVIDENCE_XAUUSD_1751328000,40,52.5,57.5,37.5,COMMISSION_PLUS_25,1,17,670.920000000001
FIRST_TRIANGLE_GOLD_EVIDENCE_XAUUSD_1751328000,40,52.5,57.5,37.5,COMMISSION_PLUS_25,2,14,248.70000000000164
FIRST_TRIANGLE_GOLD_EVIDENCE_XAUUSD_1751328000,40,52.5,57.5,37.5,COMMISSION_PLUS_25,3,20,-27.150000000001455
FIRST_TRIANGLE_GOLD_EVIDENCE_XAUUSD_1751328000,40,52.5,57.5,37.5,COMMISSION_PLUS_25,4,16,146.4499999999989
FIRST_TRIANGLE_GOLD_EVIDENCE_XAUUSD_1751328000,40,52.5,57.5,37.5,COMMISSION_PLUS_25,5,13,76.85999999999967
FIRST_TRIANGLE_GOLD_EVIDENCE_XAUUSD_1751328000,40,52.5,57.5,37.5,COMMISSION_PLUS_25,6,15,247.8199999999997
FIRST_TRIANGLE_GOLD_EVIDENCE_XAUUSD_1751328000,40,52.5,57.5,37.5,COMMISSION_PLUS_25,7,34,98.62999999999965
FIRST_TRIANGLE_GOLD_EVIDENCE_XAUUSD_1751328000,40,52.5,57.5,37.5,COMMISSION_PLUS_25,8,19,102.79000000000042
FIRST_TRIANGLE_GOLD_EVIDENCE_XAUUSD_1751328000,40,52.5,57.5,37.5,COMMISSION_PLUS_25,9,9,-87.47999999999956
FIRST_TRIANGLE_GOLD_EVIDENCE_XAUUSD_1751328000,40,52.5,57.5,37.5,COMMISSION_PLUS_25,10,18,497.9599999999987
FIRST_TRIANGLE_GOLD_EVIDENCE_XAUUSD_1751328000,40,52.5,57.5,37.5,COMMISSION_PLUS_25,11,13,215.88999999999805
FIRST_TRIANGLE_GOLD_EVIDENCE_XAUUSD_1751328000,40,52.5,57.5,37.5,COMMISSION_PLUS_25,12,16,-231.34999999999945
FIRST_TRIANGLE_GOLD_EVIDENCE_XAUUSD_1751328000,41,52.5,57.5,37.5,COMBINED_STRESS,1,17,670.920000000001
FIRST_TRIANGLE_GOLD_EVIDENCE_XAUUSD_1751328000,41,52.5,57.5,37.5,COMBINED_STRESS,2,14,248.70000000000164
FIRST_TRIANGLE_GOLD_EVIDENCE_XAUUSD_1751328000,41,52.5,57.5,37.5,COMBINED_STRESS,3,20,-27.150000000001455
FIRST_TRIANGLE_GOLD_EVIDENCE_XAUUSD_1751328000,41,52.5,57.5,37.5,COMBINED_STRESS,4,16,146.4499999999989
FIRST_TRIANGLE_GOLD_EVIDENCE_XAUUSD_1751328000,41,52.5,57.5,37.5,COMBINED_STRESS,5,13,76.85999999999967
FIRST_TRIANGLE_GOLD_EVIDENCE_XAUUSD_1751328000,41,52.5,57.5,37.5,COMBINED_STRESS,6,15,247.8199999999997
FIRST_TRIANGLE_GOLD_EVIDENCE_XAUUSD_1751328000,41,52.5,57.5,37.5,COMBINED_STRESS,7,34,98.62999999999965
FIRST_TRIANGLE_GOLD_EVIDENCE_XAUUSD_1751328000,41,52.5,57.5,37.5,COMBINED_STRESS,8,19,102.79000000000042
FIRST_TRIANGLE_GOLD_EVIDENCE_XAUUSD_1751328000,41,52.5,57.5,37.5,COMBINED_STRESS,9,9,-87.47999999999956
FIRST_TRIANGLE_GOLD_EVIDENCE_XAUUSD_1751328000,41,52.5,57.5,37.5,COMBINED_STRESS,10,18,497.9599999999987
FIRST_TRIANGLE_GOLD_EVIDENCE_XAUUSD_1751328000,41,52.5,57.5,37.5,COMBINED_STRESS,11,13,215.88999999999805
FIRST_TRIANGLE_GOLD_EVIDENCE_XAUUSD_1751328000,41,52.5,57.5,37.5,COMBINED_STRESS,12,16,-231.34999999999945
FIRST_TRIANGLE_GOLD_EVIDENCE_XAUUSD_1751328000,42,52.5,60.0,22.5,BASE,1,17,481.15999999999985
FIRST_TRIANGLE_GOLD_EVIDENCE_XAUUSD_1751328000,42,52.5,60.0,22.5,BASE,2,14,361.380000000001
FIRST_TRIANGLE_GOLD_EVIDENCE_XAUUSD_1751328000,42,52.5,60.0,22.5,BASE,3,20,95.20999999999822
FIRST_TRIANGLE_GOLD_EVIDENCE_XAUUSD_1751328000,42,52.5,60.0,22.5,BASE,4,16,95.5699999999988
FIRST_TRIANGLE_GOLD_EVIDENCE_XAUUSD_1751328000,42,52.5,60.0,22.5,BASE,5,13,84.82999999999902
FIRST_TRIANGLE_GOLD_EVIDENCE_XAUUSD_1751328000,42,52.5,60.0,22.5,BASE,6,15,271.1400000000003
FIRST_TRIANGLE_GOLD_EVIDENCE_XAUUSD_1751328000,42,52.5,60.0,22.5,BASE,7,34,135.31999999999925
FIRST_TRIANGLE_GOLD_EVIDENCE_XAUUSD_1751328000,42,52.5,60.0,22.5,BASE,8,19,-6.819999999999254
FIRST_TRIANGLE_GOLD_EVIDENCE_XAUUSD_1751328000,42,52.5,60.0,22.5,BASE,9,9,-87.47999999999956
FIRST_TRIANGLE_GOLD_EVIDENCE_XAUUSD_1751328000,42,52.5,60.0,22.5,BASE,10,18,194.55999999999813
FIRST_TRIANGLE_GOLD_EVIDENCE_XAUUSD_1751328000,42,52.5,60.0,22.5,BASE,11,13,242.6399999999985
FIRST_TRIANGLE_GOLD_EVIDENCE_XAUUSD_1751328000,42,52.5,60.0,22.5,BASE,12,16,-201.34999999999945
FIRST_TRIANGLE_GOLD_EVIDENCE_XAUUSD_1751328000,43,52.5,60.0,22.5,SPREAD_PLUS_25,1,17,481.15999999999985
FIRST_TRIANGLE_GOLD_EVIDENCE_XAUUSD_1751328000,43,52.5,60.0,22.5,SPREAD_PLUS_25,2,14,361.380000000001
FIRST_TRIANGLE_GOLD_EVIDENCE_XAUUSD_1751328000,43,52.5,60.0,22.5,SPREAD_PLUS_25,3,20,95.20999999999822
FIRST_TRIANGLE_GOLD_EVIDENCE_XAUUSD_1751328000,43,52.5,60.0,22.5,SPREAD_PLUS_25,4,16,95.5699999999988
FIRST_TRIANGLE_GOLD_EVIDENCE_XAUUSD_1751328000,43,52.5,60.0,22.5,SPREAD_PLUS_25,5,13,84.82999999999902
FIRST_TRIANGLE_GOLD_EVIDENCE_XAUUSD_1751328000,43,52.5,60.0,22.5,SPREAD_PLUS_25,6,15,271.1400000000003
FIRST_TRIANGLE_GOLD_EVIDENCE_XAUUSD_1751328000,43,52.5,60.0,22.5,SPREAD_PLUS_25,7,34,135.31999999999925
FIRST_TRIANGLE_GOLD_EVIDENCE_XAUUSD_1751328000,43,52.5,60.0,22.5,SPREAD_PLUS_25,8,19,-6.819999999999254
FIRST_TRIANGLE_GOLD_EVIDENCE_XAUUSD_1751328000,43,52.5,60.0,22.5,SPREAD_PLUS_25,9,9,-87.47999999999956
FIRST_TRIANGLE_GOLD_EVIDENCE_XAUUSD_1751328000,43,52.5,60.0,22.5,SPREAD_PLUS_25,10,18,194.55999999999813
FIRST_TRIANGLE_GOLD_EVIDENCE_XAUUSD_1751328000,43,52.5,60.0,22.5,SPREAD_PLUS_25,11,13,242.6399999999985
FIRST_TRIANGLE_GOLD_EVIDENCE_XAUUSD_1751328000,43,52.5,60.0,22.5,SPREAD_PLUS_25,12,16,-201.34999999999945
FIRST_TRIANGLE_GOLD_EVIDENCE_XAUUSD_1751328000,44,52.5,60.0,22.5,SPREAD_PLUS_50,1,17,481.15999999999985
FIRST_TRIANGLE_GOLD_EVIDENCE_XAUUSD_1751328000,44,52.5,60.0,22.5,SPREAD_PLUS_50,2,14,361.380000000001
FIRST_TRIANGLE_GOLD_EVIDENCE_XAUUSD_1751328000,44,52.5,60.0,22.5,SPREAD_PLUS_50,3,20,95.20999999999822
FIRST_TRIANGLE_GOLD_EVIDENCE_XAUUSD_1751328000,44,52.5,60.0,22.5,SPREAD_PLUS_50,4,16,95.5699999999988
FIRST_TRIANGLE_GOLD_EVIDENCE_XAUUSD_1751328000,44,52.5,60.0,22.5,SPREAD_PLUS_50,5,13,84.82999999999902
FIRST_TRIANGLE_GOLD_EVIDENCE_XAUUSD_1751328000,44,52.5,60.0,22.5,SPREAD_PLUS_50,6,15,271.1400000000003
FIRST_TRIANGLE_GOLD_EVIDENCE_XAUUSD_1751328000,44,52.5,60.0,22.5,SPREAD_PLUS_50,7,34,135.31999999999925
FIRST_TRIANGLE_GOLD_EVIDENCE_XAUUSD_1751328000,44,52.5,60.0,22.5,SPREAD_PLUS_50,8,19,-6.819999999999254
FIRST_TRIANGLE_GOLD_EVIDENCE_XAUUSD_1751328000,44,52.5,60.0,22.5,SPREAD_PLUS_50,9,9,-87.47999999999956
FIRST_TRIANGLE_GOLD_EVIDENCE_XAUUSD_1751328000,44,52.5,60.0,22.5,SPREAD_PLUS_50,10,18,194.55999999999813
FIRST_TRIANGLE_GOLD_EVIDENCE_XAUUSD_1751328000,44,52.5,60.0,22.5,SPREAD_PLUS_50,11,13,242.6399999999985
FIRST_TRIANGLE_GOLD_EVIDENCE_XAUUSD_1751328000,44,52.5,60.0,22.5,SPREAD_PLUS_50,12,16,-201.34999999999945
FIRST_TRIANGLE_GOLD_EVIDENCE_XAUUSD_1751328000,45,52.5,60.0,22.5,SLIPPAGE_BASE,1,17,481.15999999999985
FIRST_TRIANGLE_GOLD_EVIDENCE_XAUUSD_1751328000,45,52.5,60.0,22.5,SLIPPAGE_BASE,2,14,361.380000000001
FIRST_TRIANGLE_GOLD_EVIDENCE_XAUUSD_1751328000,45,52.5,60.0,22.5,SLIPPAGE_BASE,3,20,95.20999999999822
FIRST_TRIANGLE_GOLD_EVIDENCE_XAUUSD_1751328000,45,52.5,60.0,22.5,SLIPPAGE_BASE,4,16,95.5699999999988
FIRST_TRIANGLE_GOLD_EVIDENCE_XAUUSD_1751328000,45,52.5,60.0,22.5,SLIPPAGE_BASE,5,13,84.82999999999902
FIRST_TRIANGLE_GOLD_EVIDENCE_XAUUSD_1751328000,45,52.5,60.0,22.5,SLIPPAGE_BASE,6,15,271.1400000000003
FIRST_TRIANGLE_GOLD_EVIDENCE_XAUUSD_1751328000,45,52.5,60.0,22.5,SLIPPAGE_BASE,7,34,135.31999999999925
FIRST_TRIANGLE_GOLD_EVIDENCE_XAUUSD_1751328000,45,52.5,60.0,22.5,SLIPPAGE_BASE,8,19,-6.819999999999254
FIRST_TRIANGLE_GOLD_EVIDENCE_XAUUSD_1751328000,45,52.5,60.0,22.5,SLIPPAGE_BASE,9,9,-87.47999999999956
FIRST_TRIANGLE_GOLD_EVIDENCE_XAUUSD_1751328000,45,52.5,60.0,22.5,SLIPPAGE_BASE,10,18,194.55999999999813
FIRST_TRIANGLE_GOLD_EVIDENCE_XAUUSD_1751328000,45,52.5,60.0,22.5,SLIPPAGE_BASE,11,13,242.6399999999985
FIRST_TRIANGLE_GOLD_EVIDENCE_XAUUSD_1751328000,45,52.5,60.0,22.5,SLIPPAGE_BASE,12,16,-201.34999999999945
FIRST_TRIANGLE_GOLD_EVIDENCE_XAUUSD_1751328000,46,52.5,60.0,22.5,COMMISSION_PLUS_25,1,17,481.15999999999985
FIRST_TRIANGLE_GOLD_EVIDENCE_XAUUSD_1751328000,46,52.5,60.0,22.5,COMMISSION_PLUS_25,2,14,361.380000000001
FIRST_TRIANGLE_GOLD_EVIDENCE_XAUUSD_1751328000,46,52.5,60.0,22.5,COMMISSION_PLUS_25,3,20,95.20999999999822
FIRST_TRIANGLE_GOLD_EVIDENCE_XAUUSD_1751328000,46,52.5,60.0,22.5,COMMISSION_PLUS_25,4,16,95.5699999999988
FIRST_TRIANGLE_GOLD_EVIDENCE_XAUUSD_1751328000,46,52.5,60.0,22.5,COMMISSION_PLUS_25,5,13,84.82999999999902
FIRST_TRIANGLE_GOLD_EVIDENCE_XAUUSD_1751328000,46,52.5,60.0,22.5,COMMISSION_PLUS_25,6,15,271.1400000000003
FIRST_TRIANGLE_GOLD_EVIDENCE_XAUUSD_1751328000,46,52.5,60.0,22.5,COMMISSION_PLUS_25,7,34,135.31999999999925
FIRST_TRIANGLE_GOLD_EVIDENCE_XAUUSD_1751328000,46,52.5,60.0,22.5,COMMISSION_PLUS_25,8,19,-6.819999999999254
FIRST_TRIANGLE_GOLD_EVIDENCE_XAUUSD_1751328000,46,52.5,60.0,22.5,COMMISSION_PLUS_25,9,9,-87.47999999999956
FIRST_TRIANGLE_GOLD_EVIDENCE_XAUUSD_1751328000,46,52.5,60.0,22.5,COMMISSION_PLUS_25,10,18,194.55999999999813
FIRST_TRIANGLE_GOLD_EVIDENCE_XAUUSD_1751328000,46,52.5,60.0,22.5,COMMISSION_PLUS_25,11,13,242.6399999999985
FIRST_TRIANGLE_GOLD_EVIDENCE_XAUUSD_1751328000,46,52.5,60.0,22.5,COMMISSION_PLUS_25,12,16,-201.34999999999945
FIRST_TRIANGLE_GOLD_EVIDENCE_XAUUSD_1751328000,47,52.5,60.0,22.5,COMBINED_STRESS,1,17,481.15999999999985
FIRST_TRIANGLE_GOLD_EVIDENCE_XAUUSD_1751328000,47,52.5,60.0,22.5,COMBINED_STRESS,2,14,361.380000000001
FIRST_TRIANGLE_GOLD_EVIDENCE_XAUUSD_1751328000,47,52.5,60.0,22.5,COMBINED_STRESS,3,20,95.20999999999822
FIRST_TRIANGLE_GOLD_EVIDENCE_XAUUSD_1751328000,47,52.5,60.0,22.5,COMBINED_STRESS,4,16,95.5699999999988
FIRST_TRIANGLE_GOLD_EVIDENCE_XAUUSD_1751328000,47,52.5,60.0,22.5,COMBINED_STRESS,5,13,84.82999999999902
FIRST_TRIANGLE_GOLD_EVIDENCE_XAUUSD_1751328000,47,52.5,60.0,22.5,COMBINED_STRESS,6,15,271.1400000000003
FIRST_TRIANGLE_GOLD_EVIDENCE_XAUUSD_1751328000,47,52.5,60.0,22.5,COMBINED_STRESS,7,34,135.31999999999925
FIRST_TRIANGLE_GOLD_EVIDENCE_XAUUSD_1751328000,47,52.5,60.0,22.5,COMBINED_STRESS,8,19,-6.819999999999254
FIRST_TRIANGLE_GOLD_EVIDENCE_XAUUSD_1751328000,47,52.5,60.0,22.5,COMBINED_STRESS,9,9,-87.47999999999956
FIRST_TRIANGLE_GOLD_EVIDENCE_XAUUSD_1751328000,47,52.5,60.0,22.5,COMBINED_STRESS,10,18,194.55999999999813
FIRST_TRIANGLE_GOLD_EVIDENCE_XAUUSD_1751328000,47,52.5,60.0,22.5,COMBINED_STRESS,11,13,242.6399999999985
FIRST_TRIANGLE_GOLD_EVIDENCE_XAUUSD_1751328000,47,52.5,60.0,22.5,COMBINED_STRESS,12,16,-201.34999999999945
FIRST_TRIANGLE_GOLD_EVIDENCE_XAUUSD_1751328000,48,52.5,60.0,25.0,BASE,1,17,520.4800000000005
FIRST_TRIANGLE_GOLD_EVIDENCE_XAUUSD_1751328000,48,52.5,60.0,25.0,BASE,2,14,348.70000000000164
FIRST_TRIANGLE_GOLD_EVIDENCE_XAUUSD_1751328000,48,52.5,60.0,25.0,BASE,3,20,72.70999999999822
FIRST_TRIANGLE_GOLD_EVIDENCE_XAUUSD_1751328000,48,52.5,60.0,25.0,BASE,4,16,112.57999999999902
FIRST_TRIANGLE_GOLD_EVIDENCE_XAUUSD_1751328000,48,52.5,60.0,25.0,BASE,5,13,74.82999999999902
FIRST_TRIANGLE_GOLD_EVIDENCE_XAUUSD_1751328000,48,52.5,60.0,25.0,BASE,6,15,281.1199999999999
FIRST_TRIANGLE_GOLD_EVIDENCE_XAUUSD_1751328000,48,52.5,60.0,25.0,BASE,7,34,122.81999999999925
FIRST_TRIANGLE_GOLD_EVIDENCE_XAUUSD_1751328000,48,52.5,60.0,25.0,BASE,8,19,127.79000000000042
FIRST_TRIANGLE_GOLD_EVIDENCE_XAUUSD_1751328000,48,52.5,60.0,25.0,BASE,9,9,-87.47999999999956
FIRST_TRIANGLE_GOLD_EVIDENCE_XAUUSD_1751328000,48,52.5,60.0,25.0,BASE,10,18,204.30999999999813
FIRST_TRIANGLE_GOLD_EVIDENCE_XAUUSD_1751328000,48,52.5,60.0,25.0,BASE,11,13,235.4099999999985
FIRST_TRIANGLE_GOLD_EVIDENCE_XAUUSD_1751328000,48,52.5,60.0,25.0,BASE,12,16,-206.34999999999945
FIRST_TRIANGLE_GOLD_EVIDENCE_XAUUSD_1751328000,49,52.5,60.0,25.0,SPREAD_PLUS_25,1,17,520.4800000000005
FIRST_TRIANGLE_GOLD_EVIDENCE_XAUUSD_1751328000,49,52.5,60.0,25.0,SPREAD_PLUS_25,2,14,348.70000000000164
FIRST_TRIANGLE_GOLD_EVIDENCE_XAUUSD_1751328000,49,52.5,60.0,25.0,SPREAD_PLUS_25,3,20,72.70999999999822
FIRST_TRIANGLE_GOLD_EVIDENCE_XAUUSD_1751328000,49,52.5,60.0,25.0,SPREAD_PLUS_25,4,16,112.57999999999902
FIRST_TRIANGLE_GOLD_EVIDENCE_XAUUSD_1751328000,49,52.5,60.0,25.0,SPREAD_PLUS_25,5,13,74.82999999999902
FIRST_TRIANGLE_GOLD_EVIDENCE_XAUUSD_1751328000,49,52.5,60.0,25.0,SPREAD_PLUS_25,6,15,281.1199999999999
FIRST_TRIANGLE_GOLD_EVIDENCE_XAUUSD_1751328000,49,52.5,60.0,25.0,SPREAD_PLUS_25,7,34,122.81999999999925
FIRST_TRIANGLE_GOLD_EVIDENCE_XAUUSD_1751328000,49,52.5,60.0,25.0,SPREAD_PLUS_25,8,19,127.79000000000042
FIRST_TRIANGLE_GOLD_EVIDENCE_XAUUSD_1751328000,49,52.5,60.0,25.0,SPREAD_PLUS_25,9,9,-87.47999999999956
FIRST_TRIANGLE_GOLD_EVIDENCE_XAUUSD_1751328000,49,52.5,60.0,25.0,SPREAD_PLUS_25,10,18,204.30999999999813
FIRST_TRIANGLE_GOLD_EVIDENCE_XAUUSD_1751328000,49,52.5,60.0,25.0,SPREAD_PLUS_25,11,13,235.4099999999985
FIRST_TRIANGLE_GOLD_EVIDENCE_XAUUSD_1751328000,49,52.5,60.0,25.0,SPREAD_PLUS_25,12,16,-206.34999999999945
FIRST_TRIANGLE_GOLD_EVIDENCE_XAUUSD_1751328000,50,52.5,60.0,25.0,SPREAD_PLUS_50,1,17,520.4800000000005
FIRST_TRIANGLE_GOLD_EVIDENCE_XAUUSD_1751328000,50,52.5,60.0,25.0,SPREAD_PLUS_50,2,14,348.70000000000164
FIRST_TRIANGLE_GOLD_EVIDENCE_XAUUSD_1751328000,50,52.5,60.0,25.0,SPREAD_PLUS_50,3,20,72.70999999999822
FIRST_TRIANGLE_GOLD_EVIDENCE_XAUUSD_1751328000,50,52.5,60.0,25.0,SPREAD_PLUS_50,4,16,112.57999999999902
FIRST_TRIANGLE_GOLD_EVIDENCE_XAUUSD_1751328000,50,52.5,60.0,25.0,SPREAD_PLUS_50,5,13,74.82999999999902
FIRST_TRIANGLE_GOLD_EVIDENCE_XAUUSD_1751328000,50,52.5,60.0,25.0,SPREAD_PLUS_50,6,15,281.1199999999999
FIRST_TRIANGLE_GOLD_EVIDENCE_XAUUSD_1751328000,50,52.5,60.0,25.0,SPREAD_PLUS_50,7,34,122.81999999999925
FIRST_TRIANGLE_GOLD_EVIDENCE_XAUUSD_1751328000,50,52.5,60.0,25.0,SPREAD_PLUS_50,8,19,127.79000000000042
FIRST_TRIANGLE_GOLD_EVIDENCE_XAUUSD_1751328000,50,52.5,60.0,25.0,SPREAD_PLUS_50,9,9,-87.47999999999956
FIRST_TRIANGLE_GOLD_EVIDENCE_XAUUSD_1751328000,50,52.5,60.0,25.0,SPREAD_PLUS_50,10,18,204.30999999999813
FIRST_TRIANGLE_GOLD_EVIDENCE_XAUUSD_1751328000,50,52.5,60.0,25.0,SPREAD_PLUS_50,11,13,235.4099999999985
FIRST_TRIANGLE_GOLD_EVIDENCE_XAUUSD_1751328000,50,52.5,60.0,25.0,SPREAD_PLUS_50,12,16,-206.34999999999945
FIRST_TRIANGLE_GOLD_EVIDENCE_XAUUSD_1751328000,51,52.5,60.0,25.0,SLIPPAGE_BASE,1,17,520.4800000000005
FIRST_TRIANGLE_GOLD_EVIDENCE_XAUUSD_1751328000,51,52.5,60.0,25.0,SLIPPAGE_BASE,2,14,348.70000000000164
FIRST_TRIANGLE_GOLD_EVIDENCE_XAUUSD_1751328000,51,52.5,60.0,25.0,SLIPPAGE_BASE,3,20,72.70999999999822
FIRST_TRIANGLE_GOLD_EVIDENCE_XAUUSD_1751328000,51,52.5,60.0,25.0,SLIPPAGE_BASE,4,16,112.57999999999902
FIRST_TRIANGLE_GOLD_EVIDENCE_XAUUSD_1751328000,51,52.5,60.0,25.0,SLIPPAGE_BASE,5,13,74.82999999999902
FIRST_TRIANGLE_GOLD_EVIDENCE_XAUUSD_1751328000,51,52.5,60.0,25.0,SLIPPAGE_BASE,6,15,281.1199999999999
FIRST_TRIANGLE_GOLD_EVIDENCE_XAUUSD_1751328000,51,52.5,60.0,25.0,SLIPPAGE_BASE,7,34,122.81999999999925
FIRST_TRIANGLE_GOLD_EVIDENCE_XAUUSD_1751328000,51,52.5,60.0,25.0,SLIPPAGE_BASE,8,19,127.79000000000042
FIRST_TRIANGLE_GOLD_EVIDENCE_XAUUSD_1751328000,51,52.5,60.0,25.0,SLIPPAGE_BASE,9,9,-87.47999999999956
FIRST_TRIANGLE_GOLD_EVIDENCE_XAUUSD_1751328000,51,52.5,60.0,25.0,SLIPPAGE_BASE,10,18,204.30999999999813
FIRST_TRIANGLE_GOLD_EVIDENCE_XAUUSD_1751328000,51,52.5,60.0,25.0,SLIPPAGE_BASE,11,13,235.4099999999985
FIRST_TRIANGLE_GOLD_EVIDENCE_XAUUSD_1751328000,51,52.5,60.0,25.0,SLIPPAGE_BASE,12,16,-206.34999999999945
FIRST_TRIANGLE_GOLD_EVIDENCE_XAUUSD_1751328000,52,52.5,60.0,25.0,COMMISSION_PLUS_25,1,17,520.4800000000005
FIRST_TRIANGLE_GOLD_EVIDENCE_XAUUSD_1751328000,52,52.5,60.0,25.0,COMMISSION_PLUS_25,2,14,348.70000000000164
FIRST_TRIANGLE_GOLD_EVIDENCE_XAUUSD_1751328000,52,52.5,60.0,25.0,COMMISSION_PLUS_25,3,20,72.70999999999822
FIRST_TRIANGLE_GOLD_EVIDENCE_XAUUSD_1751328000,52,52.5,60.0,25.0,COMMISSION_PLUS_25,4,16,112.57999999999902
FIRST_TRIANGLE_GOLD_EVIDENCE_XAUUSD_1751328000,52,52.5,60.0,25.0,COMMISSION_PLUS_25,5,13,74.82999999999902
FIRST_TRIANGLE_GOLD_EVIDENCE_XAUUSD_1751328000,52,52.5,60.0,25.0,COMMISSION_PLUS_25,6,15,281.1199999999999
FIRST_TRIANGLE_GOLD_EVIDENCE_XAUUSD_1751328000,52,52.5,60.0,25.0,COMMISSION_PLUS_25,7,34,122.81999999999925
FIRST_TRIANGLE_GOLD_EVIDENCE_XAUUSD_1751328000,52,52.5,60.0,25.0,COMMISSION_PLUS_25,8,19,127.79000000000042
FIRST_TRIANGLE_GOLD_EVIDENCE_XAUUSD_1751328000,52,52.5,60.0,25.0,COMMISSION_PLUS_25,9,9,-87.47999999999956
FIRST_TRIANGLE_GOLD_EVIDENCE_XAUUSD_1751328000,52,52.5,60.0,25.0,COMMISSION_PLUS_25,10,18,204.30999999999813
FIRST_TRIANGLE_GOLD_EVIDENCE_XAUUSD_1751328000,52,52.5,60.0,25.0,COMMISSION_PLUS_25,11,13,235.4099999999985
FIRST_TRIANGLE_GOLD_EVIDENCE_XAUUSD_1751328000,52,52.5,60.0,25.0,COMMISSION_PLUS_25,12,16,-206.34999999999945
FIRST_TRIANGLE_GOLD_EVIDENCE_XAUUSD_1751328000,53,52.5,60.0,25.0,COMBINED_STRESS,1,17,520.4800000000005
FIRST_TRIANGLE_GOLD_EVIDENCE_XAUUSD_1751328000,53,52.5,60.0,25.0,COMBINED_STRESS,2,14,348.70000000000164
FIRST_TRIANGLE_GOLD_EVIDENCE_XAUUSD_1751328000,53,52.5,60.0,25.0,COMBINED_STRESS,3,20,72.70999999999822
FIRST_TRIANGLE_GOLD_EVIDENCE_XAUUSD_1751328000,53,52.5,60.0,25.0,COMBINED_STRESS,4,16,112.57999999999902
FIRST_TRIANGLE_GOLD_EVIDENCE_XAUUSD_1751328000,53,52.5,60.0,25.0,COMBINED_STRESS,5,13,74.82999999999902
FIRST_TRIANGLE_GOLD_EVIDENCE_XAUUSD_1751328000,53,52.5,60.0,25.0,COMBINED_STRESS,6,15,281.1199999999999
FIRST_TRIANGLE_GOLD_EVIDENCE_XAUUSD_1751328000,53,52.5,60.0,25.0,COMBINED_STRESS,7,34,122.81999999999925
FIRST_TRIANGLE_GOLD_EVIDENCE_XAUUSD_1751328000,53,52.5,60.0,25.0,COMBINED_STRESS,8,19,127.79000000000042
FIRST_TRIANGLE_GOLD_EVIDENCE_XAUUSD_1751328000,53,52.5,60.0,25.0,COMBINED_STRESS,9,9,-87.47999999999956
FIRST_TRIANGLE_GOLD_EVIDENCE_XAUUSD_1751328000,53,52.5,60.0,25.0,COMBINED_STRESS,10,18,204.30999999999813
FIRST_TRIANGLE_GOLD_EVIDENCE_XAUUSD_1751328000,53,52.5,60.0,25.0,COMBINED_STRESS,11,13,235.4099999999985
FIRST_TRIANGLE_GOLD_EVIDENCE_XAUUSD_1751328000,53,52.5,60.0,25.0,COMBINED_STRESS,12,16,-206.34999999999945
FIRST_TRIANGLE_GOLD_EVIDENCE_XAUUSD_1751328000,54,52.5,60.0,27.5,BASE,1,17,495.4800000000005
FIRST_TRIANGLE_GOLD_EVIDENCE_XAUUSD_1751328000,54,52.5,60.0,27.5,BASE,2,14,328.70000000000164
FIRST_TRIANGLE_GOLD_EVIDENCE_XAUUSD_1751328000,54,52.5,60.0,27.5,BASE,3,20,50.20999999999822
FIRST_TRIANGLE_GOLD_EVIDENCE_XAUUSD_1751328000,54,52.5,60.0,27.5,BASE,4,16,150.95999999999913
FIRST_TRIANGLE_GOLD_EVIDENCE_XAUUSD_1751328000,54,52.5,60.0,27.5,BASE,5,13,64.82999999999902
FIRST_TRIANGLE_GOLD_EVIDENCE_XAUUSD_1751328000,54,52.5,60.0,27.5,BASE,6,15,261.1199999999999
FIRST_TRIANGLE_GOLD_EVIDENCE_XAUUSD_1751328000,54,52.5,60.0,27.5,BASE,7,34,128.83999999999924
FIRST_TRIANGLE_GOLD_EVIDENCE_XAUUSD_1751328000,54,52.5,60.0,27.5,BASE,8,19,122.79000000000042
FIRST_TRIANGLE_GOLD_EVIDENCE_XAUUSD_1751328000,54,52.5,60.0,27.5,BASE,9,9,-87.47999999999956
FIRST_TRIANGLE_GOLD_EVIDENCE_XAUUSD_1751328000,54,52.5,60.0,27.5,BASE,10,18,181.80999999999813
FIRST_TRIANGLE_GOLD_EVIDENCE_XAUUSD_1751328000,54,52.5,60.0,27.5,BASE,11,13,222.9099999999985
FIRST_TRIANGLE_GOLD_EVIDENCE_XAUUSD_1751328000,54,52.5,60.0,27.5,BASE,12,16,-211.34999999999945
FIRST_TRIANGLE_GOLD_EVIDENCE_XAUUSD_1751328000,55,52.5,60.0,27.5,SPREAD_PLUS_25,1,17,495.4800000000005
FIRST_TRIANGLE_GOLD_EVIDENCE_XAUUSD_1751328000,55,52.5,60.0,27.5,SPREAD_PLUS_25,2,14,328.70000000000164
FIRST_TRIANGLE_GOLD_EVIDENCE_XAUUSD_1751328000,55,52.5,60.0,27.5,SPREAD_PLUS_25,3,20,50.20999999999822
FIRST_TRIANGLE_GOLD_EVIDENCE_XAUUSD_1751328000,55,52.5,60.0,27.5,SPREAD_PLUS_25,4,16,150.95999999999913
FIRST_TRIANGLE_GOLD_EVIDENCE_XAUUSD_1751328000,55,52.5,60.0,27.5,SPREAD_PLUS_25,5,13,64.82999999999902
FIRST_TRIANGLE_GOLD_EVIDENCE_XAUUSD_1751328000,55,52.5,60.0,27.5,SPREAD_PLUS_25,6,15,261.1199999999999
FIRST_TRIANGLE_GOLD_EVIDENCE_XAUUSD_1751328000,55,52.5,60.0,27.5,SPREAD_PLUS_25,7,34,128.83999999999924
FIRST_TRIANGLE_GOLD_EVIDENCE_XAUUSD_1751328000,55,52.5,60.0,27.5,SPREAD_PLUS_25,8,19,122.79000000000042
FIRST_TRIANGLE_GOLD_EVIDENCE_XAUUSD_1751328000,55,52.5,60.0,27.5,SPREAD_PLUS_25,9,9,-87.47999999999956
FIRST_TRIANGLE_GOLD_EVIDENCE_XAUUSD_1751328000,55,52.5,60.0,27.5,SPREAD_PLUS_25,10,18,181.80999999999813
FIRST_TRIANGLE_GOLD_EVIDENCE_XAUUSD_1751328000,55,52.5,60.0,27.5,SPREAD_PLUS_25,11,13,222.9099999999985
FIRST_TRIANGLE_GOLD_EVIDENCE_XAUUSD_1751328000,55,52.5,60.0,27.5,SPREAD_PLUS_25,12,16,-211.34999999999945
FIRST_TRIANGLE_GOLD_EVIDENCE_XAUUSD_1751328000,56,52.5,60.0,27.5,SPREAD_PLUS_50,1,17,495.4800000000005
FIRST_TRIANGLE_GOLD_EVIDENCE_XAUUSD_1751328000,56,52.5,60.0,27.5,SPREAD_PLUS_50,2,14,328.70000000000164
FIRST_TRIANGLE_GOLD_EVIDENCE_XAUUSD_1751328000,56,52.5,60.0,27.5,SPREAD_PLUS_50,3,20,50.20999999999822
FIRST_TRIANGLE_GOLD_EVIDENCE_XAUUSD_1751328000,56,52.5,60.0,27.5,SPREAD_PLUS_50,4,16,150.95999999999913
FIRST_TRIANGLE_GOLD_EVIDENCE_XAUUSD_1751328000,56,52.5,60.0,27.5,SPREAD_PLUS_50,5,13,64.82999999999902
FIRST_TRIANGLE_GOLD_EVIDENCE_XAUUSD_1751328000,56,52.5,60.0,27.5,SPREAD_PLUS_50,6,15,261.1199999999999
FIRST_TRIANGLE_GOLD_EVIDENCE_XAUUSD_1751328000,56,52.5,60.0,27.5,SPREAD_PLUS_50,7,34,128.83999999999924
FIRST_TRIANGLE_GOLD_EVIDENCE_XAUUSD_1751328000,56,52.5,60.0,27.5,SPREAD_PLUS_50,8,19,122.79000000000042
FIRST_TRIANGLE_GOLD_EVIDENCE_XAUUSD_1751328000,56,52.5,60.0,27.5,SPREAD_PLUS_50,9,9,-87.47999999999956
FIRST_TRIANGLE_GOLD_EVIDENCE_XAUUSD_1751328000,56,52.5,60.0,27.5,SPREAD_PLUS_50,10,18,181.80999999999813
FIRST_TRIANGLE_GOLD_EVIDENCE_XAUUSD_1751328000,56,52.5,60.0,27.5,SPREAD_PLUS_50,11,13,222.9099999999985
FIRST_TRIANGLE_GOLD_EVIDENCE_XAUUSD_1751328000,56,52.5,60.0,27.5,SPREAD_PLUS_50,12,16,-211.34999999999945
FIRST_TRIANGLE_GOLD_EVIDENCE_XAUUSD_1751328000,57,52.5,60.0,27.5,SLIPPAGE_BASE,1,17,495.4800000000005
FIRST_TRIANGLE_GOLD_EVIDENCE_XAUUSD_1751328000,57,52.5,60.0,27.5,SLIPPAGE_BASE,2,14,328.70000000000164
FIRST_TRIANGLE_GOLD_EVIDENCE_XAUUSD_1751328000,57,52.5,60.0,27.5,SLIPPAGE_BASE,3,20,50.20999999999822
FIRST_TRIANGLE_GOLD_EVIDENCE_XAUUSD_1751328000,57,52.5,60.0,27.5,SLIPPAGE_BASE,4,16,150.95999999999913
FIRST_TRIANGLE_GOLD_EVIDENCE_XAUUSD_1751328000,57,52.5,60.0,27.5,SLIPPAGE_BASE,5,13,64.82999999999902
FIRST_TRIANGLE_GOLD_EVIDENCE_XAUUSD_1751328000,57,52.5,60.0,27.5,SLIPPAGE_BASE,6,15,261.1199999999999
FIRST_TRIANGLE_GOLD_EVIDENCE_XAUUSD_1751328000,57,52.5,60.0,27.5,SLIPPAGE_BASE,7,34,128.83999999999924
FIRST_TRIANGLE_GOLD_EVIDENCE_XAUUSD_1751328000,57,52.5,60.0,27.5,SLIPPAGE_BASE,8,19,122.79000000000042
FIRST_TRIANGLE_GOLD_EVIDENCE_XAUUSD_1751328000,57,52.5,60.0,27.5,SLIPPAGE_BASE,9,9,-87.47999999999956
FIRST_TRIANGLE_GOLD_EVIDENCE_XAUUSD_1751328000,57,52.5,60.0,27.5,SLIPPAGE_BASE,10,18,181.80999999999813
FIRST_TRIANGLE_GOLD_EVIDENCE_XAUUSD_1751328000,57,52.5,60.0,27.5,SLIPPAGE_BASE,11,13,222.9099999999985
FIRST_TRIANGLE_GOLD_EVIDENCE_XAUUSD_1751328000,57,52.5,60.0,27.5,SLIPPAGE_BASE,12,16,-211.34999999999945
FIRST_TRIANGLE_GOLD_EVIDENCE_XAUUSD_1751328000,58,52.5,60.0,27.5,COMMISSION_PLUS_25,1,17,495.4800000000005
FIRST_TRIANGLE_GOLD_EVIDENCE_XAUUSD_1751328000,58,52.5,60.0,27.5,COMMISSION_PLUS_25,2,14,328.70000000000164
FIRST_TRIANGLE_GOLD_EVIDENCE_XAUUSD_1751328000,58,52.5,60.0,27.5,COMMISSION_PLUS_25,3,20,50.20999999999822
FIRST_TRIANGLE_GOLD_EVIDENCE_XAUUSD_1751328000,58,52.5,60.0,27.5,COMMISSION_PLUS_25,4,16,150.95999999999913
FIRST_TRIANGLE_GOLD_EVIDENCE_XAUUSD_1751328000,58,52.5,60.0,27.5,COMMISSION_PLUS_25,5,13,64.82999999999902
FIRST_TRIANGLE_GOLD_EVIDENCE_XAUUSD_1751328000,58,52.5,60.0,27.5,COMMISSION_PLUS_25,6,15,261.1199999999999
FIRST_TRIANGLE_GOLD_EVIDENCE_XAUUSD_1751328000,58,52.5,60.0,27.5,COMMISSION_PLUS_25,7,34,128.83999999999924
FIRST_TRIANGLE_GOLD_EVIDENCE_XAUUSD_1751328000,58,52.5,60.0,27.5,COMMISSION_PLUS_25,8,19,122.79000000000042
FIRST_TRIANGLE_GOLD_EVIDENCE_XAUUSD_1751328000,58,52.5,60.0,27.5,COMMISSION_PLUS_25,9,9,-87.47999999999956
FIRST_TRIANGLE_GOLD_EVIDENCE_XAUUSD_1751328000,58,52.5,60.0,27.5,COMMISSION_PLUS_25,10,18,181.80999999999813
FIRST_TRIANGLE_GOLD_EVIDENCE_XAUUSD_1751328000,58,52.5,60.0,27.5,COMMISSION_PLUS_25,11,13,222.9099999999985
FIRST_TRIANGLE_GOLD_EVIDENCE_XAUUSD_1751328000,58,52.5,60.0,27.5,COMMISSION_PLUS_25,12,16,-211.34999999999945
FIRST_TRIANGLE_GOLD_EVIDENCE_XAUUSD_1751328000,59,52.5,60.0,27.5,COMBINED_STRESS,1,17,495.4800000000005
FIRST_TRIANGLE_GOLD_EVIDENCE_XAUUSD_1751328000,59,52.5,60.0,27.5,COMBINED_STRESS,2,14,328.70000000000164
FIRST_TRIANGLE_GOLD_EVIDENCE_XAUUSD_1751328000,59,52.5,60.0,27.5,COMBINED_STRESS,3,20,50.20999999999822
FIRST_TRIANGLE_GOLD_EVIDENCE_XAUUSD_1751328000,59,52.5,60.0,27.5,COMBINED_STRESS,4,16,150.95999999999913
FIRST_TRIANGLE_GOLD_EVIDENCE_XAUUSD_1751328000,59,52.5,60.0,27.5,COMBINED_STRESS,5,13,64.82999999999902
FIRST_TRIANGLE_GOLD_EVIDENCE_XAUUSD_1751328000,59,52.5,60.0,27.5,COMBINED_STRESS,6,15,261.1199999999999
FIRST_TRIANGLE_GOLD_EVIDENCE_XAUUSD_1751328000,59,52.5,60.0,27.5,COMBINED_STRESS,7,34,128.83999999999924
FIRST_TRIANGLE_GOLD_EVIDENCE_XAUUSD_1751328000,59,52.5,60.0,27.5,COMBINED_STRESS,8,19,122.79000000000042
FIRST_TRIANGLE_GOLD_EVIDENCE_XAUUSD_1751328000,59,52.5,60.0,27.5,COMBINED_STRESS,9,9,-87.47999999999956
FIRST_TRIANGLE_GOLD_EVIDENCE_XAUUSD_1751328000,59,52.5,60.0,27.5,COMBINED_STRESS,10,18,181.80999999999813
FIRST_TRIANGLE_GOLD_EVIDENCE_XAUUSD_1751328000,59,52.5,60.0,27.5,COMBINED_STRESS,11,13,222.9099999999985
FIRST_TRIANGLE_GOLD_EVIDENCE_XAUUSD_1751328000,59,52.5,60.0,27.5,COMBINED_STRESS,12,16,-211.34999999999945
FIRST_TRIANGLE_GOLD_EVIDENCE_XAUUSD_1751328000,60,52.5,60.0,30.0,BASE,1,17,624.8900000000012
FIRST_TRIANGLE_GOLD_EVIDENCE_XAUUSD_1751328000,60,52.5,60.0,30.0,BASE,2,14,308.70000000000164
FIRST_TRIANGLE_GOLD_EVIDENCE_XAUUSD_1751328000,60,52.5,60.0,30.0,BASE,3,20,31.959999999998217
FIRST_TRIANGLE_GOLD_EVIDENCE_XAUUSD_1751328000,60,52.5,60.0,30.0,BASE,4,16,135.95999999999913
FIRST_TRIANGLE_GOLD_EVIDENCE_XAUUSD_1751328000,60,52.5,60.0,30.0,BASE,5,13,54.82999999999902
FIRST_TRIANGLE_GOLD_EVIDENCE_XAUUSD_1751328000,60,52.5,60.0,30.0,BASE,6,15,241.1199999999999
FIRST_TRIANGLE_GOLD_EVIDENCE_XAUUSD_1751328000,60,52.5,60.0,30.0,BASE,7,34,116.33999999999924
FIRST_TRIANGLE_GOLD_EVIDENCE_XAUUSD_1751328000,60,52.5,60.0,30.0,BASE,8,19,117.79000000000042
FIRST_TRIANGLE_GOLD_EVIDENCE_XAUUSD_1751328000,60,52.5,60.0,30.0,BASE,9,9,-87.47999999999956
FIRST_TRIANGLE_GOLD_EVIDENCE_XAUUSD_1751328000,60,52.5,60.0,30.0,BASE,10,18,159.30999999999813
FIRST_TRIANGLE_GOLD_EVIDENCE_XAUUSD_1751328000,60,52.5,60.0,30.0,BASE,11,13,210.4099999999985
FIRST_TRIANGLE_GOLD_EVIDENCE_XAUUSD_1751328000,60,52.5,60.0,30.0,BASE,12,16,-216.34999999999945
FIRST_TRIANGLE_GOLD_EVIDENCE_XAUUSD_1751328000,61,52.5,60.0,30.0,SPREAD_PLUS_25,1,17,624.8900000000012
FIRST_TRIANGLE_GOLD_EVIDENCE_XAUUSD_1751328000,61,52.5,60.0,30.0,SPREAD_PLUS_25,2,14,308.70000000000164
FIRST_TRIANGLE_GOLD_EVIDENCE_XAUUSD_1751328000,61,52.5,60.0,30.0,SPREAD_PLUS_25,3,20,31.959999999998217
FIRST_TRIANGLE_GOLD_EVIDENCE_XAUUSD_1751328000,61,52.5,60.0,30.0,SPREAD_PLUS_25,4,16,135.95999999999913
FIRST_TRIANGLE_GOLD_EVIDENCE_XAUUSD_1751328000,61,52.5,60.0,30.0,SPREAD_PLUS_25,5,13,54.82999999999902
FIRST_TRIANGLE_GOLD_EVIDENCE_XAUUSD_1751328000,61,52.5,60.0,30.0,SPREAD_PLUS_25,6,15,241.1199999999999
FIRST_TRIANGLE_GOLD_EVIDENCE_XAUUSD_1751328000,61,52.5,60.0,30.0,SPREAD_PLUS_25,7,34,116.33999999999924
FIRST_TRIANGLE_GOLD_EVIDENCE_XAUUSD_1751328000,61,52.5,60.0,30.0,SPREAD_PLUS_25,8,19,117.79000000000042
FIRST_TRIANGLE_GOLD_EVIDENCE_XAUUSD_1751328000,61,52.5,60.0,30.0,SPREAD_PLUS_25,9,9,-87.47999999999956
FIRST_TRIANGLE_GOLD_EVIDENCE_XAUUSD_1751328000,61,52.5,60.0,30.0,SPREAD_PLUS_25,10,18,159.30999999999813
FIRST_TRIANGLE_GOLD_EVIDENCE_XAUUSD_1751328000,61,52.5,60.0,30.0,SPREAD_PLUS_25,11,13,210.4099999999985
FIRST_TRIANGLE_GOLD_EVIDENCE_XAUUSD_1751328000,61,52.5,60.0,30.0,SPREAD_PLUS_25,12,16,-216.34999999999945
FIRST_TRIANGLE_GOLD_EVIDENCE_XAUUSD_1751328000,62,52.5,60.0,30.0,SPREAD_PLUS_50,1,17,624.8900000000012
FIRST_TRIANGLE_GOLD_EVIDENCE_XAUUSD_1751328000,62,52.5,60.0,30.0,SPREAD_PLUS_50,2,14,308.70000000000164
FIRST_TRIANGLE_GOLD_EVIDENCE_XAUUSD_1751328000,62,52.5,60.0,30.0,SPREAD_PLUS_50,3,20,31.959999999998217
FIRST_TRIANGLE_GOLD_EVIDENCE_XAUUSD_1751328000,62,52.5,60.0,30.0,SPREAD_PLUS_50,4,16,135.95999999999913
FIRST_TRIANGLE_GOLD_EVIDENCE_XAUUSD_1751328000,62,52.5,60.0,30.0,SPREAD_PLUS_50,5,13,54.82999999999902
FIRST_TRIANGLE_GOLD_EVIDENCE_XAUUSD_1751328000,62,52.5,60.0,30.0,SPREAD_PLUS_50,6,15,241.1199999999999
FIRST_TRIANGLE_GOLD_EVIDENCE_XAUUSD_1751328000,62,52.5,60.0,30.0,SPREAD_PLUS_50,7,34,116.33999999999924
FIRST_TRIANGLE_GOLD_EVIDENCE_XAUUSD_1751328000,62,52.5,60.0,30.0,SPREAD_PLUS_50,8,19,117.79000000000042
FIRST_TRIANGLE_GOLD_EVIDENCE_XAUUSD_1751328000,62,52.5,60.0,30.0,SPREAD_PLUS_50,9,9,-87.47999999999956
FIRST_TRIANGLE_GOLD_EVIDENCE_XAUUSD_1751328000,62,52.5,60.0,30.0,SPREAD_PLUS_50,10,18,159.30999999999813
FIRST_TRIANGLE_GOLD_EVIDENCE_XAUUSD_1751328000,62,52.5,60.0,30.0,SPREAD_PLUS_50,11,13,210.4099999999985
FIRST_TRIANGLE_GOLD_EVIDENCE_XAUUSD_1751328000,62,52.5,60.0,30.0,SPREAD_PLUS_50,12,16,-216.34999999999945
FIRST_TRIANGLE_GOLD_EVIDENCE_XAUUSD_1751328000,63,52.5,60.0,30.0,SLIPPAGE_BASE,1,17,624.8900000000012
FIRST_TRIANGLE_GOLD_EVIDENCE_XAUUSD_1751328000,63,52.5,60.0,30.0,SLIPPAGE_BASE,2,14,308.70000000000164
FIRST_TRIANGLE_GOLD_EVIDENCE_XAUUSD_1751328000,63,52.5,60.0,30.0,SLIPPAGE_BASE,3,20,31.959999999998217
FIRST_TRIANGLE_GOLD_EVIDENCE_XAUUSD_1751328000,63,52.5,60.0,30.0,SLIPPAGE_BASE,4,16,135.95999999999913
FIRST_TRIANGLE_GOLD_EVIDENCE_XAUUSD_1751328000,63,52.5,60.0,30.0,SLIPPAGE_BASE,5,13,54.82999999999902
FIRST_TRIANGLE_GOLD_EVIDENCE_XAUUSD_1751328000,63,52.5,60.0,30.0,SLIPPAGE_BASE,6,15,241.1199999999999
FIRST_TRIANGLE_GOLD_EVIDENCE_XAUUSD_1751328000,63,52.5,60.0,30.0,SLIPPAGE_BASE,7,34,116.33999999999924
FIRST_TRIANGLE_GOLD_EVIDENCE_XAUUSD_1751328000,63,52.5,60.0,30.0,SLIPPAGE_BASE,8,19,117.79000000000042
FIRST_TRIANGLE_GOLD_EVIDENCE_XAUUSD_1751328000,63,52.5,60.0,30.0,SLIPPAGE_BASE,9,9,-87.47999999999956
FIRST_TRIANGLE_GOLD_EVIDENCE_XAUUSD_1751328000,63,52.5,60.0,30.0,SLIPPAGE_BASE,10,18,159.30999999999813
FIRST_TRIANGLE_GOLD_EVIDENCE_XAUUSD_1751328000,63,52.5,60.0,30.0,SLIPPAGE_BASE,11,13,210.4099999999985
FIRST_TRIANGLE_GOLD_EVIDENCE_XAUUSD_1751328000,63,52.5,60.0,30.0,SLIPPAGE_BASE,12,16,-216.34999999999945
FIRST_TRIANGLE_GOLD_EVIDENCE_XAUUSD_1751328000,64,52.5,60.0,30.0,COMMISSION_PLUS_25,1,17,624.8900000000012
FIRST_TRIANGLE_GOLD_EVIDENCE_XAUUSD_1751328000,64,52.5,60.0,30.0,COMMISSION_PLUS_25,2,14,308.70000000000164
FIRST_TRIANGLE_GOLD_EVIDENCE_XAUUSD_1751328000,64,52.5,60.0,30.0,COMMISSION_PLUS_25,3,20,31.959999999998217
FIRST_TRIANGLE_GOLD_EVIDENCE_XAUUSD_1751328000,64,52.5,60.0,30.0,COMMISSION_PLUS_25,4,16,135.95999999999913
FIRST_TRIANGLE_GOLD_EVIDENCE_XAUUSD_1751328000,64,52.5,60.0,30.0,COMMISSION_PLUS_25,5,13,54.82999999999902
FIRST_TRIANGLE_GOLD_EVIDENCE_XAUUSD_1751328000,64,52.5,60.0,30.0,COMMISSION_PLUS_25,6,15,241.1199999999999
FIRST_TRIANGLE_GOLD_EVIDENCE_XAUUSD_1751328000,64,52.5,60.0,30.0,COMMISSION_PLUS_25,7,34,116.33999999999924
FIRST_TRIANGLE_GOLD_EVIDENCE_XAUUSD_1751328000,64,52.5,60.0,30.0,COMMISSION_PLUS_25,8,19,117.79000000000042
FIRST_TRIANGLE_GOLD_EVIDENCE_XAUUSD_1751328000,64,52.5,60.0,30.0,COMMISSION_PLUS_25,9,9,-87.47999999999956
FIRST_TRIANGLE_GOLD_EVIDENCE_XAUUSD_1751328000,64,52.5,60.0,30.0,COMMISSION_PLUS_25,10,18,159.30999999999813
FIRST_TRIANGLE_GOLD_EVIDENCE_XAUUSD_1751328000,64,52.5,60.0,30.0,COMMISSION_PLUS_25,11,13,210.4099999999985
FIRST_TRIANGLE_GOLD_EVIDENCE_XAUUSD_1751328000,64,52.5,60.0,30.0,COMMISSION_PLUS_25,12,16,-216.34999999999945
FIRST_TRIANGLE_GOLD_EVIDENCE_XAUUSD_1751328000,65,52.5,60.0,30.0,COMBINED_STRESS,1,17,624.8900000000012
FIRST_TRIANGLE_GOLD_EVIDENCE_XAUUSD_1751328000,65,52.5,60.0,30.0,COMBINED_STRESS,2,14,308.70000000000164
FIRST_TRIANGLE_GOLD_EVIDENCE_XAUUSD_1751328000,65,52.5,60.0,30.0,COMBINED_STRESS,3,20,31.959999999998217
FIRST_TRIANGLE_GOLD_EVIDENCE_XAUUSD_1751328000,65,52.5,60.0,30.0,COMBINED_STRESS,4,16,135.95999999999913
FIRST_TRIANGLE_GOLD_EVIDENCE_XAUUSD_1751328000,65,52.5,60.0,30.0,COMBINED_STRESS,5,13,54.82999999999902
FIRST_TRIANGLE_GOLD_EVIDENCE_XAUUSD_1751328000,65,52.5,60.0,30.0,COMBINED_STRESS,6,15,241.1199999999999
FIRST_TRIANGLE_GOLD_EVIDENCE_XAUUSD_1751328000,65,52.5,60.0,30.0,COMBINED_STRESS,7,34,116.33999999999924
FIRST_TRIANGLE_GOLD_EVIDENCE_XAUUSD_1751328000,65,52.5,60.0,30.0,COMBINED_STRESS,8,19,117.79000000000042
FIRST_TRIANGLE_GOLD_EVIDENCE_XAUUSD_1751328000,65,52.5,60.0,30.0,COMBINED_STRESS,9,9,-87.47999999999956
FIRST_TRIANGLE_GOLD_EVIDENCE_XAUUSD_1751328000,65,52.5,60.0,30.0,COMBINED_STRESS,10,18,159.30999999999813
FIRST_TRIANGLE_GOLD_EVIDENCE_XAUUSD_1751328000,65,52.5,60.0,30.0,COMBINED_STRESS,11,13,210.4099999999985
FIRST_TRIANGLE_GOLD_EVIDENCE_XAUUSD_1751328000,65,52.5,60.0,30.0,COMBINED_STRESS,12,16,-216.34999999999945
FIRST_TRIANGLE_GOLD_EVIDENCE_XAUUSD_1751328000,66,52.5,60.0,32.5,BASE,1,17,599.9100000000008
FIRST_TRIANGLE_GOLD_EVIDENCE_XAUUSD_1751328000,66,52.5,60.0,32.5,BASE,2,14,288.70000000000164
FIRST_TRIANGLE_GOLD_EVIDENCE_XAUUSD_1751328000,66,52.5,60.0,32.5,BASE,3,20,17.849999999998545
FIRST_TRIANGLE_GOLD_EVIDENCE_XAUUSD_1751328000,66,52.5,60.0,32.5,BASE,4,16,120.95999999999913
FIRST_TRIANGLE_GOLD_EVIDENCE_XAUUSD_1751328000,66,52.5,60.0,32.5,BASE,5,13,96.85999999999967
FIRST_TRIANGLE_GOLD_EVIDENCE_XAUUSD_1751328000,66,52.5,60.0,32.5,BASE,6,15,221.1199999999999
FIRST_TRIANGLE_GOLD_EVIDENCE_XAUUSD_1751328000,66,52.5,60.0,32.5,BASE,7,34,103.83999999999924
FIRST_TRIANGLE_GOLD_EVIDENCE_XAUUSD_1751328000,66,52.5,60.0,32.5,BASE,8,19,112.79000000000042
FIRST_TRIANGLE_GOLD_EVIDENCE_XAUUSD_1751328000,66,52.5,60.0,32.5,BASE,9,9,-87.47999999999956
FIRST_TRIANGLE_GOLD_EVIDENCE_XAUUSD_1751328000,66,52.5,60.0,32.5,BASE,10,18,136.80999999999813
FIRST_TRIANGLE_GOLD_EVIDENCE_XAUUSD_1751328000,66,52.5,60.0,32.5,BASE,11,13,240.88999999999805
FIRST_TRIANGLE_GOLD_EVIDENCE_XAUUSD_1751328000,66,52.5,60.0,32.5,BASE,12,16,-221.34999999999945
FIRST_TRIANGLE_GOLD_EVIDENCE_XAUUSD_1751328000,67,52.5,60.0,32.5,SPREAD_PLUS_25,1,17,599.9100000000008
FIRST_TRIANGLE_GOLD_EVIDENCE_XAUUSD_1751328000,67,52.5,60.0,32.5,SPREAD_PLUS_25,2,14,288.70000000000164
FIRST_TRIANGLE_GOLD_EVIDENCE_XAUUSD_1751328000,67,52.5,60.0,32.5,SPREAD_PLUS_25,3,20,17.849999999998545
FIRST_TRIANGLE_GOLD_EVIDENCE_XAUUSD_1751328000,67,52.5,60.0,32.5,SPREAD_PLUS_25,4,16,120.95999999999913
FIRST_TRIANGLE_GOLD_EVIDENCE_XAUUSD_1751328000,67,52.5,60.0,32.5,SPREAD_PLUS_25,5,13,96.85999999999967
FIRST_TRIANGLE_GOLD_EVIDENCE_XAUUSD_1751328000,67,52.5,60.0,32.5,SPREAD_PLUS_25,6,15,221.1199999999999
FIRST_TRIANGLE_GOLD_EVIDENCE_XAUUSD_1751328000,67,52.5,60.0,32.5,SPREAD_PLUS_25,7,34,103.83999999999924
FIRST_TRIANGLE_GOLD_EVIDENCE_XAUUSD_1751328000,67,52.5,60.0,32.5,SPREAD_PLUS_25,8,19,112.79000000000042
FIRST_TRIANGLE_GOLD_EVIDENCE_XAUUSD_1751328000,67,52.5,60.0,32.5,SPREAD_PLUS_25,9,9,-87.47999999999956
FIRST_TRIANGLE_GOLD_EVIDENCE_XAUUSD_1751328000,67,52.5,60.0,32.5,SPREAD_PLUS_25,10,18,136.80999999999813
FIRST_TRIANGLE_GOLD_EVIDENCE_XAUUSD_1751328000,67,52.5,60.0,32.5,SPREAD_PLUS_25,11,13,240.88999999999805
FIRST_TRIANGLE_GOLD_EVIDENCE_XAUUSD_1751328000,67,52.5,60.0,32.5,SPREAD_PLUS_25,12,16,-221.34999999999945
FIRST_TRIANGLE_GOLD_EVIDENCE_XAUUSD_1751328000,68,52.5,60.0,32.5,SPREAD_PLUS_50,1,17,599.9100000000008
FIRST_TRIANGLE_GOLD_EVIDENCE_XAUUSD_1751328000,68,52.5,60.0,32.5,SPREAD_PLUS_50,2,14,288.70000000000164
FIRST_TRIANGLE_GOLD_EVIDENCE_XAUUSD_1751328000,68,52.5,60.0,32.5,SPREAD_PLUS_50,3,20,17.849999999998545
FIRST_TRIANGLE_GOLD_EVIDENCE_XAUUSD_1751328000,68,52.5,60.0,32.5,SPREAD_PLUS_50,4,16,120.95999999999913
FIRST_TRIANGLE_GOLD_EVIDENCE_XAUUSD_1751328000,68,52.5,60.0,32.5,SPREAD_PLUS_50,5,13,96.85999999999967
FIRST_TRIANGLE_GOLD_EVIDENCE_XAUUSD_1751328000,68,52.5,60.0,32.5,SPREAD_PLUS_50,6,15,221.1199999999999
FIRST_TRIANGLE_GOLD_EVIDENCE_XAUUSD_1751328000,68,52.5,60.0,32.5,SPREAD_PLUS_50,7,34,103.83999999999924
FIRST_TRIANGLE_GOLD_EVIDENCE_XAUUSD_1751328000,68,52.5,60.0,32.5,SPREAD_PLUS_50,8,19,112.79000000000042
FIRST_TRIANGLE_GOLD_EVIDENCE_XAUUSD_1751328000,68,52.5,60.0,32.5,SPREAD_PLUS_50,9,9,-87.47999999999956
FIRST_TRIANGLE_GOLD_EVIDENCE_XAUUSD_1751328000,68,52.5,60.0,32.5,SPREAD_PLUS_50,10,18,136.80999999999813
FIRST_TRIANGLE_GOLD_EVIDENCE_XAUUSD_1751328000,68,52.5,60.0,32.5,SPREAD_PLUS_50,11,13,240.88999999999805
FIRST_TRIANGLE_GOLD_EVIDENCE_XAUUSD_1751328000,68,52.5,60.0,32.5,SPREAD_PLUS_50,12,16,-221.34999999999945
FIRST_TRIANGLE_GOLD_EVIDENCE_XAUUSD_1751328000,69,52.5,60.0,32.5,SLIPPAGE_BASE,1,17,599.9100000000008
FIRST_TRIANGLE_GOLD_EVIDENCE_XAUUSD_1751328000,69,52.5,60.0,32.5,SLIPPAGE_BASE,2,14,288.70000000000164
FIRST_TRIANGLE_GOLD_EVIDENCE_XAUUSD_1751328000,69,52.5,60.0,32.5,SLIPPAGE_BASE,3,20,17.849999999998545
FIRST_TRIANGLE_GOLD_EVIDENCE_XAUUSD_1751328000,69,52.5,60.0,32.5,SLIPPAGE_BASE,4,16,120.95999999999913
FIRST_TRIANGLE_GOLD_EVIDENCE_XAUUSD_1751328000,69,52.5,60.0,32.5,SLIPPAGE_BASE,5,13,96.85999999999967
FIRST_TRIANGLE_GOLD_EVIDENCE_XAUUSD_1751328000,69,52.5,60.0,32.5,SLIPPAGE_BASE,6,15,221.1199999999999
FIRST_TRIANGLE_GOLD_EVIDENCE_XAUUSD_1751328000,69,52.5,60.0,32.5,SLIPPAGE_BASE,7,34,103.83999999999924
FIRST_TRIANGLE_GOLD_EVIDENCE_XAUUSD_1751328000,69,52.5,60.0,32.5,SLIPPAGE_BASE,8,19,112.79000000000042
FIRST_TRIANGLE_GOLD_EVIDENCE_XAUUSD_1751328000,69,52.5,60.0,32.5,SLIPPAGE_BASE,9,9,-87.47999999999956
FIRST_TRIANGLE_GOLD_EVIDENCE_XAUUSD_1751328000,69,52.5,60.0,32.5,SLIPPAGE_BASE,10,18,136.80999999999813
FIRST_TRIANGLE_GOLD_EVIDENCE_XAUUSD_1751328000,69,52.5,60.0,32.5,SLIPPAGE_BASE,11,13,240.88999999999805
FIRST_TRIANGLE_GOLD_EVIDENCE_XAUUSD_1751328000,69,52.5,60.0,32.5,SLIPPAGE_BASE,12,16,-221.34999999999945
FIRST_TRIANGLE_GOLD_EVIDENCE_XAUUSD_1751328000,70,52.5,60.0,32.5,COMMISSION_PLUS_25,1,17,599.9100000000008
FIRST_TRIANGLE_GOLD_EVIDENCE_XAUUSD_1751328000,70,52.5,60.0,32.5,COMMISSION_PLUS_25,2,14,288.70000000000164
FIRST_TRIANGLE_GOLD_EVIDENCE_XAUUSD_1751328000,70,52.5,60.0,32.5,COMMISSION_PLUS_25,3,20,17.849999999998545
FIRST_TRIANGLE_GOLD_EVIDENCE_XAUUSD_1751328000,70,52.5,60.0,32.5,COMMISSION_PLUS_25,4,16,120.95999999999913
FIRST_TRIANGLE_GOLD_EVIDENCE_XAUUSD_1751328000,70,52.5,60.0,32.5,COMMISSION_PLUS_25,5,13,96.85999999999967
FIRST_TRIANGLE_GOLD_EVIDENCE_XAUUSD_1751328000,70,52.5,60.0,32.5,COMMISSION_PLUS_25,6,15,221.1199999999999
FIRST_TRIANGLE_GOLD_EVIDENCE_XAUUSD_1751328000,70,52.5,60.0,32.5,COMMISSION_PLUS_25,7,34,103.83999999999924
FIRST_TRIANGLE_GOLD_EVIDENCE_XAUUSD_1751328000,70,52.5,60.0,32.5,COMMISSION_PLUS_25,8,19,112.79000000000042
FIRST_TRIANGLE_GOLD_EVIDENCE_XAUUSD_1751328000,70,52.5,60.0,32.5,COMMISSION_PLUS_25,9,9,-87.47999999999956
FIRST_TRIANGLE_GOLD_EVIDENCE_XAUUSD_1751328000,70,52.5,60.0,32.5,COMMISSION_PLUS_25,10,18,136.80999999999813
FIRST_TRIANGLE_GOLD_EVIDENCE_XAUUSD_1751328000,70,52.5,60.0,32.5,COMMISSION_PLUS_25,11,13,240.88999999999805
FIRST_TRIANGLE_GOLD_EVIDENCE_XAUUSD_1751328000,70,52.5,60.0,32.5,COMMISSION_PLUS_25,12,16,-221.34999999999945
FIRST_TRIANGLE_GOLD_EVIDENCE_XAUUSD_1751328000,71,52.5,60.0,32.5,COMBINED_STRESS,1,17,599.9100000000008
FIRST_TRIANGLE_GOLD_EVIDENCE_XAUUSD_1751328000,71,52.5,60.0,32.5,COMBINED_STRESS,2,14,288.70000000000164
FIRST_TRIANGLE_GOLD_EVIDENCE_XAUUSD_1751328000,71,52.5,60.0,32.5,COMBINED_STRESS,3,20,17.849999999998545
FIRST_TRIANGLE_GOLD_EVIDENCE_XAUUSD_1751328000,71,52.5,60.0,32.5,COMBINED_STRESS,4,16,120.95999999999913
FIRST_TRIANGLE_GOLD_EVIDENCE_XAUUSD_1751328000,71,52.5,60.0,32.5,COMBINED_STRESS,5,13,96.85999999999967
FIRST_TRIANGLE_GOLD_EVIDENCE_XAUUSD_1751328000,71,52.5,60.0,32.5,COMBINED_STRESS,6,15,221.1199999999999
FIRST_TRIANGLE_GOLD_EVIDENCE_XAUUSD_1751328000,71,52.5,60.0,32.5,COMBINED_STRESS,7,34,103.83999999999924
FIRST_TRIANGLE_GOLD_EVIDENCE_XAUUSD_1751328000,71,52.5,60.0,32.5,COMBINED_STRESS,8,19,112.79000000000042
FIRST_TRIANGLE_GOLD_EVIDENCE_XAUUSD_1751328000,71,52.5,60.0,32.5,COMBINED_STRESS,9,9,-87.47999999999956
FIRST_TRIANGLE_GOLD_EVIDENCE_XAUUSD_1751328000,71,52.5,60.0,32.5,COMBINED_STRESS,10,18,136.80999999999813
FIRST_TRIANGLE_GOLD_EVIDENCE_XAUUSD_1751328000,71,52.5,60.0,32.5,COMBINED_STRESS,11,13,240.88999999999805
FIRST_TRIANGLE_GOLD_EVIDENCE_XAUUSD_1751328000,71,52.5,60.0,32.5,COMBINED_STRESS,12,16,-221.34999999999945
FIRST_TRIANGLE_GOLD_EVIDENCE_XAUUSD_1751328000,72,52.5,60.0,35.0,BASE,1,17,695.920000000001
FIRST_TRIANGLE_GOLD_EVIDENCE_XAUUSD_1751328000,72,52.5,60.0,35.0,BASE,2,14,268.70000000000164
FIRST_TRIANGLE_GOLD_EVIDENCE_XAUUSD_1751328000,72,52.5,60.0,35.0,BASE,3,20,-4.650000000001455
FIRST_TRIANGLE_GOLD_EVIDENCE_XAUUSD_1751328000,72,52.5,60.0,35.0,BASE,4,16,160.9399999999987
FIRST_TRIANGLE_GOLD_EVIDENCE_XAUUSD_1751328000,72,52.5,60.0,35.0,BASE,5,13,86.85999999999967
FIRST_TRIANGLE_GOLD_EVIDENCE_XAUUSD_1751328000,72,52.5,60.0,35.0,BASE,6,15,203.51000000000022
FIRST_TRIANGLE_GOLD_EVIDENCE_XAUUSD_1751328000,72,52.5,60.0,35.0,BASE,7,34,115.69999999999982
FIRST_TRIANGLE_GOLD_EVIDENCE_XAUUSD_1751328000,72,52.5,60.0,35.0,BASE,8,19,107.79000000000042
FIRST_TRIANGLE_GOLD_EVIDENCE_XAUUSD_1751328000,72,52.5,60.0,35.0,BASE,9,9,-87.47999999999956
FIRST_TRIANGLE_GOLD_EVIDENCE_XAUUSD_1751328000,72,52.5,60.0,35.0,BASE,10,18,250.73999999999842
FIRST_TRIANGLE_GOLD_EVIDENCE_XAUUSD_1751328000,72,52.5,60.0,35.0,BASE,11,13,228.38999999999805
FIRST_TRIANGLE_GOLD_EVIDENCE_XAUUSD_1751328000,72,52.5,60.0,35.0,BASE,12,16,-226.34999999999945
FIRST_TRIANGLE_GOLD_EVIDENCE_XAUUSD_1751328000,73,52.5,60.0,35.0,SPREAD_PLUS_25,1,17,695.920000000001
FIRST_TRIANGLE_GOLD_EVIDENCE_XAUUSD_1751328000,73,52.5,60.0,35.0,SPREAD_PLUS_25,2,14,268.70000000000164
FIRST_TRIANGLE_GOLD_EVIDENCE_XAUUSD_1751328000,73,52.5,60.0,35.0,SPREAD_PLUS_25,3,20,-4.650000000001455
FIRST_TRIANGLE_GOLD_EVIDENCE_XAUUSD_1751328000,73,52.5,60.0,35.0,SPREAD_PLUS_25,4,16,160.9399999999987
FIRST_TRIANGLE_GOLD_EVIDENCE_XAUUSD_1751328000,73,52.5,60.0,35.0,SPREAD_PLUS_25,5,13,86.85999999999967
FIRST_TRIANGLE_GOLD_EVIDENCE_XAUUSD_1751328000,73,52.5,60.0,35.0,SPREAD_PLUS_25,6,15,203.51000000000022
FIRST_TRIANGLE_GOLD_EVIDENCE_XAUUSD_1751328000,73,52.5,60.0,35.0,SPREAD_PLUS_25,7,34,115.69999999999982
FIRST_TRIANGLE_GOLD_EVIDENCE_XAUUSD_1751328000,73,52.5,60.0,35.0,SPREAD_PLUS_25,8,19,107.79000000000042
FIRST_TRIANGLE_GOLD_EVIDENCE_XAUUSD_1751328000,73,52.5,60.0,35.0,SPREAD_PLUS_25,9,9,-87.47999999999956
FIRST_TRIANGLE_GOLD_EVIDENCE_XAUUSD_1751328000,73,52.5,60.0,35.0,SPREAD_PLUS_25,10,18,250.73999999999842
FIRST_TRIANGLE_GOLD_EVIDENCE_XAUUSD_1751328000,73,52.5,60.0,35.0,SPREAD_PLUS_25,11,13,228.38999999999805
FIRST_TRIANGLE_GOLD_EVIDENCE_XAUUSD_1751328000,73,52.5,60.0,35.0,SPREAD_PLUS_25,12,16,-226.34999999999945
FIRST_TRIANGLE_GOLD_EVIDENCE_XAUUSD_1751328000,74,52.5,60.0,35.0,SPREAD_PLUS_50,1,17,695.920000000001
FIRST_TRIANGLE_GOLD_EVIDENCE_XAUUSD_1751328000,74,52.5,60.0,35.0,SPREAD_PLUS_50,2,14,268.70000000000164
FIRST_TRIANGLE_GOLD_EVIDENCE_XAUUSD_1751328000,74,52.5,60.0,35.0,SPREAD_PLUS_50,3,20,-4.650000000001455
FIRST_TRIANGLE_GOLD_EVIDENCE_XAUUSD_1751328000,74,52.5,60.0,35.0,SPREAD_PLUS_50,4,16,160.9399999999987
FIRST_TRIANGLE_GOLD_EVIDENCE_XAUUSD_1751328000,74,52.5,60.0,35.0,SPREAD_PLUS_50,5,13,86.85999999999967
FIRST_TRIANGLE_GOLD_EVIDENCE_XAUUSD_1751328000,74,52.5,60.0,35.0,SPREAD_PLUS_50,6,15,203.51000000000022
FIRST_TRIANGLE_GOLD_EVIDENCE_XAUUSD_1751328000,74,52.5,60.0,35.0,SPREAD_PLUS_50,7,34,115.69999999999982
FIRST_TRIANGLE_GOLD_EVIDENCE_XAUUSD_1751328000,74,52.5,60.0,35.0,SPREAD_PLUS_50,8,19,107.79000000000042
FIRST_TRIANGLE_GOLD_EVIDENCE_XAUUSD_1751328000,74,52.5,60.0,35.0,SPREAD_PLUS_50,9,9,-87.47999999999956
FIRST_TRIANGLE_GOLD_EVIDENCE_XAUUSD_1751328000,74,52.5,60.0,35.0,SPREAD_PLUS_50,10,18,250.73999999999842
FIRST_TRIANGLE_GOLD_EVIDENCE_XAUUSD_1751328000,74,52.5,60.0,35.0,SPREAD_PLUS_50,11,13,228.38999999999805
FIRST_TRIANGLE_GOLD_EVIDENCE_XAUUSD_1751328000,74,52.5,60.0,35.0,SPREAD_PLUS_50,12,16,-226.34999999999945
FIRST_TRIANGLE_GOLD_EVIDENCE_XAUUSD_1751328000,75,52.5,60.0,35.0,SLIPPAGE_BASE,1,17,695.920000000001
FIRST_TRIANGLE_GOLD_EVIDENCE_XAUUSD_1751328000,75,52.5,60.0,35.0,SLIPPAGE_BASE,2,14,268.70000000000164
FIRST_TRIANGLE_GOLD_EVIDENCE_XAUUSD_1751328000,75,52.5,60.0,35.0,SLIPPAGE_BASE,3,20,-4.650000000001455
FIRST_TRIANGLE_GOLD_EVIDENCE_XAUUSD_1751328000,75,52.5,60.0,35.0,SLIPPAGE_BASE,4,16,160.9399999999987
FIRST_TRIANGLE_GOLD_EVIDENCE_XAUUSD_1751328000,75,52.5,60.0,35.0,SLIPPAGE_BASE,5,13,86.85999999999967
FIRST_TRIANGLE_GOLD_EVIDENCE_XAUUSD_1751328000,75,52.5,60.0,35.0,SLIPPAGE_BASE,6,15,203.51000000000022
FIRST_TRIANGLE_GOLD_EVIDENCE_XAUUSD_1751328000,75,52.5,60.0,35.0,SLIPPAGE_BASE,7,34,115.69999999999982
FIRST_TRIANGLE_GOLD_EVIDENCE_XAUUSD_1751328000,75,52.5,60.0,35.0,SLIPPAGE_BASE,8,19,107.79000000000042
FIRST_TRIANGLE_GOLD_EVIDENCE_XAUUSD_1751328000,75,52.5,60.0,35.0,SLIPPAGE_BASE,9,9,-87.47999999999956
FIRST_TRIANGLE_GOLD_EVIDENCE_XAUUSD_1751328000,75,52.5,60.0,35.0,SLIPPAGE_BASE,10,18,250.73999999999842
FIRST_TRIANGLE_GOLD_EVIDENCE_XAUUSD_1751328000,75,52.5,60.0,35.0,SLIPPAGE_BASE,11,13,228.38999999999805
FIRST_TRIANGLE_GOLD_EVIDENCE_XAUUSD_1751328000,75,52.5,60.0,35.0,SLIPPAGE_BASE,12,16,-226.34999999999945
FIRST_TRIANGLE_GOLD_EVIDENCE_XAUUSD_1751328000,76,52.5,60.0,35.0,COMMISSION_PLUS_25,1,17,695.920000000001
FIRST_TRIANGLE_GOLD_EVIDENCE_XAUUSD_1751328000,76,52.5,60.0,35.0,COMMISSION_PLUS_25,2,14,268.70000000000164
FIRST_TRIANGLE_GOLD_EVIDENCE_XAUUSD_1751328000,76,52.5,60.0,35.0,COMMISSION_PLUS_25,3,20,-4.650000000001455
FIRST_TRIANGLE_GOLD_EVIDENCE_XAUUSD_1751328000,76,52.5,60.0,35.0,COMMISSION_PLUS_25,4,16,160.9399999999987
FIRST_TRIANGLE_GOLD_EVIDENCE_XAUUSD_1751328000,76,52.5,60.0,35.0,COMMISSION_PLUS_25,5,13,86.85999999999967
FIRST_TRIANGLE_GOLD_EVIDENCE_XAUUSD_1751328000,76,52.5,60.0,35.0,COMMISSION_PLUS_25,6,15,203.51000000000022
FIRST_TRIANGLE_GOLD_EVIDENCE_XAUUSD_1751328000,76,52.5,60.0,35.0,COMMISSION_PLUS_25,7,34,115.69999999999982
FIRST_TRIANGLE_GOLD_EVIDENCE_XAUUSD_1751328000,76,52.5,60.0,35.0,COMMISSION_PLUS_25,8,19,107.79000000000042
FIRST_TRIANGLE_GOLD_EVIDENCE_XAUUSD_1751328000,76,52.5,60.0,35.0,COMMISSION_PLUS_25,9,9,-87.47999999999956
FIRST_TRIANGLE_GOLD_EVIDENCE_XAUUSD_1751328000,76,52.5,60.0,35.0,COMMISSION_PLUS_25,10,18,250.73999999999842
FIRST_TRIANGLE_GOLD_EVIDENCE_XAUUSD_1751328000,76,52.5,60.0,35.0,COMMISSION_PLUS_25,11,13,228.38999999999805
FIRST_TRIANGLE_GOLD_EVIDENCE_XAUUSD_1751328000,76,52.5,60.0,35.0,COMMISSION_PLUS_25,12,16,-226.34999999999945
FIRST_TRIANGLE_GOLD_EVIDENCE_XAUUSD_1751328000,77,52.5,60.0,35.0,COMBINED_STRESS,1,17,695.920000000001
FIRST_TRIANGLE_GOLD_EVIDENCE_XAUUSD_1751328000,77,52.5,60.0,35.0,COMBINED_STRESS,2,14,268.70000000000164
FIRST_TRIANGLE_GOLD_EVIDENCE_XAUUSD_1751328000,77,52.5,60.0,35.0,COMBINED_STRESS,3,20,-4.650000000001455
FIRST_TRIANGLE_GOLD_EVIDENCE_XAUUSD_1751328000,77,52.5,60.0,35.0,COMBINED_STRESS,4,16,160.9399999999987
FIRST_TRIANGLE_GOLD_EVIDENCE_XAUUSD_1751328000,77,52.5,60.0,35.0,COMBINED_STRESS,5,13,86.85999999999967
FIRST_TRIANGLE_GOLD_EVIDENCE_XAUUSD_1751328000,77,52.5,60.0,35.0,COMBINED_STRESS,6,15,203.51000000000022
FIRST_TRIANGLE_GOLD_EVIDENCE_XAUUSD_1751328000,77,52.5,60.0,35.0,COMBINED_STRESS,7,34,115.69999999999982
FIRST_TRIANGLE_GOLD_EVIDENCE_XAUUSD_1751328000,77,52.5,60.0,35.0,COMBINED_STRESS,8,19,107.79000000000042
FIRST_TRIANGLE_GOLD_EVIDENCE_XAUUSD_1751328000,77,52.5,60.0,35.0,COMBINED_STRESS,9,9,-87.47999999999956
FIRST_TRIANGLE_GOLD_EVIDENCE_XAUUSD_1751328000,77,52.5,60.0,35.0,COMBINED_STRESS,10,18,250.73999999999842
FIRST_TRIANGLE_GOLD_EVIDENCE_XAUUSD_1751328000,77,52.5,60.0,35.0,COMBINED_STRESS,11,13,228.38999999999805
FIRST_TRIANGLE_GOLD_EVIDENCE_XAUUSD_1751328000,77,52.5,60.0,35.0,COMBINED_STRESS,12,16,-226.34999999999945
FIRST_TRIANGLE_GOLD_EVIDENCE_XAUUSD_1751328000,78,52.5,60.0,37.5,BASE,1,17,670.920000000001
FIRST_TRIANGLE_GOLD_EVIDENCE_XAUUSD_1751328000,78,52.5,60.0,37.5,BASE,2,14,248.70000000000164
FIRST_TRIANGLE_GOLD_EVIDENCE_XAUUSD_1751328000,78,52.5,60.0,37.5,BASE,3,20,-27.150000000001455
FIRST_TRIANGLE_GOLD_EVIDENCE_XAUUSD_1751328000,78,52.5,60.0,37.5,BASE,4,16,146.4499999999989
FIRST_TRIANGLE_GOLD_EVIDENCE_XAUUSD_1751328000,78,52.5,60.0,37.5,BASE,5,13,76.85999999999967
FIRST_TRIANGLE_GOLD_EVIDENCE_XAUUSD_1751328000,78,52.5,60.0,37.5,BASE,6,15,247.8199999999997
FIRST_TRIANGLE_GOLD_EVIDENCE_XAUUSD_1751328000,78,52.5,60.0,37.5,BASE,7,34,103.19999999999982
FIRST_TRIANGLE_GOLD_EVIDENCE_XAUUSD_1751328000,78,52.5,60.0,37.5,BASE,8,19,102.79000000000042
FIRST_TRIANGLE_GOLD_EVIDENCE_XAUUSD_1751328000,78,52.5,60.0,37.5,BASE,9,9,-87.47999999999956
FIRST_TRIANGLE_GOLD_EVIDENCE_XAUUSD_1751328000,78,52.5,60.0,37.5,BASE,10,18,497.9599999999987
FIRST_TRIANGLE_GOLD_EVIDENCE_XAUUSD_1751328000,78,52.5,60.0,37.5,BASE,11,13,215.88999999999805
FIRST_TRIANGLE_GOLD_EVIDENCE_XAUUSD_1751328000,78,52.5,60.0,37.5,BASE,12,16,-231.34999999999945
FIRST_TRIANGLE_GOLD_EVIDENCE_XAUUSD_1751328000,79,52.5,60.0,37.5,SPREAD_PLUS_25,1,17,670.920000000001
FIRST_TRIANGLE_GOLD_EVIDENCE_XAUUSD_1751328000,79,52.5,60.0,37.5,SPREAD_PLUS_25,2,14,248.70000000000164
FIRST_TRIANGLE_GOLD_EVIDENCE_XAUUSD_1751328000,79,52.5,60.0,37.5,SPREAD_PLUS_25,3,20,-27.150000000001455
FIRST_TRIANGLE_GOLD_EVIDENCE_XAUUSD_1751328000,79,52.5,60.0,37.5,SPREAD_PLUS_25,4,16,146.4499999999989
FIRST_TRIANGLE_GOLD_EVIDENCE_XAUUSD_1751328000,79,52.5,60.0,37.5,SPREAD_PLUS_25,5,13,76.85999999999967
FIRST_TRIANGLE_GOLD_EVIDENCE_XAUUSD_1751328000,79,52.5,60.0,37.5,SPREAD_PLUS_25,6,15,247.8199999999997
FIRST_TRIANGLE_GOLD_EVIDENCE_XAUUSD_1751328000,79,52.5,60.0,37.5,SPREAD_PLUS_25,7,34,103.19999999999982
FIRST_TRIANGLE_GOLD_EVIDENCE_XAUUSD_1751328000,79,52.5,60.0,37.5,SPREAD_PLUS_25,8,19,102.79000000000042
FIRST_TRIANGLE_GOLD_EVIDENCE_XAUUSD_1751328000,79,52.5,60.0,37.5,SPREAD_PLUS_25,9,9,-87.47999999999956
FIRST_TRIANGLE_GOLD_EVIDENCE_XAUUSD_1751328000,79,52.5,60.0,37.5,SPREAD_PLUS_25,10,18,497.9599999999987
FIRST_TRIANGLE_GOLD_EVIDENCE_XAUUSD_1751328000,79,52.5,60.0,37.5,SPREAD_PLUS_25,11,13,215.88999999999805
FIRST_TRIANGLE_GOLD_EVIDENCE_XAUUSD_1751328000,79,52.5,60.0,37.5,SPREAD_PLUS_25,12,16,-231.34999999999945
FIRST_TRIANGLE_GOLD_EVIDENCE_XAUUSD_1751328000,80,52.5,60.0,37.5,SPREAD_PLUS_50,1,17,670.920000000001
FIRST_TRIANGLE_GOLD_EVIDENCE_XAUUSD_1751328000,80,52.5,60.0,37.5,SPREAD_PLUS_50,2,14,248.70000000000164
FIRST_TRIANGLE_GOLD_EVIDENCE_XAUUSD_1751328000,80,52.5,60.0,37.5,SPREAD_PLUS_50,3,20,-27.150000000001455
FIRST_TRIANGLE_GOLD_EVIDENCE_XAUUSD_1751328000,80,52.5,60.0,37.5,SPREAD_PLUS_50,4,16,146.4499999999989
FIRST_TRIANGLE_GOLD_EVIDENCE_XAUUSD_1751328000,80,52.5,60.0,37.5,SPREAD_PLUS_50,5,13,76.85999999999967
FIRST_TRIANGLE_GOLD_EVIDENCE_XAUUSD_1751328000,80,52.5,60.0,37.5,SPREAD_PLUS_50,6,15,247.8199999999997
FIRST_TRIANGLE_GOLD_EVIDENCE_XAUUSD_1751328000,80,52.5,60.0,37.5,SPREAD_PLUS_50,7,34,103.19999999999982
FIRST_TRIANGLE_GOLD_EVIDENCE_XAUUSD_1751328000,80,52.5,60.0,37.5,SPREAD_PLUS_50,8,19,102.79000000000042
FIRST_TRIANGLE_GOLD_EVIDENCE_XAUUSD_1751328000,80,52.5,60.0,37.5,SPREAD_PLUS_50,9,9,-87.47999999999956
FIRST_TRIANGLE_GOLD_EVIDENCE_XAUUSD_1751328000,80,52.5,60.0,37.5,SPREAD_PLUS_50,10,18,497.9599999999987
FIRST_TRIANGLE_GOLD_EVIDENCE_XAUUSD_1751328000,80,52.5,60.0,37.5,SPREAD_PLUS_50,11,13,215.88999999999805
FIRST_TRIANGLE_GOLD_EVIDENCE_XAUUSD_1751328000,80,52.5,60.0,37.5,SPREAD_PLUS_50,12,16,-231.34999999999945
FIRST_TRIANGLE_GOLD_EVIDENCE_XAUUSD_1751328000,81,52.5,60.0,37.5,SLIPPAGE_BASE,1,17,670.920000000001
FIRST_TRIANGLE_GOLD_EVIDENCE_XAUUSD_1751328000,81,52.5,60.0,37.5,SLIPPAGE_BASE,2,14,248.70000000000164
FIRST_TRIANGLE_GOLD_EVIDENCE_XAUUSD_1751328000,81,52.5,60.0,37.5,SLIPPAGE_BASE,3,20,-27.150000000001455
FIRST_TRIANGLE_GOLD_EVIDENCE_XAUUSD_1751328000,81,52.5,60.0,37.5,SLIPPAGE_BASE,4,16,146.4499999999989
FIRST_TRIANGLE_GOLD_EVIDENCE_XAUUSD_1751328000,81,52.5,60.0,37.5,SLIPPAGE_BASE,5,13,76.85999999999967
FIRST_TRIANGLE_GOLD_EVIDENCE_XAUUSD_1751328000,81,52.5,60.0,37.5,SLIPPAGE_BASE,6,15,247.8199999999997
FIRST_TRIANGLE_GOLD_EVIDENCE_XAUUSD_1751328000,81,52.5,60.0,37.5,SLIPPAGE_BASE,7,34,103.19999999999982
FIRST_TRIANGLE_GOLD_EVIDENCE_XAUUSD_1751328000,81,52.5,60.0,37.5,SLIPPAGE_BASE,8,19,102.79000000000042
FIRST_TRIANGLE_GOLD_EVIDENCE_XAUUSD_1751328000,81,52.5,60.0,37.5,SLIPPAGE_BASE,9,9,-87.47999999999956
FIRST_TRIANGLE_GOLD_EVIDENCE_XAUUSD_1751328000,81,52.5,60.0,37.5,SLIPPAGE_BASE,10,18,497.9599999999987
FIRST_TRIANGLE_GOLD_EVIDENCE_XAUUSD_1751328000,81,52.5,60.0,37.5,SLIPPAGE_BASE,11,13,215.88999999999805
FIRST_TRIANGLE_GOLD_EVIDENCE_XAUUSD_1751328000,81,52.5,60.0,37.5,SLIPPAGE_BASE,12,16,-231.34999999999945
FIRST_TRIANGLE_GOLD_EVIDENCE_XAUUSD_1751328000,82,52.5,60.0,37.5,COMMISSION_PLUS_25,1,17,670.920000000001
FIRST_TRIANGLE_GOLD_EVIDENCE_XAUUSD_1751328000,82,52.5,60.0,37.5,COMMISSION_PLUS_25,2,14,248.70000000000164
FIRST_TRIANGLE_GOLD_EVIDENCE_XAUUSD_1751328000,82,52.5,60.0,37.5,COMMISSION_PLUS_25,3,20,-27.150000000001455
FIRST_TRIANGLE_GOLD_EVIDENCE_XAUUSD_1751328000,82,52.5,60.0,37.5,COMMISSION_PLUS_25,4,16,146.4499999999989
FIRST_TRIANGLE_GOLD_EVIDENCE_XAUUSD_1751328000,82,52.5,60.0,37.5,COMMISSION_PLUS_25,5,13,76.85999999999967
FIRST_TRIANGLE_GOLD_EVIDENCE_XAUUSD_1751328000,82,52.5,60.0,37.5,COMMISSION_PLUS_25,6,15,247.8199999999997
FIRST_TRIANGLE_GOLD_EVIDENCE_XAUUSD_1751328000,82,52.5,60.0,37.5,COMMISSION_PLUS_25,7,34,103.19999999999982
FIRST_TRIANGLE_GOLD_EVIDENCE_XAUUSD_1751328000,82,52.5,60.0,37.5,COMMISSION_PLUS_25,8,19,102.79000000000042
FIRST_TRIANGLE_GOLD_EVIDENCE_XAUUSD_1751328000,82,52.5,60.0,37.5,COMMISSION_PLUS_25,9,9,-87.47999999999956
FIRST_TRIANGLE_GOLD_EVIDENCE_XAUUSD_1751328000,82,52.5,60.0,37.5,COMMISSION_PLUS_25,10,18,497.9599999999987
FIRST_TRIANGLE_GOLD_EVIDENCE_XAUUSD_1751328000,82,52.5,60.0,37.5,COMMISSION_PLUS_25,11,13,215.88999999999805
FIRST_TRIANGLE_GOLD_EVIDENCE_XAUUSD_1751328000,82,52.5,60.0,37.5,COMMISSION_PLUS_25,12,16,-231.34999999999945
FIRST_TRIANGLE_GOLD_EVIDENCE_XAUUSD_1751328000,83,52.5,60.0,37.5,COMBINED_STRESS,1,17,670.920000000001
FIRST_TRIANGLE_GOLD_EVIDENCE_XAUUSD_1751328000,83,52.5,60.0,37.5,COMBINED_STRESS,2,14,248.70000000000164
FIRST_TRIANGLE_GOLD_EVIDENCE_XAUUSD_1751328000,83,52.5,60.0,37.5,COMBINED_STRESS,3,20,-27.150000000001455
FIRST_TRIANGLE_GOLD_EVIDENCE_XAUUSD_1751328000,83,52.5,60.0,37.5,COMBINED_STRESS,4,16,146.4499999999989
FIRST_TRIANGLE_GOLD_EVIDENCE_XAUUSD_1751328000,83,52.5,60.0,37.5,COMBINED_STRESS,5,13,76.85999999999967
FIRST_TRIANGLE_GOLD_EVIDENCE_XAUUSD_1751328000,83,52.5,60.0,37.5,COMBINED_STRESS,6,15,247.8199999999997
FIRST_TRIANGLE_GOLD_EVIDENCE_XAUUSD_1751328000,83,52.5,60.0,37.5,COMBINED_STRESS,7,34,103.19999999999982
FIRST_TRIANGLE_GOLD_EVIDENCE_XAUUSD_1751328000,83,52.5,60.0,37.5,COMBINED_STRESS,8,19,102.79000000000042
FIRST_TRIANGLE_GOLD_EVIDENCE_XAUUSD_1751328000,83,52.5,60.0,37.5,COMBINED_STRESS,9,9,-87.47999999999956
FIRST_TRIANGLE_GOLD_EVIDENCE_XAUUSD_1751328000,83,52.5,60.0,37.5,COMBINED_STRESS,10,18,497.9599999999987
FIRST_TRIANGLE_GOLD_EVIDENCE_XAUUSD_1751328000,83,52.5,60.0,37.5,COMBINED_STRESS,11,13,215.88999999999805
FIRST_TRIANGLE_GOLD_EVIDENCE_XAUUSD_1751328000,83,52.5,60.0,37.5,COMBINED_STRESS,12,16,-231.34999999999945
FIRST_TRIANGLE_GOLD_EVIDENCE_XAUUSD_1751328000,84,52.5,62.5,22.5,BASE,1,16,332.78999999999996
FIRST_TRIANGLE_GOLD_EVIDENCE_XAUUSD_1751328000,84,52.5,62.5,22.5,BASE,2,14,361.380000000001
FIRST_TRIANGLE_GOLD_EVIDENCE_XAUUSD_1751328000,84,52.5,62.5,22.5,BASE,3,20,95.20999999999822
FIRST_TRIANGLE_GOLD_EVIDENCE_XAUUSD_1751328000,84,52.5,62.5,22.5,BASE,4,16,95.5699999999988
FIRST_TRIANGLE_GOLD_EVIDENCE_XAUUSD_1751328000,84,52.5,62.5,22.5,BASE,5,13,119.05999999999949
FIRST_TRIANGLE_GOLD_EVIDENCE_XAUUSD_1751328000,84,52.5,62.5,22.5,BASE,6,14,186.40000000000055
FIRST_TRIANGLE_GOLD_EVIDENCE_XAUUSD_1751328000,84,52.5,62.5,22.5,BASE,7,34,135.31999999999925
FIRST_TRIANGLE_GOLD_EVIDENCE_XAUUSD_1751328000,84,52.5,62.5,22.5,BASE,8,19,-6.819999999999254
FIRST_TRIANGLE_GOLD_EVIDENCE_XAUUSD_1751328000,84,52.5,62.5,22.5,BASE,9,9,-87.47999999999956
FIRST_TRIANGLE_GOLD_EVIDENCE_XAUUSD_1751328000,84,52.5,62.5,22.5,BASE,10,17,162.98999999999887
FIRST_TRIANGLE_GOLD_EVIDENCE_XAUUSD_1751328000,84,52.5,62.5,22.5,BASE,11,12,154.10999999999876
FIRST_TRIANGLE_GOLD_EVIDENCE_XAUUSD_1751328000,84,52.5,62.5,22.5,BASE,12,16,-201.34999999999945
FIRST_TRIANGLE_GOLD_EVIDENCE_XAUUSD_1751328000,85,52.5,62.5,22.5,SPREAD_PLUS_25,1,16,332.78999999999996
FIRST_TRIANGLE_GOLD_EVIDENCE_XAUUSD_1751328000,85,52.5,62.5,22.5,SPREAD_PLUS_25,2,14,361.380000000001
FIRST_TRIANGLE_GOLD_EVIDENCE_XAUUSD_1751328000,85,52.5,62.5,22.5,SPREAD_PLUS_25,3,20,95.20999999999822
FIRST_TRIANGLE_GOLD_EVIDENCE_XAUUSD_1751328000,85,52.5,62.5,22.5,SPREAD_PLUS_25,4,16,95.5699999999988
FIRST_TRIANGLE_GOLD_EVIDENCE_XAUUSD_1751328000,85,52.5,62.5,22.5,SPREAD_PLUS_25,5,13,119.05999999999949
FIRST_TRIANGLE_GOLD_EVIDENCE_XAUUSD_1751328000,85,52.5,62.5,22.5,SPREAD_PLUS_25,6,14,186.40000000000055
FIRST_TRIANGLE_GOLD_EVIDENCE_XAUUSD_1751328000,85,52.5,62.5,22.5,SPREAD_PLUS_25,7,34,135.31999999999925
FIRST_TRIANGLE_GOLD_EVIDENCE_XAUUSD_1751328000,85,52.5,62.5,22.5,SPREAD_PLUS_25,8,19,-6.819999999999254
FIRST_TRIANGLE_GOLD_EVIDENCE_XAUUSD_1751328000,85,52.5,62.5,22.5,SPREAD_PLUS_25,9,9,-87.47999999999956
FIRST_TRIANGLE_GOLD_EVIDENCE_XAUUSD_1751328000,85,52.5,62.5,22.5,SPREAD_PLUS_25,10,17,162.98999999999887
FIRST_TRIANGLE_GOLD_EVIDENCE_XAUUSD_1751328000,85,52.5,62.5,22.5,SPREAD_PLUS_25,11,12,154.10999999999876
FIRST_TRIANGLE_GOLD_EVIDENCE_XAUUSD_1751328000,85,52.5,62.5,22.5,SPREAD_PLUS_25,12,16,-201.34999999999945
FIRST_TRIANGLE_GOLD_EVIDENCE_XAUUSD_1751328000,86,52.5,62.5,22.5,SPREAD_PLUS_50,1,16,332.78999999999996
FIRST_TRIANGLE_GOLD_EVIDENCE_XAUUSD_1751328000,86,52.5,62.5,22.5,SPREAD_PLUS_50,2,14,361.380000000001
FIRST_TRIANGLE_GOLD_EVIDENCE_XAUUSD_1751328000,86,52.5,62.5,22.5,SPREAD_PLUS_50,3,20,95.20999999999822
FIRST_TRIANGLE_GOLD_EVIDENCE_XAUUSD_1751328000,86,52.5,62.5,22.5,SPREAD_PLUS_50,4,16,95.5699999999988
FIRST_TRIANGLE_GOLD_EVIDENCE_XAUUSD_1751328000,86,52.5,62.5,22.5,SPREAD_PLUS_50,5,13,119.05999999999949
FIRST_TRIANGLE_GOLD_EVIDENCE_XAUUSD_1751328000,86,52.5,62.5,22.5,SPREAD_PLUS_50,6,14,186.40000000000055
FIRST_TRIANGLE_GOLD_EVIDENCE_XAUUSD_1751328000,86,52.5,62.5,22.5,SPREAD_PLUS_50,7,34,135.31999999999925
FIRST_TRIANGLE_GOLD_EVIDENCE_XAUUSD_1751328000,86,52.5,62.5,22.5,SPREAD_PLUS_50,8,19,-6.819999999999254
FIRST_TRIANGLE_GOLD_EVIDENCE_XAUUSD_1751328000,86,52.5,62.5,22.5,SPREAD_PLUS_50,9,9,-87.47999999999956
FIRST_TRIANGLE_GOLD_EVIDENCE_XAUUSD_1751328000,86,52.5,62.5,22.5,SPREAD_PLUS_50,10,17,162.98999999999887
FIRST_TRIANGLE_GOLD_EVIDENCE_XAUUSD_1751328000,86,52.5,62.5,22.5,SPREAD_PLUS_50,11,12,154.10999999999876
FIRST_TRIANGLE_GOLD_EVIDENCE_XAUUSD_1751328000,86,52.5,62.5,22.5,SPREAD_PLUS_50,12,16,-201.34999999999945
FIRST_TRIANGLE_GOLD_EVIDENCE_XAUUSD_1751328000,87,52.5,62.5,22.5,SLIPPAGE_BASE,1,16,332.78999999999996
FIRST_TRIANGLE_GOLD_EVIDENCE_XAUUSD_1751328000,87,52.5,62.5,22.5,SLIPPAGE_BASE,2,14,361.380000000001
FIRST_TRIANGLE_GOLD_EVIDENCE_XAUUSD_1751328000,87,52.5,62.5,22.5,SLIPPAGE_BASE,3,20,95.20999999999822
FIRST_TRIANGLE_GOLD_EVIDENCE_XAUUSD_1751328000,87,52.5,62.5,22.5,SLIPPAGE_BASE,4,16,95.5699999999988
FIRST_TRIANGLE_GOLD_EVIDENCE_XAUUSD_1751328000,87,52.5,62.5,22.5,SLIPPAGE_BASE,5,13,119.05999999999949
FIRST_TRIANGLE_GOLD_EVIDENCE_XAUUSD_1751328000,87,52.5,62.5,22.5,SLIPPAGE_BASE,6,14,186.40000000000055
FIRST_TRIANGLE_GOLD_EVIDENCE_XAUUSD_1751328000,87,52.5,62.5,22.5,SLIPPAGE_BASE,7,34,135.31999999999925
FIRST_TRIANGLE_GOLD_EVIDENCE_XAUUSD_1751328000,87,52.5,62.5,22.5,SLIPPAGE_BASE,8,19,-6.819999999999254
FIRST_TRIANGLE_GOLD_EVIDENCE_XAUUSD_1751328000,87,52.5,62.5,22.5,SLIPPAGE_BASE,9,9,-87.47999999999956
FIRST_TRIANGLE_GOLD_EVIDENCE_XAUUSD_1751328000,87,52.5,62.5,22.5,SLIPPAGE_BASE,10,17,162.98999999999887
FIRST_TRIANGLE_GOLD_EVIDENCE_XAUUSD_1751328000,87,52.5,62.5,22.5,SLIPPAGE_BASE,11,12,154.10999999999876
FIRST_TRIANGLE_GOLD_EVIDENCE_XAUUSD_1751328000,87,52.5,62.5,22.5,SLIPPAGE_BASE,12,16,-201.34999999999945
FIRST_TRIANGLE_GOLD_EVIDENCE_XAUUSD_1751328000,88,52.5,62.5,22.5,COMMISSION_PLUS_25,1,16,332.78999999999996
FIRST_TRIANGLE_GOLD_EVIDENCE_XAUUSD_1751328000,88,52.5,62.5,22.5,COMMISSION_PLUS_25,2,14,361.380000000001
FIRST_TRIANGLE_GOLD_EVIDENCE_XAUUSD_1751328000,88,52.5,62.5,22.5,COMMISSION_PLUS_25,3,20,95.20999999999822
FIRST_TRIANGLE_GOLD_EVIDENCE_XAUUSD_1751328000,88,52.5,62.5,22.5,COMMISSION_PLUS_25,4,16,95.5699999999988
FIRST_TRIANGLE_GOLD_EVIDENCE_XAUUSD_1751328000,88,52.5,62.5,22.5,COMMISSION_PLUS_25,5,13,119.05999999999949
FIRST_TRIANGLE_GOLD_EVIDENCE_XAUUSD_1751328000,88,52.5,62.5,22.5,COMMISSION_PLUS_25,6,14,186.40000000000055
FIRST_TRIANGLE_GOLD_EVIDENCE_XAUUSD_1751328000,88,52.5,62.5,22.5,COMMISSION_PLUS_25,7,34,135.31999999999925
FIRST_TRIANGLE_GOLD_EVIDENCE_XAUUSD_1751328000,88,52.5,62.5,22.5,COMMISSION_PLUS_25,8,19,-6.819999999999254
FIRST_TRIANGLE_GOLD_EVIDENCE_XAUUSD_1751328000,88,52.5,62.5,22.5,COMMISSION_PLUS_25,9,9,-87.47999999999956
FIRST_TRIANGLE_GOLD_EVIDENCE_XAUUSD_1751328000,88,52.5,62.5,22.5,COMMISSION_PLUS_25,10,17,162.98999999999887
FIRST_TRIANGLE_GOLD_EVIDENCE_XAUUSD_1751328000,88,52.5,62.5,22.5,COMMISSION_PLUS_25,11,12,154.10999999999876
FIRST_TRIANGLE_GOLD_EVIDENCE_XAUUSD_1751328000,88,52.5,62.5,22.5,COMMISSION_PLUS_25,12,16,-201.34999999999945
FIRST_TRIANGLE_GOLD_EVIDENCE_XAUUSD_1751328000,89,52.5,62.5,22.5,COMBINED_STRESS,1,16,332.78999999999996
FIRST_TRIANGLE_GOLD_EVIDENCE_XAUUSD_1751328000,89,52.5,62.5,22.5,COMBINED_STRESS,2,14,361.380000000001
FIRST_TRIANGLE_GOLD_EVIDENCE_XAUUSD_1751328000,89,52.5,62.5,22.5,COMBINED_STRESS,3,20,95.20999999999822
FIRST_TRIANGLE_GOLD_EVIDENCE_XAUUSD_1751328000,89,52.5,62.5,22.5,COMBINED_STRESS,4,16,95.5699999999988
FIRST_TRIANGLE_GOLD_EVIDENCE_XAUUSD_1751328000,89,52.5,62.5,22.5,COMBINED_STRESS,5,13,119.05999999999949
FIRST_TRIANGLE_GOLD_EVIDENCE_XAUUSD_1751328000,89,52.5,62.5,22.5,COMBINED_STRESS,6,14,186.40000000000055
FIRST_TRIANGLE_GOLD_EVIDENCE_XAUUSD_1751328000,89,52.5,62.5,22.5,COMBINED_STRESS,7,34,135.31999999999925
FIRST_TRIANGLE_GOLD_EVIDENCE_XAUUSD_1751328000,89,52.5,62.5,22.5,COMBINED_STRESS,8,19,-6.819999999999254
FIRST_TRIANGLE_GOLD_EVIDENCE_XAUUSD_1751328000,89,52.5,62.5,22.5,COMBINED_STRESS,9,9,-87.47999999999956
FIRST_TRIANGLE_GOLD_EVIDENCE_XAUUSD_1751328000,89,52.5,62.5,22.5,COMBINED_STRESS,10,17,162.98999999999887
FIRST_TRIANGLE_GOLD_EVIDENCE_XAUUSD_1751328000,89,52.5,62.5,22.5,COMBINED_STRESS,11,12,154.10999999999876
FIRST_TRIANGLE_GOLD_EVIDENCE_XAUUSD_1751328000,89,52.5,62.5,22.5,COMBINED_STRESS,12,16,-201.34999999999945
FIRST_TRIANGLE_GOLD_EVIDENCE_XAUUSD_1751328000,90,52.5,62.5,25.0,BASE,1,16,377.1100000000006
FIRST_TRIANGLE_GOLD_EVIDENCE_XAUUSD_1751328000,90,52.5,62.5,25.0,BASE,2,14,348.70000000000164
FIRST_TRIANGLE_GOLD_EVIDENCE_XAUUSD_1751328000,90,52.5,62.5,25.0,BASE,3,20,72.70999999999822
FIRST_TRIANGLE_GOLD_EVIDENCE_XAUUSD_1751328000,90,52.5,62.5,25.0,BASE,4,16,112.57999999999902
FIRST_TRIANGLE_GOLD_EVIDENCE_XAUUSD_1751328000,90,52.5,62.5,25.0,BASE,5,13,109.05999999999949
FIRST_TRIANGLE_GOLD_EVIDENCE_XAUUSD_1751328000,90,52.5,62.5,25.0,BASE,6,14,201.3800000000001
FIRST_TRIANGLE_GOLD_EVIDENCE_XAUUSD_1751328000,90,52.5,62.5,25.0,BASE,7,34,122.81999999999925
FIRST_TRIANGLE_GOLD_EVIDENCE_XAUUSD_1751328000,90,52.5,62.5,25.0,BASE,8,19,127.79000000000042
FIRST_TRIANGLE_GOLD_EVIDENCE_XAUUSD_1751328000,90,52.5,62.5,25.0,BASE,9,9,-87.47999999999956
FIRST_TRIANGLE_GOLD_EVIDENCE_XAUUSD_1751328000,90,52.5,62.5,25.0,BASE,10,17,177.73999999999887
FIRST_TRIANGLE_GOLD_EVIDENCE_XAUUSD_1751328000,90,52.5,62.5,25.0,BASE,11,12,151.87999999999874
FIRST_TRIANGLE_GOLD_EVIDENCE_XAUUSD_1751328000,90,52.5,62.5,25.0,BASE,12,16,-206.34999999999945
FIRST_TRIANGLE_GOLD_EVIDENCE_XAUUSD_1751328000,91,52.5,62.5,25.0,SPREAD_PLUS_25,1,16,377.1100000000006
FIRST_TRIANGLE_GOLD_EVIDENCE_XAUUSD_1751328000,91,52.5,62.5,25.0,SPREAD_PLUS_25,2,14,348.70000000000164
FIRST_TRIANGLE_GOLD_EVIDENCE_XAUUSD_1751328000,91,52.5,62.5,25.0,SPREAD_PLUS_25,3,20,72.70999999999822
FIRST_TRIANGLE_GOLD_EVIDENCE_XAUUSD_1751328000,91,52.5,62.5,25.0,SPREAD_PLUS_25,4,16,112.57999999999902
FIRST_TRIANGLE_GOLD_EVIDENCE_XAUUSD_1751328000,91,52.5,62.5,25.0,SPREAD_PLUS_25,5,13,109.05999999999949
FIRST_TRIANGLE_GOLD_EVIDENCE_XAUUSD_1751328000,91,52.5,62.5,25.0,SPREAD_PLUS_25,6,14,201.3800000000001
FIRST_TRIANGLE_GOLD_EVIDENCE_XAUUSD_1751328000,91,52.5,62.5,25.0,SPREAD_PLUS_25,7,34,122.81999999999925
FIRST_TRIANGLE_GOLD_EVIDENCE_XAUUSD_1751328000,91,52.5,62.5,25.0,SPREAD_PLUS_25,8,19,127.79000000000042
FIRST_TRIANGLE_GOLD_EVIDENCE_XAUUSD_1751328000,91,52.5,62.5,25.0,SPREAD_PLUS_25,9,9,-87.47999999999956
FIRST_TRIANGLE_GOLD_EVIDENCE_XAUUSD_1751328000,91,52.5,62.5,25.0,SPREAD_PLUS_25,10,17,177.73999999999887
FIRST_TRIANGLE_GOLD_EVIDENCE_XAUUSD_1751328000,91,52.5,62.5,25.0,SPREAD_PLUS_25,11,12,151.87999999999874
FIRST_TRIANGLE_GOLD_EVIDENCE_XAUUSD_1751328000,91,52.5,62.5,25.0,SPREAD_PLUS_25,12,16,-206.34999999999945
FIRST_TRIANGLE_GOLD_EVIDENCE_XAUUSD_1751328000,92,52.5,62.5,25.0,SPREAD_PLUS_50,1,16,377.1100000000006
FIRST_TRIANGLE_GOLD_EVIDENCE_XAUUSD_1751328000,92,52.5,62.5,25.0,SPREAD_PLUS_50,2,14,348.70000000000164
FIRST_TRIANGLE_GOLD_EVIDENCE_XAUUSD_1751328000,92,52.5,62.5,25.0,SPREAD_PLUS_50,3,20,72.70999999999822
FIRST_TRIANGLE_GOLD_EVIDENCE_XAUUSD_1751328000,92,52.5,62.5,25.0,SPREAD_PLUS_50,4,16,112.57999999999902
FIRST_TRIANGLE_GOLD_EVIDENCE_XAUUSD_1751328000,92,52.5,62.5,25.0,SPREAD_PLUS_50,5,13,109.05999999999949
FIRST_TRIANGLE_GOLD_EVIDENCE_XAUUSD_1751328000,92,52.5,62.5,25.0,SPREAD_PLUS_50,6,14,201.3800000000001
FIRST_TRIANGLE_GOLD_EVIDENCE_XAUUSD_1751328000,92,52.5,62.5,25.0,SPREAD_PLUS_50,7,34,122.81999999999925
FIRST_TRIANGLE_GOLD_EVIDENCE_XAUUSD_1751328000,92,52.5,62.5,25.0,SPREAD_PLUS_50,8,19,127.79000000000042
FIRST_TRIANGLE_GOLD_EVIDENCE_XAUUSD_1751328000,92,52.5,62.5,25.0,SPREAD_PLUS_50,9,9,-87.47999999999956
FIRST_TRIANGLE_GOLD_EVIDENCE_XAUUSD_1751328000,92,52.5,62.5,25.0,SPREAD_PLUS_50,10,17,177.73999999999887
FIRST_TRIANGLE_GOLD_EVIDENCE_XAUUSD_1751328000,92,52.5,62.5,25.0,SPREAD_PLUS_50,11,12,151.87999999999874
FIRST_TRIANGLE_GOLD_EVIDENCE_XAUUSD_1751328000,92,52.5,62.5,25.0,SPREAD_PLUS_50,12,16,-206.34999999999945
FIRST_TRIANGLE_GOLD_EVIDENCE_XAUUSD_1751328000,93,52.5,62.5,25.0,SLIPPAGE_BASE,1,16,377.1100000000006
FIRST_TRIANGLE_GOLD_EVIDENCE_XAUUSD_1751328000,93,52.5,62.5,25.0,SLIPPAGE_BASE,2,14,348.70000000000164
FIRST_TRIANGLE_GOLD_EVIDENCE_XAUUSD_1751328000,93,52.5,62.5,25.0,SLIPPAGE_BASE,3,20,72.70999999999822
FIRST_TRIANGLE_GOLD_EVIDENCE_XAUUSD_1751328000,93,52.5,62.5,25.0,SLIPPAGE_BASE,4,16,112.57999999999902
FIRST_TRIANGLE_GOLD_EVIDENCE_XAUUSD_1751328000,93,52.5,62.5,25.0,SLIPPAGE_BASE,5,13,109.05999999999949
FIRST_TRIANGLE_GOLD_EVIDENCE_XAUUSD_1751328000,93,52.5,62.5,25.0,SLIPPAGE_BASE,6,14,201.3800000000001
FIRST_TRIANGLE_GOLD_EVIDENCE_XAUUSD_1751328000,93,52.5,62.5,25.0,SLIPPAGE_BASE,7,34,122.81999999999925
FIRST_TRIANGLE_GOLD_EVIDENCE_XAUUSD_1751328000,93,52.5,62.5,25.0,SLIPPAGE_BASE,8,19,127.79000000000042
FIRST_TRIANGLE_GOLD_EVIDENCE_XAUUSD_1751328000,93,52.5,62.5,25.0,SLIPPAGE_BASE,9,9,-87.47999999999956
FIRST_TRIANGLE_GOLD_EVIDENCE_XAUUSD_1751328000,93,52.5,62.5,25.0,SLIPPAGE_BASE,10,17,177.73999999999887
FIRST_TRIANGLE_GOLD_EVIDENCE_XAUUSD_1751328000,93,52.5,62.5,25.0,SLIPPAGE_BASE,11,12,151.87999999999874
FIRST_TRIANGLE_GOLD_EVIDENCE_XAUUSD_1751328000,93,52.5,62.5,25.0,SLIPPAGE_BASE,12,16,-206.34999999999945
FIRST_TRIANGLE_GOLD_EVIDENCE_XAUUSD_1751328000,94,52.5,62.5,25.0,COMMISSION_PLUS_25,1,16,377.1100000000006
FIRST_TRIANGLE_GOLD_EVIDENCE_XAUUSD_1751328000,94,52.5,62.5,25.0,COMMISSION_PLUS_25,2,14,348.70000000000164
FIRST_TRIANGLE_GOLD_EVIDENCE_XAUUSD_1751328000,94,52.5,62.5,25.0,COMMISSION_PLUS_25,3,20,72.70999999999822
FIRST_TRIANGLE_GOLD_EVIDENCE_XAUUSD_1751328000,94,52.5,62.5,25.0,COMMISSION_PLUS_25,4,16,112.57999999999902
FIRST_TRIANGLE_GOLD_EVIDENCE_XAUUSD_1751328000,94,52.5,62.5,25.0,COMMISSION_PLUS_25,5,13,109.05999999999949
FIRST_TRIANGLE_GOLD_EVIDENCE_XAUUSD_1751328000,94,52.5,62.5,25.0,COMMISSION_PLUS_25,6,14,201.3800000000001
FIRST_TRIANGLE_GOLD_EVIDENCE_XAUUSD_1751328000,94,52.5,62.5,25.0,COMMISSION_PLUS_25,7,34,122.81999999999925
FIRST_TRIANGLE_GOLD_EVIDENCE_XAUUSD_1751328000,94,52.5,62.5,25.0,COMMISSION_PLUS_25,8,19,127.79000000000042
FIRST_TRIANGLE_GOLD_EVIDENCE_XAUUSD_1751328000,94,52.5,62.5,25.0,COMMISSION_PLUS_25,9,9,-87.47999999999956
FIRST_TRIANGLE_GOLD_EVIDENCE_XAUUSD_1751328000,94,52.5,62.5,25.0,COMMISSION_PLUS_25,10,17,177.73999999999887
FIRST_TRIANGLE_GOLD_EVIDENCE_XAUUSD_1751328000,94,52.5,62.5,25.0,COMMISSION_PLUS_25,11,12,151.87999999999874
FIRST_TRIANGLE_GOLD_EVIDENCE_XAUUSD_1751328000,94,52.5,62.5,25.0,COMMISSION_PLUS_25,12,16,-206.34999999999945
FIRST_TRIANGLE_GOLD_EVIDENCE_XAUUSD_1751328000,95,52.5,62.5,25.0,COMBINED_STRESS,1,16,377.1100000000006
FIRST_TRIANGLE_GOLD_EVIDENCE_XAUUSD_1751328000,95,52.5,62.5,25.0,COMBINED_STRESS,2,14,348.70000000000164
FIRST_TRIANGLE_GOLD_EVIDENCE_XAUUSD_1751328000,95,52.5,62.5,25.0,COMBINED_STRESS,3,20,72.70999999999822
FIRST_TRIANGLE_GOLD_EVIDENCE_XAUUSD_1751328000,95,52.5,62.5,25.0,COMBINED_STRESS,4,16,112.57999999999902
FIRST_TRIANGLE_GOLD_EVIDENCE_XAUUSD_1751328000,95,52.5,62.5,25.0,COMBINED_STRESS,5,13,109.05999999999949
FIRST_TRIANGLE_GOLD_EVIDENCE_XAUUSD_1751328000,95,52.5,62.5,25.0,COMBINED_STRESS,6,14,201.3800000000001
FIRST_TRIANGLE_GOLD_EVIDENCE_XAUUSD_1751328000,95,52.5,62.5,25.0,COMBINED_STRESS,7,34,122.81999999999925
FIRST_TRIANGLE_GOLD_EVIDENCE_XAUUSD_1751328000,95,52.5,62.5,25.0,COMBINED_STRESS,8,19,127.79000000000042
FIRST_TRIANGLE_GOLD_EVIDENCE_XAUUSD_1751328000,95,52.5,62.5,25.0,COMBINED_STRESS,9,9,-87.47999999999956
FIRST_TRIANGLE_GOLD_EVIDENCE_XAUUSD_1751328000,95,52.5,62.5,25.0,COMBINED_STRESS,10,17,177.73999999999887
FIRST_TRIANGLE_GOLD_EVIDENCE_XAUUSD_1751328000,95,52.5,62.5,25.0,COMBINED_STRESS,11,12,151.87999999999874
FIRST_TRIANGLE_GOLD_EVIDENCE_XAUUSD_1751328000,95,52.5,62.5,25.0,COMBINED_STRESS,12,16,-206.34999999999945
FIRST_TRIANGLE_GOLD_EVIDENCE_XAUUSD_1751328000,96,52.5,62.5,27.5,BASE,1,16,357.1100000000006
FIRST_TRIANGLE_GOLD_EVIDENCE_XAUUSD_1751328000,96,52.5,62.5,27.5,BASE,2,14,328.70000000000164
FIRST_TRIANGLE_GOLD_EVIDENCE_XAUUSD_1751328000,96,52.5,62.5,27.5,BASE,3,20,50.20999999999822
FIRST_TRIANGLE_GOLD_EVIDENCE_XAUUSD_1751328000,96,52.5,62.5,27.5,BASE,4,16,150.95999999999913
FIRST_TRIANGLE_GOLD_EVIDENCE_XAUUSD_1751328000,96,52.5,62.5,27.5,BASE,5,13,99.05999999999949
FIRST_TRIANGLE_GOLD_EVIDENCE_XAUUSD_1751328000,96,52.5,62.5,27.5,BASE,6,14,186.3800000000001
FIRST_TRIANGLE_GOLD_EVIDENCE_XAUUSD_1751328000,96,52.5,62.5,27.5,BASE,7,34,128.83999999999924
FIRST_TRIANGLE_GOLD_EVIDENCE_XAUUSD_1751328000,96,52.5,62.5,27.5,BASE,8,19,122.79000000000042
FIRST_TRIANGLE_GOLD_EVIDENCE_XAUUSD_1751328000,96,52.5,62.5,27.5,BASE,9,9,-87.47999999999956
FIRST_TRIANGLE_GOLD_EVIDENCE_XAUUSD_1751328000,96,52.5,62.5,27.5,BASE,10,17,160.23999999999887
FIRST_TRIANGLE_GOLD_EVIDENCE_XAUUSD_1751328000,96,52.5,62.5,27.5,BASE,11,12,144.37999999999874
FIRST_TRIANGLE_GOLD_EVIDENCE_XAUUSD_1751328000,96,52.5,62.5,27.5,BASE,12,16,-211.34999999999945
FIRST_TRIANGLE_GOLD_EVIDENCE_XAUUSD_1751328000,97,52.5,62.5,27.5,SPREAD_PLUS_25,1,16,357.1100000000006
FIRST_TRIANGLE_GOLD_EVIDENCE_XAUUSD_1751328000,97,52.5,62.5,27.5,SPREAD_PLUS_25,2,14,328.70000000000164
FIRST_TRIANGLE_GOLD_EVIDENCE_XAUUSD_1751328000,97,52.5,62.5,27.5,SPREAD_PLUS_25,3,20,50.20999999999822
FIRST_TRIANGLE_GOLD_EVIDENCE_XAUUSD_1751328000,97,52.5,62.5,27.5,SPREAD_PLUS_25,4,16,150.95999999999913
FIRST_TRIANGLE_GOLD_EVIDENCE_XAUUSD_1751328000,97,52.5,62.5,27.5,SPREAD_PLUS_25,5,13,99.05999999999949
FIRST_TRIANGLE_GOLD_EVIDENCE_XAUUSD_1751328000,97,52.5,62.5,27.5,SPREAD_PLUS_25,6,14,186.3800000000001
FIRST_TRIANGLE_GOLD_EVIDENCE_XAUUSD_1751328000,97,52.5,62.5,27.5,SPREAD_PLUS_25,7,34,128.83999999999924
FIRST_TRIANGLE_GOLD_EVIDENCE_XAUUSD_1751328000,97,52.5,62.5,27.5,SPREAD_PLUS_25,8,19,122.79000000000042
FIRST_TRIANGLE_GOLD_EVIDENCE_XAUUSD_1751328000,97,52.5,62.5,27.5,SPREAD_PLUS_25,9,9,-87.47999999999956
FIRST_TRIANGLE_GOLD_EVIDENCE_XAUUSD_1751328000,97,52.5,62.5,27.5,SPREAD_PLUS_25,10,17,160.23999999999887
FIRST_TRIANGLE_GOLD_EVIDENCE_XAUUSD_1751328000,97,52.5,62.5,27.5,SPREAD_PLUS_25,11,12,144.37999999999874
FIRST_TRIANGLE_GOLD_EVIDENCE_XAUUSD_1751328000,97,52.5,62.5,27.5,SPREAD_PLUS_25,12,16,-211.34999999999945
FIRST_TRIANGLE_GOLD_EVIDENCE_XAUUSD_1751328000,98,52.5,62.5,27.5,SPREAD_PLUS_50,1,16,357.1100000000006
FIRST_TRIANGLE_GOLD_EVIDENCE_XAUUSD_1751328000,98,52.5,62.5,27.5,SPREAD_PLUS_50,2,14,328.70000000000164
FIRST_TRIANGLE_GOLD_EVIDENCE_XAUUSD_1751328000,98,52.5,62.5,27.5,SPREAD_PLUS_50,3,20,50.20999999999822
FIRST_TRIANGLE_GOLD_EVIDENCE_XAUUSD_1751328000,98,52.5,62.5,27.5,SPREAD_PLUS_50,4,16,150.95999999999913
FIRST_TRIANGLE_GOLD_EVIDENCE_XAUUSD_1751328000,98,52.5,62.5,27.5,SPREAD_PLUS_50,5,13,99.05999999999949
FIRST_TRIANGLE_GOLD_EVIDENCE_XAUUSD_1751328000,98,52.5,62.5,27.5,SPREAD_PLUS_50,6,14,186.3800000000001
FIRST_TRIANGLE_GOLD_EVIDENCE_XAUUSD_1751328000,98,52.5,62.5,27.5,SPREAD_PLUS_50,7,34,128.83999999999924
FIRST_TRIANGLE_GOLD_EVIDENCE_XAUUSD_1751328000,98,52.5,62.5,27.5,SPREAD_PLUS_50,8,19,122.79000000000042
FIRST_TRIANGLE_GOLD_EVIDENCE_XAUUSD_1751328000,98,52.5,62.5,27.5,SPREAD_PLUS_50,9,9,-87.47999999999956
FIRST_TRIANGLE_GOLD_EVIDENCE_XAUUSD_1751328000,98,52.5,62.5,27.5,SPREAD_PLUS_50,10,17,160.23999999999887
FIRST_TRIANGLE_GOLD_EVIDENCE_XAUUSD_1751328000,98,52.5,62.5,27.5,SPREAD_PLUS_50,11,12,144.37999999999874
FIRST_TRIANGLE_GOLD_EVIDENCE_XAUUSD_1751328000,98,52.5,62.5,27.5,SPREAD_PLUS_50,12,16,-211.34999999999945
FIRST_TRIANGLE_GOLD_EVIDENCE_XAUUSD_1751328000,99,52.5,62.5,27.5,SLIPPAGE_BASE,1,16,357.1100000000006
FIRST_TRIANGLE_GOLD_EVIDENCE_XAUUSD_1751328000,99,52.5,62.5,27.5,SLIPPAGE_BASE,2,14,328.70000000000164
FIRST_TRIANGLE_GOLD_EVIDENCE_XAUUSD_1751328000,99,52.5,62.5,27.5,SLIPPAGE_BASE,3,20,50.20999999999822
FIRST_TRIANGLE_GOLD_EVIDENCE_XAUUSD_1751328000,99,52.5,62.5,27.5,SLIPPAGE_BASE,4,16,150.95999999999913
FIRST_TRIANGLE_GOLD_EVIDENCE_XAUUSD_1751328000,99,52.5,62.5,27.5,SLIPPAGE_BASE,5,13,99.05999999999949
FIRST_TRIANGLE_GOLD_EVIDENCE_XAUUSD_1751328000,99,52.5,62.5,27.5,SLIPPAGE_BASE,6,14,186.3800000000001
FIRST_TRIANGLE_GOLD_EVIDENCE_XAUUSD_1751328000,99,52.5,62.5,27.5,SLIPPAGE_BASE,7,34,128.83999999999924
FIRST_TRIANGLE_GOLD_EVIDENCE_XAUUSD_1751328000,99,52.5,62.5,27.5,SLIPPAGE_BASE,8,19,122.79000000000042
FIRST_TRIANGLE_GOLD_EVIDENCE_XAUUSD_1751328000,99,52.5,62.5,27.5,SLIPPAGE_BASE,9,9,-87.47999999999956
FIRST_TRIANGLE_GOLD_EVIDENCE_XAUUSD_1751328000,99,52.5,62.5,27.5,SLIPPAGE_BASE,10,17,160.23999999999887
FIRST_TRIANGLE_GOLD_EVIDENCE_XAUUSD_1751328000,99,52.5,62.5,27.5,SLIPPAGE_BASE,11,12,144.37999999999874
FIRST_TRIANGLE_GOLD_EVIDENCE_XAUUSD_1751328000,99,52.5,62.5,27.5,SLIPPAGE_BASE,12,16,-211.34999999999945
FIRST_TRIANGLE_GOLD_EVIDENCE_XAUUSD_1751328000,100,52.5,62.5,27.5,COMMISSION_PLUS_25,1,16,357.1100000000006
FIRST_TRIANGLE_GOLD_EVIDENCE_XAUUSD_1751328000,100,52.5,62.5,27.5,COMMISSION_PLUS_25,2,14,328.70000000000164
FIRST_TRIANGLE_GOLD_EVIDENCE_XAUUSD_1751328000,100,52.5,62.5,27.5,COMMISSION_PLUS_25,3,20,50.20999999999822
FIRST_TRIANGLE_GOLD_EVIDENCE_XAUUSD_1751328000,100,52.5,62.5,27.5,COMMISSION_PLUS_25,4,16,150.95999999999913
FIRST_TRIANGLE_GOLD_EVIDENCE_XAUUSD_1751328000,100,52.5,62.5,27.5,COMMISSION_PLUS_25,5,13,99.05999999999949
FIRST_TRIANGLE_GOLD_EVIDENCE_XAUUSD_1751328000,100,52.5,62.5,27.5,COMMISSION_PLUS_25,6,14,186.3800000000001
FIRST_TRIANGLE_GOLD_EVIDENCE_XAUUSD_1751328000,100,52.5,62.5,27.5,COMMISSION_PLUS_25,7,34,128.83999999999924
FIRST_TRIANGLE_GOLD_EVIDENCE_XAUUSD_1751328000,100,52.5,62.5,27.5,COMMISSION_PLUS_25,8,19,122.79000000000042
FIRST_TRIANGLE_GOLD_EVIDENCE_XAUUSD_1751328000,100,52.5,62.5,27.5,COMMISSION_PLUS_25,9,9,-87.47999999999956
FIRST_TRIANGLE_GOLD_EVIDENCE_XAUUSD_1751328000,100,52.5,62.5,27.5,COMMISSION_PLUS_25,10,17,160.23999999999887
FIRST_TRIANGLE_GOLD_EVIDENCE_XAUUSD_1751328000,100,52.5,62.5,27.5,COMMISSION_PLUS_25,11,12,144.37999999999874
FIRST_TRIANGLE_GOLD_EVIDENCE_XAUUSD_1751328000,100,52.5,62.5,27.5,COMMISSION_PLUS_25,12,16,-211.34999999999945
FIRST_TRIANGLE_GOLD_EVIDENCE_XAUUSD_1751328000,101,52.5,62.5,27.5,COMBINED_STRESS,1,16,357.1100000000006
FIRST_TRIANGLE_GOLD_EVIDENCE_XAUUSD_1751328000,101,52.5,62.5,27.5,COMBINED_STRESS,2,14,328.70000000000164
FIRST_TRIANGLE_GOLD_EVIDENCE_XAUUSD_1751328000,101,52.5,62.5,27.5,COMBINED_STRESS,3,20,50.20999999999822
FIRST_TRIANGLE_GOLD_EVIDENCE_XAUUSD_1751328000,101,52.5,62.5,27.5,COMBINED_STRESS,4,16,150.95999999999913
FIRST_TRIANGLE_GOLD_EVIDENCE_XAUUSD_1751328000,101,52.5,62.5,27.5,COMBINED_STRESS,5,13,99.05999999999949
FIRST_TRIANGLE_GOLD_EVIDENCE_XAUUSD_1751328000,101,52.5,62.5,27.5,COMBINED_STRESS,6,14,186.3800000000001
FIRST_TRIANGLE_GOLD_EVIDENCE_XAUUSD_1751328000,101,52.5,62.5,27.5,COMBINED_STRESS,7,34,128.83999999999924
FIRST_TRIANGLE_GOLD_EVIDENCE_XAUUSD_1751328000,101,52.5,62.5,27.5,COMBINED_STRESS,8,19,122.79000000000042
FIRST_TRIANGLE_GOLD_EVIDENCE_XAUUSD_1751328000,101,52.5,62.5,27.5,COMBINED_STRESS,9,9,-87.47999999999956
FIRST_TRIANGLE_GOLD_EVIDENCE_XAUUSD_1751328000,101,52.5,62.5,27.5,COMBINED_STRESS,10,17,160.23999999999887
FIRST_TRIANGLE_GOLD_EVIDENCE_XAUUSD_1751328000,101,52.5,62.5,27.5,COMBINED_STRESS,11,12,144.37999999999874
FIRST_TRIANGLE_GOLD_EVIDENCE_XAUUSD_1751328000,101,52.5,62.5,27.5,COMBINED_STRESS,12,16,-211.34999999999945
FIRST_TRIANGLE_GOLD_EVIDENCE_XAUUSD_1751328000,102,52.5,62.5,30.0,BASE,1,16,491.52000000000135
FIRST_TRIANGLE_GOLD_EVIDENCE_XAUUSD_1751328000,102,52.5,62.5,30.0,BASE,2,14,308.70000000000164
FIRST_TRIANGLE_GOLD_EVIDENCE_XAUUSD_1751328000,102,52.5,62.5,30.0,BASE,3,20,31.959999999998217
FIRST_TRIANGLE_GOLD_EVIDENCE_XAUUSD_1751328000,102,52.5,62.5,30.0,BASE,4,16,135.95999999999913
FIRST_TRIANGLE_GOLD_EVIDENCE_XAUUSD_1751328000,102,52.5,62.5,30.0,BASE,5,13,89.05999999999949
FIRST_TRIANGLE_GOLD_EVIDENCE_XAUUSD_1751328000,102,52.5,62.5,30.0,BASE,6,14,171.3800000000001
FIRST_TRIANGLE_GOLD_EVIDENCE_XAUUSD_1751328000,102,52.5,62.5,30.0,BASE,7,34,116.33999999999924
FIRST_TRIANGLE_GOLD_EVIDENCE_XAUUSD_1751328000,102,52.5,62.5,30.0,BASE,8,19,117.79000000000042
FIRST_TRIANGLE_GOLD_EVIDENCE_XAUUSD_1751328000,102,52.5,62.5,30.0,BASE,9,9,-87.47999999999956
FIRST_TRIANGLE_GOLD_EVIDENCE_XAUUSD_1751328000,102,52.5,62.5,30.0,BASE,10,17,150.20999999999913
FIRST_TRIANGLE_GOLD_EVIDENCE_XAUUSD_1751328000,102,52.5,62.5,30.0,BASE,11,12,136.87999999999874
FIRST_TRIANGLE_GOLD_EVIDENCE_XAUUSD_1751328000,102,52.5,62.5,30.0,BASE,12,16,-216.34999999999945
FIRST_TRIANGLE_GOLD_EVIDENCE_XAUUSD_1751328000,103,52.5,62.5,30.0,SPREAD_PLUS_25,1,16,491.52000000000135
FIRST_TRIANGLE_GOLD_EVIDENCE_XAUUSD_1751328000,103,52.5,62.5,30.0,SPREAD_PLUS_25,2,14,308.70000000000164
FIRST_TRIANGLE_GOLD_EVIDENCE_XAUUSD_1751328000,103,52.5,62.5,30.0,SPREAD_PLUS_25,3,20,31.959999999998217
FIRST_TRIANGLE_GOLD_EVIDENCE_XAUUSD_1751328000,103,52.5,62.5,30.0,SPREAD_PLUS_25,4,16,135.95999999999913
FIRST_TRIANGLE_GOLD_EVIDENCE_XAUUSD_1751328000,103,52.5,62.5,30.0,SPREAD_PLUS_25,5,13,89.05999999999949
FIRST_TRIANGLE_GOLD_EVIDENCE_XAUUSD_1751328000,103,52.5,62.5,30.0,SPREAD_PLUS_25,6,14,171.3800000000001
FIRST_TRIANGLE_GOLD_EVIDENCE_XAUUSD_1751328000,103,52.5,62.5,30.0,SPREAD_PLUS_25,7,34,116.33999999999924
FIRST_TRIANGLE_GOLD_EVIDENCE_XAUUSD_1751328000,103,52.5,62.5,30.0,SPREAD_PLUS_25,8,19,117.79000000000042
FIRST_TRIANGLE_GOLD_EVIDENCE_XAUUSD_1751328000,103,52.5,62.5,30.0,SPREAD_PLUS_25,9,9,-87.47999999999956
FIRST_TRIANGLE_GOLD_EVIDENCE_XAUUSD_1751328000,103,52.5,62.5,30.0,SPREAD_PLUS_25,10,17,150.20999999999913
FIRST_TRIANGLE_GOLD_EVIDENCE_XAUUSD_1751328000,103,52.5,62.5,30.0,SPREAD_PLUS_25,11,12,136.87999999999874
FIRST_TRIANGLE_GOLD_EVIDENCE_XAUUSD_1751328000,103,52.5,62.5,30.0,SPREAD_PLUS_25,12,16,-216.34999999999945
FIRST_TRIANGLE_GOLD_EVIDENCE_XAUUSD_1751328000,104,52.5,62.5,30.0,SPREAD_PLUS_50,1,16,491.52000000000135
FIRST_TRIANGLE_GOLD_EVIDENCE_XAUUSD_1751328000,104,52.5,62.5,30.0,SPREAD_PLUS_50,2,14,308.70000000000164
FIRST_TRIANGLE_GOLD_EVIDENCE_XAUUSD_1751328000,104,52.5,62.5,30.0,SPREAD_PLUS_50,3,20,31.959999999998217
FIRST_TRIANGLE_GOLD_EVIDENCE_XAUUSD_1751328000,104,52.5,62.5,30.0,SPREAD_PLUS_50,4,16,135.95999999999913
FIRST_TRIANGLE_GOLD_EVIDENCE_XAUUSD_1751328000,104,52.5,62.5,30.0,SPREAD_PLUS_50,5,13,89.05999999999949
FIRST_TRIANGLE_GOLD_EVIDENCE_XAUUSD_1751328000,104,52.5,62.5,30.0,SPREAD_PLUS_50,6,14,171.3800000000001
FIRST_TRIANGLE_GOLD_EVIDENCE_XAUUSD_1751328000,104,52.5,62.5,30.0,SPREAD_PLUS_50,7,34,116.33999999999924
FIRST_TRIANGLE_GOLD_EVIDENCE_XAUUSD_1751328000,104,52.5,62.5,30.0,SPREAD_PLUS_50,8,19,117.79000000000042
FIRST_TRIANGLE_GOLD_EVIDENCE_XAUUSD_1751328000,104,52.5,62.5,30.0,SPREAD_PLUS_50,9,9,-87.47999999999956
FIRST_TRIANGLE_GOLD_EVIDENCE_XAUUSD_1751328000,104,52.5,62.5,30.0,SPREAD_PLUS_50,10,17,150.20999999999913
FIRST_TRIANGLE_GOLD_EVIDENCE_XAUUSD_1751328000,104,52.5,62.5,30.0,SPREAD_PLUS_50,11,12,136.87999999999874
FIRST_TRIANGLE_GOLD_EVIDENCE_XAUUSD_1751328000,104,52.5,62.5,30.0,SPREAD_PLUS_50,12,16,-216.34999999999945
FIRST_TRIANGLE_GOLD_EVIDENCE_XAUUSD_1751328000,105,52.5,62.5,30.0,SLIPPAGE_BASE,1,16,491.52000000000135
FIRST_TRIANGLE_GOLD_EVIDENCE_XAUUSD_1751328000,105,52.5,62.5,30.0,SLIPPAGE_BASE,2,14,308.70000000000164
FIRST_TRIANGLE_GOLD_EVIDENCE_XAUUSD_1751328000,105,52.5,62.5,30.0,SLIPPAGE_BASE,3,20,31.959999999998217
FIRST_TRIANGLE_GOLD_EVIDENCE_XAUUSD_1751328000,105,52.5,62.5,30.0,SLIPPAGE_BASE,4,16,135.95999999999913
FIRST_TRIANGLE_GOLD_EVIDENCE_XAUUSD_1751328000,105,52.5,62.5,30.0,SLIPPAGE_BASE,5,13,89.05999999999949
FIRST_TRIANGLE_GOLD_EVIDENCE_XAUUSD_1751328000,105,52.5,62.5,30.0,SLIPPAGE_BASE,6,14,171.3800000000001
FIRST_TRIANGLE_GOLD_EVIDENCE_XAUUSD_1751328000,105,52.5,62.5,30.0,SLIPPAGE_BASE,7,34,116.33999999999924
FIRST_TRIANGLE_GOLD_EVIDENCE_XAUUSD_1751328000,105,52.5,62.5,30.0,SLIPPAGE_BASE,8,19,117.79000000000042
FIRST_TRIANGLE_GOLD_EVIDENCE_XAUUSD_1751328000,105,52.5,62.5,30.0,SLIPPAGE_BASE,9,9,-87.47999999999956
FIRST_TRIANGLE_GOLD_EVIDENCE_XAUUSD_1751328000,105,52.5,62.5,30.0,SLIPPAGE_BASE,10,17,150.20999999999913
FIRST_TRIANGLE_GOLD_EVIDENCE_XAUUSD_1751328000,105,52.5,62.5,30.0,SLIPPAGE_BASE,11,12,136.87999999999874
FIRST_TRIANGLE_GOLD_EVIDENCE_XAUUSD_1751328000,105,52.5,62.5,30.0,SLIPPAGE_BASE,12,16,-216.34999999999945
FIRST_TRIANGLE_GOLD_EVIDENCE_XAUUSD_1751328000,106,52.5,62.5,30.0,COMMISSION_PLUS_25,1,16,491.52000000000135
FIRST_TRIANGLE_GOLD_EVIDENCE_XAUUSD_1751328000,106,52.5,62.5,30.0,COMMISSION_PLUS_25,2,14,308.70000000000164
FIRST_TRIANGLE_GOLD_EVIDENCE_XAUUSD_1751328000,106,52.5,62.5,30.0,COMMISSION_PLUS_25,3,20,31.959999999998217
FIRST_TRIANGLE_GOLD_EVIDENCE_XAUUSD_1751328000,106,52.5,62.5,30.0,COMMISSION_PLUS_25,4,16,135.95999999999913
FIRST_TRIANGLE_GOLD_EVIDENCE_XAUUSD_1751328000,106,52.5,62.5,30.0,COMMISSION_PLUS_25,5,13,89.05999999999949
FIRST_TRIANGLE_GOLD_EVIDENCE_XAUUSD_1751328000,106,52.5,62.5,30.0,COMMISSION_PLUS_25,6,14,171.3800000000001
FIRST_TRIANGLE_GOLD_EVIDENCE_XAUUSD_1751328000,106,52.5,62.5,30.0,COMMISSION_PLUS_25,7,34,116.33999999999924
FIRST_TRIANGLE_GOLD_EVIDENCE_XAUUSD_1751328000,106,52.5,62.5,30.0,COMMISSION_PLUS_25,8,19,117.79000000000042
FIRST_TRIANGLE_GOLD_EVIDENCE_XAUUSD_1751328000,106,52.5,62.5,30.0,COMMISSION_PLUS_25,9,9,-87.47999999999956
FIRST_TRIANGLE_GOLD_EVIDENCE_XAUUSD_1751328000,106,52.5,62.5,30.0,COMMISSION_PLUS_25,10,17,150.20999999999913
FIRST_TRIANGLE_GOLD_EVIDENCE_XAUUSD_1751328000,106,52.5,62.5,30.0,COMMISSION_PLUS_25,11,12,136.87999999999874
FIRST_TRIANGLE_GOLD_EVIDENCE_XAUUSD_1751328000,106,52.5,62.5,30.0,COMMISSION_PLUS_25,12,16,-216.34999999999945
FIRST_TRIANGLE_GOLD_EVIDENCE_XAUUSD_1751328000,107,52.5,62.5,30.0,COMBINED_STRESS,1,16,491.52000000000135
FIRST_TRIANGLE_GOLD_EVIDENCE_XAUUSD_1751328000,107,52.5,62.5,30.0,COMBINED_STRESS,2,14,308.70000000000164
FIRST_TRIANGLE_GOLD_EVIDENCE_XAUUSD_1751328000,107,52.5,62.5,30.0,COMBINED_STRESS,3,20,31.959999999998217
FIRST_TRIANGLE_GOLD_EVIDENCE_XAUUSD_1751328000,107,52.5,62.5,30.0,COMBINED_STRESS,4,16,135.95999999999913
FIRST_TRIANGLE_GOLD_EVIDENCE_XAUUSD_1751328000,107,52.5,62.5,30.0,COMBINED_STRESS,5,13,89.05999999999949
FIRST_TRIANGLE_GOLD_EVIDENCE_XAUUSD_1751328000,107,52.5,62.5,30.0,COMBINED_STRESS,6,14,171.3800000000001
FIRST_TRIANGLE_GOLD_EVIDENCE_XAUUSD_1751328000,107,52.5,62.5,30.0,COMBINED_STRESS,7,34,116.33999999999924
FIRST_TRIANGLE_GOLD_EVIDENCE_XAUUSD_1751328000,107,52.5,62.5,30.0,COMBINED_STRESS,8,19,117.79000000000042
FIRST_TRIANGLE_GOLD_EVIDENCE_XAUUSD_1751328000,107,52.5,62.5,30.0,COMBINED_STRESS,9,9,-87.47999999999956
FIRST_TRIANGLE_GOLD_EVIDENCE_XAUUSD_1751328000,107,52.5,62.5,30.0,COMBINED_STRESS,10,17,150.20999999999913
FIRST_TRIANGLE_GOLD_EVIDENCE_XAUUSD_1751328000,107,52.5,62.5,30.0,COMBINED_STRESS,11,12,136.87999999999874
FIRST_TRIANGLE_GOLD_EVIDENCE_XAUUSD_1751328000,107,52.5,62.5,30.0,COMBINED_STRESS,12,16,-216.34999999999945
FIRST_TRIANGLE_GOLD_EVIDENCE_XAUUSD_1751328000,108,52.5,62.5,32.5,BASE,1,16,471.5400000000009
FIRST_TRIANGLE_GOLD_EVIDENCE_XAUUSD_1751328000,108,52.5,62.5,32.5,BASE,2,14,288.70000000000164
FIRST_TRIANGLE_GOLD_EVIDENCE_XAUUSD_1751328000,108,52.5,62.5,32.5,BASE,3,20,17.849999999998545
FIRST_TRIANGLE_GOLD_EVIDENCE_XAUUSD_1751328000,108,52.5,62.5,32.5,BASE,4,16,120.95999999999913
FIRST_TRIANGLE_GOLD_EVIDENCE_XAUUSD_1751328000,108,52.5,62.5,32.5,BASE,5,13,131.09000000000015
FIRST_TRIANGLE_GOLD_EVIDENCE_XAUUSD_1751328000,108,52.5,62.5,32.5,BASE,6,14,156.3800000000001
FIRST_TRIANGLE_GOLD_EVIDENCE_XAUUSD_1751328000,108,52.5,62.5,32.5,BASE,7,34,103.83999999999924
FIRST_TRIANGLE_GOLD_EVIDENCE_XAUUSD_1751328000,108,52.5,62.5,32.5,BASE,8,19,112.79000000000042
FIRST_TRIANGLE_GOLD_EVIDENCE_XAUUSD_1751328000,108,52.5,62.5,32.5,BASE,9,9,-87.47999999999956
FIRST_TRIANGLE_GOLD_EVIDENCE_XAUUSD_1751328000,108,52.5,62.5,32.5,BASE,10,17,132.70999999999913
FIRST_TRIANGLE_GOLD_EVIDENCE_XAUUSD_1751328000,108,52.5,62.5,32.5,BASE,11,12,172.3599999999983
FIRST_TRIANGLE_GOLD_EVIDENCE_XAUUSD_1751328000,108,52.5,62.5,32.5,BASE,12,16,-221.34999999999945
FIRST_TRIANGLE_GOLD_EVIDENCE_XAUUSD_1751328000,109,52.5,62.5,32.5,SPREAD_PLUS_25,1,16,471.5400000000009
FIRST_TRIANGLE_GOLD_EVIDENCE_XAUUSD_1751328000,109,52.5,62.5,32.5,SPREAD_PLUS_25,2,14,288.70000000000164
FIRST_TRIANGLE_GOLD_EVIDENCE_XAUUSD_1751328000,109,52.5,62.5,32.5,SPREAD_PLUS_25,3,20,17.849999999998545
FIRST_TRIANGLE_GOLD_EVIDENCE_XAUUSD_1751328000,109,52.5,62.5,32.5,SPREAD_PLUS_25,4,16,120.95999999999913
FIRST_TRIANGLE_GOLD_EVIDENCE_XAUUSD_1751328000,109,52.5,62.5,32.5,SPREAD_PLUS_25,5,13,131.09000000000015
FIRST_TRIANGLE_GOLD_EVIDENCE_XAUUSD_1751328000,109,52.5,62.5,32.5,SPREAD_PLUS_25,6,14,156.3800000000001
FIRST_TRIANGLE_GOLD_EVIDENCE_XAUUSD_1751328000,109,52.5,62.5,32.5,SPREAD_PLUS_25,7,34,103.83999999999924
FIRST_TRIANGLE_GOLD_EVIDENCE_XAUUSD_1751328000,109,52.5,62.5,32.5,SPREAD_PLUS_25,8,19,112.79000000000042
FIRST_TRIANGLE_GOLD_EVIDENCE_XAUUSD_1751328000,109,52.5,62.5,32.5,SPREAD_PLUS_25,9,9,-87.47999999999956
FIRST_TRIANGLE_GOLD_EVIDENCE_XAUUSD_1751328000,109,52.5,62.5,32.5,SPREAD_PLUS_25,10,17,132.70999999999913
FIRST_TRIANGLE_GOLD_EVIDENCE_XAUUSD_1751328000,109,52.5,62.5,32.5,SPREAD_PLUS_25,11,12,172.3599999999983
FIRST_TRIANGLE_GOLD_EVIDENCE_XAUUSD_1751328000,109,52.5,62.5,32.5,SPREAD_PLUS_25,12,16,-221.34999999999945
FIRST_TRIANGLE_GOLD_EVIDENCE_XAUUSD_1751328000,110,52.5,62.5,32.5,SPREAD_PLUS_50,1,16,471.5400000000009
FIRST_TRIANGLE_GOLD_EVIDENCE_XAUUSD_1751328000,110,52.5,62.5,32.5,SPREAD_PLUS_50,2,14,288.70000000000164
FIRST_TRIANGLE_GOLD_EVIDENCE_XAUUSD_1751328000,110,52.5,62.5,32.5,SPREAD_PLUS_50,3,20,17.849999999998545
FIRST_TRIANGLE_GOLD_EVIDENCE_XAUUSD_1751328000,110,52.5,62.5,32.5,SPREAD_PLUS_50,4,16,120.95999999999913
FIRST_TRIANGLE_GOLD_EVIDENCE_XAUUSD_1751328000,110,52.5,62.5,32.5,SPREAD_PLUS_50,5,13,131.09000000000015
FIRST_TRIANGLE_GOLD_EVIDENCE_XAUUSD_1751328000,110,52.5,62.5,32.5,SPREAD_PLUS_50,6,14,156.3800000000001
FIRST_TRIANGLE_GOLD_EVIDENCE_XAUUSD_1751328000,110,52.5,62.5,32.5,SPREAD_PLUS_50,7,34,103.83999999999924
FIRST_TRIANGLE_GOLD_EVIDENCE_XAUUSD_1751328000,110,52.5,62.5,32.5,SPREAD_PLUS_50,8,19,112.79000000000042
FIRST_TRIANGLE_GOLD_EVIDENCE_XAUUSD_1751328000,110,52.5,62.5,32.5,SPREAD_PLUS_50,9,9,-87.47999999999956
FIRST_TRIANGLE_GOLD_EVIDENCE_XAUUSD_1751328000,110,52.5,62.5,32.5,SPREAD_PLUS_50,10,17,132.70999999999913
FIRST_TRIANGLE_GOLD_EVIDENCE_XAUUSD_1751328000,110,52.5,62.5,32.5,SPREAD_PLUS_50,11,12,172.3599999999983
FIRST_TRIANGLE_GOLD_EVIDENCE_XAUUSD_1751328000,110,52.5,62.5,32.5,SPREAD_PLUS_50,12,16,-221.34999999999945
FIRST_TRIANGLE_GOLD_EVIDENCE_XAUUSD_1751328000,111,52.5,62.5,32.5,SLIPPAGE_BASE,1,16,471.5400000000009
FIRST_TRIANGLE_GOLD_EVIDENCE_XAUUSD_1751328000,111,52.5,62.5,32.5,SLIPPAGE_BASE,2,14,288.70000000000164
FIRST_TRIANGLE_GOLD_EVIDENCE_XAUUSD_1751328000,111,52.5,62.5,32.5,SLIPPAGE_BASE,3,20,17.849999999998545
FIRST_TRIANGLE_GOLD_EVIDENCE_XAUUSD_1751328000,111,52.5,62.5,32.5,SLIPPAGE_BASE,4,16,120.95999999999913
FIRST_TRIANGLE_GOLD_EVIDENCE_XAUUSD_1751328000,111,52.5,62.5,32.5,SLIPPAGE_BASE,5,13,131.09000000000015
FIRST_TRIANGLE_GOLD_EVIDENCE_XAUUSD_1751328000,111,52.5,62.5,32.5,SLIPPAGE_BASE,6,14,156.3800000000001
FIRST_TRIANGLE_GOLD_EVIDENCE_XAUUSD_1751328000,111,52.5,62.5,32.5,SLIPPAGE_BASE,7,34,103.83999999999924
FIRST_TRIANGLE_GOLD_EVIDENCE_XAUUSD_1751328000,111,52.5,62.5,32.5,SLIPPAGE_BASE,8,19,112.79000000000042
FIRST_TRIANGLE_GOLD_EVIDENCE_XAUUSD_1751328000,111,52.5,62.5,32.5,SLIPPAGE_BASE,9,9,-87.47999999999956
FIRST_TRIANGLE_GOLD_EVIDENCE_XAUUSD_1751328000,111,52.5,62.5,32.5,SLIPPAGE_BASE,10,17,132.70999999999913
FIRST_TRIANGLE_GOLD_EVIDENCE_XAUUSD_1751328000,111,52.5,62.5,32.5,SLIPPAGE_BASE,11,12,172.3599999999983
FIRST_TRIANGLE_GOLD_EVIDENCE_XAUUSD_1751328000,111,52.5,62.5,32.5,SLIPPAGE_BASE,12,16,-221.34999999999945
FIRST_TRIANGLE_GOLD_EVIDENCE_XAUUSD_1751328000,112,52.5,62.5,32.5,COMMISSION_PLUS_25,1,16,471.5400000000009
FIRST_TRIANGLE_GOLD_EVIDENCE_XAUUSD_1751328000,112,52.5,62.5,32.5,COMMISSION_PLUS_25,2,14,288.70000000000164
FIRST_TRIANGLE_GOLD_EVIDENCE_XAUUSD_1751328000,112,52.5,62.5,32.5,COMMISSION_PLUS_25,3,20,17.849999999998545
FIRST_TRIANGLE_GOLD_EVIDENCE_XAUUSD_1751328000,112,52.5,62.5,32.5,COMMISSION_PLUS_25,4,16,120.95999999999913
FIRST_TRIANGLE_GOLD_EVIDENCE_XAUUSD_1751328000,112,52.5,62.5,32.5,COMMISSION_PLUS_25,5,13,131.09000000000015
FIRST_TRIANGLE_GOLD_EVIDENCE_XAUUSD_1751328000,112,52.5,62.5,32.5,COMMISSION_PLUS_25,6,14,156.3800000000001
FIRST_TRIANGLE_GOLD_EVIDENCE_XAUUSD_1751328000,112,52.5,62.5,32.5,COMMISSION_PLUS_25,7,34,103.83999999999924
FIRST_TRIANGLE_GOLD_EVIDENCE_XAUUSD_1751328000,112,52.5,62.5,32.5,COMMISSION_PLUS_25,8,19,112.79000000000042
FIRST_TRIANGLE_GOLD_EVIDENCE_XAUUSD_1751328000,112,52.5,62.5,32.5,COMMISSION_PLUS_25,9,9,-87.47999999999956
FIRST_TRIANGLE_GOLD_EVIDENCE_XAUUSD_1751328000,112,52.5,62.5,32.5,COMMISSION_PLUS_25,10,17,132.70999999999913
FIRST_TRIANGLE_GOLD_EVIDENCE_XAUUSD_1751328000,112,52.5,62.5,32.5,COMMISSION_PLUS_25,11,12,172.3599999999983
FIRST_TRIANGLE_GOLD_EVIDENCE_XAUUSD_1751328000,112,52.5,62.5,32.5,COMMISSION_PLUS_25,12,16,-221.34999999999945
FIRST_TRIANGLE_GOLD_EVIDENCE_XAUUSD_1751328000,113,52.5,62.5,32.5,COMBINED_STRESS,1,16,471.5400000000009
FIRST_TRIANGLE_GOLD_EVIDENCE_XAUUSD_1751328000,113,52.5,62.5,32.5,COMBINED_STRESS,2,14,288.70000000000164
FIRST_TRIANGLE_GOLD_EVIDENCE_XAUUSD_1751328000,113,52.5,62.5,32.5,COMBINED_STRESS,3,20,17.849999999998545
FIRST_TRIANGLE_GOLD_EVIDENCE_XAUUSD_1751328000,113,52.5,62.5,32.5,COMBINED_STRESS,4,16,120.95999999999913
FIRST_TRIANGLE_GOLD_EVIDENCE_XAUUSD_1751328000,113,52.5,62.5,32.5,COMBINED_STRESS,5,13,131.09000000000015
FIRST_TRIANGLE_GOLD_EVIDENCE_XAUUSD_1751328000,113,52.5,62.5,32.5,COMBINED_STRESS,6,14,156.3800000000001
FIRST_TRIANGLE_GOLD_EVIDENCE_XAUUSD_1751328000,113,52.5,62.5,32.5,COMBINED_STRESS,7,34,103.83999999999924
FIRST_TRIANGLE_GOLD_EVIDENCE_XAUUSD_1751328000,113,52.5,62.5,32.5,COMBINED_STRESS,8,19,112.79000000000042
FIRST_TRIANGLE_GOLD_EVIDENCE_XAUUSD_1751328000,113,52.5,62.5,32.5,COMBINED_STRESS,9,9,-87.47999999999956
FIRST_TRIANGLE_GOLD_EVIDENCE_XAUUSD_1751328000,113,52.5,62.5,32.5,COMBINED_STRESS,10,17,132.70999999999913
FIRST_TRIANGLE_GOLD_EVIDENCE_XAUUSD_1751328000,113,52.5,62.5,32.5,COMBINED_STRESS,11,12,172.3599999999983
FIRST_TRIANGLE_GOLD_EVIDENCE_XAUUSD_1751328000,113,52.5,62.5,32.5,COMBINED_STRESS,12,16,-221.34999999999945
FIRST_TRIANGLE_GOLD_EVIDENCE_XAUUSD_1751328000,114,52.5,62.5,35.0,BASE,1,16,572.5500000000011
FIRST_TRIANGLE_GOLD_EVIDENCE_XAUUSD_1751328000,114,52.5,62.5,35.0,BASE,2,14,268.70000000000164
FIRST_TRIANGLE_GOLD_EVIDENCE_XAUUSD_1751328000,114,52.5,62.5,35.0,BASE,3,20,-4.650000000001455
FIRST_TRIANGLE_GOLD_EVIDENCE_XAUUSD_1751328000,114,52.5,62.5,35.0,BASE,4,16,160.9399999999987
FIRST_TRIANGLE_GOLD_EVIDENCE_XAUUSD_1751328000,114,52.5,62.5,35.0,BASE,5,13,121.09000000000015
FIRST_TRIANGLE_GOLD_EVIDENCE_XAUUSD_1751328000,114,52.5,62.5,35.0,BASE,6,14,143.77000000000044
FIRST_TRIANGLE_GOLD_EVIDENCE_XAUUSD_1751328000,114,52.5,62.5,35.0,BASE,7,34,115.69999999999982
FIRST_TRIANGLE_GOLD_EVIDENCE_XAUUSD_1751328000,114,52.5,62.5,35.0,BASE,8,19,107.79000000000042
FIRST_TRIANGLE_GOLD_EVIDENCE_XAUUSD_1751328000,114,52.5,62.5,35.0,BASE,9,9,-87.47999999999956
FIRST_TRIANGLE_GOLD_EVIDENCE_XAUUSD_1751328000,114,52.5,62.5,35.0,BASE,10,17,251.63999999999942
FIRST_TRIANGLE_GOLD_EVIDENCE_XAUUSD_1751328000,114,52.5,62.5,35.0,BASE,11,12,164.8599999999983
FIRST_TRIANGLE_GOLD_EVIDENCE_XAUUSD_1751328000,114,52.5,62.5,35.0,BASE,12,16,-226.34999999999945
FIRST_TRIANGLE_GOLD_EVIDENCE_XAUUSD_1751328000,115,52.5,62.5,35.0,SPREAD_PLUS_25,1,16,572.5500000000011
FIRST_TRIANGLE_GOLD_EVIDENCE_XAUUSD_1751328000,115,52.5,62.5,35.0,SPREAD_PLUS_25,2,14,268.70000000000164
FIRST_TRIANGLE_GOLD_EVIDENCE_XAUUSD_1751328000,115,52.5,62.5,35.0,SPREAD_PLUS_25,3,20,-4.650000000001455
FIRST_TRIANGLE_GOLD_EVIDENCE_XAUUSD_1751328000,115,52.5,62.5,35.0,SPREAD_PLUS_25,4,16,160.9399999999987
FIRST_TRIANGLE_GOLD_EVIDENCE_XAUUSD_1751328000,115,52.5,62.5,35.0,SPREAD_PLUS_25,5,13,121.09000000000015
FIRST_TRIANGLE_GOLD_EVIDENCE_XAUUSD_1751328000,115,52.5,62.5,35.0,SPREAD_PLUS_25,6,14,143.77000000000044
FIRST_TRIANGLE_GOLD_EVIDENCE_XAUUSD_1751328000,115,52.5,62.5,35.0,SPREAD_PLUS_25,7,34,115.69999999999982
FIRST_TRIANGLE_GOLD_EVIDENCE_XAUUSD_1751328000,115,52.5,62.5,35.0,SPREAD_PLUS_25,8,19,107.79000000000042
FIRST_TRIANGLE_GOLD_EVIDENCE_XAUUSD_1751328000,115,52.5,62.5,35.0,SPREAD_PLUS_25,9,9,-87.47999999999956
FIRST_TRIANGLE_GOLD_EVIDENCE_XAUUSD_1751328000,115,52.5,62.5,35.0,SPREAD_PLUS_25,10,17,251.63999999999942
FIRST_TRIANGLE_GOLD_EVIDENCE_XAUUSD_1751328000,115,52.5,62.5,35.0,SPREAD_PLUS_25,11,12,164.8599999999983
FIRST_TRIANGLE_GOLD_EVIDENCE_XAUUSD_1751328000,115,52.5,62.5,35.0,SPREAD_PLUS_25,12,16,-226.34999999999945
FIRST_TRIANGLE_GOLD_EVIDENCE_XAUUSD_1751328000,116,52.5,62.5,35.0,SPREAD_PLUS_50,1,16,572.5500000000011
FIRST_TRIANGLE_GOLD_EVIDENCE_XAUUSD_1751328000,116,52.5,62.5,35.0,SPREAD_PLUS_50,2,14,268.70000000000164
FIRST_TRIANGLE_GOLD_EVIDENCE_XAUUSD_1751328000,116,52.5,62.5,35.0,SPREAD_PLUS_50,3,20,-4.650000000001455
FIRST_TRIANGLE_GOLD_EVIDENCE_XAUUSD_1751328000,116,52.5,62.5,35.0,SPREAD_PLUS_50,4,16,160.9399999999987
FIRST_TRIANGLE_GOLD_EVIDENCE_XAUUSD_1751328000,116,52.5,62.5,35.0,SPREAD_PLUS_50,5,13,121.09000000000015
FIRST_TRIANGLE_GOLD_EVIDENCE_XAUUSD_1751328000,116,52.5,62.5,35.0,SPREAD_PLUS_50,6,14,143.77000000000044
FIRST_TRIANGLE_GOLD_EVIDENCE_XAUUSD_1751328000,116,52.5,62.5,35.0,SPREAD_PLUS_50,7,34,115.69999999999982
FIRST_TRIANGLE_GOLD_EVIDENCE_XAUUSD_1751328000,116,52.5,62.5,35.0,SPREAD_PLUS_50,8,19,107.79000000000042
FIRST_TRIANGLE_GOLD_EVIDENCE_XAUUSD_1751328000,116,52.5,62.5,35.0,SPREAD_PLUS_50,9,9,-87.47999999999956
FIRST_TRIANGLE_GOLD_EVIDENCE_XAUUSD_1751328000,116,52.5,62.5,35.0,SPREAD_PLUS_50,10,17,251.63999999999942
FIRST_TRIANGLE_GOLD_EVIDENCE_XAUUSD_1751328000,116,52.5,62.5,35.0,SPREAD_PLUS_50,11,12,164.8599999999983
FIRST_TRIANGLE_GOLD_EVIDENCE_XAUUSD_1751328000,116,52.5,62.5,35.0,SPREAD_PLUS_50,12,16,-226.34999999999945
FIRST_TRIANGLE_GOLD_EVIDENCE_XAUUSD_1751328000,117,52.5,62.5,35.0,SLIPPAGE_BASE,1,16,572.5500000000011
FIRST_TRIANGLE_GOLD_EVIDENCE_XAUUSD_1751328000,117,52.5,62.5,35.0,SLIPPAGE_BASE,2,14,268.70000000000164
FIRST_TRIANGLE_GOLD_EVIDENCE_XAUUSD_1751328000,117,52.5,62.5,35.0,SLIPPAGE_BASE,3,20,-4.650000000001455
FIRST_TRIANGLE_GOLD_EVIDENCE_XAUUSD_1751328000,117,52.5,62.5,35.0,SLIPPAGE_BASE,4,16,160.9399999999987
FIRST_TRIANGLE_GOLD_EVIDENCE_XAUUSD_1751328000,117,52.5,62.5,35.0,SLIPPAGE_BASE,5,13,121.09000000000015
FIRST_TRIANGLE_GOLD_EVIDENCE_XAUUSD_1751328000,117,52.5,62.5,35.0,SLIPPAGE_BASE,6,14,143.77000000000044
FIRST_TRIANGLE_GOLD_EVIDENCE_XAUUSD_1751328000,117,52.5,62.5,35.0,SLIPPAGE_BASE,7,34,115.69999999999982
FIRST_TRIANGLE_GOLD_EVIDENCE_XAUUSD_1751328000,117,52.5,62.5,35.0,SLIPPAGE_BASE,8,19,107.79000000000042
FIRST_TRIANGLE_GOLD_EVIDENCE_XAUUSD_1751328000,117,52.5,62.5,35.0,SLIPPAGE_BASE,9,9,-87.47999999999956
FIRST_TRIANGLE_GOLD_EVIDENCE_XAUUSD_1751328000,117,52.5,62.5,35.0,SLIPPAGE_BASE,10,17,251.63999999999942
FIRST_TRIANGLE_GOLD_EVIDENCE_XAUUSD_1751328000,117,52.5,62.5,35.0,SLIPPAGE_BASE,11,12,164.8599999999983
FIRST_TRIANGLE_GOLD_EVIDENCE_XAUUSD_1751328000,117,52.5,62.5,35.0,SLIPPAGE_BASE,12,16,-226.34999999999945
FIRST_TRIANGLE_GOLD_EVIDENCE_XAUUSD_1751328000,118,52.5,62.5,35.0,COMMISSION_PLUS_25,1,16,572.5500000000011
FIRST_TRIANGLE_GOLD_EVIDENCE_XAUUSD_1751328000,118,52.5,62.5,35.0,COMMISSION_PLUS_25,2,14,268.70000000000164
FIRST_TRIANGLE_GOLD_EVIDENCE_XAUUSD_1751328000,118,52.5,62.5,35.0,COMMISSION_PLUS_25,3,20,-4.650000000001455
FIRST_TRIANGLE_GOLD_EVIDENCE_XAUUSD_1751328000,118,52.5,62.5,35.0,COMMISSION_PLUS_25,4,16,160.9399999999987
FIRST_TRIANGLE_GOLD_EVIDENCE_XAUUSD_1751328000,118,52.5,62.5,35.0,COMMISSION_PLUS_25,5,13,121.09000000000015
FIRST_TRIANGLE_GOLD_EVIDENCE_XAUUSD_1751328000,118,52.5,62.5,35.0,COMMISSION_PLUS_25,6,14,143.77000000000044
FIRST_TRIANGLE_GOLD_EVIDENCE_XAUUSD_1751328000,118,52.5,62.5,35.0,COMMISSION_PLUS_25,7,34,115.69999999999982
FIRST_TRIANGLE_GOLD_EVIDENCE_XAUUSD_1751328000,118,52.5,62.5,35.0,COMMISSION_PLUS_25,8,19,107.79000000000042
FIRST_TRIANGLE_GOLD_EVIDENCE_XAUUSD_1751328000,118,52.5,62.5,35.0,COMMISSION_PLUS_25,9,9,-87.47999999999956
FIRST_TRIANGLE_GOLD_EVIDENCE_XAUUSD_1751328000,118,52.5,62.5,35.0,COMMISSION_PLUS_25,10,17,251.63999999999942
FIRST_TRIANGLE_GOLD_EVIDENCE_XAUUSD_1751328000,118,52.5,62.5,35.0,COMMISSION_PLUS_25,11,12,164.8599999999983
FIRST_TRIANGLE_GOLD_EVIDENCE_XAUUSD_1751328000,118,52.5,62.5,35.0,COMMISSION_PLUS_25,12,16,-226.34999999999945
FIRST_TRIANGLE_GOLD_EVIDENCE_XAUUSD_1751328000,119,52.5,62.5,35.0,COMBINED_STRESS,1,16,572.5500000000011
FIRST_TRIANGLE_GOLD_EVIDENCE_XAUUSD_1751328000,119,52.5,62.5,35.0,COMBINED_STRESS,2,14,268.70000000000164
FIRST_TRIANGLE_GOLD_EVIDENCE_XAUUSD_1751328000,119,52.5,62.5,35.0,COMBINED_STRESS,3,20,-4.650000000001455
FIRST_TRIANGLE_GOLD_EVIDENCE_XAUUSD_1751328000,119,52.5,62.5,35.0,COMBINED_STRESS,4,16,160.9399999999987
FIRST_TRIANGLE_GOLD_EVIDENCE_XAUUSD_1751328000,119,52.5,62.5,35.0,COMBINED_STRESS,5,13,121.09000000000015
FIRST_TRIANGLE_GOLD_EVIDENCE_XAUUSD_1751328000,119,52.5,62.5,35.0,COMBINED_STRESS,6,14,143.77000000000044
FIRST_TRIANGLE_GOLD_EVIDENCE_XAUUSD_1751328000,119,52.5,62.5,35.0,COMBINED_STRESS,7,34,115.69999999999982
FIRST_TRIANGLE_GOLD_EVIDENCE_XAUUSD_1751328000,119,52.5,62.5,35.0,COMBINED_STRESS,8,19,107.79000000000042
FIRST_TRIANGLE_GOLD_EVIDENCE_XAUUSD_1751328000,119,52.5,62.5,35.0,COMBINED_STRESS,9,9,-87.47999999999956
FIRST_TRIANGLE_GOLD_EVIDENCE_XAUUSD_1751328000,119,52.5,62.5,35.0,COMBINED_STRESS,10,17,251.63999999999942
FIRST_TRIANGLE_GOLD_EVIDENCE_XAUUSD_1751328000,119,52.5,62.5,35.0,COMBINED_STRESS,11,12,164.8599999999983
FIRST_TRIANGLE_GOLD_EVIDENCE_XAUUSD_1751328000,119,52.5,62.5,35.0,COMBINED_STRESS,12,16,-226.34999999999945
FIRST_TRIANGLE_GOLD_EVIDENCE_XAUUSD_1751328000,120,52.5,62.5,37.5,BASE,1,16,552.5500000000011
FIRST_TRIANGLE_GOLD_EVIDENCE_XAUUSD_1751328000,120,52.5,62.5,37.5,BASE,2,14,248.70000000000164
FIRST_TRIANGLE_GOLD_EVIDENCE_XAUUSD_1751328000,120,52.5,62.5,37.5,BASE,3,20,-27.150000000001455
FIRST_TRIANGLE_GOLD_EVIDENCE_XAUUSD_1751328000,120,52.5,62.5,37.5,BASE,4,16,146.4499999999989
FIRST_TRIANGLE_GOLD_EVIDENCE_XAUUSD_1751328000,120,52.5,62.5,37.5,BASE,5,13,111.09000000000015
FIRST_TRIANGLE_GOLD_EVIDENCE_XAUUSD_1751328000,120,52.5,62.5,37.5,BASE,6,14,193.07999999999993
FIRST_TRIANGLE_GOLD_EVIDENCE_XAUUSD_1751328000,120,52.5,62.5,37.5,BASE,7,34,103.19999999999982
FIRST_TRIANGLE_GOLD_EVIDENCE_XAUUSD_1751328000,120,52.5,62.5,37.5,BASE,8,19,102.79000000000042
FIRST_TRIANGLE_GOLD_EVIDENCE_XAUUSD_1751328000,120,52.5,62.5,37.5,BASE,9,9,-87.47999999999956
FIRST_TRIANGLE_GOLD_EVIDENCE_XAUUSD_1751328000,120,52.5,62.5,37.5,BASE,10,17,462.4899999999989
FIRST_TRIANGLE_GOLD_EVIDENCE_XAUUSD_1751328000,120,52.5,62.5,37.5,BASE,11,12,157.3599999999983
FIRST_TRIANGLE_GOLD_EVIDENCE_XAUUSD_1751328000,120,52.5,62.5,37.5,BASE,12,16,-231.34999999999945
FIRST_TRIANGLE_GOLD_EVIDENCE_XAUUSD_1751328000,121,52.5,62.5,37.5,SPREAD_PLUS_25,1,16,552.5500000000011
FIRST_TRIANGLE_GOLD_EVIDENCE_XAUUSD_1751328000,121,52.5,62.5,37.5,SPREAD_PLUS_25,2,14,248.70000000000164
FIRST_TRIANGLE_GOLD_EVIDENCE_XAUUSD_1751328000,121,52.5,62.5,37.5,SPREAD_PLUS_25,3,20,-27.150000000001455
FIRST_TRIANGLE_GOLD_EVIDENCE_XAUUSD_1751328000,121,52.5,62.5,37.5,SPREAD_PLUS_25,4,16,146.4499999999989
FIRST_TRIANGLE_GOLD_EVIDENCE_XAUUSD_1751328000,121,52.5,62.5,37.5,SPREAD_PLUS_25,5,13,111.09000000000015
FIRST_TRIANGLE_GOLD_EVIDENCE_XAUUSD_1751328000,121,52.5,62.5,37.5,SPREAD_PLUS_25,6,14,193.07999999999993
FIRST_TRIANGLE_GOLD_EVIDENCE_XAUUSD_1751328000,121,52.5,62.5,37.5,SPREAD_PLUS_25,7,34,103.19999999999982
FIRST_TRIANGLE_GOLD_EVIDENCE_XAUUSD_1751328000,121,52.5,62.5,37.5,SPREAD_PLUS_25,8,19,102.79000000000042
FIRST_TRIANGLE_GOLD_EVIDENCE_XAUUSD_1751328000,121,52.5,62.5,37.5,SPREAD_PLUS_25,9,9,-87.47999999999956
FIRST_TRIANGLE_GOLD_EVIDENCE_XAUUSD_1751328000,121,52.5,62.5,37.5,SPREAD_PLUS_25,10,17,462.4899999999989
FIRST_TRIANGLE_GOLD_EVIDENCE_XAUUSD_1751328000,121,52.5,62.5,37.5,SPREAD_PLUS_25,11,12,157.3599999999983
FIRST_TRIANGLE_GOLD_EVIDENCE_XAUUSD_1751328000,121,52.5,62.5,37.5,SPREAD_PLUS_25,12,16,-231.34999999999945
FIRST_TRIANGLE_GOLD_EVIDENCE_XAUUSD_1751328000,122,52.5,62.5,37.5,SPREAD_PLUS_50,1,16,552.5500000000011
FIRST_TRIANGLE_GOLD_EVIDENCE_XAUUSD_1751328000,122,52.5,62.5,37.5,SPREAD_PLUS_50,2,14,248.70000000000164
FIRST_TRIANGLE_GOLD_EVIDENCE_XAUUSD_1751328000,122,52.5,62.5,37.5,SPREAD_PLUS_50,3,20,-27.150000000001455
FIRST_TRIANGLE_GOLD_EVIDENCE_XAUUSD_1751328000,122,52.5,62.5,37.5,SPREAD_PLUS_50,4,16,146.4499999999989
FIRST_TRIANGLE_GOLD_EVIDENCE_XAUUSD_1751328000,122,52.5,62.5,37.5,SPREAD_PLUS_50,5,13,111.09000000000015
FIRST_TRIANGLE_GOLD_EVIDENCE_XAUUSD_1751328000,122,52.5,62.5,37.5,SPREAD_PLUS_50,6,14,193.07999999999993
FIRST_TRIANGLE_GOLD_EVIDENCE_XAUUSD_1751328000,122,52.5,62.5,37.5,SPREAD_PLUS_50,7,34,103.19999999999982
FIRST_TRIANGLE_GOLD_EVIDENCE_XAUUSD_1751328000,122,52.5,62.5,37.5,SPREAD_PLUS_50,8,19,102.79000000000042
FIRST_TRIANGLE_GOLD_EVIDENCE_XAUUSD_1751328000,122,52.5,62.5,37.5,SPREAD_PLUS_50,9,9,-87.47999999999956
FIRST_TRIANGLE_GOLD_EVIDENCE_XAUUSD_1751328000,122,52.5,62.5,37.5,SPREAD_PLUS_50,10,17,462.4899999999989
FIRST_TRIANGLE_GOLD_EVIDENCE_XAUUSD_1751328000,122,52.5,62.5,37.5,SPREAD_PLUS_50,11,12,157.3599999999983
FIRST_TRIANGLE_GOLD_EVIDENCE_XAUUSD_1751328000,122,52.5,62.5,37.5,SPREAD_PLUS_50,12,16,-231.34999999999945
FIRST_TRIANGLE_GOLD_EVIDENCE_XAUUSD_1751328000,123,52.5,62.5,37.5,SLIPPAGE_BASE,1,16,552.5500000000011
FIRST_TRIANGLE_GOLD_EVIDENCE_XAUUSD_1751328000,123,52.5,62.5,37.5,SLIPPAGE_BASE,2,14,248.70000000000164
FIRST_TRIANGLE_GOLD_EVIDENCE_XAUUSD_1751328000,123,52.5,62.5,37.5,SLIPPAGE_BASE,3,20,-27.150000000001455
FIRST_TRIANGLE_GOLD_EVIDENCE_XAUUSD_1751328000,123,52.5,62.5,37.5,SLIPPAGE_BASE,4,16,146.4499999999989
FIRST_TRIANGLE_GOLD_EVIDENCE_XAUUSD_1751328000,123,52.5,62.5,37.5,SLIPPAGE_BASE,5,13,111.09000000000015
FIRST_TRIANGLE_GOLD_EVIDENCE_XAUUSD_1751328000,123,52.5,62.5,37.5,SLIPPAGE_BASE,6,14,193.07999999999993
FIRST_TRIANGLE_GOLD_EVIDENCE_XAUUSD_1751328000,123,52.5,62.5,37.5,SLIPPAGE_BASE,7,34,103.19999999999982
FIRST_TRIANGLE_GOLD_EVIDENCE_XAUUSD_1751328000,123,52.5,62.5,37.5,SLIPPAGE_BASE,8,19,102.79000000000042
FIRST_TRIANGLE_GOLD_EVIDENCE_XAUUSD_1751328000,123,52.5,62.5,37.5,SLIPPAGE_BASE,9,9,-87.47999999999956
FIRST_TRIANGLE_GOLD_EVIDENCE_XAUUSD_1751328000,123,52.5,62.5,37.5,SLIPPAGE_BASE,10,17,462.4899999999989
FIRST_TRIANGLE_GOLD_EVIDENCE_XAUUSD_1751328000,123,52.5,62.5,37.5,SLIPPAGE_BASE,11,12,157.3599999999983
FIRST_TRIANGLE_GOLD_EVIDENCE_XAUUSD_1751328000,123,52.5,62.5,37.5,SLIPPAGE_BASE,12,16,-231.34999999999945
FIRST_TRIANGLE_GOLD_EVIDENCE_XAUUSD_1751328000,124,52.5,62.5,37.5,COMMISSION_PLUS_25,1,16,552.5500000000011
FIRST_TRIANGLE_GOLD_EVIDENCE_XAUUSD_1751328000,124,52.5,62.5,37.5,COMMISSION_PLUS_25,2,14,248.70000000000164
FIRST_TRIANGLE_GOLD_EVIDENCE_XAUUSD_1751328000,124,52.5,62.5,37.5,COMMISSION_PLUS_25,3,20,-27.150000000001455
FIRST_TRIANGLE_GOLD_EVIDENCE_XAUUSD_1751328000,124,52.5,62.5,37.5,COMMISSION_PLUS_25,4,16,146.4499999999989
FIRST_TRIANGLE_GOLD_EVIDENCE_XAUUSD_1751328000,124,52.5,62.5,37.5,COMMISSION_PLUS_25,5,13,111.09000000000015
FIRST_TRIANGLE_GOLD_EVIDENCE_XAUUSD_1751328000,124,52.5,62.5,37.5,COMMISSION_PLUS_25,6,14,193.07999999999993
FIRST_TRIANGLE_GOLD_EVIDENCE_XAUUSD_1751328000,124,52.5,62.5,37.5,COMMISSION_PLUS_25,7,34,103.19999999999982
FIRST_TRIANGLE_GOLD_EVIDENCE_XAUUSD_1751328000,124,52.5,62.5,37.5,COMMISSION_PLUS_25,8,19,102.79000000000042
FIRST_TRIANGLE_GOLD_EVIDENCE_XAUUSD_1751328000,124,52.5,62.5,37.5,COMMISSION_PLUS_25,9,9,-87.47999999999956
FIRST_TRIANGLE_GOLD_EVIDENCE_XAUUSD_1751328000,124,52.5,62.5,37.5,COMMISSION_PLUS_25,10,17,462.4899999999989
FIRST_TRIANGLE_GOLD_EVIDENCE_XAUUSD_1751328000,124,52.5,62.5,37.5,COMMISSION_PLUS_25,11,12,157.3599999999983
FIRST_TRIANGLE_GOLD_EVIDENCE_XAUUSD_1751328000,124,52.5,62.5,37.5,COMMISSION_PLUS_25,12,16,-231.34999999999945
FIRST_TRIANGLE_GOLD_EVIDENCE_XAUUSD_1751328000,125,52.5,62.5,37.5,COMBINED_STRESS,1,16,552.5500000000011
FIRST_TRIANGLE_GOLD_EVIDENCE_XAUUSD_1751328000,125,52.5,62.5,37.5,COMBINED_STRESS,2,14,248.70000000000164
FIRST_TRIANGLE_GOLD_EVIDENCE_XAUUSD_1751328000,125,52.5,62.5,37.5,COMBINED_STRESS,3,20,-27.150000000001455
FIRST_TRIANGLE_GOLD_EVIDENCE_XAUUSD_1751328000,125,52.5,62.5,37.5,COMBINED_STRESS,4,16,146.4499999999989
FIRST_TRIANGLE_GOLD_EVIDENCE_XAUUSD_1751328000,125,52.5,62.5,37.5,COMBINED_STRESS,5,13,111.09000000000015
FIRST_TRIANGLE_GOLD_EVIDENCE_XAUUSD_1751328000,125,52.5,62.5,37.5,COMBINED_STRESS,6,14,193.07999999999993
FIRST_TRIANGLE_GOLD_EVIDENCE_XAUUSD_1751328000,125,52.5,62.5,37.5,COMBINED_STRESS,7,34,103.19999999999982
FIRST_TRIANGLE_GOLD_EVIDENCE_XAUUSD_1751328000,125,52.5,62.5,37.5,COMBINED_STRESS,8,19,102.79000000000042
FIRST_TRIANGLE_GOLD_EVIDENCE_XAUUSD_1751328000,125,52.5,62.5,37.5,COMBINED_STRESS,9,9,-87.47999999999956
FIRST_TRIANGLE_GOLD_EVIDENCE_XAUUSD_1751328000,125,52.5,62.5,37.5,COMBINED_STRESS,10,17,462.4899999999989
FIRST_TRIANGLE_GOLD_EVIDENCE_XAUUSD_1751328000,125,52.5,62.5,37.5,COMBINED_STRESS,11,12,157.3599999999983
FIRST_TRIANGLE_GOLD_EVIDENCE_XAUUSD_1751328000,125,52.5,62.5,37.5,COMBINED_STRESS,12,16,-231.34999999999945
FIRST_TRIANGLE_GOLD_EVIDENCE_XAUUSD_1751328000,126,55.0,57.5,22.5,BASE,1,17,476.15999999999985
FIRST_TRIANGLE_GOLD_EVIDENCE_XAUUSD_1751328000,126,55.0,57.5,22.5,BASE,2,14,480.0000000000009
FIRST_TRIANGLE_GOLD_EVIDENCE_XAUUSD_1751328000,126,55.0,57.5,22.5,BASE,3,20,215.10999999999876
FIRST_TRIANGLE_GOLD_EVIDENCE_XAUUSD_1751328000,126,55.0,57.5,22.5,BASE,4,16,85.5699999999988
FIRST_TRIANGLE_GOLD_EVIDENCE_XAUUSD_1751328000,126,55.0,57.5,22.5,BASE,5,13,84.82999999999902
FIRST_TRIANGLE_GOLD_EVIDENCE_XAUUSD_1751328000,126,55.0,57.5,22.5,BASE,6,15,253.57000000000062
FIRST_TRIANGLE_GOLD_EVIDENCE_XAUUSD_1751328000,126,55.0,57.5,22.5,BASE,7,33,170.33999999999924
FIRST_TRIANGLE_GOLD_EVIDENCE_XAUUSD_1751328000,126,55.0,57.5,22.5,BASE,8,20,81.900000000001
FIRST_TRIANGLE_GOLD_EVIDENCE_XAUUSD_1751328000,126,55.0,57.5,22.5,BASE,9,9,-89.97999999999956
FIRST_TRIANGLE_GOLD_EVIDENCE_XAUUSD_1751328000,126,55.0,57.5,22.5,BASE,10,17,242.1099999999983
FIRST_TRIANGLE_GOLD_EVIDENCE_XAUUSD_1751328000,126,55.0,57.5,22.5,BASE,11,13,242.6399999999985
FIRST_TRIANGLE_GOLD_EVIDENCE_XAUUSD_1751328000,126,55.0,57.5,22.5,BASE,12,16,-40.95999999999913
FIRST_TRIANGLE_GOLD_EVIDENCE_XAUUSD_1751328000,127,55.0,57.5,22.5,SPREAD_PLUS_25,1,17,476.15999999999985
FIRST_TRIANGLE_GOLD_EVIDENCE_XAUUSD_1751328000,127,55.0,57.5,22.5,SPREAD_PLUS_25,2,14,480.0000000000009
FIRST_TRIANGLE_GOLD_EVIDENCE_XAUUSD_1751328000,127,55.0,57.5,22.5,SPREAD_PLUS_25,3,20,215.10999999999876
FIRST_TRIANGLE_GOLD_EVIDENCE_XAUUSD_1751328000,127,55.0,57.5,22.5,SPREAD_PLUS_25,4,16,85.5699999999988
FIRST_TRIANGLE_GOLD_EVIDENCE_XAUUSD_1751328000,127,55.0,57.5,22.5,SPREAD_PLUS_25,5,13,84.82999999999902
FIRST_TRIANGLE_GOLD_EVIDENCE_XAUUSD_1751328000,127,55.0,57.5,22.5,SPREAD_PLUS_25,6,15,253.57000000000062
FIRST_TRIANGLE_GOLD_EVIDENCE_XAUUSD_1751328000,127,55.0,57.5,22.5,SPREAD_PLUS_25,7,33,170.33999999999924
FIRST_TRIANGLE_GOLD_EVIDENCE_XAUUSD_1751328000,127,55.0,57.5,22.5,SPREAD_PLUS_25,8,20,81.900000000001
FIRST_TRIANGLE_GOLD_EVIDENCE_XAUUSD_1751328000,127,55.0,57.5,22.5,SPREAD_PLUS_25,9,9,-89.97999999999956
FIRST_TRIANGLE_GOLD_EVIDENCE_XAUUSD_1751328000,127,55.0,57.5,22.5,SPREAD_PLUS_25,10,17,242.1099999999983
FIRST_TRIANGLE_GOLD_EVIDENCE_XAUUSD_1751328000,127,55.0,57.5,22.5,SPREAD_PLUS_25,11,13,242.6399999999985
FIRST_TRIANGLE_GOLD_EVIDENCE_XAUUSD_1751328000,127,55.0,57.5,22.5,SPREAD_PLUS_25,12,16,-40.95999999999913
FIRST_TRIANGLE_GOLD_EVIDENCE_XAUUSD_1751328000,128,55.0,57.5,22.5,SPREAD_PLUS_50,1,17,476.15999999999985
FIRST_TRIANGLE_GOLD_EVIDENCE_XAUUSD_1751328000,128,55.0,57.5,22.5,SPREAD_PLUS_50,2,14,480.0000000000009
FIRST_TRIANGLE_GOLD_EVIDENCE_XAUUSD_1751328000,128,55.0,57.5,22.5,SPREAD_PLUS_50,3,20,215.10999999999876
FIRST_TRIANGLE_GOLD_EVIDENCE_XAUUSD_1751328000,128,55.0,57.5,22.5,SPREAD_PLUS_50,4,16,85.5699999999988
FIRST_TRIANGLE_GOLD_EVIDENCE_XAUUSD_1751328000,128,55.0,57.5,22.5,SPREAD_PLUS_50,5,13,84.82999999999902
FIRST_TRIANGLE_GOLD_EVIDENCE_XAUUSD_1751328000,128,55.0,57.5,22.5,SPREAD_PLUS_50,6,15,253.57000000000062
FIRST_TRIANGLE_GOLD_EVIDENCE_XAUUSD_1751328000,128,55.0,57.5,22.5,SPREAD_PLUS_50,7,33,170.33999999999924
FIRST_TRIANGLE_GOLD_EVIDENCE_XAUUSD_1751328000,128,55.0,57.5,22.5,SPREAD_PLUS_50,8,20,81.900000000001
FIRST_TRIANGLE_GOLD_EVIDENCE_XAUUSD_1751328000,128,55.0,57.5,22.5,SPREAD_PLUS_50,9,9,-89.97999999999956
FIRST_TRIANGLE_GOLD_EVIDENCE_XAUUSD_1751328000,128,55.0,57.5,22.5,SPREAD_PLUS_50,10,17,242.1099999999983
FIRST_TRIANGLE_GOLD_EVIDENCE_XAUUSD_1751328000,128,55.0,57.5,22.5,SPREAD_PLUS_50,11,13,242.6399999999985
FIRST_TRIANGLE_GOLD_EVIDENCE_XAUUSD_1751328000,128,55.0,57.5,22.5,SPREAD_PLUS_50,12,16,-40.95999999999913
FIRST_TRIANGLE_GOLD_EVIDENCE_XAUUSD_1751328000,129,55.0,57.5,22.5,SLIPPAGE_BASE,1,17,476.15999999999985
FIRST_TRIANGLE_GOLD_EVIDENCE_XAUUSD_1751328000,129,55.0,57.5,22.5,SLIPPAGE_BASE,2,14,480.0000000000009
FIRST_TRIANGLE_GOLD_EVIDENCE_XAUUSD_1751328000,129,55.0,57.5,22.5,SLIPPAGE_BASE,3,20,215.10999999999876
FIRST_TRIANGLE_GOLD_EVIDENCE_XAUUSD_1751328000,129,55.0,57.5,22.5,SLIPPAGE_BASE,4,16,85.5699999999988
FIRST_TRIANGLE_GOLD_EVIDENCE_XAUUSD_1751328000,129,55.0,57.5,22.5,SLIPPAGE_BASE,5,13,84.82999999999902
FIRST_TRIANGLE_GOLD_EVIDENCE_XAUUSD_1751328000,129,55.0,57.5,22.5,SLIPPAGE_BASE,6,15,253.57000000000062
FIRST_TRIANGLE_GOLD_EVIDENCE_XAUUSD_1751328000,129,55.0,57.5,22.5,SLIPPAGE_BASE,7,33,170.33999999999924
FIRST_TRIANGLE_GOLD_EVIDENCE_XAUUSD_1751328000,129,55.0,57.5,22.5,SLIPPAGE_BASE,8,20,81.900000000001
FIRST_TRIANGLE_GOLD_EVIDENCE_XAUUSD_1751328000,129,55.0,57.5,22.5,SLIPPAGE_BASE,9,9,-89.97999999999956
FIRST_TRIANGLE_GOLD_EVIDENCE_XAUUSD_1751328000,129,55.0,57.5,22.5,SLIPPAGE_BASE,10,17,242.1099999999983
FIRST_TRIANGLE_GOLD_EVIDENCE_XAUUSD_1751328000,129,55.0,57.5,22.5,SLIPPAGE_BASE,11,13,242.6399999999985
FIRST_TRIANGLE_GOLD_EVIDENCE_XAUUSD_1751328000,129,55.0,57.5,22.5,SLIPPAGE_BASE,12,16,-40.95999999999913
FIRST_TRIANGLE_GOLD_EVIDENCE_XAUUSD_1751328000,130,55.0,57.5,22.5,COMMISSION_PLUS_25,1,17,476.15999999999985
FIRST_TRIANGLE_GOLD_EVIDENCE_XAUUSD_1751328000,130,55.0,57.5,22.5,COMMISSION_PLUS_25,2,14,480.0000000000009
FIRST_TRIANGLE_GOLD_EVIDENCE_XAUUSD_1751328000,130,55.0,57.5,22.5,COMMISSION_PLUS_25,3,20,215.10999999999876
FIRST_TRIANGLE_GOLD_EVIDENCE_XAUUSD_1751328000,130,55.0,57.5,22.5,COMMISSION_PLUS_25,4,16,85.5699999999988
FIRST_TRIANGLE_GOLD_EVIDENCE_XAUUSD_1751328000,130,55.0,57.5,22.5,COMMISSION_PLUS_25,5,13,84.82999999999902
FIRST_TRIANGLE_GOLD_EVIDENCE_XAUUSD_1751328000,130,55.0,57.5,22.5,COMMISSION_PLUS_25,6,15,253.57000000000062
FIRST_TRIANGLE_GOLD_EVIDENCE_XAUUSD_1751328000,130,55.0,57.5,22.5,COMMISSION_PLUS_25,7,33,170.33999999999924
FIRST_TRIANGLE_GOLD_EVIDENCE_XAUUSD_1751328000,130,55.0,57.5,22.5,COMMISSION_PLUS_25,8,20,81.900000000001
FIRST_TRIANGLE_GOLD_EVIDENCE_XAUUSD_1751328000,130,55.0,57.5,22.5,COMMISSION_PLUS_25,9,9,-89.97999999999956
FIRST_TRIANGLE_GOLD_EVIDENCE_XAUUSD_1751328000,130,55.0,57.5,22.5,COMMISSION_PLUS_25,10,17,242.1099999999983
FIRST_TRIANGLE_GOLD_EVIDENCE_XAUUSD_1751328000,130,55.0,57.5,22.5,COMMISSION_PLUS_25,11,13,242.6399999999985
FIRST_TRIANGLE_GOLD_EVIDENCE_XAUUSD_1751328000,130,55.0,57.5,22.5,COMMISSION_PLUS_25,12,16,-40.95999999999913
FIRST_TRIANGLE_GOLD_EVIDENCE_XAUUSD_1751328000,131,55.0,57.5,22.5,COMBINED_STRESS,1,17,476.15999999999985
FIRST_TRIANGLE_GOLD_EVIDENCE_XAUUSD_1751328000,131,55.0,57.5,22.5,COMBINED_STRESS,2,14,480.0000000000009
FIRST_TRIANGLE_GOLD_EVIDENCE_XAUUSD_1751328000,131,55.0,57.5,22.5,COMBINED_STRESS,3,20,215.10999999999876
FIRST_TRIANGLE_GOLD_EVIDENCE_XAUUSD_1751328000,131,55.0,57.5,22.5,COMBINED_STRESS,4,16,85.5699999999988
FIRST_TRIANGLE_GOLD_EVIDENCE_XAUUSD_1751328000,131,55.0,57.5,22.5,COMBINED_STRESS,5,13,84.82999999999902
FIRST_TRIANGLE_GOLD_EVIDENCE_XAUUSD_1751328000,131,55.0,57.5,22.5,COMBINED_STRESS,6,15,253.57000000000062
FIRST_TRIANGLE_GOLD_EVIDENCE_XAUUSD_1751328000,131,55.0,57.5,22.5,COMBINED_STRESS,7,33,170.33999999999924
FIRST_TRIANGLE_GOLD_EVIDENCE_XAUUSD_1751328000,131,55.0,57.5,22.5,COMBINED_STRESS,8,20,81.900000000001
FIRST_TRIANGLE_GOLD_EVIDENCE_XAUUSD_1751328000,131,55.0,57.5,22.5,COMBINED_STRESS,9,9,-89.97999999999956
FIRST_TRIANGLE_GOLD_EVIDENCE_XAUUSD_1751328000,131,55.0,57.5,22.5,COMBINED_STRESS,10,17,242.1099999999983
FIRST_TRIANGLE_GOLD_EVIDENCE_XAUUSD_1751328000,131,55.0,57.5,22.5,COMBINED_STRESS,11,13,242.6399999999985
FIRST_TRIANGLE_GOLD_EVIDENCE_XAUUSD_1751328000,131,55.0,57.5,22.5,COMBINED_STRESS,12,16,-40.95999999999913
FIRST_TRIANGLE_GOLD_EVIDENCE_XAUUSD_1751328000,132,55.0,57.5,25.0,BASE,1,17,515.4800000000005
FIRST_TRIANGLE_GOLD_EVIDENCE_XAUUSD_1751328000,132,55.0,57.5,25.0,BASE,2,14,471.8100000000013
FIRST_TRIANGLE_GOLD_EVIDENCE_XAUUSD_1751328000,132,55.0,57.5,25.0,BASE,3,20,199.42999999999847
FIRST_TRIANGLE_GOLD_EVIDENCE_XAUUSD_1751328000,132,55.0,57.5,25.0,BASE,4,16,102.57999999999902
FIRST_TRIANGLE_GOLD_EVIDENCE_XAUUSD_1751328000,132,55.0,57.5,25.0,BASE,5,13,74.82999999999902
FIRST_TRIANGLE_GOLD_EVIDENCE_XAUUSD_1751328000,132,55.0,57.5,25.0,BASE,6,15,263.5500000000002
FIRST_TRIANGLE_GOLD_EVIDENCE_XAUUSD_1751328000,132,55.0,57.5,25.0,BASE,7,33,157.83999999999924
FIRST_TRIANGLE_GOLD_EVIDENCE_XAUUSD_1751328000,132,55.0,57.5,25.0,BASE,8,20,214.01000000000067
FIRST_TRIANGLE_GOLD_EVIDENCE_XAUUSD_1751328000,132,55.0,57.5,25.0,BASE,9,9,-89.97999999999956
FIRST_TRIANGLE_GOLD_EVIDENCE_XAUUSD_1751328000,132,55.0,57.5,25.0,BASE,10,17,251.8599999999983
FIRST_TRIANGLE_GOLD_EVIDENCE_XAUUSD_1751328000,132,55.0,57.5,25.0,BASE,11,13,235.4099999999985
FIRST_TRIANGLE_GOLD_EVIDENCE_XAUUSD_1751328000,132,55.0,57.5,25.0,BASE,12,16,-48.45999999999913
FIRST_TRIANGLE_GOLD_EVIDENCE_XAUUSD_1751328000,133,55.0,57.5,25.0,SPREAD_PLUS_25,1,17,515.4800000000005
FIRST_TRIANGLE_GOLD_EVIDENCE_XAUUSD_1751328000,133,55.0,57.5,25.0,SPREAD_PLUS_25,2,14,471.8100000000013
FIRST_TRIANGLE_GOLD_EVIDENCE_XAUUSD_1751328000,133,55.0,57.5,25.0,SPREAD_PLUS_25,3,20,199.42999999999847
FIRST_TRIANGLE_GOLD_EVIDENCE_XAUUSD_1751328000,133,55.0,57.5,25.0,SPREAD_PLUS_25,4,16,102.57999999999902
FIRST_TRIANGLE_GOLD_EVIDENCE_XAUUSD_1751328000,133,55.0,57.5,25.0,SPREAD_PLUS_25,5,13,74.82999999999902
FIRST_TRIANGLE_GOLD_EVIDENCE_XAUUSD_1751328000,133,55.0,57.5,25.0,SPREAD_PLUS_25,6,15,263.5500000000002
FIRST_TRIANGLE_GOLD_EVIDENCE_XAUUSD_1751328000,133,55.0,57.5,25.0,SPREAD_PLUS_25,7,33,157.83999999999924
FIRST_TRIANGLE_GOLD_EVIDENCE_XAUUSD_1751328000,133,55.0,57.5,25.0,SPREAD_PLUS_25,8,20,214.01000000000067
FIRST_TRIANGLE_GOLD_EVIDENCE_XAUUSD_1751328000,133,55.0,57.5,25.0,SPREAD_PLUS_25,9,9,-89.97999999999956
FIRST_TRIANGLE_GOLD_EVIDENCE_XAUUSD_1751328000,133,55.0,57.5,25.0,SPREAD_PLUS_25,10,17,251.8599999999983
FIRST_TRIANGLE_GOLD_EVIDENCE_XAUUSD_1751328000,133,55.0,57.5,25.0,SPREAD_PLUS_25,11,13,235.4099999999985
FIRST_TRIANGLE_GOLD_EVIDENCE_XAUUSD_1751328000,133,55.0,57.5,25.0,SPREAD_PLUS_25,12,16,-48.45999999999913
FIRST_TRIANGLE_GOLD_EVIDENCE_XAUUSD_1751328000,134,55.0,57.5,25.0,SPREAD_PLUS_50,1,17,515.4800000000005
FIRST_TRIANGLE_GOLD_EVIDENCE_XAUUSD_1751328000,134,55.0,57.5,25.0,SPREAD_PLUS_50,2,14,471.8100000000013
FIRST_TRIANGLE_GOLD_EVIDENCE_XAUUSD_1751328000,134,55.0,57.5,25.0,SPREAD_PLUS_50,3,20,199.42999999999847
FIRST_TRIANGLE_GOLD_EVIDENCE_XAUUSD_1751328000,134,55.0,57.5,25.0,SPREAD_PLUS_50,4,16,102.57999999999902
FIRST_TRIANGLE_GOLD_EVIDENCE_XAUUSD_1751328000,134,55.0,57.5,25.0,SPREAD_PLUS_50,5,13,74.82999999999902
FIRST_TRIANGLE_GOLD_EVIDENCE_XAUUSD_1751328000,134,55.0,57.5,25.0,SPREAD_PLUS_50,6,15,263.5500000000002
FIRST_TRIANGLE_GOLD_EVIDENCE_XAUUSD_1751328000,134,55.0,57.5,25.0,SPREAD_PLUS_50,7,33,157.83999999999924
FIRST_TRIANGLE_GOLD_EVIDENCE_XAUUSD_1751328000,134,55.0,57.5,25.0,SPREAD_PLUS_50,8,20,214.01000000000067
FIRST_TRIANGLE_GOLD_EVIDENCE_XAUUSD_1751328000,134,55.0,57.5,25.0,SPREAD_PLUS_50,9,9,-89.97999999999956
FIRST_TRIANGLE_GOLD_EVIDENCE_XAUUSD_1751328000,134,55.0,57.5,25.0,SPREAD_PLUS_50,10,17,251.8599999999983
FIRST_TRIANGLE_GOLD_EVIDENCE_XAUUSD_1751328000,134,55.0,57.5,25.0,SPREAD_PLUS_50,11,13,235.4099999999985
FIRST_TRIANGLE_GOLD_EVIDENCE_XAUUSD_1751328000,134,55.0,57.5,25.0,SPREAD_PLUS_50,12,16,-48.45999999999913
FIRST_TRIANGLE_GOLD_EVIDENCE_XAUUSD_1751328000,135,55.0,57.5,25.0,SLIPPAGE_BASE,1,17,515.4800000000005
FIRST_TRIANGLE_GOLD_EVIDENCE_XAUUSD_1751328000,135,55.0,57.5,25.0,SLIPPAGE_BASE,2,14,471.8100000000013
FIRST_TRIANGLE_GOLD_EVIDENCE_XAUUSD_1751328000,135,55.0,57.5,25.0,SLIPPAGE_BASE,3,20,199.42999999999847
FIRST_TRIANGLE_GOLD_EVIDENCE_XAUUSD_1751328000,135,55.0,57.5,25.0,SLIPPAGE_BASE,4,16,102.57999999999902
FIRST_TRIANGLE_GOLD_EVIDENCE_XAUUSD_1751328000,135,55.0,57.5,25.0,SLIPPAGE_BASE,5,13,74.82999999999902
FIRST_TRIANGLE_GOLD_EVIDENCE_XAUUSD_1751328000,135,55.0,57.5,25.0,SLIPPAGE_BASE,6,15,263.5500000000002
FIRST_TRIANGLE_GOLD_EVIDENCE_XAUUSD_1751328000,135,55.0,57.5,25.0,SLIPPAGE_BASE,7,33,157.83999999999924
FIRST_TRIANGLE_GOLD_EVIDENCE_XAUUSD_1751328000,135,55.0,57.5,25.0,SLIPPAGE_BASE,8,20,214.01000000000067
FIRST_TRIANGLE_GOLD_EVIDENCE_XAUUSD_1751328000,135,55.0,57.5,25.0,SLIPPAGE_BASE,9,9,-89.97999999999956
FIRST_TRIANGLE_GOLD_EVIDENCE_XAUUSD_1751328000,135,55.0,57.5,25.0,SLIPPAGE_BASE,10,17,251.8599999999983
FIRST_TRIANGLE_GOLD_EVIDENCE_XAUUSD_1751328000,135,55.0,57.5,25.0,SLIPPAGE_BASE,11,13,235.4099999999985
FIRST_TRIANGLE_GOLD_EVIDENCE_XAUUSD_1751328000,135,55.0,57.5,25.0,SLIPPAGE_BASE,12,16,-48.45999999999913
FIRST_TRIANGLE_GOLD_EVIDENCE_XAUUSD_1751328000,136,55.0,57.5,25.0,COMMISSION_PLUS_25,1,17,515.4800000000005
FIRST_TRIANGLE_GOLD_EVIDENCE_XAUUSD_1751328000,136,55.0,57.5,25.0,COMMISSION_PLUS_25,2,14,471.8100000000013
FIRST_TRIANGLE_GOLD_EVIDENCE_XAUUSD_1751328000,136,55.0,57.5,25.0,COMMISSION_PLUS_25,3,20,199.42999999999847
FIRST_TRIANGLE_GOLD_EVIDENCE_XAUUSD_1751328000,136,55.0,57.5,25.0,COMMISSION_PLUS_25,4,16,102.57999999999902
FIRST_TRIANGLE_GOLD_EVIDENCE_XAUUSD_1751328000,136,55.0,57.5,25.0,COMMISSION_PLUS_25,5,13,74.82999999999902
FIRST_TRIANGLE_GOLD_EVIDENCE_XAUUSD_1751328000,136,55.0,57.5,25.0,COMMISSION_PLUS_25,6,15,263.5500000000002
FIRST_TRIANGLE_GOLD_EVIDENCE_XAUUSD_1751328000,136,55.0,57.5,25.0,COMMISSION_PLUS_25,7,33,157.83999999999924
FIRST_TRIANGLE_GOLD_EVIDENCE_XAUUSD_1751328000,136,55.0,57.5,25.0,COMMISSION_PLUS_25,8,20,214.01000000000067
FIRST_TRIANGLE_GOLD_EVIDENCE_XAUUSD_1751328000,136,55.0,57.5,25.0,COMMISSION_PLUS_25,9,9,-89.97999999999956
FIRST_TRIANGLE_GOLD_EVIDENCE_XAUUSD_1751328000,136,55.0,57.5,25.0,COMMISSION_PLUS_25,10,17,251.8599999999983
FIRST_TRIANGLE_GOLD_EVIDENCE_XAUUSD_1751328000,136,55.0,57.5,25.0,COMMISSION_PLUS_25,11,13,235.4099999999985
FIRST_TRIANGLE_GOLD_EVIDENCE_XAUUSD_1751328000,136,55.0,57.5,25.0,COMMISSION_PLUS_25,12,16,-48.45999999999913
FIRST_TRIANGLE_GOLD_EVIDENCE_XAUUSD_1751328000,137,55.0,57.5,25.0,COMBINED_STRESS,1,17,515.4800000000005
FIRST_TRIANGLE_GOLD_EVIDENCE_XAUUSD_1751328000,137,55.0,57.5,25.0,COMBINED_STRESS,2,14,471.8100000000013
FIRST_TRIANGLE_GOLD_EVIDENCE_XAUUSD_1751328000,137,55.0,57.5,25.0,COMBINED_STRESS,3,20,199.42999999999847
FIRST_TRIANGLE_GOLD_EVIDENCE_XAUUSD_1751328000,137,55.0,57.5,25.0,COMBINED_STRESS,4,16,102.57999999999902
FIRST_TRIANGLE_GOLD_EVIDENCE_XAUUSD_1751328000,137,55.0,57.5,25.0,COMBINED_STRESS,5,13,74.82999999999902
FIRST_TRIANGLE_GOLD_EVIDENCE_XAUUSD_1751328000,137,55.0,57.5,25.0,COMBINED_STRESS,6,15,263.5500000000002
FIRST_TRIANGLE_GOLD_EVIDENCE_XAUUSD_1751328000,137,55.0,57.5,25.0,COMBINED_STRESS,7,33,157.83999999999924
FIRST_TRIANGLE_GOLD_EVIDENCE_XAUUSD_1751328000,137,55.0,57.5,25.0,COMBINED_STRESS,8,20,214.01000000000067
FIRST_TRIANGLE_GOLD_EVIDENCE_XAUUSD_1751328000,137,55.0,57.5,25.0,COMBINED_STRESS,9,9,-89.97999999999956
FIRST_TRIANGLE_GOLD_EVIDENCE_XAUUSD_1751328000,137,55.0,57.5,25.0,COMBINED_STRESS,10,17,251.8599999999983
FIRST_TRIANGLE_GOLD_EVIDENCE_XAUUSD_1751328000,137,55.0,57.5,25.0,COMBINED_STRESS,11,13,235.4099999999985
FIRST_TRIANGLE_GOLD_EVIDENCE_XAUUSD_1751328000,137,55.0,57.5,25.0,COMBINED_STRESS,12,16,-48.45999999999913
FIRST_TRIANGLE_GOLD_EVIDENCE_XAUUSD_1751328000,138,55.0,57.5,27.5,BASE,1,17,490.4800000000005
FIRST_TRIANGLE_GOLD_EVIDENCE_XAUUSD_1751328000,138,55.0,57.5,27.5,BASE,2,14,449.3100000000013
FIRST_TRIANGLE_GOLD_EVIDENCE_XAUUSD_1751328000,138,55.0,57.5,27.5,BASE,3,20,174.42999999999847
FIRST_TRIANGLE_GOLD_EVIDENCE_XAUUSD_1751328000,138,55.0,57.5,27.5,BASE,4,16,140.95999999999913
FIRST_TRIANGLE_GOLD_EVIDENCE_XAUUSD_1751328000,138,55.0,57.5,27.5,BASE,5,13,64.82999999999902
FIRST_TRIANGLE_GOLD_EVIDENCE_XAUUSD_1751328000,138,55.0,57.5,27.5,BASE,6,15,243.55000000000018
FIRST_TRIANGLE_GOLD_EVIDENCE_XAUUSD_1751328000,138,55.0,57.5,27.5,BASE,7,33,163.85999999999922
FIRST_TRIANGLE_GOLD_EVIDENCE_XAUUSD_1751328000,138,55.0,57.5,27.5,BASE,8,20,206.51000000000067
FIRST_TRIANGLE_GOLD_EVIDENCE_XAUUSD_1751328000,138,55.0,57.5,27.5,BASE,9,9,-89.97999999999956
FIRST_TRIANGLE_GOLD_EVIDENCE_XAUUSD_1751328000,138,55.0,57.5,27.5,BASE,10,17,232.6099999999983
FIRST_TRIANGLE_GOLD_EVIDENCE_XAUUSD_1751328000,138,55.0,57.5,27.5,BASE,11,13,222.9099999999985
FIRST_TRIANGLE_GOLD_EVIDENCE_XAUUSD_1751328000,138,55.0,57.5,27.5,BASE,12,16,-55.95999999999913
FIRST_TRIANGLE_GOLD_EVIDENCE_XAUUSD_1751328000,139,55.0,57.5,27.5,SPREAD_PLUS_25,1,17,490.4800000000005
FIRST_TRIANGLE_GOLD_EVIDENCE_XAUUSD_1751328000,139,55.0,57.5,27.5,SPREAD_PLUS_25,2,14,449.3100000000013
FIRST_TRIANGLE_GOLD_EVIDENCE_XAUUSD_1751328000,139,55.0,57.5,27.5,SPREAD_PLUS_25,3,20,174.42999999999847
FIRST_TRIANGLE_GOLD_EVIDENCE_XAUUSD_1751328000,139,55.0,57.5,27.5,SPREAD_PLUS_25,4,16,140.95999999999913
FIRST_TRIANGLE_GOLD_EVIDENCE_XAUUSD_1751328000,139,55.0,57.5,27.5,SPREAD_PLUS_25,5,13,64.82999999999902
FIRST_TRIANGLE_GOLD_EVIDENCE_XAUUSD_1751328000,139,55.0,57.5,27.5,SPREAD_PLUS_25,6,15,243.55000000000018
FIRST_TRIANGLE_GOLD_EVIDENCE_XAUUSD_1751328000,139,55.0,57.5,27.5,SPREAD_PLUS_25,7,33,163.85999999999922
FIRST_TRIANGLE_GOLD_EVIDENCE_XAUUSD_1751328000,139,55.0,57.5,27.5,SPREAD_PLUS_25,8,20,206.51000000000067
FIRST_TRIANGLE_GOLD_EVIDENCE_XAUUSD_1751328000,139,55.0,57.5,27.5,SPREAD_PLUS_25,9,9,-89.97999999999956
FIRST_TRIANGLE_GOLD_EVIDENCE_XAUUSD_1751328000,139,55.0,57.5,27.5,SPREAD_PLUS_25,10,17,232.6099999999983
FIRST_TRIANGLE_GOLD_EVIDENCE_XAUUSD_1751328000,139,55.0,57.5,27.5,SPREAD_PLUS_25,11,13,222.9099999999985
FIRST_TRIANGLE_GOLD_EVIDENCE_XAUUSD_1751328000,139,55.0,57.5,27.5,SPREAD_PLUS_25,12,16,-55.95999999999913
FIRST_TRIANGLE_GOLD_EVIDENCE_XAUUSD_1751328000,140,55.0,57.5,27.5,SPREAD_PLUS_50,1,17,490.4800000000005
FIRST_TRIANGLE_GOLD_EVIDENCE_XAUUSD_1751328000,140,55.0,57.5,27.5,SPREAD_PLUS_50,2,14,449.3100000000013
FIRST_TRIANGLE_GOLD_EVIDENCE_XAUUSD_1751328000,140,55.0,57.5,27.5,SPREAD_PLUS_50,3,20,174.42999999999847
FIRST_TRIANGLE_GOLD_EVIDENCE_XAUUSD_1751328000,140,55.0,57.5,27.5,SPREAD_PLUS_50,4,16,140.95999999999913
FIRST_TRIANGLE_GOLD_EVIDENCE_XAUUSD_1751328000,140,55.0,57.5,27.5,SPREAD_PLUS_50,5,13,64.82999999999902
FIRST_TRIANGLE_GOLD_EVIDENCE_XAUUSD_1751328000,140,55.0,57.5,27.5,SPREAD_PLUS_50,6,15,243.55000000000018
FIRST_TRIANGLE_GOLD_EVIDENCE_XAUUSD_1751328000,140,55.0,57.5,27.5,SPREAD_PLUS_50,7,33,163.85999999999922
FIRST_TRIANGLE_GOLD_EVIDENCE_XAUUSD_1751328000,140,55.0,57.5,27.5,SPREAD_PLUS_50,8,20,206.51000000000067
FIRST_TRIANGLE_GOLD_EVIDENCE_XAUUSD_1751328000,140,55.0,57.5,27.5,SPREAD_PLUS_50,9,9,-89.97999999999956
FIRST_TRIANGLE_GOLD_EVIDENCE_XAUUSD_1751328000,140,55.0,57.5,27.5,SPREAD_PLUS_50,10,17,232.6099999999983
FIRST_TRIANGLE_GOLD_EVIDENCE_XAUUSD_1751328000,140,55.0,57.5,27.5,SPREAD_PLUS_50,11,13,222.9099999999985
FIRST_TRIANGLE_GOLD_EVIDENCE_XAUUSD_1751328000,140,55.0,57.5,27.5,SPREAD_PLUS_50,12,16,-55.95999999999913
FIRST_TRIANGLE_GOLD_EVIDENCE_XAUUSD_1751328000,141,55.0,57.5,27.5,SLIPPAGE_BASE,1,17,490.4800000000005
FIRST_TRIANGLE_GOLD_EVIDENCE_XAUUSD_1751328000,141,55.0,57.5,27.5,SLIPPAGE_BASE,2,14,449.3100000000013
FIRST_TRIANGLE_GOLD_EVIDENCE_XAUUSD_1751328000,141,55.0,57.5,27.5,SLIPPAGE_BASE,3,20,174.42999999999847
FIRST_TRIANGLE_GOLD_EVIDENCE_XAUUSD_1751328000,141,55.0,57.5,27.5,SLIPPAGE_BASE,4,16,140.95999999999913
FIRST_TRIANGLE_GOLD_EVIDENCE_XAUUSD_1751328000,141,55.0,57.5,27.5,SLIPPAGE_BASE,5,13,64.82999999999902
FIRST_TRIANGLE_GOLD_EVIDENCE_XAUUSD_1751328000,141,55.0,57.5,27.5,SLIPPAGE_BASE,6,15,243.55000000000018
FIRST_TRIANGLE_GOLD_EVIDENCE_XAUUSD_1751328000,141,55.0,57.5,27.5,SLIPPAGE_BASE,7,33,163.85999999999922
FIRST_TRIANGLE_GOLD_EVIDENCE_XAUUSD_1751328000,141,55.0,57.5,27.5,SLIPPAGE_BASE,8,20,206.51000000000067
FIRST_TRIANGLE_GOLD_EVIDENCE_XAUUSD_1751328000,141,55.0,57.5,27.5,SLIPPAGE_BASE,9,9,-89.97999999999956
FIRST_TRIANGLE_GOLD_EVIDENCE_XAUUSD_1751328000,141,55.0,57.5,27.5,SLIPPAGE_BASE,10,17,232.6099999999983
FIRST_TRIANGLE_GOLD_EVIDENCE_XAUUSD_1751328000,141,55.0,57.5,27.5,SLIPPAGE_BASE,11,13,222.9099999999985
FIRST_TRIANGLE_GOLD_EVIDENCE_XAUUSD_1751328000,141,55.0,57.5,27.5,SLIPPAGE_BASE,12,16,-55.95999999999913
FIRST_TRIANGLE_GOLD_EVIDENCE_XAUUSD_1751328000,142,55.0,57.5,27.5,COMMISSION_PLUS_25,1,17,490.4800000000005
FIRST_TRIANGLE_GOLD_EVIDENCE_XAUUSD_1751328000,142,55.0,57.5,27.5,COMMISSION_PLUS_25,2,14,449.3100000000013
FIRST_TRIANGLE_GOLD_EVIDENCE_XAUUSD_1751328000,142,55.0,57.5,27.5,COMMISSION_PLUS_25,3,20,174.42999999999847
FIRST_TRIANGLE_GOLD_EVIDENCE_XAUUSD_1751328000,142,55.0,57.5,27.5,COMMISSION_PLUS_25,4,16,140.95999999999913
FIRST_TRIANGLE_GOLD_EVIDENCE_XAUUSD_1751328000,142,55.0,57.5,27.5,COMMISSION_PLUS_25,5,13,64.82999999999902
FIRST_TRIANGLE_GOLD_EVIDENCE_XAUUSD_1751328000,142,55.0,57.5,27.5,COMMISSION_PLUS_25,6,15,243.55000000000018
FIRST_TRIANGLE_GOLD_EVIDENCE_XAUUSD_1751328000,142,55.0,57.5,27.5,COMMISSION_PLUS_25,7,33,163.85999999999922
FIRST_TRIANGLE_GOLD_EVIDENCE_XAUUSD_1751328000,142,55.0,57.5,27.5,COMMISSION_PLUS_25,8,20,206.51000000000067
FIRST_TRIANGLE_GOLD_EVIDENCE_XAUUSD_1751328000,142,55.0,57.5,27.5,COMMISSION_PLUS_25,9,9,-89.97999999999956
FIRST_TRIANGLE_GOLD_EVIDENCE_XAUUSD_1751328000,142,55.0,57.5,27.5,COMMISSION_PLUS_25,10,17,232.6099999999983
FIRST_TRIANGLE_GOLD_EVIDENCE_XAUUSD_1751328000,142,55.0,57.5,27.5,COMMISSION_PLUS_25,11,13,222.9099999999985
FIRST_TRIANGLE_GOLD_EVIDENCE_XAUUSD_1751328000,142,55.0,57.5,27.5,COMMISSION_PLUS_25,12,16,-55.95999999999913
FIRST_TRIANGLE_GOLD_EVIDENCE_XAUUSD_1751328000,143,55.0,57.5,27.5,COMBINED_STRESS,1,17,490.4800000000005
FIRST_TRIANGLE_GOLD_EVIDENCE_XAUUSD_1751328000,143,55.0,57.5,27.5,COMBINED_STRESS,2,14,449.3100000000013
FIRST_TRIANGLE_GOLD_EVIDENCE_XAUUSD_1751328000,143,55.0,57.5,27.5,COMBINED_STRESS,3,20,174.42999999999847
FIRST_TRIANGLE_GOLD_EVIDENCE_XAUUSD_1751328000,143,55.0,57.5,27.5,COMBINED_STRESS,4,16,140.95999999999913
FIRST_TRIANGLE_GOLD_EVIDENCE_XAUUSD_1751328000,143,55.0,57.5,27.5,COMBINED_STRESS,5,13,64.82999999999902
FIRST_TRIANGLE_GOLD_EVIDENCE_XAUUSD_1751328000,143,55.0,57.5,27.5,COMBINED_STRESS,6,15,243.55000000000018
FIRST_TRIANGLE_GOLD_EVIDENCE_XAUUSD_1751328000,143,55.0,57.5,27.5,COMBINED_STRESS,7,33,163.85999999999922
FIRST_TRIANGLE_GOLD_EVIDENCE_XAUUSD_1751328000,143,55.0,57.5,27.5,COMBINED_STRESS,8,20,206.51000000000067
FIRST_TRIANGLE_GOLD_EVIDENCE_XAUUSD_1751328000,143,55.0,57.5,27.5,COMBINED_STRESS,9,9,-89.97999999999956
FIRST_TRIANGLE_GOLD_EVIDENCE_XAUUSD_1751328000,143,55.0,57.5,27.5,COMBINED_STRESS,10,17,232.6099999999983
FIRST_TRIANGLE_GOLD_EVIDENCE_XAUUSD_1751328000,143,55.0,57.5,27.5,COMBINED_STRESS,11,13,222.9099999999985
FIRST_TRIANGLE_GOLD_EVIDENCE_XAUUSD_1751328000,143,55.0,57.5,27.5,COMBINED_STRESS,12,16,-55.95999999999913
FIRST_TRIANGLE_GOLD_EVIDENCE_XAUUSD_1751328000,144,55.0,57.5,30.0,BASE,1,17,619.8900000000012
FIRST_TRIANGLE_GOLD_EVIDENCE_XAUUSD_1751328000,144,55.0,57.5,30.0,BASE,2,14,462.1300000000019
FIRST_TRIANGLE_GOLD_EVIDENCE_XAUUSD_1751328000,144,55.0,57.5,30.0,BASE,3,20,153.67999999999847
FIRST_TRIANGLE_GOLD_EVIDENCE_XAUUSD_1751328000,144,55.0,57.5,30.0,BASE,4,16,125.95999999999913
FIRST_TRIANGLE_GOLD_EVIDENCE_XAUUSD_1751328000,144,55.0,57.5,30.0,BASE,5,13,54.82999999999902
FIRST_TRIANGLE_GOLD_EVIDENCE_XAUUSD_1751328000,144,55.0,57.5,30.0,BASE,6,15,236.1199999999999
FIRST_TRIANGLE_GOLD_EVIDENCE_XAUUSD_1751328000,144,55.0,57.5,30.0,BASE,7,33,151.35999999999922
FIRST_TRIANGLE_GOLD_EVIDENCE_XAUUSD_1751328000,144,55.0,57.5,30.0,BASE,8,20,232.9700000000007
FIRST_TRIANGLE_GOLD_EVIDENCE_XAUUSD_1751328000,144,55.0,57.5,30.0,BASE,9,9,-89.97999999999956
FIRST_TRIANGLE_GOLD_EVIDENCE_XAUUSD_1751328000,144,55.0,57.5,30.0,BASE,10,17,210.1099999999983
FIRST_TRIANGLE_GOLD_EVIDENCE_XAUUSD_1751328000,144,55.0,57.5,30.0,BASE,11,13,210.4099999999985
FIRST_TRIANGLE_GOLD_EVIDENCE_XAUUSD_1751328000,144,55.0,57.5,30.0,BASE,12,16,-63.45999999999913
FIRST_TRIANGLE_GOLD_EVIDENCE_XAUUSD_1751328000,145,55.0,57.5,30.0,SPREAD_PLUS_25,1,17,619.8900000000012
FIRST_TRIANGLE_GOLD_EVIDENCE_XAUUSD_1751328000,145,55.0,57.5,30.0,SPREAD_PLUS_25,2,14,462.1300000000019
FIRST_TRIANGLE_GOLD_EVIDENCE_XAUUSD_1751328000,145,55.0,57.5,30.0,SPREAD_PLUS_25,3,20,153.67999999999847
FIRST_TRIANGLE_GOLD_EVIDENCE_XAUUSD_1751328000,145,55.0,57.5,30.0,SPREAD_PLUS_25,4,16,125.95999999999913
FIRST_TRIANGLE_GOLD_EVIDENCE_XAUUSD_1751328000,145,55.0,57.5,30.0,SPREAD_PLUS_25,5,13,54.82999999999902
FIRST_TRIANGLE_GOLD_EVIDENCE_XAUUSD_1751328000,145,55.0,57.5,30.0,SPREAD_PLUS_25,6,15,236.1199999999999
FIRST_TRIANGLE_GOLD_EVIDENCE_XAUUSD_1751328000,145,55.0,57.5,30.0,SPREAD_PLUS_25,7,33,151.35999999999922
FIRST_TRIANGLE_GOLD_EVIDENCE_XAUUSD_1751328000,145,55.0,57.5,30.0,SPREAD_PLUS_25,8,20,232.9700000000007
FIRST_TRIANGLE_GOLD_EVIDENCE_XAUUSD_1751328000,145,55.0,57.5,30.0,SPREAD_PLUS_25,9,9,-89.97999999999956
FIRST_TRIANGLE_GOLD_EVIDENCE_XAUUSD_1751328000,145,55.0,57.5,30.0,SPREAD_PLUS_25,10,17,210.1099999999983
FIRST_TRIANGLE_GOLD_EVIDENCE_XAUUSD_1751328000,145,55.0,57.5,30.0,SPREAD_PLUS_25,11,13,210.4099999999985
FIRST_TRIANGLE_GOLD_EVIDENCE_XAUUSD_1751328000,145,55.0,57.5,30.0,SPREAD_PLUS_25,12,16,-63.45999999999913
FIRST_TRIANGLE_GOLD_EVIDENCE_XAUUSD_1751328000,146,55.0,57.5,30.0,SPREAD_PLUS_50,1,17,619.8900000000012
FIRST_TRIANGLE_GOLD_EVIDENCE_XAUUSD_1751328000,146,55.0,57.5,30.0,SPREAD_PLUS_50,2,14,462.1300000000019
FIRST_TRIANGLE_GOLD_EVIDENCE_XAUUSD_1751328000,146,55.0,57.5,30.0,SPREAD_PLUS_50,3,20,153.67999999999847
FIRST_TRIANGLE_GOLD_EVIDENCE_XAUUSD_1751328000,146,55.0,57.5,30.0,SPREAD_PLUS_50,4,16,125.95999999999913
FIRST_TRIANGLE_GOLD_EVIDENCE_XAUUSD_1751328000,146,55.0,57.5,30.0,SPREAD_PLUS_50,5,13,54.82999999999902
FIRST_TRIANGLE_GOLD_EVIDENCE_XAUUSD_1751328000,146,55.0,57.5,30.0,SPREAD_PLUS_50,6,15,236.1199999999999
FIRST_TRIANGLE_GOLD_EVIDENCE_XAUUSD_1751328000,146,55.0,57.5,30.0,SPREAD_PLUS_50,7,33,151.35999999999922
FIRST_TRIANGLE_GOLD_EVIDENCE_XAUUSD_1751328000,146,55.0,57.5,30.0,SPREAD_PLUS_50,8,20,232.9700000000007
FIRST_TRIANGLE_GOLD_EVIDENCE_XAUUSD_1751328000,146,55.0,57.5,30.0,SPREAD_PLUS_50,9,9,-89.97999999999956
FIRST_TRIANGLE_GOLD_EVIDENCE_XAUUSD_1751328000,146,55.0,57.5,30.0,SPREAD_PLUS_50,10,17,210.1099999999983
FIRST_TRIANGLE_GOLD_EVIDENCE_XAUUSD_1751328000,146,55.0,57.5,30.0,SPREAD_PLUS_50,11,13,210.4099999999985
FIRST_TRIANGLE_GOLD_EVIDENCE_XAUUSD_1751328000,146,55.0,57.5,30.0,SPREAD_PLUS_50,12,16,-63.45999999999913
FIRST_TRIANGLE_GOLD_EVIDENCE_XAUUSD_1751328000,147,55.0,57.5,30.0,SLIPPAGE_BASE,1,17,619.8900000000012
FIRST_TRIANGLE_GOLD_EVIDENCE_XAUUSD_1751328000,147,55.0,57.5,30.0,SLIPPAGE_BASE,2,14,462.1300000000019
FIRST_TRIANGLE_GOLD_EVIDENCE_XAUUSD_1751328000,147,55.0,57.5,30.0,SLIPPAGE_BASE,3,20,153.67999999999847
FIRST_TRIANGLE_GOLD_EVIDENCE_XAUUSD_1751328000,147,55.0,57.5,30.0,SLIPPAGE_BASE,4,16,125.95999999999913
FIRST_TRIANGLE_GOLD_EVIDENCE_XAUUSD_1751328000,147,55.0,57.5,30.0,SLIPPAGE_BASE,5,13,54.82999999999902
FIRST_TRIANGLE_GOLD_EVIDENCE_XAUUSD_1751328000,147,55.0,57.5,30.0,SLIPPAGE_BASE,6,15,236.1199999999999
FIRST_TRIANGLE_GOLD_EVIDENCE_XAUUSD_1751328000,147,55.0,57.5,30.0,SLIPPAGE_BASE,7,33,151.35999999999922
FIRST_TRIANGLE_GOLD_EVIDENCE_XAUUSD_1751328000,147,55.0,57.5,30.0,SLIPPAGE_BASE,8,20,232.9700000000007
FIRST_TRIANGLE_GOLD_EVIDENCE_XAUUSD_1751328000,147,55.0,57.5,30.0,SLIPPAGE_BASE,9,9,-89.97999999999956
FIRST_TRIANGLE_GOLD_EVIDENCE_XAUUSD_1751328000,147,55.0,57.5,30.0,SLIPPAGE_BASE,10,17,210.1099999999983
FIRST_TRIANGLE_GOLD_EVIDENCE_XAUUSD_1751328000,147,55.0,57.5,30.0,SLIPPAGE_BASE,11,13,210.4099999999985
FIRST_TRIANGLE_GOLD_EVIDENCE_XAUUSD_1751328000,147,55.0,57.5,30.0,SLIPPAGE_BASE,12,16,-63.45999999999913
FIRST_TRIANGLE_GOLD_EVIDENCE_XAUUSD_1751328000,148,55.0,57.5,30.0,COMMISSION_PLUS_25,1,17,619.8900000000012
FIRST_TRIANGLE_GOLD_EVIDENCE_XAUUSD_1751328000,148,55.0,57.5,30.0,COMMISSION_PLUS_25,2,14,462.1300000000019
FIRST_TRIANGLE_GOLD_EVIDENCE_XAUUSD_1751328000,148,55.0,57.5,30.0,COMMISSION_PLUS_25,3,20,153.67999999999847
FIRST_TRIANGLE_GOLD_EVIDENCE_XAUUSD_1751328000,148,55.0,57.5,30.0,COMMISSION_PLUS_25,4,16,125.95999999999913
FIRST_TRIANGLE_GOLD_EVIDENCE_XAUUSD_1751328000,148,55.0,57.5,30.0,COMMISSION_PLUS_25,5,13,54.82999999999902
FIRST_TRIANGLE_GOLD_EVIDENCE_XAUUSD_1751328000,148,55.0,57.5,30.0,COMMISSION_PLUS_25,6,15,236.1199999999999
FIRST_TRIANGLE_GOLD_EVIDENCE_XAUUSD_1751328000,148,55.0,57.5,30.0,COMMISSION_PLUS_25,7,33,151.35999999999922
FIRST_TRIANGLE_GOLD_EVIDENCE_XAUUSD_1751328000,148,55.0,57.5,30.0,COMMISSION_PLUS_25,8,20,232.9700000000007
FIRST_TRIANGLE_GOLD_EVIDENCE_XAUUSD_1751328000,148,55.0,57.5,30.0,COMMISSION_PLUS_25,9,9,-89.97999999999956
FIRST_TRIANGLE_GOLD_EVIDENCE_XAUUSD_1751328000,148,55.0,57.5,30.0,COMMISSION_PLUS_25,10,17,210.1099999999983
FIRST_TRIANGLE_GOLD_EVIDENCE_XAUUSD_1751328000,148,55.0,57.5,30.0,COMMISSION_PLUS_25,11,13,210.4099999999985
FIRST_TRIANGLE_GOLD_EVIDENCE_XAUUSD_1751328000,148,55.0,57.5,30.0,COMMISSION_PLUS_25,12,16,-63.45999999999913
FIRST_TRIANGLE_GOLD_EVIDENCE_XAUUSD_1751328000,149,55.0,57.5,30.0,COMBINED_STRESS,1,17,619.8900000000012
FIRST_TRIANGLE_GOLD_EVIDENCE_XAUUSD_1751328000,149,55.0,57.5,30.0,COMBINED_STRESS,2,14,462.1300000000019
FIRST_TRIANGLE_GOLD_EVIDENCE_XAUUSD_1751328000,149,55.0,57.5,30.0,COMBINED_STRESS,3,20,153.67999999999847
FIRST_TRIANGLE_GOLD_EVIDENCE_XAUUSD_1751328000,149,55.0,57.5,30.0,COMBINED_STRESS,4,16,125.95999999999913
FIRST_TRIANGLE_GOLD_EVIDENCE_XAUUSD_1751328000,149,55.0,57.5,30.0,COMBINED_STRESS,5,13,54.82999999999902
FIRST_TRIANGLE_GOLD_EVIDENCE_XAUUSD_1751328000,149,55.0,57.5,30.0,COMBINED_STRESS,6,15,236.1199999999999
FIRST_TRIANGLE_GOLD_EVIDENCE_XAUUSD_1751328000,149,55.0,57.5,30.0,COMBINED_STRESS,7,33,151.35999999999922
FIRST_TRIANGLE_GOLD_EVIDENCE_XAUUSD_1751328000,149,55.0,57.5,30.0,COMBINED_STRESS,8,20,232.9700000000007
FIRST_TRIANGLE_GOLD_EVIDENCE_XAUUSD_1751328000,149,55.0,57.5,30.0,COMBINED_STRESS,9,9,-89.97999999999956
FIRST_TRIANGLE_GOLD_EVIDENCE_XAUUSD_1751328000,149,55.0,57.5,30.0,COMBINED_STRESS,10,17,210.1099999999983
FIRST_TRIANGLE_GOLD_EVIDENCE_XAUUSD_1751328000,149,55.0,57.5,30.0,COMBINED_STRESS,11,13,210.4099999999985
FIRST_TRIANGLE_GOLD_EVIDENCE_XAUUSD_1751328000,149,55.0,57.5,30.0,COMBINED_STRESS,12,16,-63.45999999999913
FIRST_TRIANGLE_GOLD_EVIDENCE_XAUUSD_1751328000,150,55.0,57.5,32.5,BASE,1,17,594.9100000000008
FIRST_TRIANGLE_GOLD_EVIDENCE_XAUUSD_1751328000,150,55.0,57.5,32.5,BASE,2,14,439.6300000000019
FIRST_TRIANGLE_GOLD_EVIDENCE_XAUUSD_1751328000,150,55.0,57.5,32.5,BASE,3,20,137.0699999999988
FIRST_TRIANGLE_GOLD_EVIDENCE_XAUUSD_1751328000,150,55.0,57.5,32.5,BASE,4,16,110.95999999999913
FIRST_TRIANGLE_GOLD_EVIDENCE_XAUUSD_1751328000,150,55.0,57.5,32.5,BASE,5,13,96.85999999999967
FIRST_TRIANGLE_GOLD_EVIDENCE_XAUUSD_1751328000,150,55.0,57.5,32.5,BASE,6,15,216.1199999999999
FIRST_TRIANGLE_GOLD_EVIDENCE_XAUUSD_1751328000,150,55.0,57.5,32.5,BASE,7,33,138.85999999999922
FIRST_TRIANGLE_GOLD_EVIDENCE_XAUUSD_1751328000,150,55.0,57.5,32.5,BASE,8,20,277.19000000000005
FIRST_TRIANGLE_GOLD_EVIDENCE_XAUUSD_1751328000,150,55.0,57.5,32.5,BASE,9,9,-89.97999999999956
FIRST_TRIANGLE_GOLD_EVIDENCE_XAUUSD_1751328000,150,55.0,57.5,32.5,BASE,10,17,187.6099999999983
FIRST_TRIANGLE_GOLD_EVIDENCE_XAUUSD_1751328000,150,55.0,57.5,32.5,BASE,11,13,240.88999999999805
FIRST_TRIANGLE_GOLD_EVIDENCE_XAUUSD_1751328000,150,55.0,57.5,32.5,BASE,12,16,-70.95999999999913
FIRST_TRIANGLE_GOLD_EVIDENCE_XAUUSD_1751328000,151,55.0,57.5,32.5,SPREAD_PLUS_25,1,17,594.9100000000008
FIRST_TRIANGLE_GOLD_EVIDENCE_XAUUSD_1751328000,151,55.0,57.5,32.5,SPREAD_PLUS_25,2,14,439.6300000000019
FIRST_TRIANGLE_GOLD_EVIDENCE_XAUUSD_1751328000,151,55.0,57.5,32.5,SPREAD_PLUS_25,3,20,137.0699999999988
FIRST_TRIANGLE_GOLD_EVIDENCE_XAUUSD_1751328000,151,55.0,57.5,32.5,SPREAD_PLUS_25,4,16,110.95999999999913
FIRST_TRIANGLE_GOLD_EVIDENCE_XAUUSD_1751328000,151,55.0,57.5,32.5,SPREAD_PLUS_25,5,13,96.85999999999967
FIRST_TRIANGLE_GOLD_EVIDENCE_XAUUSD_1751328000,151,55.0,57.5,32.5,SPREAD_PLUS_25,6,15,216.1199999999999
FIRST_TRIANGLE_GOLD_EVIDENCE_XAUUSD_1751328000,151,55.0,57.5,32.5,SPREAD_PLUS_25,7,33,138.85999999999922
FIRST_TRIANGLE_GOLD_EVIDENCE_XAUUSD_1751328000,151,55.0,57.5,32.5,SPREAD_PLUS_25,8,20,277.19000000000005
FIRST_TRIANGLE_GOLD_EVIDENCE_XAUUSD_1751328000,151,55.0,57.5,32.5,SPREAD_PLUS_25,9,9,-89.97999999999956
FIRST_TRIANGLE_GOLD_EVIDENCE_XAUUSD_1751328000,151,55.0,57.5,32.5,SPREAD_PLUS_25,10,17,187.6099999999983
FIRST_TRIANGLE_GOLD_EVIDENCE_XAUUSD_1751328000,151,55.0,57.5,32.5,SPREAD_PLUS_25,11,13,240.88999999999805
FIRST_TRIANGLE_GOLD_EVIDENCE_XAUUSD_1751328000,151,55.0,57.5,32.5,SPREAD_PLUS_25,12,16,-70.95999999999913
FIRST_TRIANGLE_GOLD_EVIDENCE_XAUUSD_1751328000,152,55.0,57.5,32.5,SPREAD_PLUS_50,1,17,594.9100000000008
FIRST_TRIANGLE_GOLD_EVIDENCE_XAUUSD_1751328000,152,55.0,57.5,32.5,SPREAD_PLUS_50,2,14,439.6300000000019
FIRST_TRIANGLE_GOLD_EVIDENCE_XAUUSD_1751328000,152,55.0,57.5,32.5,SPREAD_PLUS_50,3,20,137.0699999999988
FIRST_TRIANGLE_GOLD_EVIDENCE_XAUUSD_1751328000,152,55.0,57.5,32.5,SPREAD_PLUS_50,4,16,110.95999999999913
FIRST_TRIANGLE_GOLD_EVIDENCE_XAUUSD_1751328000,152,55.0,57.5,32.5,SPREAD_PLUS_50,5,13,96.85999999999967
FIRST_TRIANGLE_GOLD_EVIDENCE_XAUUSD_1751328000,152,55.0,57.5,32.5,SPREAD_PLUS_50,6,15,216.1199999999999
FIRST_TRIANGLE_GOLD_EVIDENCE_XAUUSD_1751328000,152,55.0,57.5,32.5,SPREAD_PLUS_50,7,33,138.85999999999922
FIRST_TRIANGLE_GOLD_EVIDENCE_XAUUSD_1751328000,152,55.0,57.5,32.5,SPREAD_PLUS_50,8,20,277.19000000000005
FIRST_TRIANGLE_GOLD_EVIDENCE_XAUUSD_1751328000,152,55.0,57.5,32.5,SPREAD_PLUS_50,9,9,-89.97999999999956
FIRST_TRIANGLE_GOLD_EVIDENCE_XAUUSD_1751328000,152,55.0,57.5,32.5,SPREAD_PLUS_50,10,17,187.6099999999983
FIRST_TRIANGLE_GOLD_EVIDENCE_XAUUSD_1751328000,152,55.0,57.5,32.5,SPREAD_PLUS_50,11,13,240.88999999999805
FIRST_TRIANGLE_GOLD_EVIDENCE_XAUUSD_1751328000,152,55.0,57.5,32.5,SPREAD_PLUS_50,12,16,-70.95999999999913
FIRST_TRIANGLE_GOLD_EVIDENCE_XAUUSD_1751328000,153,55.0,57.5,32.5,SLIPPAGE_BASE,1,17,594.9100000000008
FIRST_TRIANGLE_GOLD_EVIDENCE_XAUUSD_1751328000,153,55.0,57.5,32.5,SLIPPAGE_BASE,2,14,439.6300000000019
FIRST_TRIANGLE_GOLD_EVIDENCE_XAUUSD_1751328000,153,55.0,57.5,32.5,SLIPPAGE_BASE,3,20,137.0699999999988
FIRST_TRIANGLE_GOLD_EVIDENCE_XAUUSD_1751328000,153,55.0,57.5,32.5,SLIPPAGE_BASE,4,16,110.95999999999913
FIRST_TRIANGLE_GOLD_EVIDENCE_XAUUSD_1751328000,153,55.0,57.5,32.5,SLIPPAGE_BASE,5,13,96.85999999999967
FIRST_TRIANGLE_GOLD_EVIDENCE_XAUUSD_1751328000,153,55.0,57.5,32.5,SLIPPAGE_BASE,6,15,216.1199999999999
FIRST_TRIANGLE_GOLD_EVIDENCE_XAUUSD_1751328000,153,55.0,57.5,32.5,SLIPPAGE_BASE,7,33,138.85999999999922
FIRST_TRIANGLE_GOLD_EVIDENCE_XAUUSD_1751328000,153,55.0,57.5,32.5,SLIPPAGE_BASE,8,20,277.19000000000005
FIRST_TRIANGLE_GOLD_EVIDENCE_XAUUSD_1751328000,153,55.0,57.5,32.5,SLIPPAGE_BASE,9,9,-89.97999999999956
FIRST_TRIANGLE_GOLD_EVIDENCE_XAUUSD_1751328000,153,55.0,57.5,32.5,SLIPPAGE_BASE,10,17,187.6099999999983
FIRST_TRIANGLE_GOLD_EVIDENCE_XAUUSD_1751328000,153,55.0,57.5,32.5,SLIPPAGE_BASE,11,13,240.88999999999805
FIRST_TRIANGLE_GOLD_EVIDENCE_XAUUSD_1751328000,153,55.0,57.5,32.5,SLIPPAGE_BASE,12,16,-70.95999999999913
FIRST_TRIANGLE_GOLD_EVIDENCE_XAUUSD_1751328000,154,55.0,57.5,32.5,COMMISSION_PLUS_25,1,17,594.9100000000008
FIRST_TRIANGLE_GOLD_EVIDENCE_XAUUSD_1751328000,154,55.0,57.5,32.5,COMMISSION_PLUS_25,2,14,439.6300000000019
FIRST_TRIANGLE_GOLD_EVIDENCE_XAUUSD_1751328000,154,55.0,57.5,32.5,COMMISSION_PLUS_25,3,20,137.0699999999988
FIRST_TRIANGLE_GOLD_EVIDENCE_XAUUSD_1751328000,154,55.0,57.5,32.5,COMMISSION_PLUS_25,4,16,110.95999999999913
FIRST_TRIANGLE_GOLD_EVIDENCE_XAUUSD_1751328000,154,55.0,57.5,32.5,COMMISSION_PLUS_25,5,13,96.85999999999967
FIRST_TRIANGLE_GOLD_EVIDENCE_XAUUSD_1751328000,154,55.0,57.5,32.5,COMMISSION_PLUS_25,6,15,216.1199999999999
FIRST_TRIANGLE_GOLD_EVIDENCE_XAUUSD_1751328000,154,55.0,57.5,32.5,COMMISSION_PLUS_25,7,33,138.85999999999922
FIRST_TRIANGLE_GOLD_EVIDENCE_XAUUSD_1751328000,154,55.0,57.5,32.5,COMMISSION_PLUS_25,8,20,277.19000000000005
FIRST_TRIANGLE_GOLD_EVIDENCE_XAUUSD_1751328000,154,55.0,57.5,32.5,COMMISSION_PLUS_25,9,9,-89.97999999999956
FIRST_TRIANGLE_GOLD_EVIDENCE_XAUUSD_1751328000,154,55.0,57.5,32.5,COMMISSION_PLUS_25,10,17,187.6099999999983
FIRST_TRIANGLE_GOLD_EVIDENCE_XAUUSD_1751328000,154,55.0,57.5,32.5,COMMISSION_PLUS_25,11,13,240.88999999999805
FIRST_TRIANGLE_GOLD_EVIDENCE_XAUUSD_1751328000,154,55.0,57.5,32.5,COMMISSION_PLUS_25,12,16,-70.95999999999913
FIRST_TRIANGLE_GOLD_EVIDENCE_XAUUSD_1751328000,155,55.0,57.5,32.5,COMBINED_STRESS,1,17,594.9100000000008
FIRST_TRIANGLE_GOLD_EVIDENCE_XAUUSD_1751328000,155,55.0,57.5,32.5,COMBINED_STRESS,2,14,439.6300000000019
FIRST_TRIANGLE_GOLD_EVIDENCE_XAUUSD_1751328000,155,55.0,57.5,32.5,COMBINED_STRESS,3,20,137.0699999999988
FIRST_TRIANGLE_GOLD_EVIDENCE_XAUUSD_1751328000,155,55.0,57.5,32.5,COMBINED_STRESS,4,16,110.95999999999913
FIRST_TRIANGLE_GOLD_EVIDENCE_XAUUSD_1751328000,155,55.0,57.5,32.5,COMBINED_STRESS,5,13,96.85999999999967
FIRST_TRIANGLE_GOLD_EVIDENCE_XAUUSD_1751328000,155,55.0,57.5,32.5,COMBINED_STRESS,6,15,216.1199999999999
FIRST_TRIANGLE_GOLD_EVIDENCE_XAUUSD_1751328000,155,55.0,57.5,32.5,COMBINED_STRESS,7,33,138.85999999999922
FIRST_TRIANGLE_GOLD_EVIDENCE_XAUUSD_1751328000,155,55.0,57.5,32.5,COMBINED_STRESS,8,20,277.19000000000005
FIRST_TRIANGLE_GOLD_EVIDENCE_XAUUSD_1751328000,155,55.0,57.5,32.5,COMBINED_STRESS,9,9,-89.97999999999956
FIRST_TRIANGLE_GOLD_EVIDENCE_XAUUSD_1751328000,155,55.0,57.5,32.5,COMBINED_STRESS,10,17,187.6099999999983
FIRST_TRIANGLE_GOLD_EVIDENCE_XAUUSD_1751328000,155,55.0,57.5,32.5,COMBINED_STRESS,11,13,240.88999999999805
FIRST_TRIANGLE_GOLD_EVIDENCE_XAUUSD_1751328000,155,55.0,57.5,32.5,COMBINED_STRESS,12,16,-70.95999999999913
FIRST_TRIANGLE_GOLD_EVIDENCE_XAUUSD_1751328000,156,55.0,57.5,35.0,BASE,1,17,690.920000000001
FIRST_TRIANGLE_GOLD_EVIDENCE_XAUUSD_1751328000,156,55.0,57.5,35.0,BASE,2,14,417.1300000000019
FIRST_TRIANGLE_GOLD_EVIDENCE_XAUUSD_1751328000,156,55.0,57.5,35.0,BASE,3,20,139.78999999999905
FIRST_TRIANGLE_GOLD_EVIDENCE_XAUUSD_1751328000,156,55.0,57.5,35.0,BASE,4,16,150.9399999999987
FIRST_TRIANGLE_GOLD_EVIDENCE_XAUUSD_1751328000,156,55.0,57.5,35.0,BASE,5,13,86.85999999999967
FIRST_TRIANGLE_GOLD_EVIDENCE_XAUUSD_1751328000,156,55.0,57.5,35.0,BASE,6,15,198.51000000000022
FIRST_TRIANGLE_GOLD_EVIDENCE_XAUUSD_1751328000,156,55.0,57.5,35.0,BASE,7,33,150.7199999999998
FIRST_TRIANGLE_GOLD_EVIDENCE_XAUUSD_1751328000,156,55.0,57.5,35.0,BASE,8,20,269.69000000000005
FIRST_TRIANGLE_GOLD_EVIDENCE_XAUUSD_1751328000,156,55.0,57.5,35.0,BASE,9,9,-89.97999999999956
FIRST_TRIANGLE_GOLD_EVIDENCE_XAUUSD_1751328000,156,55.0,57.5,35.0,BASE,10,17,301.5399999999986
FIRST_TRIANGLE_GOLD_EVIDENCE_XAUUSD_1751328000,156,55.0,57.5,35.0,BASE,11,13,228.38999999999805
FIRST_TRIANGLE_GOLD_EVIDENCE_XAUUSD_1751328000,156,55.0,57.5,35.0,BASE,12,16,-78.45999999999913
FIRST_TRIANGLE_GOLD_EVIDENCE_XAUUSD_1751328000,157,55.0,57.5,35.0,SPREAD_PLUS_25,1,17,690.920000000001
FIRST_TRIANGLE_GOLD_EVIDENCE_XAUUSD_1751328000,157,55.0,57.5,35.0,SPREAD_PLUS_25,2,14,417.1300000000019
FIRST_TRIANGLE_GOLD_EVIDENCE_XAUUSD_1751328000,157,55.0,57.5,35.0,SPREAD_PLUS_25,3,20,139.78999999999905
FIRST_TRIANGLE_GOLD_EVIDENCE_XAUUSD_1751328000,157,55.0,57.5,35.0,SPREAD_PLUS_25,4,16,150.9399999999987
FIRST_TRIANGLE_GOLD_EVIDENCE_XAUUSD_1751328000,157,55.0,57.5,35.0,SPREAD_PLUS_25,5,13,86.85999999999967
FIRST_TRIANGLE_GOLD_EVIDENCE_XAUUSD_1751328000,157,55.0,57.5,35.0,SPREAD_PLUS_25,6,15,198.51000000000022
FIRST_TRIANGLE_GOLD_EVIDENCE_XAUUSD_1751328000,157,55.0,57.5,35.0,SPREAD_PLUS_25,7,33,150.7199999999998
FIRST_TRIANGLE_GOLD_EVIDENCE_XAUUSD_1751328000,157,55.0,57.5,35.0,SPREAD_PLUS_25,8,20,269.69000000000005
FIRST_TRIANGLE_GOLD_EVIDENCE_XAUUSD_1751328000,157,55.0,57.5,35.0,SPREAD_PLUS_25,9,9,-89.97999999999956
FIRST_TRIANGLE_GOLD_EVIDENCE_XAUUSD_1751328000,157,55.0,57.5,35.0,SPREAD_PLUS_25,10,17,301.5399999999986
FIRST_TRIANGLE_GOLD_EVIDENCE_XAUUSD_1751328000,157,55.0,57.5,35.0,SPREAD_PLUS_25,11,13,228.38999999999805
FIRST_TRIANGLE_GOLD_EVIDENCE_XAUUSD_1751328000,157,55.0,57.5,35.0,SPREAD_PLUS_25,12,16,-78.45999999999913
FIRST_TRIANGLE_GOLD_EVIDENCE_XAUUSD_1751328000,158,55.0,57.5,35.0,SPREAD_PLUS_50,1,17,690.920000000001
FIRST_TRIANGLE_GOLD_EVIDENCE_XAUUSD_1751328000,158,55.0,57.5,35.0,SPREAD_PLUS_50,2,14,417.1300000000019
FIRST_TRIANGLE_GOLD_EVIDENCE_XAUUSD_1751328000,158,55.0,57.5,35.0,SPREAD_PLUS_50,3,20,139.78999999999905
FIRST_TRIANGLE_GOLD_EVIDENCE_XAUUSD_1751328000,158,55.0,57.5,35.0,SPREAD_PLUS_50,4,16,150.9399999999987
FIRST_TRIANGLE_GOLD_EVIDENCE_XAUUSD_1751328000,158,55.0,57.5,35.0,SPREAD_PLUS_50,5,13,86.85999999999967
FIRST_TRIANGLE_GOLD_EVIDENCE_XAUUSD_1751328000,158,55.0,57.5,35.0,SPREAD_PLUS_50,6,15,198.51000000000022
FIRST_TRIANGLE_GOLD_EVIDENCE_XAUUSD_1751328000,158,55.0,57.5,35.0,SPREAD_PLUS_50,7,33,150.7199999999998
FIRST_TRIANGLE_GOLD_EVIDENCE_XAUUSD_1751328000,158,55.0,57.5,35.0,SPREAD_PLUS_50,8,20,269.69000000000005
FIRST_TRIANGLE_GOLD_EVIDENCE_XAUUSD_1751328000,158,55.0,57.5,35.0,SPREAD_PLUS_50,9,9,-89.97999999999956
FIRST_TRIANGLE_GOLD_EVIDENCE_XAUUSD_1751328000,158,55.0,57.5,35.0,SPREAD_PLUS_50,10,17,301.5399999999986
FIRST_TRIANGLE_GOLD_EVIDENCE_XAUUSD_1751328000,158,55.0,57.5,35.0,SPREAD_PLUS_50,11,13,228.38999999999805
FIRST_TRIANGLE_GOLD_EVIDENCE_XAUUSD_1751328000,158,55.0,57.5,35.0,SPREAD_PLUS_50,12,16,-78.45999999999913
FIRST_TRIANGLE_GOLD_EVIDENCE_XAUUSD_1751328000,159,55.0,57.5,35.0,SLIPPAGE_BASE,1,17,690.920000000001
FIRST_TRIANGLE_GOLD_EVIDENCE_XAUUSD_1751328000,159,55.0,57.5,35.0,SLIPPAGE_BASE,2,14,417.1300000000019
FIRST_TRIANGLE_GOLD_EVIDENCE_XAUUSD_1751328000,159,55.0,57.5,35.0,SLIPPAGE_BASE,3,20,139.78999999999905
FIRST_TRIANGLE_GOLD_EVIDENCE_XAUUSD_1751328000,159,55.0,57.5,35.0,SLIPPAGE_BASE,4,16,150.9399999999987
FIRST_TRIANGLE_GOLD_EVIDENCE_XAUUSD_1751328000,159,55.0,57.5,35.0,SLIPPAGE_BASE,5,13,86.85999999999967
FIRST_TRIANGLE_GOLD_EVIDENCE_XAUUSD_1751328000,159,55.0,57.5,35.0,SLIPPAGE_BASE,6,15,198.51000000000022
FIRST_TRIANGLE_GOLD_EVIDENCE_XAUUSD_1751328000,159,55.0,57.5,35.0,SLIPPAGE_BASE,7,33,150.7199999999998
FIRST_TRIANGLE_GOLD_EVIDENCE_XAUUSD_1751328000,159,55.0,57.5,35.0,SLIPPAGE_BASE,8,20,269.69000000000005
FIRST_TRIANGLE_GOLD_EVIDENCE_XAUUSD_1751328000,159,55.0,57.5,35.0,SLIPPAGE_BASE,9,9,-89.97999999999956
FIRST_TRIANGLE_GOLD_EVIDENCE_XAUUSD_1751328000,159,55.0,57.5,35.0,SLIPPAGE_BASE,10,17,301.5399999999986
FIRST_TRIANGLE_GOLD_EVIDENCE_XAUUSD_1751328000,159,55.0,57.5,35.0,SLIPPAGE_BASE,11,13,228.38999999999805
FIRST_TRIANGLE_GOLD_EVIDENCE_XAUUSD_1751328000,159,55.0,57.5,35.0,SLIPPAGE_BASE,12,16,-78.45999999999913
FIRST_TRIANGLE_GOLD_EVIDENCE_XAUUSD_1751328000,160,55.0,57.5,35.0,COMMISSION_PLUS_25,1,17,690.920000000001
FIRST_TRIANGLE_GOLD_EVIDENCE_XAUUSD_1751328000,160,55.0,57.5,35.0,COMMISSION_PLUS_25,2,14,417.1300000000019
FIRST_TRIANGLE_GOLD_EVIDENCE_XAUUSD_1751328000,160,55.0,57.5,35.0,COMMISSION_PLUS_25,3,20,139.78999999999905
FIRST_TRIANGLE_GOLD_EVIDENCE_XAUUSD_1751328000,160,55.0,57.5,35.0,COMMISSION_PLUS_25,4,16,150.9399999999987
FIRST_TRIANGLE_GOLD_EVIDENCE_XAUUSD_1751328000,160,55.0,57.5,35.0,COMMISSION_PLUS_25,5,13,86.85999999999967
FIRST_TRIANGLE_GOLD_EVIDENCE_XAUUSD_1751328000,160,55.0,57.5,35.0,COMMISSION_PLUS_25,6,15,198.51000000000022
FIRST_TRIANGLE_GOLD_EVIDENCE_XAUUSD_1751328000,160,55.0,57.5,35.0,COMMISSION_PLUS_25,7,33,150.7199999999998
FIRST_TRIANGLE_GOLD_EVIDENCE_XAUUSD_1751328000,160,55.0,57.5,35.0,COMMISSION_PLUS_25,8,20,269.69000000000005
FIRST_TRIANGLE_GOLD_EVIDENCE_XAUUSD_1751328000,160,55.0,57.5,35.0,COMMISSION_PLUS_25,9,9,-89.97999999999956
FIRST_TRIANGLE_GOLD_EVIDENCE_XAUUSD_1751328000,160,55.0,57.5,35.0,COMMISSION_PLUS_25,10,17,301.5399999999986
FIRST_TRIANGLE_GOLD_EVIDENCE_XAUUSD_1751328000,160,55.0,57.5,35.0,COMMISSION_PLUS_25,11,13,228.38999999999805
FIRST_TRIANGLE_GOLD_EVIDENCE_XAUUSD_1751328000,160,55.0,57.5,35.0,COMMISSION_PLUS_25,12,16,-78.45999999999913
FIRST_TRIANGLE_GOLD_EVIDENCE_XAUUSD_1751328000,161,55.0,57.5,35.0,COMBINED_STRESS,1,17,690.920000000001
FIRST_TRIANGLE_GOLD_EVIDENCE_XAUUSD_1751328000,161,55.0,57.5,35.0,COMBINED_STRESS,2,14,417.1300000000019
FIRST_TRIANGLE_GOLD_EVIDENCE_XAUUSD_1751328000,161,55.0,57.5,35.0,COMBINED_STRESS,3,20,139.78999999999905
FIRST_TRIANGLE_GOLD_EVIDENCE_XAUUSD_1751328000,161,55.0,57.5,35.0,COMBINED_STRESS,4,16,150.9399999999987
FIRST_TRIANGLE_GOLD_EVIDENCE_XAUUSD_1751328000,161,55.0,57.5,35.0,COMBINED_STRESS,5,13,86.85999999999967
FIRST_TRIANGLE_GOLD_EVIDENCE_XAUUSD_1751328000,161,55.0,57.5,35.0,COMBINED_STRESS,6,15,198.51000000000022
FIRST_TRIANGLE_GOLD_EVIDENCE_XAUUSD_1751328000,161,55.0,57.5,35.0,COMBINED_STRESS,7,33,150.7199999999998
FIRST_TRIANGLE_GOLD_EVIDENCE_XAUUSD_1751328000,161,55.0,57.5,35.0,COMBINED_STRESS,8,20,269.69000000000005
FIRST_TRIANGLE_GOLD_EVIDENCE_XAUUSD_1751328000,161,55.0,57.5,35.0,COMBINED_STRESS,9,9,-89.97999999999956
FIRST_TRIANGLE_GOLD_EVIDENCE_XAUUSD_1751328000,161,55.0,57.5,35.0,COMBINED_STRESS,10,17,301.5399999999986
FIRST_TRIANGLE_GOLD_EVIDENCE_XAUUSD_1751328000,161,55.0,57.5,35.0,COMBINED_STRESS,11,13,228.38999999999805
FIRST_TRIANGLE_GOLD_EVIDENCE_XAUUSD_1751328000,161,55.0,57.5,35.0,COMBINED_STRESS,12,16,-78.45999999999913
FIRST_TRIANGLE_GOLD_EVIDENCE_XAUUSD_1751328000,162,55.0,57.5,37.5,BASE,1,17,665.920000000001
FIRST_TRIANGLE_GOLD_EVIDENCE_XAUUSD_1751328000,162,55.0,57.5,37.5,BASE,2,14,394.6300000000019
FIRST_TRIANGLE_GOLD_EVIDENCE_XAUUSD_1751328000,162,55.0,57.5,37.5,BASE,3,20,114.78999999999905
FIRST_TRIANGLE_GOLD_EVIDENCE_XAUUSD_1751328000,162,55.0,57.5,37.5,BASE,4,16,136.4499999999989
FIRST_TRIANGLE_GOLD_EVIDENCE_XAUUSD_1751328000,162,55.0,57.5,37.5,BASE,5,13,76.85999999999967
FIRST_TRIANGLE_GOLD_EVIDENCE_XAUUSD_1751328000,162,55.0,57.5,37.5,BASE,6,15,242.8199999999997
FIRST_TRIANGLE_GOLD_EVIDENCE_XAUUSD_1751328000,162,55.0,57.5,37.5,BASE,7,33,138.2199999999998
FIRST_TRIANGLE_GOLD_EVIDENCE_XAUUSD_1751328000,162,55.0,57.5,37.5,BASE,8,20,262.19000000000005
FIRST_TRIANGLE_GOLD_EVIDENCE_XAUUSD_1751328000,162,55.0,57.5,37.5,BASE,9,9,-89.97999999999956
FIRST_TRIANGLE_GOLD_EVIDENCE_XAUUSD_1751328000,162,55.0,57.5,37.5,BASE,10,17,548.7599999999989
FIRST_TRIANGLE_GOLD_EVIDENCE_XAUUSD_1751328000,162,55.0,57.5,37.5,BASE,11,13,215.88999999999805
FIRST_TRIANGLE_GOLD_EVIDENCE_XAUUSD_1751328000,162,55.0,57.5,37.5,BASE,12,16,-85.95999999999913
FIRST_TRIANGLE_GOLD_EVIDENCE_XAUUSD_1751328000,163,55.0,57.5,37.5,SPREAD_PLUS_25,1,17,665.920000000001
FIRST_TRIANGLE_GOLD_EVIDENCE_XAUUSD_1751328000,163,55.0,57.5,37.5,SPREAD_PLUS_25,2,14,394.6300000000019
FIRST_TRIANGLE_GOLD_EVIDENCE_XAUUSD_1751328000,163,55.0,57.5,37.5,SPREAD_PLUS_25,3,20,114.78999999999905
FIRST_TRIANGLE_GOLD_EVIDENCE_XAUUSD_1751328000,163,55.0,57.5,37.5,SPREAD_PLUS_25,4,16,136.4499999999989
FIRST_TRIANGLE_GOLD_EVIDENCE_XAUUSD_1751328000,163,55.0,57.5,37.5,SPREAD_PLUS_25,5,13,76.85999999999967
FIRST_TRIANGLE_GOLD_EVIDENCE_XAUUSD_1751328000,163,55.0,57.5,37.5,SPREAD_PLUS_25,6,15,242.8199999999997
FIRST_TRIANGLE_GOLD_EVIDENCE_XAUUSD_1751328000,163,55.0,57.5,37.5,SPREAD_PLUS_25,7,33,138.2199999999998
FIRST_TRIANGLE_GOLD_EVIDENCE_XAUUSD_1751328000,163,55.0,57.5,37.5,SPREAD_PLUS_25,8,20,262.19000000000005
FIRST_TRIANGLE_GOLD_EVIDENCE_XAUUSD_1751328000,163,55.0,57.5,37.5,SPREAD_PLUS_25,9,9,-89.97999999999956
FIRST_TRIANGLE_GOLD_EVIDENCE_XAUUSD_1751328000,163,55.0,57.5,37.5,SPREAD_PLUS_25,10,17,548.7599999999989
FIRST_TRIANGLE_GOLD_EVIDENCE_XAUUSD_1751328000,163,55.0,57.5,37.5,SPREAD_PLUS_25,11,13,215.88999999999805
FIRST_TRIANGLE_GOLD_EVIDENCE_XAUUSD_1751328000,163,55.0,57.5,37.5,SPREAD_PLUS_25,12,16,-85.95999999999913
FIRST_TRIANGLE_GOLD_EVIDENCE_XAUUSD_1751328000,164,55.0,57.5,37.5,SPREAD_PLUS_50,1,17,665.920000000001
FIRST_TRIANGLE_GOLD_EVIDENCE_XAUUSD_1751328000,164,55.0,57.5,37.5,SPREAD_PLUS_50,2,14,394.6300000000019
FIRST_TRIANGLE_GOLD_EVIDENCE_XAUUSD_1751328000,164,55.0,57.5,37.5,SPREAD_PLUS_50,3,20,114.78999999999905
FIRST_TRIANGLE_GOLD_EVIDENCE_XAUUSD_1751328000,164,55.0,57.5,37.5,SPREAD_PLUS_50,4,16,136.4499999999989
FIRST_TRIANGLE_GOLD_EVIDENCE_XAUUSD_1751328000,164,55.0,57.5,37.5,SPREAD_PLUS_50,5,13,76.85999999999967
FIRST_TRIANGLE_GOLD_EVIDENCE_XAUUSD_1751328000,164,55.0,57.5,37.5,SPREAD_PLUS_50,6,15,242.8199999999997
FIRST_TRIANGLE_GOLD_EVIDENCE_XAUUSD_1751328000,164,55.0,57.5,37.5,SPREAD_PLUS_50,7,33,138.2199999999998
FIRST_TRIANGLE_GOLD_EVIDENCE_XAUUSD_1751328000,164,55.0,57.5,37.5,SPREAD_PLUS_50,8,20,262.19000000000005
FIRST_TRIANGLE_GOLD_EVIDENCE_XAUUSD_1751328000,164,55.0,57.5,37.5,SPREAD_PLUS_50,9,9,-89.97999999999956
FIRST_TRIANGLE_GOLD_EVIDENCE_XAUUSD_1751328000,164,55.0,57.5,37.5,SPREAD_PLUS_50,10,17,548.7599999999989
FIRST_TRIANGLE_GOLD_EVIDENCE_XAUUSD_1751328000,164,55.0,57.5,37.5,SPREAD_PLUS_50,11,13,215.88999999999805
FIRST_TRIANGLE_GOLD_EVIDENCE_XAUUSD_1751328000,164,55.0,57.5,37.5,SPREAD_PLUS_50,12,16,-85.95999999999913
FIRST_TRIANGLE_GOLD_EVIDENCE_XAUUSD_1751328000,165,55.0,57.5,37.5,SLIPPAGE_BASE,1,17,665.920000000001
FIRST_TRIANGLE_GOLD_EVIDENCE_XAUUSD_1751328000,165,55.0,57.5,37.5,SLIPPAGE_BASE,2,14,394.6300000000019
FIRST_TRIANGLE_GOLD_EVIDENCE_XAUUSD_1751328000,165,55.0,57.5,37.5,SLIPPAGE_BASE,3,20,114.78999999999905
FIRST_TRIANGLE_GOLD_EVIDENCE_XAUUSD_1751328000,165,55.0,57.5,37.5,SLIPPAGE_BASE,4,16,136.4499999999989
FIRST_TRIANGLE_GOLD_EVIDENCE_XAUUSD_1751328000,165,55.0,57.5,37.5,SLIPPAGE_BASE,5,13,76.85999999999967
FIRST_TRIANGLE_GOLD_EVIDENCE_XAUUSD_1751328000,165,55.0,57.5,37.5,SLIPPAGE_BASE,6,15,242.8199999999997
FIRST_TRIANGLE_GOLD_EVIDENCE_XAUUSD_1751328000,165,55.0,57.5,37.5,SLIPPAGE_BASE,7,33,138.2199999999998
FIRST_TRIANGLE_GOLD_EVIDENCE_XAUUSD_1751328000,165,55.0,57.5,37.5,SLIPPAGE_BASE,8,20,262.19000000000005
FIRST_TRIANGLE_GOLD_EVIDENCE_XAUUSD_1751328000,165,55.0,57.5,37.5,SLIPPAGE_BASE,9,9,-89.97999999999956
FIRST_TRIANGLE_GOLD_EVIDENCE_XAUUSD_1751328000,165,55.0,57.5,37.5,SLIPPAGE_BASE,10,17,548.7599999999989
FIRST_TRIANGLE_GOLD_EVIDENCE_XAUUSD_1751328000,165,55.0,57.5,37.5,SLIPPAGE_BASE,11,13,215.88999999999805
FIRST_TRIANGLE_GOLD_EVIDENCE_XAUUSD_1751328000,165,55.0,57.5,37.5,SLIPPAGE_BASE,12,16,-85.95999999999913
FIRST_TRIANGLE_GOLD_EVIDENCE_XAUUSD_1751328000,166,55.0,57.5,37.5,COMMISSION_PLUS_25,1,17,665.920000000001
FIRST_TRIANGLE_GOLD_EVIDENCE_XAUUSD_1751328000,166,55.0,57.5,37.5,COMMISSION_PLUS_25,2,14,394.6300000000019
FIRST_TRIANGLE_GOLD_EVIDENCE_XAUUSD_1751328000,166,55.0,57.5,37.5,COMMISSION_PLUS_25,3,20,114.78999999999905
FIRST_TRIANGLE_GOLD_EVIDENCE_XAUUSD_1751328000,166,55.0,57.5,37.5,COMMISSION_PLUS_25,4,16,136.4499999999989
FIRST_TRIANGLE_GOLD_EVIDENCE_XAUUSD_1751328000,166,55.0,57.5,37.5,COMMISSION_PLUS_25,5,13,76.85999999999967
FIRST_TRIANGLE_GOLD_EVIDENCE_XAUUSD_1751328000,166,55.0,57.5,37.5,COMMISSION_PLUS_25,6,15,242.8199999999997
FIRST_TRIANGLE_GOLD_EVIDENCE_XAUUSD_1751328000,166,55.0,57.5,37.5,COMMISSION_PLUS_25,7,33,138.2199999999998
FIRST_TRIANGLE_GOLD_EVIDENCE_XAUUSD_1751328000,166,55.0,57.5,37.5,COMMISSION_PLUS_25,8,20,262.19000000000005
FIRST_TRIANGLE_GOLD_EVIDENCE_XAUUSD_1751328000,166,55.0,57.5,37.5,COMMISSION_PLUS_25,9,9,-89.97999999999956
FIRST_TRIANGLE_GOLD_EVIDENCE_XAUUSD_1751328000,166,55.0,57.5,37.5,COMMISSION_PLUS_25,10,17,548.7599999999989
FIRST_TRIANGLE_GOLD_EVIDENCE_XAUUSD_1751328000,166,55.0,57.5,37.5,COMMISSION_PLUS_25,11,13,215.88999999999805
FIRST_TRIANGLE_GOLD_EVIDENCE_XAUUSD_1751328000,166,55.0,57.5,37.5,COMMISSION_PLUS_25,12,16,-85.95999999999913
FIRST_TRIANGLE_GOLD_EVIDENCE_XAUUSD_1751328000,167,55.0,57.5,37.5,COMBINED_STRESS,1,17,665.920000000001
FIRST_TRIANGLE_GOLD_EVIDENCE_XAUUSD_1751328000,167,55.0,57.5,37.5,COMBINED_STRESS,2,14,394.6300000000019
FIRST_TRIANGLE_GOLD_EVIDENCE_XAUUSD_1751328000,167,55.0,57.5,37.5,COMBINED_STRESS,3,20,114.78999999999905
FIRST_TRIANGLE_GOLD_EVIDENCE_XAUUSD_1751328000,167,55.0,57.5,37.5,COMBINED_STRESS,4,16,136.4499999999989
FIRST_TRIANGLE_GOLD_EVIDENCE_XAUUSD_1751328000,167,55.0,57.5,37.5,COMBINED_STRESS,5,13,76.85999999999967
FIRST_TRIANGLE_GOLD_EVIDENCE_XAUUSD_1751328000,167,55.0,57.5,37.5,COMBINED_STRESS,6,15,242.8199999999997
FIRST_TRIANGLE_GOLD_EVIDENCE_XAUUSD_1751328000,167,55.0,57.5,37.5,COMBINED_STRESS,7,33,138.2199999999998
FIRST_TRIANGLE_GOLD_EVIDENCE_XAUUSD_1751328000,167,55.0,57.5,37.5,COMBINED_STRESS,8,20,262.19000000000005
FIRST_TRIANGLE_GOLD_EVIDENCE_XAUUSD_1751328000,167,55.0,57.5,37.5,COMBINED_STRESS,9,9,-89.97999999999956
FIRST_TRIANGLE_GOLD_EVIDENCE_XAUUSD_1751328000,167,55.0,57.5,37.5,COMBINED_STRESS,10,17,548.7599999999989
FIRST_TRIANGLE_GOLD_EVIDENCE_XAUUSD_1751328000,167,55.0,57.5,37.5,COMBINED_STRESS,11,13,215.88999999999805
FIRST_TRIANGLE_GOLD_EVIDENCE_XAUUSD_1751328000,167,55.0,57.5,37.5,COMBINED_STRESS,12,16,-85.95999999999913
FIRST_TRIANGLE_GOLD_EVIDENCE_XAUUSD_1751328000,168,55.0,60.0,22.5,BASE,1,17,476.15999999999985
FIRST_TRIANGLE_GOLD_EVIDENCE_XAUUSD_1751328000,168,55.0,60.0,22.5,BASE,2,14,486.9900000000007
FIRST_TRIANGLE_GOLD_EVIDENCE_XAUUSD_1751328000,168,55.0,60.0,22.5,BASE,3,20,215.10999999999876
FIRST_TRIANGLE_GOLD_EVIDENCE_XAUUSD_1751328000,168,55.0,60.0,22.5,BASE,4,16,85.5699999999988
FIRST_TRIANGLE_GOLD_EVIDENCE_XAUUSD_1751328000,168,55.0,60.0,22.5,BASE,5,13,84.82999999999902
FIRST_TRIANGLE_GOLD_EVIDENCE_XAUUSD_1751328000,168,55.0,60.0,22.5,BASE,6,15,266.1400000000003
FIRST_TRIANGLE_GOLD_EVIDENCE_XAUUSD_1751328000,168,55.0,60.0,22.5,BASE,7,33,174.9099999999994
FIRST_TRIANGLE_GOLD_EVIDENCE_XAUUSD_1751328000,168,55.0,60.0,22.5,BASE,8,20,81.900000000001
FIRST_TRIANGLE_GOLD_EVIDENCE_XAUUSD_1751328000,168,55.0,60.0,22.5,BASE,9,9,-89.97999999999956
FIRST_TRIANGLE_GOLD_EVIDENCE_XAUUSD_1751328000,168,55.0,60.0,22.5,BASE,10,17,245.3599999999983
FIRST_TRIANGLE_GOLD_EVIDENCE_XAUUSD_1751328000,168,55.0,60.0,22.5,BASE,11,13,242.6399999999985
FIRST_TRIANGLE_GOLD_EVIDENCE_XAUUSD_1751328000,168,55.0,60.0,22.5,BASE,12,16,-40.95999999999913
FIRST_TRIANGLE_GOLD_EVIDENCE_XAUUSD_1751328000,169,55.0,60.0,22.5,SPREAD_PLUS_25,1,17,476.15999999999985
FIRST_TRIANGLE_GOLD_EVIDENCE_XAUUSD_1751328000,169,55.0,60.0,22.5,SPREAD_PLUS_25,2,14,486.9900000000007
FIRST_TRIANGLE_GOLD_EVIDENCE_XAUUSD_1751328000,169,55.0,60.0,22.5,SPREAD_PLUS_25,3,20,215.10999999999876
FIRST_TRIANGLE_GOLD_EVIDENCE_XAUUSD_1751328000,169,55.0,60.0,22.5,SPREAD_PLUS_25,4,16,85.5699999999988
FIRST_TRIANGLE_GOLD_EVIDENCE_XAUUSD_1751328000,169,55.0,60.0,22.5,SPREAD_PLUS_25,5,13,84.82999999999902
FIRST_TRIANGLE_GOLD_EVIDENCE_XAUUSD_1751328000,169,55.0,60.0,22.5,SPREAD_PLUS_25,6,15,266.1400000000003
FIRST_TRIANGLE_GOLD_EVIDENCE_XAUUSD_1751328000,169,55.0,60.0,22.5,SPREAD_PLUS_25,7,33,174.9099999999994
FIRST_TRIANGLE_GOLD_EVIDENCE_XAUUSD_1751328000,169,55.0,60.0,22.5,SPREAD_PLUS_25,8,20,81.900000000001
FIRST_TRIANGLE_GOLD_EVIDENCE_XAUUSD_1751328000,169,55.0,60.0,22.5,SPREAD_PLUS_25,9,9,-89.97999999999956
FIRST_TRIANGLE_GOLD_EVIDENCE_XAUUSD_1751328000,169,55.0,60.0,22.5,SPREAD_PLUS_25,10,17,245.3599999999983
FIRST_TRIANGLE_GOLD_EVIDENCE_XAUUSD_1751328000,169,55.0,60.0,22.5,SPREAD_PLUS_25,11,13,242.6399999999985
FIRST_TRIANGLE_GOLD_EVIDENCE_XAUUSD_1751328000,169,55.0,60.0,22.5,SPREAD_PLUS_25,12,16,-40.95999999999913
FIRST_TRIANGLE_GOLD_EVIDENCE_XAUUSD_1751328000,170,55.0,60.0,22.5,SPREAD_PLUS_50,1,17,476.15999999999985
FIRST_TRIANGLE_GOLD_EVIDENCE_XAUUSD_1751328000,170,55.0,60.0,22.5,SPREAD_PLUS_50,2,14,486.9900000000007
FIRST_TRIANGLE_GOLD_EVIDENCE_XAUUSD_1751328000,170,55.0,60.0,22.5,SPREAD_PLUS_50,3,20,215.10999999999876
FIRST_TRIANGLE_GOLD_EVIDENCE_XAUUSD_1751328000,170,55.0,60.0,22.5,SPREAD_PLUS_50,4,16,85.5699999999988
FIRST_TRIANGLE_GOLD_EVIDENCE_XAUUSD_1751328000,170,55.0,60.0,22.5,SPREAD_PLUS_50,5,13,84.82999999999902
FIRST_TRIANGLE_GOLD_EVIDENCE_XAUUSD_1751328000,170,55.0,60.0,22.5,SPREAD_PLUS_50,6,15,266.1400000000003
FIRST_TRIANGLE_GOLD_EVIDENCE_XAUUSD_1751328000,170,55.0,60.0,22.5,SPREAD_PLUS_50,7,33,174.9099999999994
FIRST_TRIANGLE_GOLD_EVIDENCE_XAUUSD_1751328000,170,55.0,60.0,22.5,SPREAD_PLUS_50,8,20,81.900000000001
FIRST_TRIANGLE_GOLD_EVIDENCE_XAUUSD_1751328000,170,55.0,60.0,22.5,SPREAD_PLUS_50,9,9,-89.97999999999956
FIRST_TRIANGLE_GOLD_EVIDENCE_XAUUSD_1751328000,170,55.0,60.0,22.5,SPREAD_PLUS_50,10,17,245.3599999999983
FIRST_TRIANGLE_GOLD_EVIDENCE_XAUUSD_1751328000,170,55.0,60.0,22.5,SPREAD_PLUS_50,11,13,242.6399999999985
FIRST_TRIANGLE_GOLD_EVIDENCE_XAUUSD_1751328000,170,55.0,60.0,22.5,SPREAD_PLUS_50,12,16,-40.95999999999913
FIRST_TRIANGLE_GOLD_EVIDENCE_XAUUSD_1751328000,171,55.0,60.0,22.5,SLIPPAGE_BASE,1,17,476.15999999999985
FIRST_TRIANGLE_GOLD_EVIDENCE_XAUUSD_1751328000,171,55.0,60.0,22.5,SLIPPAGE_BASE,2,14,486.9900000000007
FIRST_TRIANGLE_GOLD_EVIDENCE_XAUUSD_1751328000,171,55.0,60.0,22.5,SLIPPAGE_BASE,3,20,215.10999999999876
FIRST_TRIANGLE_GOLD_EVIDENCE_XAUUSD_1751328000,171,55.0,60.0,22.5,SLIPPAGE_BASE,4,16,85.5699999999988
FIRST_TRIANGLE_GOLD_EVIDENCE_XAUUSD_1751328000,171,55.0,60.0,22.5,SLIPPAGE_BASE,5,13,84.82999999999902
FIRST_TRIANGLE_GOLD_EVIDENCE_XAUUSD_1751328000,171,55.0,60.0,22.5,SLIPPAGE_BASE,6,15,266.1400000000003
FIRST_TRIANGLE_GOLD_EVIDENCE_XAUUSD_1751328000,171,55.0,60.0,22.5,SLIPPAGE_BASE,7,33,174.9099999999994
FIRST_TRIANGLE_GOLD_EVIDENCE_XAUUSD_1751328000,171,55.0,60.0,22.5,SLIPPAGE_BASE,8,20,81.900000000001
FIRST_TRIANGLE_GOLD_EVIDENCE_XAUUSD_1751328000,171,55.0,60.0,22.5,SLIPPAGE_BASE,9,9,-89.97999999999956
FIRST_TRIANGLE_GOLD_EVIDENCE_XAUUSD_1751328000,171,55.0,60.0,22.5,SLIPPAGE_BASE,10,17,245.3599999999983
FIRST_TRIANGLE_GOLD_EVIDENCE_XAUUSD_1751328000,171,55.0,60.0,22.5,SLIPPAGE_BASE,11,13,242.6399999999985
FIRST_TRIANGLE_GOLD_EVIDENCE_XAUUSD_1751328000,171,55.0,60.0,22.5,SLIPPAGE_BASE,12,16,-40.95999999999913
FIRST_TRIANGLE_GOLD_EVIDENCE_XAUUSD_1751328000,172,55.0,60.0,22.5,COMMISSION_PLUS_25,1,17,476.15999999999985
FIRST_TRIANGLE_GOLD_EVIDENCE_XAUUSD_1751328000,172,55.0,60.0,22.5,COMMISSION_PLUS_25,2,14,486.9900000000007
FIRST_TRIANGLE_GOLD_EVIDENCE_XAUUSD_1751328000,172,55.0,60.0,22.5,COMMISSION_PLUS_25,3,20,215.10999999999876
FIRST_TRIANGLE_GOLD_EVIDENCE_XAUUSD_1751328000,172,55.0,60.0,22.5,COMMISSION_PLUS_25,4,16,85.5699999999988
FIRST_TRIANGLE_GOLD_EVIDENCE_XAUUSD_1751328000,172,55.0,60.0,22.5,COMMISSION_PLUS_25,5,13,84.82999999999902
FIRST_TRIANGLE_GOLD_EVIDENCE_XAUUSD_1751328000,172,55.0,60.0,22.5,COMMISSION_PLUS_25,6,15,266.1400000000003
FIRST_TRIANGLE_GOLD_EVIDENCE_XAUUSD_1751328000,172,55.0,60.0,22.5,COMMISSION_PLUS_25,7,33,174.9099999999994
FIRST_TRIANGLE_GOLD_EVIDENCE_XAUUSD_1751328000,172,55.0,60.0,22.5,COMMISSION_PLUS_25,8,20,81.900000000001
FIRST_TRIANGLE_GOLD_EVIDENCE_XAUUSD_1751328000,172,55.0,60.0,22.5,COMMISSION_PLUS_25,9,9,-89.97999999999956
FIRST_TRIANGLE_GOLD_EVIDENCE_XAUUSD_1751328000,172,55.0,60.0,22.5,COMMISSION_PLUS_25,10,17,245.3599999999983
FIRST_TRIANGLE_GOLD_EVIDENCE_XAUUSD_1751328000,172,55.0,60.0,22.5,COMMISSION_PLUS_25,11,13,242.6399999999985
FIRST_TRIANGLE_GOLD_EVIDENCE_XAUUSD_1751328000,172,55.0,60.0,22.5,COMMISSION_PLUS_25,12,16,-40.95999999999913
FIRST_TRIANGLE_GOLD_EVIDENCE_XAUUSD_1751328000,173,55.0,60.0,22.5,COMBINED_STRESS,1,17,476.15999999999985
FIRST_TRIANGLE_GOLD_EVIDENCE_XAUUSD_1751328000,173,55.0,60.0,22.5,COMBINED_STRESS,2,14,486.9900000000007
FIRST_TRIANGLE_GOLD_EVIDENCE_XAUUSD_1751328000,173,55.0,60.0,22.5,COMBINED_STRESS,3,20,215.10999999999876
FIRST_TRIANGLE_GOLD_EVIDENCE_XAUUSD_1751328000,173,55.0,60.0,22.5,COMBINED_STRESS,4,16,85.5699999999988
FIRST_TRIANGLE_GOLD_EVIDENCE_XAUUSD_1751328000,173,55.0,60.0,22.5,COMBINED_STRESS,5,13,84.82999999999902
FIRST_TRIANGLE_GOLD_EVIDENCE_XAUUSD_1751328000,173,55.0,60.0,22.5,COMBINED_STRESS,6,15,266.1400000000003
FIRST_TRIANGLE_GOLD_EVIDENCE_XAUUSD_1751328000,173,55.0,60.0,22.5,COMBINED_STRESS,7,33,174.9099999999994
FIRST_TRIANGLE_GOLD_EVIDENCE_XAUUSD_1751328000,173,55.0,60.0,22.5,COMBINED_STRESS,8,20,81.900000000001
FIRST_TRIANGLE_GOLD_EVIDENCE_XAUUSD_1751328000,173,55.0,60.0,22.5,COMBINED_STRESS,9,9,-89.97999999999956
FIRST_TRIANGLE_GOLD_EVIDENCE_XAUUSD_1751328000,173,55.0,60.0,22.5,COMBINED_STRESS,10,17,245.3599999999983
FIRST_TRIANGLE_GOLD_EVIDENCE_XAUUSD_1751328000,173,55.0,60.0,22.5,COMBINED_STRESS,11,13,242.6399999999985
FIRST_TRIANGLE_GOLD_EVIDENCE_XAUUSD_1751328000,173,55.0,60.0,22.5,COMBINED_STRESS,12,16,-40.95999999999913
FIRST_TRIANGLE_GOLD_EVIDENCE_XAUUSD_1751328000,174,55.0,60.0,25.0,BASE,1,17,515.4800000000005
FIRST_TRIANGLE_GOLD_EVIDENCE_XAUUSD_1751328000,174,55.0,60.0,25.0,BASE,2,14,471.8100000000013
FIRST_TRIANGLE_GOLD_EVIDENCE_XAUUSD_1751328000,174,55.0,60.0,25.0,BASE,3,20,199.42999999999847
FIRST_TRIANGLE_GOLD_EVIDENCE_XAUUSD_1751328000,174,55.0,60.0,25.0,BASE,4,16,102.57999999999902
FIRST_TRIANGLE_GOLD_EVIDENCE_XAUUSD_1751328000,174,55.0,60.0,25.0,BASE,5,13,74.82999999999902
FIRST_TRIANGLE_GOLD_EVIDENCE_XAUUSD_1751328000,174,55.0,60.0,25.0,BASE,6,15,276.1199999999999
FIRST_TRIANGLE_GOLD_EVIDENCE_XAUUSD_1751328000,174,55.0,60.0,25.0,BASE,7,33,162.4099999999994
FIRST_TRIANGLE_GOLD_EVIDENCE_XAUUSD_1751328000,174,55.0,60.0,25.0,BASE,8,20,214.01000000000067
FIRST_TRIANGLE_GOLD_EVIDENCE_XAUUSD_1751328000,174,55.0,60.0,25.0,BASE,9,9,-89.97999999999956
FIRST_TRIANGLE_GOLD_EVIDENCE_XAUUSD_1751328000,174,55.0,60.0,25.0,BASE,10,17,255.1099999999983
FIRST_TRIANGLE_GOLD_EVIDENCE_XAUUSD_1751328000,174,55.0,60.0,25.0,BASE,11,13,235.4099999999985
FIRST_TRIANGLE_GOLD_EVIDENCE_XAUUSD_1751328000,174,55.0,60.0,25.0,BASE,12,16,-48.45999999999913
FIRST_TRIANGLE_GOLD_EVIDENCE_XAUUSD_1751328000,175,55.0,60.0,25.0,SPREAD_PLUS_25,1,17,515.4800000000005
FIRST_TRIANGLE_GOLD_EVIDENCE_XAUUSD_1751328000,175,55.0,60.0,25.0,SPREAD_PLUS_25,2,14,471.8100000000013
FIRST_TRIANGLE_GOLD_EVIDENCE_XAUUSD_1751328000,175,55.0,60.0,25.0,SPREAD_PLUS_25,3,20,199.42999999999847
FIRST_TRIANGLE_GOLD_EVIDENCE_XAUUSD_1751328000,175,55.0,60.0,25.0,SPREAD_PLUS_25,4,16,102.57999999999902
FIRST_TRIANGLE_GOLD_EVIDENCE_XAUUSD_1751328000,175,55.0,60.0,25.0,SPREAD_PLUS_25,5,13,74.82999999999902
FIRST_TRIANGLE_GOLD_EVIDENCE_XAUUSD_1751328000,175,55.0,60.0,25.0,SPREAD_PLUS_25,6,15,276.1199999999999
FIRST_TRIANGLE_GOLD_EVIDENCE_XAUUSD_1751328000,175,55.0,60.0,25.0,SPREAD_PLUS_25,7,33,162.4099999999994
FIRST_TRIANGLE_GOLD_EVIDENCE_XAUUSD_1751328000,175,55.0,60.0,25.0,SPREAD_PLUS_25,8,20,214.01000000000067
FIRST_TRIANGLE_GOLD_EVIDENCE_XAUUSD_1751328000,175,55.0,60.0,25.0,SPREAD_PLUS_25,9,9,-89.97999999999956
FIRST_TRIANGLE_GOLD_EVIDENCE_XAUUSD_1751328000,175,55.0,60.0,25.0,SPREAD_PLUS_25,10,17,255.1099999999983
FIRST_TRIANGLE_GOLD_EVIDENCE_XAUUSD_1751328000,175,55.0,60.0,25.0,SPREAD_PLUS_25,11,13,235.4099999999985
FIRST_TRIANGLE_GOLD_EVIDENCE_XAUUSD_1751328000,175,55.0,60.0,25.0,SPREAD_PLUS_25,12,16,-48.45999999999913
FIRST_TRIANGLE_GOLD_EVIDENCE_XAUUSD_1751328000,176,55.0,60.0,25.0,SPREAD_PLUS_50,1,17,515.4800000000005
FIRST_TRIANGLE_GOLD_EVIDENCE_XAUUSD_1751328000,176,55.0,60.0,25.0,SPREAD_PLUS_50,2,14,471.8100000000013
FIRST_TRIANGLE_GOLD_EVIDENCE_XAUUSD_1751328000,176,55.0,60.0,25.0,SPREAD_PLUS_50,3,20,199.42999999999847
FIRST_TRIANGLE_GOLD_EVIDENCE_XAUUSD_1751328000,176,55.0,60.0,25.0,SPREAD_PLUS_50,4,16,102.57999999999902
FIRST_TRIANGLE_GOLD_EVIDENCE_XAUUSD_1751328000,176,55.0,60.0,25.0,SPREAD_PLUS_50,5,13,74.82999999999902
FIRST_TRIANGLE_GOLD_EVIDENCE_XAUUSD_1751328000,176,55.0,60.0,25.0,SPREAD_PLUS_50,6,15,276.1199999999999
FIRST_TRIANGLE_GOLD_EVIDENCE_XAUUSD_1751328000,176,55.0,60.0,25.0,SPREAD_PLUS_50,7,33,162.4099999999994
FIRST_TRIANGLE_GOLD_EVIDENCE_XAUUSD_1751328000,176,55.0,60.0,25.0,SPREAD_PLUS_50,8,20,214.01000000000067
FIRST_TRIANGLE_GOLD_EVIDENCE_XAUUSD_1751328000,176,55.0,60.0,25.0,SPREAD_PLUS_50,9,9,-89.97999999999956
FIRST_TRIANGLE_GOLD_EVIDENCE_XAUUSD_1751328000,176,55.0,60.0,25.0,SPREAD_PLUS_50,10,17,255.1099999999983
FIRST_TRIANGLE_GOLD_EVIDENCE_XAUUSD_1751328000,176,55.0,60.0,25.0,SPREAD_PLUS_50,11,13,235.4099999999985
FIRST_TRIANGLE_GOLD_EVIDENCE_XAUUSD_1751328000,176,55.0,60.0,25.0,SPREAD_PLUS_50,12,16,-48.45999999999913
FIRST_TRIANGLE_GOLD_EVIDENCE_XAUUSD_1751328000,177,55.0,60.0,25.0,SLIPPAGE_BASE,1,17,515.4800000000005
FIRST_TRIANGLE_GOLD_EVIDENCE_XAUUSD_1751328000,177,55.0,60.0,25.0,SLIPPAGE_BASE,2,14,471.8100000000013
FIRST_TRIANGLE_GOLD_EVIDENCE_XAUUSD_1751328000,177,55.0,60.0,25.0,SLIPPAGE_BASE,3,20,199.42999999999847
FIRST_TRIANGLE_GOLD_EVIDENCE_XAUUSD_1751328000,177,55.0,60.0,25.0,SLIPPAGE_BASE,4,16,102.57999999999902
FIRST_TRIANGLE_GOLD_EVIDENCE_XAUUSD_1751328000,177,55.0,60.0,25.0,SLIPPAGE_BASE,5,13,74.82999999999902
FIRST_TRIANGLE_GOLD_EVIDENCE_XAUUSD_1751328000,177,55.0,60.0,25.0,SLIPPAGE_BASE,6,15,276.1199999999999
FIRST_TRIANGLE_GOLD_EVIDENCE_XAUUSD_1751328000,177,55.0,60.0,25.0,SLIPPAGE_BASE,7,33,162.4099999999994
FIRST_TRIANGLE_GOLD_EVIDENCE_XAUUSD_1751328000,177,55.0,60.0,25.0,SLIPPAGE_BASE,8,20,214.01000000000067
FIRST_TRIANGLE_GOLD_EVIDENCE_XAUUSD_1751328000,177,55.0,60.0,25.0,SLIPPAGE_BASE,9,9,-89.97999999999956
FIRST_TRIANGLE_GOLD_EVIDENCE_XAUUSD_1751328000,177,55.0,60.0,25.0,SLIPPAGE_BASE,10,17,255.1099999999983
FIRST_TRIANGLE_GOLD_EVIDENCE_XAUUSD_1751328000,177,55.0,60.0,25.0,SLIPPAGE_BASE,11,13,235.4099999999985
FIRST_TRIANGLE_GOLD_EVIDENCE_XAUUSD_1751328000,177,55.0,60.0,25.0,SLIPPAGE_BASE,12,16,-48.45999999999913
FIRST_TRIANGLE_GOLD_EVIDENCE_XAUUSD_1751328000,178,55.0,60.0,25.0,COMMISSION_PLUS_25,1,17,515.4800000000005
FIRST_TRIANGLE_GOLD_EVIDENCE_XAUUSD_1751328000,178,55.0,60.0,25.0,COMMISSION_PLUS_25,2,14,471.8100000000013
FIRST_TRIANGLE_GOLD_EVIDENCE_XAUUSD_1751328000,178,55.0,60.0,25.0,COMMISSION_PLUS_25,3,20,199.42999999999847
FIRST_TRIANGLE_GOLD_EVIDENCE_XAUUSD_1751328000,178,55.0,60.0,25.0,COMMISSION_PLUS_25,4,16,102.57999999999902
FIRST_TRIANGLE_GOLD_EVIDENCE_XAUUSD_1751328000,178,55.0,60.0,25.0,COMMISSION_PLUS_25,5,13,74.82999999999902
FIRST_TRIANGLE_GOLD_EVIDENCE_XAUUSD_1751328000,178,55.0,60.0,25.0,COMMISSION_PLUS_25,6,15,276.1199999999999
FIRST_TRIANGLE_GOLD_EVIDENCE_XAUUSD_1751328000,178,55.0,60.0,25.0,COMMISSION_PLUS_25,7,33,162.4099999999994
FIRST_TRIANGLE_GOLD_EVIDENCE_XAUUSD_1751328000,178,55.0,60.0,25.0,COMMISSION_PLUS_25,8,20,214.01000000000067
FIRST_TRIANGLE_GOLD_EVIDENCE_XAUUSD_1751328000,178,55.0,60.0,25.0,COMMISSION_PLUS_25,9,9,-89.97999999999956
FIRST_TRIANGLE_GOLD_EVIDENCE_XAUUSD_1751328000,178,55.0,60.0,25.0,COMMISSION_PLUS_25,10,17,255.1099999999983
FIRST_TRIANGLE_GOLD_EVIDENCE_XAUUSD_1751328000,178,55.0,60.0,25.0,COMMISSION_PLUS_25,11,13,235.4099999999985
FIRST_TRIANGLE_GOLD_EVIDENCE_XAUUSD_1751328000,178,55.0,60.0,25.0,COMMISSION_PLUS_25,12,16,-48.45999999999913
FIRST_TRIANGLE_GOLD_EVIDENCE_XAUUSD_1751328000,179,55.0,60.0,25.0,COMBINED_STRESS,1,17,515.4800000000005
FIRST_TRIANGLE_GOLD_EVIDENCE_XAUUSD_1751328000,179,55.0,60.0,25.0,COMBINED_STRESS,2,14,471.8100000000013
FIRST_TRIANGLE_GOLD_EVIDENCE_XAUUSD_1751328000,179,55.0,60.0,25.0,COMBINED_STRESS,3,20,199.42999999999847
FIRST_TRIANGLE_GOLD_EVIDENCE_XAUUSD_1751328000,179,55.0,60.0,25.0,COMBINED_STRESS,4,16,102.57999999999902
FIRST_TRIANGLE_GOLD_EVIDENCE_XAUUSD_1751328000,179,55.0,60.0,25.0,COMBINED_STRESS,5,13,74.82999999999902
FIRST_TRIANGLE_GOLD_EVIDENCE_XAUUSD_1751328000,179,55.0,60.0,25.0,COMBINED_STRESS,6,15,276.1199999999999
FIRST_TRIANGLE_GOLD_EVIDENCE_XAUUSD_1751328000,179,55.0,60.0,25.0,COMBINED_STRESS,7,33,162.4099999999994
FIRST_TRIANGLE_GOLD_EVIDENCE_XAUUSD_1751328000,179,55.0,60.0,25.0,COMBINED_STRESS,8,20,214.01000000000067
FIRST_TRIANGLE_GOLD_EVIDENCE_XAUUSD_1751328000,179,55.0,60.0,25.0,COMBINED_STRESS,9,9,-89.97999999999956
FIRST_TRIANGLE_GOLD_EVIDENCE_XAUUSD_1751328000,179,55.0,60.0,25.0,COMBINED_STRESS,10,17,255.1099999999983
FIRST_TRIANGLE_GOLD_EVIDENCE_XAUUSD_1751328000,179,55.0,60.0,25.0,COMBINED_STRESS,11,13,235.4099999999985
FIRST_TRIANGLE_GOLD_EVIDENCE_XAUUSD_1751328000,179,55.0,60.0,25.0,COMBINED_STRESS,12,16,-48.45999999999913
FIRST_TRIANGLE_GOLD_EVIDENCE_XAUUSD_1751328000,180,55.0,60.0,27.5,BASE,1,17,490.4800000000005
FIRST_TRIANGLE_GOLD_EVIDENCE_XAUUSD_1751328000,180,55.0,60.0,27.5,BASE,2,14,449.3100000000013
FIRST_TRIANGLE_GOLD_EVIDENCE_XAUUSD_1751328000,180,55.0,60.0,27.5,BASE,3,20,174.42999999999847
FIRST_TRIANGLE_GOLD_EVIDENCE_XAUUSD_1751328000,180,55.0,60.0,27.5,BASE,4,16,140.95999999999913
FIRST_TRIANGLE_GOLD_EVIDENCE_XAUUSD_1751328000,180,55.0,60.0,27.5,BASE,5,13,64.82999999999902
FIRST_TRIANGLE_GOLD_EVIDENCE_XAUUSD_1751328000,180,55.0,60.0,27.5,BASE,6,15,256.1199999999999
FIRST_TRIANGLE_GOLD_EVIDENCE_XAUUSD_1751328000,180,55.0,60.0,27.5,BASE,7,33,168.42999999999938
FIRST_TRIANGLE_GOLD_EVIDENCE_XAUUSD_1751328000,180,55.0,60.0,27.5,BASE,8,20,206.51000000000067
FIRST_TRIANGLE_GOLD_EVIDENCE_XAUUSD_1751328000,180,55.0,60.0,27.5,BASE,9,9,-89.97999999999956
FIRST_TRIANGLE_GOLD_EVIDENCE_XAUUSD_1751328000,180,55.0,60.0,27.5,BASE,10,17,232.6099999999983
FIRST_TRIANGLE_GOLD_EVIDENCE_XAUUSD_1751328000,180,55.0,60.0,27.5,BASE,11,13,222.9099999999985
FIRST_TRIANGLE_GOLD_EVIDENCE_XAUUSD_1751328000,180,55.0,60.0,27.5,BASE,12,16,-55.95999999999913
FIRST_TRIANGLE_GOLD_EVIDENCE_XAUUSD_1751328000,181,55.0,60.0,27.5,SPREAD_PLUS_25,1,17,490.4800000000005
FIRST_TRIANGLE_GOLD_EVIDENCE_XAUUSD_1751328000,181,55.0,60.0,27.5,SPREAD_PLUS_25,2,14,449.3100000000013
FIRST_TRIANGLE_GOLD_EVIDENCE_XAUUSD_1751328000,181,55.0,60.0,27.5,SPREAD_PLUS_25,3,20,174.42999999999847
FIRST_TRIANGLE_GOLD_EVIDENCE_XAUUSD_1751328000,181,55.0,60.0,27.5,SPREAD_PLUS_25,4,16,140.95999999999913
FIRST_TRIANGLE_GOLD_EVIDENCE_XAUUSD_1751328000,181,55.0,60.0,27.5,SPREAD_PLUS_25,5,13,64.82999999999902
FIRST_TRIANGLE_GOLD_EVIDENCE_XAUUSD_1751328000,181,55.0,60.0,27.5,SPREAD_PLUS_25,6,15,256.1199999999999
FIRST_TRIANGLE_GOLD_EVIDENCE_XAUUSD_1751328000,181,55.0,60.0,27.5,SPREAD_PLUS_25,7,33,168.42999999999938
FIRST_TRIANGLE_GOLD_EVIDENCE_XAUUSD_1751328000,181,55.0,60.0,27.5,SPREAD_PLUS_25,8,20,206.51000000000067
FIRST_TRIANGLE_GOLD_EVIDENCE_XAUUSD_1751328000,181,55.0,60.0,27.5,SPREAD_PLUS_25,9,9,-89.97999999999956
FIRST_TRIANGLE_GOLD_EVIDENCE_XAUUSD_1751328000,181,55.0,60.0,27.5,SPREAD_PLUS_25,10,17,232.6099999999983
FIRST_TRIANGLE_GOLD_EVIDENCE_XAUUSD_1751328000,181,55.0,60.0,27.5,SPREAD_PLUS_25,11,13,222.9099999999985
FIRST_TRIANGLE_GOLD_EVIDENCE_XAUUSD_1751328000,181,55.0,60.0,27.5,SPREAD_PLUS_25,12,16,-55.95999999999913
FIRST_TRIANGLE_GOLD_EVIDENCE_XAUUSD_1751328000,182,55.0,60.0,27.5,SPREAD_PLUS_50,1,17,490.4800000000005
FIRST_TRIANGLE_GOLD_EVIDENCE_XAUUSD_1751328000,182,55.0,60.0,27.5,SPREAD_PLUS_50,2,14,449.3100000000013
FIRST_TRIANGLE_GOLD_EVIDENCE_XAUUSD_1751328000,182,55.0,60.0,27.5,SPREAD_PLUS_50,3,20,174.42999999999847
FIRST_TRIANGLE_GOLD_EVIDENCE_XAUUSD_1751328000,182,55.0,60.0,27.5,SPREAD_PLUS_50,4,16,140.95999999999913
FIRST_TRIANGLE_GOLD_EVIDENCE_XAUUSD_1751328000,182,55.0,60.0,27.5,SPREAD_PLUS_50,5,13,64.82999999999902
FIRST_TRIANGLE_GOLD_EVIDENCE_XAUUSD_1751328000,182,55.0,60.0,27.5,SPREAD_PLUS_50,6,15,256.1199999999999
FIRST_TRIANGLE_GOLD_EVIDENCE_XAUUSD_1751328000,182,55.0,60.0,27.5,SPREAD_PLUS_50,7,33,168.42999999999938
FIRST_TRIANGLE_GOLD_EVIDENCE_XAUUSD_1751328000,182,55.0,60.0,27.5,SPREAD_PLUS_50,8,20,206.51000000000067
FIRST_TRIANGLE_GOLD_EVIDENCE_XAUUSD_1751328000,182,55.0,60.0,27.5,SPREAD_PLUS_50,9,9,-89.97999999999956
FIRST_TRIANGLE_GOLD_EVIDENCE_XAUUSD_1751328000,182,55.0,60.0,27.5,SPREAD_PLUS_50,10,17,232.6099999999983
FIRST_TRIANGLE_GOLD_EVIDENCE_XAUUSD_1751328000,182,55.0,60.0,27.5,SPREAD_PLUS_50,11,13,222.9099999999985
FIRST_TRIANGLE_GOLD_EVIDENCE_XAUUSD_1751328000,182,55.0,60.0,27.5,SPREAD_PLUS_50,12,16,-55.95999999999913
FIRST_TRIANGLE_GOLD_EVIDENCE_XAUUSD_1751328000,183,55.0,60.0,27.5,SLIPPAGE_BASE,1,17,490.4800000000005
FIRST_TRIANGLE_GOLD_EVIDENCE_XAUUSD_1751328000,183,55.0,60.0,27.5,SLIPPAGE_BASE,2,14,449.3100000000013
FIRST_TRIANGLE_GOLD_EVIDENCE_XAUUSD_1751328000,183,55.0,60.0,27.5,SLIPPAGE_BASE,3,20,174.42999999999847
FIRST_TRIANGLE_GOLD_EVIDENCE_XAUUSD_1751328000,183,55.0,60.0,27.5,SLIPPAGE_BASE,4,16,140.95999999999913
FIRST_TRIANGLE_GOLD_EVIDENCE_XAUUSD_1751328000,183,55.0,60.0,27.5,SLIPPAGE_BASE,5,13,64.82999999999902
FIRST_TRIANGLE_GOLD_EVIDENCE_XAUUSD_1751328000,183,55.0,60.0,27.5,SLIPPAGE_BASE,6,15,256.1199999999999
FIRST_TRIANGLE_GOLD_EVIDENCE_XAUUSD_1751328000,183,55.0,60.0,27.5,SLIPPAGE_BASE,7,33,168.42999999999938
FIRST_TRIANGLE_GOLD_EVIDENCE_XAUUSD_1751328000,183,55.0,60.0,27.5,SLIPPAGE_BASE,8,20,206.51000000000067
FIRST_TRIANGLE_GOLD_EVIDENCE_XAUUSD_1751328000,183,55.0,60.0,27.5,SLIPPAGE_BASE,9,9,-89.97999999999956
FIRST_TRIANGLE_GOLD_EVIDENCE_XAUUSD_1751328000,183,55.0,60.0,27.5,SLIPPAGE_BASE,10,17,232.6099999999983
FIRST_TRIANGLE_GOLD_EVIDENCE_XAUUSD_1751328000,183,55.0,60.0,27.5,SLIPPAGE_BASE,11,13,222.9099999999985
FIRST_TRIANGLE_GOLD_EVIDENCE_XAUUSD_1751328000,183,55.0,60.0,27.5,SLIPPAGE_BASE,12,16,-55.95999999999913
FIRST_TRIANGLE_GOLD_EVIDENCE_XAUUSD_1751328000,184,55.0,60.0,27.5,COMMISSION_PLUS_25,1,17,490.4800000000005
FIRST_TRIANGLE_GOLD_EVIDENCE_XAUUSD_1751328000,184,55.0,60.0,27.5,COMMISSION_PLUS_25,2,14,449.3100000000013
FIRST_TRIANGLE_GOLD_EVIDENCE_XAUUSD_1751328000,184,55.0,60.0,27.5,COMMISSION_PLUS_25,3,20,174.42999999999847
FIRST_TRIANGLE_GOLD_EVIDENCE_XAUUSD_1751328000,184,55.0,60.0,27.5,COMMISSION_PLUS_25,4,16,140.95999999999913
FIRST_TRIANGLE_GOLD_EVIDENCE_XAUUSD_1751328000,184,55.0,60.0,27.5,COMMISSION_PLUS_25,5,13,64.82999999999902
FIRST_TRIANGLE_GOLD_EVIDENCE_XAUUSD_1751328000,184,55.0,60.0,27.5,COMMISSION_PLUS_25,6,15,256.1199999999999
FIRST_TRIANGLE_GOLD_EVIDENCE_XAUUSD_1751328000,184,55.0,60.0,27.5,COMMISSION_PLUS_25,7,33,168.42999999999938
FIRST_TRIANGLE_GOLD_EVIDENCE_XAUUSD_1751328000,184,55.0,60.0,27.5,COMMISSION_PLUS_25,8,20,206.51000000000067
FIRST_TRIANGLE_GOLD_EVIDENCE_XAUUSD_1751328000,184,55.0,60.0,27.5,COMMISSION_PLUS_25,9,9,-89.97999999999956
FIRST_TRIANGLE_GOLD_EVIDENCE_XAUUSD_1751328000,184,55.0,60.0,27.5,COMMISSION_PLUS_25,10,17,232.6099999999983
FIRST_TRIANGLE_GOLD_EVIDENCE_XAUUSD_1751328000,184,55.0,60.0,27.5,COMMISSION_PLUS_25,11,13,222.9099999999985
FIRST_TRIANGLE_GOLD_EVIDENCE_XAUUSD_1751328000,184,55.0,60.0,27.5,COMMISSION_PLUS_25,12,16,-55.95999999999913
FIRST_TRIANGLE_GOLD_EVIDENCE_XAUUSD_1751328000,185,55.0,60.0,27.5,COMBINED_STRESS,1,17,490.4800000000005
FIRST_TRIANGLE_GOLD_EVIDENCE_XAUUSD_1751328000,185,55.0,60.0,27.5,COMBINED_STRESS,2,14,449.3100000000013
FIRST_TRIANGLE_GOLD_EVIDENCE_XAUUSD_1751328000,185,55.0,60.0,27.5,COMBINED_STRESS,3,20,174.42999999999847
FIRST_TRIANGLE_GOLD_EVIDENCE_XAUUSD_1751328000,185,55.0,60.0,27.5,COMBINED_STRESS,4,16,140.95999999999913
FIRST_TRIANGLE_GOLD_EVIDENCE_XAUUSD_1751328000,185,55.0,60.0,27.5,COMBINED_STRESS,5,13,64.82999999999902
FIRST_TRIANGLE_GOLD_EVIDENCE_XAUUSD_1751328000,185,55.0,60.0,27.5,COMBINED_STRESS,6,15,256.1199999999999
FIRST_TRIANGLE_GOLD_EVIDENCE_XAUUSD_1751328000,185,55.0,60.0,27.5,COMBINED_STRESS,7,33,168.42999999999938
FIRST_TRIANGLE_GOLD_EVIDENCE_XAUUSD_1751328000,185,55.0,60.0,27.5,COMBINED_STRESS,8,20,206.51000000000067
FIRST_TRIANGLE_GOLD_EVIDENCE_XAUUSD_1751328000,185,55.0,60.0,27.5,COMBINED_STRESS,9,9,-89.97999999999956
FIRST_TRIANGLE_GOLD_EVIDENCE_XAUUSD_1751328000,185,55.0,60.0,27.5,COMBINED_STRESS,10,17,232.6099999999983
FIRST_TRIANGLE_GOLD_EVIDENCE_XAUUSD_1751328000,185,55.0,60.0,27.5,COMBINED_STRESS,11,13,222.9099999999985
FIRST_TRIANGLE_GOLD_EVIDENCE_XAUUSD_1751328000,185,55.0,60.0,27.5,COMBINED_STRESS,12,16,-55.95999999999913
FIRST_TRIANGLE_GOLD_EVIDENCE_XAUUSD_1751328000,186,55.0,60.0,30.0,BASE,1,17,619.8900000000012
FIRST_TRIANGLE_GOLD_EVIDENCE_XAUUSD_1751328000,186,55.0,60.0,30.0,BASE,2,14,462.1300000000019
FIRST_TRIANGLE_GOLD_EVIDENCE_XAUUSD_1751328000,186,55.0,60.0,30.0,BASE,3,20,153.67999999999847
FIRST_TRIANGLE_GOLD_EVIDENCE_XAUUSD_1751328000,186,55.0,60.0,30.0,BASE,4,16,125.95999999999913
FIRST_TRIANGLE_GOLD_EVIDENCE_XAUUSD_1751328000,186,55.0,60.0,30.0,BASE,5,13,54.82999999999902
FIRST_TRIANGLE_GOLD_EVIDENCE_XAUUSD_1751328000,186,55.0,60.0,30.0,BASE,6,15,236.1199999999999
FIRST_TRIANGLE_GOLD_EVIDENCE_XAUUSD_1751328000,186,55.0,60.0,30.0,BASE,7,33,155.92999999999938
FIRST_TRIANGLE_GOLD_EVIDENCE_XAUUSD_1751328000,186,55.0,60.0,30.0,BASE,8,20,232.9700000000007
FIRST_TRIANGLE_GOLD_EVIDENCE_XAUUSD_1751328000,186,55.0,60.0,30.0,BASE,9,9,-89.97999999999956
FIRST_TRIANGLE_GOLD_EVIDENCE_XAUUSD_1751328000,186,55.0,60.0,30.0,BASE,10,17,210.1099999999983
FIRST_TRIANGLE_GOLD_EVIDENCE_XAUUSD_1751328000,186,55.0,60.0,30.0,BASE,11,13,210.4099999999985
FIRST_TRIANGLE_GOLD_EVIDENCE_XAUUSD_1751328000,186,55.0,60.0,30.0,BASE,12,16,-63.45999999999913
FIRST_TRIANGLE_GOLD_EVIDENCE_XAUUSD_1751328000,187,55.0,60.0,30.0,SPREAD_PLUS_25,1,17,619.8900000000012
FIRST_TRIANGLE_GOLD_EVIDENCE_XAUUSD_1751328000,187,55.0,60.0,30.0,SPREAD_PLUS_25,2,14,462.1300000000019
FIRST_TRIANGLE_GOLD_EVIDENCE_XAUUSD_1751328000,187,55.0,60.0,30.0,SPREAD_PLUS_25,3,20,153.67999999999847
FIRST_TRIANGLE_GOLD_EVIDENCE_XAUUSD_1751328000,187,55.0,60.0,30.0,SPREAD_PLUS_25,4,16,125.95999999999913
FIRST_TRIANGLE_GOLD_EVIDENCE_XAUUSD_1751328000,187,55.0,60.0,30.0,SPREAD_PLUS_25,5,13,54.82999999999902
FIRST_TRIANGLE_GOLD_EVIDENCE_XAUUSD_1751328000,187,55.0,60.0,30.0,SPREAD_PLUS_25,6,15,236.1199999999999
FIRST_TRIANGLE_GOLD_EVIDENCE_XAUUSD_1751328000,187,55.0,60.0,30.0,SPREAD_PLUS_25,7,33,155.92999999999938
FIRST_TRIANGLE_GOLD_EVIDENCE_XAUUSD_1751328000,187,55.0,60.0,30.0,SPREAD_PLUS_25,8,20,232.9700000000007
FIRST_TRIANGLE_GOLD_EVIDENCE_XAUUSD_1751328000,187,55.0,60.0,30.0,SPREAD_PLUS_25,9,9,-89.97999999999956
FIRST_TRIANGLE_GOLD_EVIDENCE_XAUUSD_1751328000,187,55.0,60.0,30.0,SPREAD_PLUS_25,10,17,210.1099999999983
FIRST_TRIANGLE_GOLD_EVIDENCE_XAUUSD_1751328000,187,55.0,60.0,30.0,SPREAD_PLUS_25,11,13,210.4099999999985
FIRST_TRIANGLE_GOLD_EVIDENCE_XAUUSD_1751328000,187,55.0,60.0,30.0,SPREAD_PLUS_25,12,16,-63.45999999999913
FIRST_TRIANGLE_GOLD_EVIDENCE_XAUUSD_1751328000,188,55.0,60.0,30.0,SPREAD_PLUS_50,1,17,619.8900000000012
FIRST_TRIANGLE_GOLD_EVIDENCE_XAUUSD_1751328000,188,55.0,60.0,30.0,SPREAD_PLUS_50,2,14,462.1300000000019
FIRST_TRIANGLE_GOLD_EVIDENCE_XAUUSD_1751328000,188,55.0,60.0,30.0,SPREAD_PLUS_50,3,20,153.67999999999847
FIRST_TRIANGLE_GOLD_EVIDENCE_XAUUSD_1751328000,188,55.0,60.0,30.0,SPREAD_PLUS_50,4,16,125.95999999999913
FIRST_TRIANGLE_GOLD_EVIDENCE_XAUUSD_1751328000,188,55.0,60.0,30.0,SPREAD_PLUS_50,5,13,54.82999999999902
FIRST_TRIANGLE_GOLD_EVIDENCE_XAUUSD_1751328000,188,55.0,60.0,30.0,SPREAD_PLUS_50,6,15,236.1199999999999
FIRST_TRIANGLE_GOLD_EVIDENCE_XAUUSD_1751328000,188,55.0,60.0,30.0,SPREAD_PLUS_50,7,33,155.92999999999938
FIRST_TRIANGLE_GOLD_EVIDENCE_XAUUSD_1751328000,188,55.0,60.0,30.0,SPREAD_PLUS_50,8,20,232.9700000000007
FIRST_TRIANGLE_GOLD_EVIDENCE_XAUUSD_1751328000,188,55.0,60.0,30.0,SPREAD_PLUS_50,9,9,-89.97999999999956
FIRST_TRIANGLE_GOLD_EVIDENCE_XAUUSD_1751328000,188,55.0,60.0,30.0,SPREAD_PLUS_50,10,17,210.1099999999983
FIRST_TRIANGLE_GOLD_EVIDENCE_XAUUSD_1751328000,188,55.0,60.0,30.0,SPREAD_PLUS_50,11,13,210.4099999999985
FIRST_TRIANGLE_GOLD_EVIDENCE_XAUUSD_1751328000,188,55.0,60.0,30.0,SPREAD_PLUS_50,12,16,-63.45999999999913
FIRST_TRIANGLE_GOLD_EVIDENCE_XAUUSD_1751328000,189,55.0,60.0,30.0,SLIPPAGE_BASE,1,17,619.8900000000012
FIRST_TRIANGLE_GOLD_EVIDENCE_XAUUSD_1751328000,189,55.0,60.0,30.0,SLIPPAGE_BASE,2,14,462.1300000000019
FIRST_TRIANGLE_GOLD_EVIDENCE_XAUUSD_1751328000,189,55.0,60.0,30.0,SLIPPAGE_BASE,3,20,153.67999999999847
FIRST_TRIANGLE_GOLD_EVIDENCE_XAUUSD_1751328000,189,55.0,60.0,30.0,SLIPPAGE_BASE,4,16,125.95999999999913
FIRST_TRIANGLE_GOLD_EVIDENCE_XAUUSD_1751328000,189,55.0,60.0,30.0,SLIPPAGE_BASE,5,13,54.82999999999902
FIRST_TRIANGLE_GOLD_EVIDENCE_XAUUSD_1751328000,189,55.0,60.0,30.0,SLIPPAGE_BASE,6,15,236.1199999999999
FIRST_TRIANGLE_GOLD_EVIDENCE_XAUUSD_1751328000,189,55.0,60.0,30.0,SLIPPAGE_BASE,7,33,155.92999999999938
FIRST_TRIANGLE_GOLD_EVIDENCE_XAUUSD_1751328000,189,55.0,60.0,30.0,SLIPPAGE_BASE,8,20,232.9700000000007
FIRST_TRIANGLE_GOLD_EVIDENCE_XAUUSD_1751328000,189,55.0,60.0,30.0,SLIPPAGE_BASE,9,9,-89.97999999999956
FIRST_TRIANGLE_GOLD_EVIDENCE_XAUUSD_1751328000,189,55.0,60.0,30.0,SLIPPAGE_BASE,10,17,210.1099999999983
FIRST_TRIANGLE_GOLD_EVIDENCE_XAUUSD_1751328000,189,55.0,60.0,30.0,SLIPPAGE_BASE,11,13,210.4099999999985
FIRST_TRIANGLE_GOLD_EVIDENCE_XAUUSD_1751328000,189,55.0,60.0,30.0,SLIPPAGE_BASE,12,16,-63.45999999999913
FIRST_TRIANGLE_GOLD_EVIDENCE_XAUUSD_1751328000,190,55.0,60.0,30.0,COMMISSION_PLUS_25,1,17,619.8900000000012
FIRST_TRIANGLE_GOLD_EVIDENCE_XAUUSD_1751328000,190,55.0,60.0,30.0,COMMISSION_PLUS_25,2,14,462.1300000000019
FIRST_TRIANGLE_GOLD_EVIDENCE_XAUUSD_1751328000,190,55.0,60.0,30.0,COMMISSION_PLUS_25,3,20,153.67999999999847
FIRST_TRIANGLE_GOLD_EVIDENCE_XAUUSD_1751328000,190,55.0,60.0,30.0,COMMISSION_PLUS_25,4,16,125.95999999999913
FIRST_TRIANGLE_GOLD_EVIDENCE_XAUUSD_1751328000,190,55.0,60.0,30.0,COMMISSION_PLUS_25,5,13,54.82999999999902
FIRST_TRIANGLE_GOLD_EVIDENCE_XAUUSD_1751328000,190,55.0,60.0,30.0,COMMISSION_PLUS_25,6,15,236.1199999999999
FIRST_TRIANGLE_GOLD_EVIDENCE_XAUUSD_1751328000,190,55.0,60.0,30.0,COMMISSION_PLUS_25,7,33,155.92999999999938
FIRST_TRIANGLE_GOLD_EVIDENCE_XAUUSD_1751328000,190,55.0,60.0,30.0,COMMISSION_PLUS_25,8,20,232.9700000000007
FIRST_TRIANGLE_GOLD_EVIDENCE_XAUUSD_1751328000,190,55.0,60.0,30.0,COMMISSION_PLUS_25,9,9,-89.97999999999956
FIRST_TRIANGLE_GOLD_EVIDENCE_XAUUSD_1751328000,190,55.0,60.0,30.0,COMMISSION_PLUS_25,10,17,210.1099999999983
FIRST_TRIANGLE_GOLD_EVIDENCE_XAUUSD_1751328000,190,55.0,60.0,30.0,COMMISSION_PLUS_25,11,13,210.4099999999985
FIRST_TRIANGLE_GOLD_EVIDENCE_XAUUSD_1751328000,190,55.0,60.0,30.0,COMMISSION_PLUS_25,12,16,-63.45999999999913
FIRST_TRIANGLE_GOLD_EVIDENCE_XAUUSD_1751328000,191,55.0,60.0,30.0,COMBINED_STRESS,1,17,619.8900000000012
FIRST_TRIANGLE_GOLD_EVIDENCE_XAUUSD_1751328000,191,55.0,60.0,30.0,COMBINED_STRESS,2,14,462.1300000000019
FIRST_TRIANGLE_GOLD_EVIDENCE_XAUUSD_1751328000,191,55.0,60.0,30.0,COMBINED_STRESS,3,20,153.67999999999847
FIRST_TRIANGLE_GOLD_EVIDENCE_XAUUSD_1751328000,191,55.0,60.0,30.0,COMBINED_STRESS,4,16,125.95999999999913
FIRST_TRIANGLE_GOLD_EVIDENCE_XAUUSD_1751328000,191,55.0,60.0,30.0,COMBINED_STRESS,5,13,54.82999999999902
FIRST_TRIANGLE_GOLD_EVIDENCE_XAUUSD_1751328000,191,55.0,60.0,30.0,COMBINED_STRESS,6,15,236.1199999999999
FIRST_TRIANGLE_GOLD_EVIDENCE_XAUUSD_1751328000,191,55.0,60.0,30.0,COMBINED_STRESS,7,33,155.92999999999938
FIRST_TRIANGLE_GOLD_EVIDENCE_XAUUSD_1751328000,191,55.0,60.0,30.0,COMBINED_STRESS,8,20,232.9700000000007
FIRST_TRIANGLE_GOLD_EVIDENCE_XAUUSD_1751328000,191,55.0,60.0,30.0,COMBINED_STRESS,9,9,-89.97999999999956
FIRST_TRIANGLE_GOLD_EVIDENCE_XAUUSD_1751328000,191,55.0,60.0,30.0,COMBINED_STRESS,10,17,210.1099999999983
FIRST_TRIANGLE_GOLD_EVIDENCE_XAUUSD_1751328000,191,55.0,60.0,30.0,COMBINED_STRESS,11,13,210.4099999999985
FIRST_TRIANGLE_GOLD_EVIDENCE_XAUUSD_1751328000,191,55.0,60.0,30.0,COMBINED_STRESS,12,16,-63.45999999999913
FIRST_TRIANGLE_GOLD_EVIDENCE_XAUUSD_1751328000,192,55.0,60.0,32.5,BASE,1,17,594.9100000000008
FIRST_TRIANGLE_GOLD_EVIDENCE_XAUUSD_1751328000,192,55.0,60.0,32.5,BASE,2,14,439.6300000000019
FIRST_TRIANGLE_GOLD_EVIDENCE_XAUUSD_1751328000,192,55.0,60.0,32.5,BASE,3,20,137.0699999999988
FIRST_TRIANGLE_GOLD_EVIDENCE_XAUUSD_1751328000,192,55.0,60.0,32.5,BASE,4,16,110.95999999999913
FIRST_TRIANGLE_GOLD_EVIDENCE_XAUUSD_1751328000,192,55.0,60.0,32.5,BASE,5,13,96.85999999999967
FIRST_TRIANGLE_GOLD_EVIDENCE_XAUUSD_1751328000,192,55.0,60.0,32.5,BASE,6,15,216.1199999999999
FIRST_TRIANGLE_GOLD_EVIDENCE_XAUUSD_1751328000,192,55.0,60.0,32.5,BASE,7,33,143.42999999999938
FIRST_TRIANGLE_GOLD_EVIDENCE_XAUUSD_1751328000,192,55.0,60.0,32.5,BASE,8,20,277.19000000000005
FIRST_TRIANGLE_GOLD_EVIDENCE_XAUUSD_1751328000,192,55.0,60.0,32.5,BASE,9,9,-89.97999999999956
FIRST_TRIANGLE_GOLD_EVIDENCE_XAUUSD_1751328000,192,55.0,60.0,32.5,BASE,10,17,187.6099999999983
FIRST_TRIANGLE_GOLD_EVIDENCE_XAUUSD_1751328000,192,55.0,60.0,32.5,BASE,11,13,240.88999999999805
FIRST_TRIANGLE_GOLD_EVIDENCE_XAUUSD_1751328000,192,55.0,60.0,32.5,BASE,12,16,-70.95999999999913
FIRST_TRIANGLE_GOLD_EVIDENCE_XAUUSD_1751328000,193,55.0,60.0,32.5,SPREAD_PLUS_25,1,17,594.9100000000008
FIRST_TRIANGLE_GOLD_EVIDENCE_XAUUSD_1751328000,193,55.0,60.0,32.5,SPREAD_PLUS_25,2,14,439.6300000000019
FIRST_TRIANGLE_GOLD_EVIDENCE_XAUUSD_1751328000,193,55.0,60.0,32.5,SPREAD_PLUS_25,3,20,137.0699999999988
FIRST_TRIANGLE_GOLD_EVIDENCE_XAUUSD_1751328000,193,55.0,60.0,32.5,SPREAD_PLUS_25,4,16,110.95999999999913
FIRST_TRIANGLE_GOLD_EVIDENCE_XAUUSD_1751328000,193,55.0,60.0,32.5,SPREAD_PLUS_25,5,13,96.85999999999967
FIRST_TRIANGLE_GOLD_EVIDENCE_XAUUSD_1751328000,193,55.0,60.0,32.5,SPREAD_PLUS_25,6,15,216.1199999999999
FIRST_TRIANGLE_GOLD_EVIDENCE_XAUUSD_1751328000,193,55.0,60.0,32.5,SPREAD_PLUS_25,7,33,143.42999999999938
FIRST_TRIANGLE_GOLD_EVIDENCE_XAUUSD_1751328000,193,55.0,60.0,32.5,SPREAD_PLUS_25,8,20,277.19000000000005
FIRST_TRIANGLE_GOLD_EVIDENCE_XAUUSD_1751328000,193,55.0,60.0,32.5,SPREAD_PLUS_25,9,9,-89.97999999999956
FIRST_TRIANGLE_GOLD_EVIDENCE_XAUUSD_1751328000,193,55.0,60.0,32.5,SPREAD_PLUS_25,10,17,187.6099999999983
FIRST_TRIANGLE_GOLD_EVIDENCE_XAUUSD_1751328000,193,55.0,60.0,32.5,SPREAD_PLUS_25,11,13,240.88999999999805
FIRST_TRIANGLE_GOLD_EVIDENCE_XAUUSD_1751328000,193,55.0,60.0,32.5,SPREAD_PLUS_25,12,16,-70.95999999999913
FIRST_TRIANGLE_GOLD_EVIDENCE_XAUUSD_1751328000,194,55.0,60.0,32.5,SPREAD_PLUS_50,1,17,594.9100000000008
FIRST_TRIANGLE_GOLD_EVIDENCE_XAUUSD_1751328000,194,55.0,60.0,32.5,SPREAD_PLUS_50,2,14,439.6300000000019
FIRST_TRIANGLE_GOLD_EVIDENCE_XAUUSD_1751328000,194,55.0,60.0,32.5,SPREAD_PLUS_50,3,20,137.0699999999988
FIRST_TRIANGLE_GOLD_EVIDENCE_XAUUSD_1751328000,194,55.0,60.0,32.5,SPREAD_PLUS_50,4,16,110.95999999999913
FIRST_TRIANGLE_GOLD_EVIDENCE_XAUUSD_1751328000,194,55.0,60.0,32.5,SPREAD_PLUS_50,5,13,96.85999999999967
FIRST_TRIANGLE_GOLD_EVIDENCE_XAUUSD_1751328000,194,55.0,60.0,32.5,SPREAD_PLUS_50,6,15,216.1199999999999
FIRST_TRIANGLE_GOLD_EVIDENCE_XAUUSD_1751328000,194,55.0,60.0,32.5,SPREAD_PLUS_50,7,33,143.42999999999938
FIRST_TRIANGLE_GOLD_EVIDENCE_XAUUSD_1751328000,194,55.0,60.0,32.5,SPREAD_PLUS_50,8,20,277.19000000000005
FIRST_TRIANGLE_GOLD_EVIDENCE_XAUUSD_1751328000,194,55.0,60.0,32.5,SPREAD_PLUS_50,9,9,-89.97999999999956
FIRST_TRIANGLE_GOLD_EVIDENCE_XAUUSD_1751328000,194,55.0,60.0,32.5,SPREAD_PLUS_50,10,17,187.6099999999983
FIRST_TRIANGLE_GOLD_EVIDENCE_XAUUSD_1751328000,194,55.0,60.0,32.5,SPREAD_PLUS_50,11,13,240.88999999999805
FIRST_TRIANGLE_GOLD_EVIDENCE_XAUUSD_1751328000,194,55.0,60.0,32.5,SPREAD_PLUS_50,12,16,-70.95999999999913
FIRST_TRIANGLE_GOLD_EVIDENCE_XAUUSD_1751328000,195,55.0,60.0,32.5,SLIPPAGE_BASE,1,17,594.9100000000008
FIRST_TRIANGLE_GOLD_EVIDENCE_XAUUSD_1751328000,195,55.0,60.0,32.5,SLIPPAGE_BASE,2,14,439.6300000000019
FIRST_TRIANGLE_GOLD_EVIDENCE_XAUUSD_1751328000,195,55.0,60.0,32.5,SLIPPAGE_BASE,3,20,137.0699999999988
FIRST_TRIANGLE_GOLD_EVIDENCE_XAUUSD_1751328000,195,55.0,60.0,32.5,SLIPPAGE_BASE,4,16,110.95999999999913
FIRST_TRIANGLE_GOLD_EVIDENCE_XAUUSD_1751328000,195,55.0,60.0,32.5,SLIPPAGE_BASE,5,13,96.85999999999967
FIRST_TRIANGLE_GOLD_EVIDENCE_XAUUSD_1751328000,195,55.0,60.0,32.5,SLIPPAGE_BASE,6,15,216.1199999999999
FIRST_TRIANGLE_GOLD_EVIDENCE_XAUUSD_1751328000,195,55.0,60.0,32.5,SLIPPAGE_BASE,7,33,143.42999999999938
FIRST_TRIANGLE_GOLD_EVIDENCE_XAUUSD_1751328000,195,55.0,60.0,32.5,SLIPPAGE_BASE,8,20,277.19000000000005
FIRST_TRIANGLE_GOLD_EVIDENCE_XAUUSD_1751328000,195,55.0,60.0,32.5,SLIPPAGE_BASE,9,9,-89.97999999999956
FIRST_TRIANGLE_GOLD_EVIDENCE_XAUUSD_1751328000,195,55.0,60.0,32.5,SLIPPAGE_BASE,10,17,187.6099999999983
FIRST_TRIANGLE_GOLD_EVIDENCE_XAUUSD_1751328000,195,55.0,60.0,32.5,SLIPPAGE_BASE,11,13,240.88999999999805
FIRST_TRIANGLE_GOLD_EVIDENCE_XAUUSD_1751328000,195,55.0,60.0,32.5,SLIPPAGE_BASE,12,16,-70.95999999999913
FIRST_TRIANGLE_GOLD_EVIDENCE_XAUUSD_1751328000,196,55.0,60.0,32.5,COMMISSION_PLUS_25,1,17,594.9100000000008
FIRST_TRIANGLE_GOLD_EVIDENCE_XAUUSD_1751328000,196,55.0,60.0,32.5,COMMISSION_PLUS_25,2,14,439.6300000000019
FIRST_TRIANGLE_GOLD_EVIDENCE_XAUUSD_1751328000,196,55.0,60.0,32.5,COMMISSION_PLUS_25,3,20,137.0699999999988
FIRST_TRIANGLE_GOLD_EVIDENCE_XAUUSD_1751328000,196,55.0,60.0,32.5,COMMISSION_PLUS_25,4,16,110.95999999999913
FIRST_TRIANGLE_GOLD_EVIDENCE_XAUUSD_1751328000,196,55.0,60.0,32.5,COMMISSION_PLUS_25,5,13,96.85999999999967
FIRST_TRIANGLE_GOLD_EVIDENCE_XAUUSD_1751328000,196,55.0,60.0,32.5,COMMISSION_PLUS_25,6,15,216.1199999999999
FIRST_TRIANGLE_GOLD_EVIDENCE_XAUUSD_1751328000,196,55.0,60.0,32.5,COMMISSION_PLUS_25,7,33,143.42999999999938
FIRST_TRIANGLE_GOLD_EVIDENCE_XAUUSD_1751328000,196,55.0,60.0,32.5,COMMISSION_PLUS_25,8,20,277.19000000000005
FIRST_TRIANGLE_GOLD_EVIDENCE_XAUUSD_1751328000,196,55.0,60.0,32.5,COMMISSION_PLUS_25,9,9,-89.97999999999956
FIRST_TRIANGLE_GOLD_EVIDENCE_XAUUSD_1751328000,196,55.0,60.0,32.5,COMMISSION_PLUS_25,10,17,187.6099999999983
FIRST_TRIANGLE_GOLD_EVIDENCE_XAUUSD_1751328000,196,55.0,60.0,32.5,COMMISSION_PLUS_25,11,13,240.88999999999805
FIRST_TRIANGLE_GOLD_EVIDENCE_XAUUSD_1751328000,196,55.0,60.0,32.5,COMMISSION_PLUS_25,12,16,-70.95999999999913
FIRST_TRIANGLE_GOLD_EVIDENCE_XAUUSD_1751328000,197,55.0,60.0,32.5,COMBINED_STRESS,1,17,594.9100000000008
FIRST_TRIANGLE_GOLD_EVIDENCE_XAUUSD_1751328000,197,55.0,60.0,32.5,COMBINED_STRESS,2,14,439.6300000000019
FIRST_TRIANGLE_GOLD_EVIDENCE_XAUUSD_1751328000,197,55.0,60.0,32.5,COMBINED_STRESS,3,20,137.0699999999988
FIRST_TRIANGLE_GOLD_EVIDENCE_XAUUSD_1751328000,197,55.0,60.0,32.5,COMBINED_STRESS,4,16,110.95999999999913
FIRST_TRIANGLE_GOLD_EVIDENCE_XAUUSD_1751328000,197,55.0,60.0,32.5,COMBINED_STRESS,5,13,96.85999999999967
FIRST_TRIANGLE_GOLD_EVIDENCE_XAUUSD_1751328000,197,55.0,60.0,32.5,COMBINED_STRESS,6,15,216.1199999999999
FIRST_TRIANGLE_GOLD_EVIDENCE_XAUUSD_1751328000,197,55.0,60.0,32.5,COMBINED_STRESS,7,33,143.42999999999938
FIRST_TRIANGLE_GOLD_EVIDENCE_XAUUSD_1751328000,197,55.0,60.0,32.5,COMBINED_STRESS,8,20,277.19000000000005
FIRST_TRIANGLE_GOLD_EVIDENCE_XAUUSD_1751328000,197,55.0,60.0,32.5,COMBINED_STRESS,9,9,-89.97999999999956
FIRST_TRIANGLE_GOLD_EVIDENCE_XAUUSD_1751328000,197,55.0,60.0,32.5,COMBINED_STRESS,10,17,187.6099999999983
FIRST_TRIANGLE_GOLD_EVIDENCE_XAUUSD_1751328000,197,55.0,60.0,32.5,COMBINED_STRESS,11,13,240.88999999999805
FIRST_TRIANGLE_GOLD_EVIDENCE_XAUUSD_1751328000,197,55.0,60.0,32.5,COMBINED_STRESS,12,16,-70.95999999999913
FIRST_TRIANGLE_GOLD_EVIDENCE_XAUUSD_1751328000,198,55.0,60.0,35.0,BASE,1,17,690.920000000001
FIRST_TRIANGLE_GOLD_EVIDENCE_XAUUSD_1751328000,198,55.0,60.0,35.0,BASE,2,14,417.1300000000019
FIRST_TRIANGLE_GOLD_EVIDENCE_XAUUSD_1751328000,198,55.0,60.0,35.0,BASE,3,20,139.78999999999905
FIRST_TRIANGLE_GOLD_EVIDENCE_XAUUSD_1751328000,198,55.0,60.0,35.0,BASE,4,16,150.9399999999987
FIRST_TRIANGLE_GOLD_EVIDENCE_XAUUSD_1751328000,198,55.0,60.0,35.0,BASE,5,13,86.85999999999967
FIRST_TRIANGLE_GOLD_EVIDENCE_XAUUSD_1751328000,198,55.0,60.0,35.0,BASE,6,15,198.51000000000022
FIRST_TRIANGLE_GOLD_EVIDENCE_XAUUSD_1751328000,198,55.0,60.0,35.0,BASE,7,33,155.28999999999996
FIRST_TRIANGLE_GOLD_EVIDENCE_XAUUSD_1751328000,198,55.0,60.0,35.0,BASE,8,20,269.69000000000005
FIRST_TRIANGLE_GOLD_EVIDENCE_XAUUSD_1751328000,198,55.0,60.0,35.0,BASE,9,9,-89.97999999999956
FIRST_TRIANGLE_GOLD_EVIDENCE_XAUUSD_1751328000,198,55.0,60.0,35.0,BASE,10,17,301.5399999999986
FIRST_TRIANGLE_GOLD_EVIDENCE_XAUUSD_1751328000,198,55.0,60.0,35.0,BASE,11,13,228.38999999999805
FIRST_TRIANGLE_GOLD_EVIDENCE_XAUUSD_1751328000,198,55.0,60.0,35.0,BASE,12,16,-78.45999999999913
FIRST_TRIANGLE_GOLD_EVIDENCE_XAUUSD_1751328000,199,55.0,60.0,35.0,SPREAD_PLUS_25,1,17,690.920000000001
FIRST_TRIANGLE_GOLD_EVIDENCE_XAUUSD_1751328000,199,55.0,60.0,35.0,SPREAD_PLUS_25,2,14,417.1300000000019
FIRST_TRIANGLE_GOLD_EVIDENCE_XAUUSD_1751328000,199,55.0,60.0,35.0,SPREAD_PLUS_25,3,20,139.78999999999905
FIRST_TRIANGLE_GOLD_EVIDENCE_XAUUSD_1751328000,199,55.0,60.0,35.0,SPREAD_PLUS_25,4,16,150.9399999999987
FIRST_TRIANGLE_GOLD_EVIDENCE_XAUUSD_1751328000,199,55.0,60.0,35.0,SPREAD_PLUS_25,5,13,86.85999999999967
FIRST_TRIANGLE_GOLD_EVIDENCE_XAUUSD_1751328000,199,55.0,60.0,35.0,SPREAD_PLUS_25,6,15,198.51000000000022
FIRST_TRIANGLE_GOLD_EVIDENCE_XAUUSD_1751328000,199,55.0,60.0,35.0,SPREAD_PLUS_25,7,33,155.28999999999996
FIRST_TRIANGLE_GOLD_EVIDENCE_XAUUSD_1751328000,199,55.0,60.0,35.0,SPREAD_PLUS_25,8,20,269.69000000000005
FIRST_TRIANGLE_GOLD_EVIDENCE_XAUUSD_1751328000,199,55.0,60.0,35.0,SPREAD_PLUS_25,9,9,-89.97999999999956
FIRST_TRIANGLE_GOLD_EVIDENCE_XAUUSD_1751328000,199,55.0,60.0,35.0,SPREAD_PLUS_25,10,17,301.5399999999986
FIRST_TRIANGLE_GOLD_EVIDENCE_XAUUSD_1751328000,199,55.0,60.0,35.0,SPREAD_PLUS_25,11,13,228.38999999999805
FIRST_TRIANGLE_GOLD_EVIDENCE_XAUUSD_1751328000,199,55.0,60.0,35.0,SPREAD_PLUS_25,12,16,-78.45999999999913
FIRST_TRIANGLE_GOLD_EVIDENCE_XAUUSD_1751328000,200,55.0,60.0,35.0,SPREAD_PLUS_50,1,17,690.920000000001
FIRST_TRIANGLE_GOLD_EVIDENCE_XAUUSD_1751328000,200,55.0,60.0,35.0,SPREAD_PLUS_50,2,14,417.1300000000019
FIRST_TRIANGLE_GOLD_EVIDENCE_XAUUSD_1751328000,200,55.0,60.0,35.0,SPREAD_PLUS_50,3,20,139.78999999999905
FIRST_TRIANGLE_GOLD_EVIDENCE_XAUUSD_1751328000,200,55.0,60.0,35.0,SPREAD_PLUS_50,4,16,150.9399999999987
FIRST_TRIANGLE_GOLD_EVIDENCE_XAUUSD_1751328000,200,55.0,60.0,35.0,SPREAD_PLUS_50,5,13,86.85999999999967
FIRST_TRIANGLE_GOLD_EVIDENCE_XAUUSD_1751328000,200,55.0,60.0,35.0,SPREAD_PLUS_50,6,15,198.51000000000022
FIRST_TRIANGLE_GOLD_EVIDENCE_XAUUSD_1751328000,200,55.0,60.0,35.0,SPREAD_PLUS_50,7,33,155.28999999999996
FIRST_TRIANGLE_GOLD_EVIDENCE_XAUUSD_1751328000,200,55.0,60.0,35.0,SPREAD_PLUS_50,8,20,269.69000000000005
FIRST_TRIANGLE_GOLD_EVIDENCE_XAUUSD_1751328000,200,55.0,60.0,35.0,SPREAD_PLUS_50,9,9,-89.97999999999956
FIRST_TRIANGLE_GOLD_EVIDENCE_XAUUSD_1751328000,200,55.0,60.0,35.0,SPREAD_PLUS_50,10,17,301.5399999999986
FIRST_TRIANGLE_GOLD_EVIDENCE_XAUUSD_1751328000,200,55.0,60.0,35.0,SPREAD_PLUS_50,11,13,228.38999999999805
FIRST_TRIANGLE_GOLD_EVIDENCE_XAUUSD_1751328000,200,55.0,60.0,35.0,SPREAD_PLUS_50,12,16,-78.45999999999913
FIRST_TRIANGLE_GOLD_EVIDENCE_XAUUSD_1751328000,201,55.0,60.0,35.0,SLIPPAGE_BASE,1,17,690.920000000001
FIRST_TRIANGLE_GOLD_EVIDENCE_XAUUSD_1751328000,201,55.0,60.0,35.0,SLIPPAGE_BASE,2,14,417.1300000000019
FIRST_TRIANGLE_GOLD_EVIDENCE_XAUUSD_1751328000,201,55.0,60.0,35.0,SLIPPAGE_BASE,3,20,139.78999999999905
FIRST_TRIANGLE_GOLD_EVIDENCE_XAUUSD_1751328000,201,55.0,60.0,35.0,SLIPPAGE_BASE,4,16,150.9399999999987
FIRST_TRIANGLE_GOLD_EVIDENCE_XAUUSD_1751328000,201,55.0,60.0,35.0,SLIPPAGE_BASE,5,13,86.85999999999967
FIRST_TRIANGLE_GOLD_EVIDENCE_XAUUSD_1751328000,201,55.0,60.0,35.0,SLIPPAGE_BASE,6,15,198.51000000000022
FIRST_TRIANGLE_GOLD_EVIDENCE_XAUUSD_1751328000,201,55.0,60.0,35.0,SLIPPAGE_BASE,7,33,155.28999999999996
FIRST_TRIANGLE_GOLD_EVIDENCE_XAUUSD_1751328000,201,55.0,60.0,35.0,SLIPPAGE_BASE,8,20,269.69000000000005
FIRST_TRIANGLE_GOLD_EVIDENCE_XAUUSD_1751328000,201,55.0,60.0,35.0,SLIPPAGE_BASE,9,9,-89.97999999999956
FIRST_TRIANGLE_GOLD_EVIDENCE_XAUUSD_1751328000,201,55.0,60.0,35.0,SLIPPAGE_BASE,10,17,301.5399999999986
FIRST_TRIANGLE_GOLD_EVIDENCE_XAUUSD_1751328000,201,55.0,60.0,35.0,SLIPPAGE_BASE,11,13,228.38999999999805
FIRST_TRIANGLE_GOLD_EVIDENCE_XAUUSD_1751328000,201,55.0,60.0,35.0,SLIPPAGE_BASE,12,16,-78.45999999999913
FIRST_TRIANGLE_GOLD_EVIDENCE_XAUUSD_1751328000,202,55.0,60.0,35.0,COMMISSION_PLUS_25,1,17,690.920000000001
FIRST_TRIANGLE_GOLD_EVIDENCE_XAUUSD_1751328000,202,55.0,60.0,35.0,COMMISSION_PLUS_25,2,14,417.1300000000019
FIRST_TRIANGLE_GOLD_EVIDENCE_XAUUSD_1751328000,202,55.0,60.0,35.0,COMMISSION_PLUS_25,3,20,139.78999999999905
FIRST_TRIANGLE_GOLD_EVIDENCE_XAUUSD_1751328000,202,55.0,60.0,35.0,COMMISSION_PLUS_25,4,16,150.9399999999987
FIRST_TRIANGLE_GOLD_EVIDENCE_XAUUSD_1751328000,202,55.0,60.0,35.0,COMMISSION_PLUS_25,5,13,86.85999999999967
FIRST_TRIANGLE_GOLD_EVIDENCE_XAUUSD_1751328000,202,55.0,60.0,35.0,COMMISSION_PLUS_25,6,15,198.51000000000022
FIRST_TRIANGLE_GOLD_EVIDENCE_XAUUSD_1751328000,202,55.0,60.0,35.0,COMMISSION_PLUS_25,7,33,155.28999999999996
FIRST_TRIANGLE_GOLD_EVIDENCE_XAUUSD_1751328000,202,55.0,60.0,35.0,COMMISSION_PLUS_25,8,20,269.69000000000005
FIRST_TRIANGLE_GOLD_EVIDENCE_XAUUSD_1751328000,202,55.0,60.0,35.0,COMMISSION_PLUS_25,9,9,-89.97999999999956
FIRST_TRIANGLE_GOLD_EVIDENCE_XAUUSD_1751328000,202,55.0,60.0,35.0,COMMISSION_PLUS_25,10,17,301.5399999999986
FIRST_TRIANGLE_GOLD_EVIDENCE_XAUUSD_1751328000,202,55.0,60.0,35.0,COMMISSION_PLUS_25,11,13,228.38999999999805
FIRST_TRIANGLE_GOLD_EVIDENCE_XAUUSD_1751328000,202,55.0,60.0,35.0,COMMISSION_PLUS_25,12,16,-78.45999999999913
FIRST_TRIANGLE_GOLD_EVIDENCE_XAUUSD_1751328000,203,55.0,60.0,35.0,COMBINED_STRESS,1,17,690.920000000001
FIRST_TRIANGLE_GOLD_EVIDENCE_XAUUSD_1751328000,203,55.0,60.0,35.0,COMBINED_STRESS,2,14,417.1300000000019
FIRST_TRIANGLE_GOLD_EVIDENCE_XAUUSD_1751328000,203,55.0,60.0,35.0,COMBINED_STRESS,3,20,139.78999999999905
FIRST_TRIANGLE_GOLD_EVIDENCE_XAUUSD_1751328000,203,55.0,60.0,35.0,COMBINED_STRESS,4,16,150.9399999999987
FIRST_TRIANGLE_GOLD_EVIDENCE_XAUUSD_1751328000,203,55.0,60.0,35.0,COMBINED_STRESS,5,13,86.85999999999967
FIRST_TRIANGLE_GOLD_EVIDENCE_XAUUSD_1751328000,203,55.0,60.0,35.0,COMBINED_STRESS,6,15,198.51000000000022
FIRST_TRIANGLE_GOLD_EVIDENCE_XAUUSD_1751328000,203,55.0,60.0,35.0,COMBINED_STRESS,7,33,155.28999999999996
FIRST_TRIANGLE_GOLD_EVIDENCE_XAUUSD_1751328000,203,55.0,60.0,35.0,COMBINED_STRESS,8,20,269.69000000000005
FIRST_TRIANGLE_GOLD_EVIDENCE_XAUUSD_1751328000,203,55.0,60.0,35.0,COMBINED_STRESS,9,9,-89.97999999999956
FIRST_TRIANGLE_GOLD_EVIDENCE_XAUUSD_1751328000,203,55.0,60.0,35.0,COMBINED_STRESS,10,17,301.5399999999986
FIRST_TRIANGLE_GOLD_EVIDENCE_XAUUSD_1751328000,203,55.0,60.0,35.0,COMBINED_STRESS,11,13,228.38999999999805
FIRST_TRIANGLE_GOLD_EVIDENCE_XAUUSD_1751328000,203,55.0,60.0,35.0,COMBINED_STRESS,12,16,-78.45999999999913
FIRST_TRIANGLE_GOLD_EVIDENCE_XAUUSD_1751328000,204,55.0,60.0,37.5,BASE,1,17,665.920000000001
FIRST_TRIANGLE_GOLD_EVIDENCE_XAUUSD_1751328000,204,55.0,60.0,37.5,BASE,2,14,394.6300000000019
FIRST_TRIANGLE_GOLD_EVIDENCE_XAUUSD_1751328000,204,55.0,60.0,37.5,BASE,3,20,114.78999999999905
FIRST_TRIANGLE_GOLD_EVIDENCE_XAUUSD_1751328000,204,55.0,60.0,37.5,BASE,4,16,136.4499999999989
FIRST_TRIANGLE_GOLD_EVIDENCE_XAUUSD_1751328000,204,55.0,60.0,37.5,BASE,5,13,76.85999999999967
FIRST_TRIANGLE_GOLD_EVIDENCE_XAUUSD_1751328000,204,55.0,60.0,37.5,BASE,6,15,242.8199999999997
FIRST_TRIANGLE_GOLD_EVIDENCE_XAUUSD_1751328000,204,55.0,60.0,37.5,BASE,7,33,142.78999999999996
FIRST_TRIANGLE_GOLD_EVIDENCE_XAUUSD_1751328000,204,55.0,60.0,37.5,BASE,8,20,262.19000000000005
FIRST_TRIANGLE_GOLD_EVIDENCE_XAUUSD_1751328000,204,55.0,60.0,37.5,BASE,9,9,-89.97999999999956
FIRST_TRIANGLE_GOLD_EVIDENCE_XAUUSD_1751328000,204,55.0,60.0,37.5,BASE,10,17,548.7599999999989
FIRST_TRIANGLE_GOLD_EVIDENCE_XAUUSD_1751328000,204,55.0,60.0,37.5,BASE,11,13,215.88999999999805
FIRST_TRIANGLE_GOLD_EVIDENCE_XAUUSD_1751328000,204,55.0,60.0,37.5,BASE,12,16,-85.95999999999913
FIRST_TRIANGLE_GOLD_EVIDENCE_XAUUSD_1751328000,205,55.0,60.0,37.5,SPREAD_PLUS_25,1,17,665.920000000001
FIRST_TRIANGLE_GOLD_EVIDENCE_XAUUSD_1751328000,205,55.0,60.0,37.5,SPREAD_PLUS_25,2,14,394.6300000000019
FIRST_TRIANGLE_GOLD_EVIDENCE_XAUUSD_1751328000,205,55.0,60.0,37.5,SPREAD_PLUS_25,3,20,114.78999999999905
FIRST_TRIANGLE_GOLD_EVIDENCE_XAUUSD_1751328000,205,55.0,60.0,37.5,SPREAD_PLUS_25,4,16,136.4499999999989
FIRST_TRIANGLE_GOLD_EVIDENCE_XAUUSD_1751328000,205,55.0,60.0,37.5,SPREAD_PLUS_25,5,13,76.85999999999967
FIRST_TRIANGLE_GOLD_EVIDENCE_XAUUSD_1751328000,205,55.0,60.0,37.5,SPREAD_PLUS_25,6,15,242.8199999999997
FIRST_TRIANGLE_GOLD_EVIDENCE_XAUUSD_1751328000,205,55.0,60.0,37.5,SPREAD_PLUS_25,7,33,142.78999999999996
FIRST_TRIANGLE_GOLD_EVIDENCE_XAUUSD_1751328000,205,55.0,60.0,37.5,SPREAD_PLUS_25,8,20,262.19000000000005
FIRST_TRIANGLE_GOLD_EVIDENCE_XAUUSD_1751328000,205,55.0,60.0,37.5,SPREAD_PLUS_25,9,9,-89.97999999999956
FIRST_TRIANGLE_GOLD_EVIDENCE_XAUUSD_1751328000,205,55.0,60.0,37.5,SPREAD_PLUS_25,10,17,548.7599999999989
FIRST_TRIANGLE_GOLD_EVIDENCE_XAUUSD_1751328000,205,55.0,60.0,37.5,SPREAD_PLUS_25,11,13,215.88999999999805
FIRST_TRIANGLE_GOLD_EVIDENCE_XAUUSD_1751328000,205,55.0,60.0,37.5,SPREAD_PLUS_25,12,16,-85.95999999999913
FIRST_TRIANGLE_GOLD_EVIDENCE_XAUUSD_1751328000,206,55.0,60.0,37.5,SPREAD_PLUS_50,1,17,665.920000000001
FIRST_TRIANGLE_GOLD_EVIDENCE_XAUUSD_1751328000,206,55.0,60.0,37.5,SPREAD_PLUS_50,2,14,394.6300000000019
FIRST_TRIANGLE_GOLD_EVIDENCE_XAUUSD_1751328000,206,55.0,60.0,37.5,SPREAD_PLUS_50,3,20,114.78999999999905
FIRST_TRIANGLE_GOLD_EVIDENCE_XAUUSD_1751328000,206,55.0,60.0,37.5,SPREAD_PLUS_50,4,16,136.4499999999989
FIRST_TRIANGLE_GOLD_EVIDENCE_XAUUSD_1751328000,206,55.0,60.0,37.5,SPREAD_PLUS_50,5,13,76.85999999999967
FIRST_TRIANGLE_GOLD_EVIDENCE_XAUUSD_1751328000,206,55.0,60.0,37.5,SPREAD_PLUS_50,6,15,242.8199999999997
FIRST_TRIANGLE_GOLD_EVIDENCE_XAUUSD_1751328000,206,55.0,60.0,37.5,SPREAD_PLUS_50,7,33,142.78999999999996
FIRST_TRIANGLE_GOLD_EVIDENCE_XAUUSD_1751328000,206,55.0,60.0,37.5,SPREAD_PLUS_50,8,20,262.19000000000005
FIRST_TRIANGLE_GOLD_EVIDENCE_XAUUSD_1751328000,206,55.0,60.0,37.5,SPREAD_PLUS_50,9,9,-89.97999999999956
FIRST_TRIANGLE_GOLD_EVIDENCE_XAUUSD_1751328000,206,55.0,60.0,37.5,SPREAD_PLUS_50,10,17,548.7599999999989
FIRST_TRIANGLE_GOLD_EVIDENCE_XAUUSD_1751328000,206,55.0,60.0,37.5,SPREAD_PLUS_50,11,13,215.88999999999805
FIRST_TRIANGLE_GOLD_EVIDENCE_XAUUSD_1751328000,206,55.0,60.0,37.5,SPREAD_PLUS_50,12,16,-85.95999999999913
FIRST_TRIANGLE_GOLD_EVIDENCE_XAUUSD_1751328000,207,55.0,60.0,37.5,SLIPPAGE_BASE,1,17,665.920000000001
FIRST_TRIANGLE_GOLD_EVIDENCE_XAUUSD_1751328000,207,55.0,60.0,37.5,SLIPPAGE_BASE,2,14,394.6300000000019
FIRST_TRIANGLE_GOLD_EVIDENCE_XAUUSD_1751328000,207,55.0,60.0,37.5,SLIPPAGE_BASE,3,20,114.78999999999905
FIRST_TRIANGLE_GOLD_EVIDENCE_XAUUSD_1751328000,207,55.0,60.0,37.5,SLIPPAGE_BASE,4,16,136.4499999999989
FIRST_TRIANGLE_GOLD_EVIDENCE_XAUUSD_1751328000,207,55.0,60.0,37.5,SLIPPAGE_BASE,5,13,76.85999999999967
FIRST_TRIANGLE_GOLD_EVIDENCE_XAUUSD_1751328000,207,55.0,60.0,37.5,SLIPPAGE_BASE,6,15,242.8199999999997
FIRST_TRIANGLE_GOLD_EVIDENCE_XAUUSD_1751328000,207,55.0,60.0,37.5,SLIPPAGE_BASE,7,33,142.78999999999996
FIRST_TRIANGLE_GOLD_EVIDENCE_XAUUSD_1751328000,207,55.0,60.0,37.5,SLIPPAGE_BASE,8,20,262.19000000000005
FIRST_TRIANGLE_GOLD_EVIDENCE_XAUUSD_1751328000,207,55.0,60.0,37.5,SLIPPAGE_BASE,9,9,-89.97999999999956
FIRST_TRIANGLE_GOLD_EVIDENCE_XAUUSD_1751328000,207,55.0,60.0,37.5,SLIPPAGE_BASE,10,17,548.7599999999989
FIRST_TRIANGLE_GOLD_EVIDENCE_XAUUSD_1751328000,207,55.0,60.0,37.5,SLIPPAGE_BASE,11,13,215.88999999999805
FIRST_TRIANGLE_GOLD_EVIDENCE_XAUUSD_1751328000,207,55.0,60.0,37.5,SLIPPAGE_BASE,12,16,-85.95999999999913
FIRST_TRIANGLE_GOLD_EVIDENCE_XAUUSD_1751328000,208,55.0,60.0,37.5,COMMISSION_PLUS_25,1,17,665.920000000001
FIRST_TRIANGLE_GOLD_EVIDENCE_XAUUSD_1751328000,208,55.0,60.0,37.5,COMMISSION_PLUS_25,2,14,394.6300000000019
FIRST_TRIANGLE_GOLD_EVIDENCE_XAUUSD_1751328000,208,55.0,60.0,37.5,COMMISSION_PLUS_25,3,20,114.78999999999905
FIRST_TRIANGLE_GOLD_EVIDENCE_XAUUSD_1751328000,208,55.0,60.0,37.5,COMMISSION_PLUS_25,4,16,136.4499999999989
FIRST_TRIANGLE_GOLD_EVIDENCE_XAUUSD_1751328000,208,55.0,60.0,37.5,COMMISSION_PLUS_25,5,13,76.85999999999967
FIRST_TRIANGLE_GOLD_EVIDENCE_XAUUSD_1751328000,208,55.0,60.0,37.5,COMMISSION_PLUS_25,6,15,242.8199999999997
FIRST_TRIANGLE_GOLD_EVIDENCE_XAUUSD_1751328000,208,55.0,60.0,37.5,COMMISSION_PLUS_25,7,33,142.78999999999996
FIRST_TRIANGLE_GOLD_EVIDENCE_XAUUSD_1751328000,208,55.0,60.0,37.5,COMMISSION_PLUS_25,8,20,262.19000000000005
FIRST_TRIANGLE_GOLD_EVIDENCE_XAUUSD_1751328000,208,55.0,60.0,37.5,COMMISSION_PLUS_25,9,9,-89.97999999999956
FIRST_TRIANGLE_GOLD_EVIDENCE_XAUUSD_1751328000,208,55.0,60.0,37.5,COMMISSION_PLUS_25,10,17,548.7599999999989
FIRST_TRIANGLE_GOLD_EVIDENCE_XAUUSD_1751328000,208,55.0,60.0,37.5,COMMISSION_PLUS_25,11,13,215.88999999999805
FIRST_TRIANGLE_GOLD_EVIDENCE_XAUUSD_1751328000,208,55.0,60.0,37.5,COMMISSION_PLUS_25,12,16,-85.95999999999913
FIRST_TRIANGLE_GOLD_EVIDENCE_XAUUSD_1751328000,209,55.0,60.0,37.5,COMBINED_STRESS,1,17,665.920000000001
FIRST_TRIANGLE_GOLD_EVIDENCE_XAUUSD_1751328000,209,55.0,60.0,37.5,COMBINED_STRESS,2,14,394.6300000000019
FIRST_TRIANGLE_GOLD_EVIDENCE_XAUUSD_1751328000,209,55.0,60.0,37.5,COMBINED_STRESS,3,20,114.78999999999905
FIRST_TRIANGLE_GOLD_EVIDENCE_XAUUSD_1751328000,209,55.0,60.0,37.5,COMBINED_STRESS,4,16,136.4499999999989
FIRST_TRIANGLE_GOLD_EVIDENCE_XAUUSD_1751328000,209,55.0,60.0,37.5,COMBINED_STRESS,5,13,76.85999999999967
FIRST_TRIANGLE_GOLD_EVIDENCE_XAUUSD_1751328000,209,55.0,60.0,37.5,COMBINED_STRESS,6,15,242.8199999999997
FIRST_TRIANGLE_GOLD_EVIDENCE_XAUUSD_1751328000,209,55.0,60.0,37.5,COMBINED_STRESS,7,33,142.78999999999996
FIRST_TRIANGLE_GOLD_EVIDENCE_XAUUSD_1751328000,209,55.0,60.0,37.5,COMBINED_STRESS,8,20,262.19000000000005
FIRST_TRIANGLE_GOLD_EVIDENCE_XAUUSD_1751328000,209,55.0,60.0,37.5,COMBINED_STRESS,9,9,-89.97999999999956
FIRST_TRIANGLE_GOLD_EVIDENCE_XAUUSD_1751328000,209,55.0,60.0,37.5,COMBINED_STRESS,10,17,548.7599999999989
FIRST_TRIANGLE_GOLD_EVIDENCE_XAUUSD_1751328000,209,55.0,60.0,37.5,COMBINED_STRESS,11,13,215.88999999999805
FIRST_TRIANGLE_GOLD_EVIDENCE_XAUUSD_1751328000,209,55.0,60.0,37.5,COMBINED_STRESS,12,16,-85.95999999999913
FIRST_TRIANGLE_GOLD_EVIDENCE_XAUUSD_1751328000,210,55.0,62.5,22.5,BASE,1,16,327.78999999999996
FIRST_TRIANGLE_GOLD_EVIDENCE_XAUUSD_1751328000,210,55.0,62.5,22.5,BASE,2,14,486.9900000000007
FIRST_TRIANGLE_GOLD_EVIDENCE_XAUUSD_1751328000,210,55.0,62.5,22.5,BASE,3,20,215.10999999999876
FIRST_TRIANGLE_GOLD_EVIDENCE_XAUUSD_1751328000,210,55.0,62.5,22.5,BASE,4,16,85.5699999999988
FIRST_TRIANGLE_GOLD_EVIDENCE_XAUUSD_1751328000,210,55.0,62.5,22.5,BASE,5,13,119.05999999999949
FIRST_TRIANGLE_GOLD_EVIDENCE_XAUUSD_1751328000,210,55.0,62.5,22.5,BASE,6,14,181.40000000000055
FIRST_TRIANGLE_GOLD_EVIDENCE_XAUUSD_1751328000,210,55.0,62.5,22.5,BASE,7,33,174.9099999999994
FIRST_TRIANGLE_GOLD_EVIDENCE_XAUUSD_1751328000,210,55.0,62.5,22.5,BASE,8,20,81.900000000001
FIRST_TRIANGLE_GOLD_EVIDENCE_XAUUSD_1751328000,210,55.0,62.5,22.5,BASE,9,9,-89.97999999999956
FIRST_TRIANGLE_GOLD_EVIDENCE_XAUUSD_1751328000,210,55.0,62.5,22.5,BASE,10,16,213.78999999999905
FIRST_TRIANGLE_GOLD_EVIDENCE_XAUUSD_1751328000,210,55.0,62.5,22.5,BASE,11,12,154.10999999999876
FIRST_TRIANGLE_GOLD_EVIDENCE_XAUUSD_1751328000,210,55.0,62.5,22.5,BASE,12,16,-40.95999999999913
FIRST_TRIANGLE_GOLD_EVIDENCE_XAUUSD_1751328000,211,55.0,62.5,22.5,SPREAD_PLUS_25,1,16,327.78999999999996
FIRST_TRIANGLE_GOLD_EVIDENCE_XAUUSD_1751328000,211,55.0,62.5,22.5,SPREAD_PLUS_25,2,14,486.9900000000007
FIRST_TRIANGLE_GOLD_EVIDENCE_XAUUSD_1751328000,211,55.0,62.5,22.5,SPREAD_PLUS_25,3,20,215.10999999999876
FIRST_TRIANGLE_GOLD_EVIDENCE_XAUUSD_1751328000,211,55.0,62.5,22.5,SPREAD_PLUS_25,4,16,85.5699999999988
FIRST_TRIANGLE_GOLD_EVIDENCE_XAUUSD_1751328000,211,55.0,62.5,22.5,SPREAD_PLUS_25,5,13,119.05999999999949
FIRST_TRIANGLE_GOLD_EVIDENCE_XAUUSD_1751328000,211,55.0,62.5,22.5,SPREAD_PLUS_25,6,14,181.40000000000055
FIRST_TRIANGLE_GOLD_EVIDENCE_XAUUSD_1751328000,211,55.0,62.5,22.5,SPREAD_PLUS_25,7,33,174.9099999999994
FIRST_TRIANGLE_GOLD_EVIDENCE_XAUUSD_1751328000,211,55.0,62.5,22.5,SPREAD_PLUS_25,8,20,81.900000000001
FIRST_TRIANGLE_GOLD_EVIDENCE_XAUUSD_1751328000,211,55.0,62.5,22.5,SPREAD_PLUS_25,9,9,-89.97999999999956
FIRST_TRIANGLE_GOLD_EVIDENCE_XAUUSD_1751328000,211,55.0,62.5,22.5,SPREAD_PLUS_25,10,16,213.78999999999905
FIRST_TRIANGLE_GOLD_EVIDENCE_XAUUSD_1751328000,211,55.0,62.5,22.5,SPREAD_PLUS_25,11,12,154.10999999999876
FIRST_TRIANGLE_GOLD_EVIDENCE_XAUUSD_1751328000,211,55.0,62.5,22.5,SPREAD_PLUS_25,12,16,-40.95999999999913
FIRST_TRIANGLE_GOLD_EVIDENCE_XAUUSD_1751328000,212,55.0,62.5,22.5,SPREAD_PLUS_50,1,16,327.78999999999996
FIRST_TRIANGLE_GOLD_EVIDENCE_XAUUSD_1751328000,212,55.0,62.5,22.5,SPREAD_PLUS_50,2,14,486.9900000000007
FIRST_TRIANGLE_GOLD_EVIDENCE_XAUUSD_1751328000,212,55.0,62.5,22.5,SPREAD_PLUS_50,3,20,215.10999999999876
FIRST_TRIANGLE_GOLD_EVIDENCE_XAUUSD_1751328000,212,55.0,62.5,22.5,SPREAD_PLUS_50,4,16,85.5699999999988
FIRST_TRIANGLE_GOLD_EVIDENCE_XAUUSD_1751328000,212,55.0,62.5,22.5,SPREAD_PLUS_50,5,13,119.05999999999949
FIRST_TRIANGLE_GOLD_EVIDENCE_XAUUSD_1751328000,212,55.0,62.5,22.5,SPREAD_PLUS_50,6,14,181.40000000000055
FIRST_TRIANGLE_GOLD_EVIDENCE_XAUUSD_1751328000,212,55.0,62.5,22.5,SPREAD_PLUS_50,7,33,174.9099999999994
FIRST_TRIANGLE_GOLD_EVIDENCE_XAUUSD_1751328000,212,55.0,62.5,22.5,SPREAD_PLUS_50,8,20,81.900000000001
FIRST_TRIANGLE_GOLD_EVIDENCE_XAUUSD_1751328000,212,55.0,62.5,22.5,SPREAD_PLUS_50,9,9,-89.97999999999956
FIRST_TRIANGLE_GOLD_EVIDENCE_XAUUSD_1751328000,212,55.0,62.5,22.5,SPREAD_PLUS_50,10,16,213.78999999999905
FIRST_TRIANGLE_GOLD_EVIDENCE_XAUUSD_1751328000,212,55.0,62.5,22.5,SPREAD_PLUS_50,11,12,154.10999999999876
FIRST_TRIANGLE_GOLD_EVIDENCE_XAUUSD_1751328000,212,55.0,62.5,22.5,SPREAD_PLUS_50,12,16,-40.95999999999913
FIRST_TRIANGLE_GOLD_EVIDENCE_XAUUSD_1751328000,213,55.0,62.5,22.5,SLIPPAGE_BASE,1,16,327.78999999999996
FIRST_TRIANGLE_GOLD_EVIDENCE_XAUUSD_1751328000,213,55.0,62.5,22.5,SLIPPAGE_BASE,2,14,486.9900000000007
FIRST_TRIANGLE_GOLD_EVIDENCE_XAUUSD_1751328000,213,55.0,62.5,22.5,SLIPPAGE_BASE,3,20,215.10999999999876
FIRST_TRIANGLE_GOLD_EVIDENCE_XAUUSD_1751328000,213,55.0,62.5,22.5,SLIPPAGE_BASE,4,16,85.5699999999988
FIRST_TRIANGLE_GOLD_EVIDENCE_XAUUSD_1751328000,213,55.0,62.5,22.5,SLIPPAGE_BASE,5,13,119.05999999999949
FIRST_TRIANGLE_GOLD_EVIDENCE_XAUUSD_1751328000,213,55.0,62.5,22.5,SLIPPAGE_BASE,6,14,181.40000000000055
FIRST_TRIANGLE_GOLD_EVIDENCE_XAUUSD_1751328000,213,55.0,62.5,22.5,SLIPPAGE_BASE,7,33,174.9099999999994
FIRST_TRIANGLE_GOLD_EVIDENCE_XAUUSD_1751328000,213,55.0,62.5,22.5,SLIPPAGE_BASE,8,20,81.900000000001
FIRST_TRIANGLE_GOLD_EVIDENCE_XAUUSD_1751328000,213,55.0,62.5,22.5,SLIPPAGE_BASE,9,9,-89.97999999999956
FIRST_TRIANGLE_GOLD_EVIDENCE_XAUUSD_1751328000,213,55.0,62.5,22.5,SLIPPAGE_BASE,10,16,213.78999999999905
FIRST_TRIANGLE_GOLD_EVIDENCE_XAUUSD_1751328000,213,55.0,62.5,22.5,SLIPPAGE_BASE,11,12,154.10999999999876
FIRST_TRIANGLE_GOLD_EVIDENCE_XAUUSD_1751328000,213,55.0,62.5,22.5,SLIPPAGE_BASE,12,16,-40.95999999999913
FIRST_TRIANGLE_GOLD_EVIDENCE_XAUUSD_1751328000,214,55.0,62.5,22.5,COMMISSION_PLUS_25,1,16,327.78999999999996
FIRST_TRIANGLE_GOLD_EVIDENCE_XAUUSD_1751328000,214,55.0,62.5,22.5,COMMISSION_PLUS_25,2,14,486.9900000000007
FIRST_TRIANGLE_GOLD_EVIDENCE_XAUUSD_1751328000,214,55.0,62.5,22.5,COMMISSION_PLUS_25,3,20,215.10999999999876
FIRST_TRIANGLE_GOLD_EVIDENCE_XAUUSD_1751328000,214,55.0,62.5,22.5,COMMISSION_PLUS_25,4,16,85.5699999999988
FIRST_TRIANGLE_GOLD_EVIDENCE_XAUUSD_1751328000,214,55.0,62.5,22.5,COMMISSION_PLUS_25,5,13,119.05999999999949
FIRST_TRIANGLE_GOLD_EVIDENCE_XAUUSD_1751328000,214,55.0,62.5,22.5,COMMISSION_PLUS_25,6,14,181.40000000000055
FIRST_TRIANGLE_GOLD_EVIDENCE_XAUUSD_1751328000,214,55.0,62.5,22.5,COMMISSION_PLUS_25,7,33,174.9099999999994
FIRST_TRIANGLE_GOLD_EVIDENCE_XAUUSD_1751328000,214,55.0,62.5,22.5,COMMISSION_PLUS_25,8,20,81.900000000001
FIRST_TRIANGLE_GOLD_EVIDENCE_XAUUSD_1751328000,214,55.0,62.5,22.5,COMMISSION_PLUS_25,9,9,-89.97999999999956
FIRST_TRIANGLE_GOLD_EVIDENCE_XAUUSD_1751328000,214,55.0,62.5,22.5,COMMISSION_PLUS_25,10,16,213.78999999999905
FIRST_TRIANGLE_GOLD_EVIDENCE_XAUUSD_1751328000,214,55.0,62.5,22.5,COMMISSION_PLUS_25,11,12,154.10999999999876
FIRST_TRIANGLE_GOLD_EVIDENCE_XAUUSD_1751328000,214,55.0,62.5,22.5,COMMISSION_PLUS_25,12,16,-40.95999999999913
FIRST_TRIANGLE_GOLD_EVIDENCE_XAUUSD_1751328000,215,55.0,62.5,22.5,COMBINED_STRESS,1,16,327.78999999999996
FIRST_TRIANGLE_GOLD_EVIDENCE_XAUUSD_1751328000,215,55.0,62.5,22.5,COMBINED_STRESS,2,14,486.9900000000007
FIRST_TRIANGLE_GOLD_EVIDENCE_XAUUSD_1751328000,215,55.0,62.5,22.5,COMBINED_STRESS,3,20,215.10999999999876
FIRST_TRIANGLE_GOLD_EVIDENCE_XAUUSD_1751328000,215,55.0,62.5,22.5,COMBINED_STRESS,4,16,85.5699999999988
FIRST_TRIANGLE_GOLD_EVIDENCE_XAUUSD_1751328000,215,55.0,62.5,22.5,COMBINED_STRESS,5,13,119.05999999999949
FIRST_TRIANGLE_GOLD_EVIDENCE_XAUUSD_1751328000,215,55.0,62.5,22.5,COMBINED_STRESS,6,14,181.40000000000055
FIRST_TRIANGLE_GOLD_EVIDENCE_XAUUSD_1751328000,215,55.0,62.5,22.5,COMBINED_STRESS,7,33,174.9099999999994
FIRST_TRIANGLE_GOLD_EVIDENCE_XAUUSD_1751328000,215,55.0,62.5,22.5,COMBINED_STRESS,8,20,81.900000000001
FIRST_TRIANGLE_GOLD_EVIDENCE_XAUUSD_1751328000,215,55.0,62.5,22.5,COMBINED_STRESS,9,9,-89.97999999999956
FIRST_TRIANGLE_GOLD_EVIDENCE_XAUUSD_1751328000,215,55.0,62.5,22.5,COMBINED_STRESS,10,16,213.78999999999905
FIRST_TRIANGLE_GOLD_EVIDENCE_XAUUSD_1751328000,215,55.0,62.5,22.5,COMBINED_STRESS,11,12,154.10999999999876
FIRST_TRIANGLE_GOLD_EVIDENCE_XAUUSD_1751328000,215,55.0,62.5,22.5,COMBINED_STRESS,12,16,-40.95999999999913
FIRST_TRIANGLE_GOLD_EVIDENCE_XAUUSD_1751328000,216,55.0,62.5,25.0,BASE,1,16,372.1100000000006
FIRST_TRIANGLE_GOLD_EVIDENCE_XAUUSD_1751328000,216,55.0,62.5,25.0,BASE,2,14,471.8100000000013
FIRST_TRIANGLE_GOLD_EVIDENCE_XAUUSD_1751328000,216,55.0,62.5,25.0,BASE,3,20,199.42999999999847
FIRST_TRIANGLE_GOLD_EVIDENCE_XAUUSD_1751328000,216,55.0,62.5,25.0,BASE,4,16,102.57999999999902
FIRST_TRIANGLE_GOLD_EVIDENCE_XAUUSD_1751328000,216,55.0,62.5,25.0,BASE,5,13,109.05999999999949
FIRST_TRIANGLE_GOLD_EVIDENCE_XAUUSD_1751328000,216,55.0,62.5,25.0,BASE,6,14,196.3800000000001
FIRST_TRIANGLE_GOLD_EVIDENCE_XAUUSD_1751328000,216,55.0,62.5,25.0,BASE,7,33,162.4099999999994
FIRST_TRIANGLE_GOLD_EVIDENCE_XAUUSD_1751328000,216,55.0,62.5,25.0,BASE,8,20,214.01000000000067
FIRST_TRIANGLE_GOLD_EVIDENCE_XAUUSD_1751328000,216,55.0,62.5,25.0,BASE,9,9,-89.97999999999956
FIRST_TRIANGLE_GOLD_EVIDENCE_XAUUSD_1751328000,216,55.0,62.5,25.0,BASE,10,16,228.53999999999905
FIRST_TRIANGLE_GOLD_EVIDENCE_XAUUSD_1751328000,216,55.0,62.5,25.0,BASE,11,12,151.87999999999874
FIRST_TRIANGLE_GOLD_EVIDENCE_XAUUSD_1751328000,216,55.0,62.5,25.0,BASE,12,16,-48.45999999999913
FIRST_TRIANGLE_GOLD_EVIDENCE_XAUUSD_1751328000,217,55.0,62.5,25.0,SPREAD_PLUS_25,1,16,372.1100000000006
FIRST_TRIANGLE_GOLD_EVIDENCE_XAUUSD_1751328000,217,55.0,62.5,25.0,SPREAD_PLUS_25,2,14,471.8100000000013
FIRST_TRIANGLE_GOLD_EVIDENCE_XAUUSD_1751328000,217,55.0,62.5,25.0,SPREAD_PLUS_25,3,20,199.42999999999847
FIRST_TRIANGLE_GOLD_EVIDENCE_XAUUSD_1751328000,217,55.0,62.5,25.0,SPREAD_PLUS_25,4,16,102.57999999999902
FIRST_TRIANGLE_GOLD_EVIDENCE_XAUUSD_1751328000,217,55.0,62.5,25.0,SPREAD_PLUS_25,5,13,109.05999999999949
FIRST_TRIANGLE_GOLD_EVIDENCE_XAUUSD_1751328000,217,55.0,62.5,25.0,SPREAD_PLUS_25,6,14,196.3800000000001
FIRST_TRIANGLE_GOLD_EVIDENCE_XAUUSD_1751328000,217,55.0,62.5,25.0,SPREAD_PLUS_25,7,33,162.4099999999994
FIRST_TRIANGLE_GOLD_EVIDENCE_XAUUSD_1751328000,217,55.0,62.5,25.0,SPREAD_PLUS_25,8,20,214.01000000000067
FIRST_TRIANGLE_GOLD_EVIDENCE_XAUUSD_1751328000,217,55.0,62.5,25.0,SPREAD_PLUS_25,9,9,-89.97999999999956
FIRST_TRIANGLE_GOLD_EVIDENCE_XAUUSD_1751328000,217,55.0,62.5,25.0,SPREAD_PLUS_25,10,16,228.53999999999905
FIRST_TRIANGLE_GOLD_EVIDENCE_XAUUSD_1751328000,217,55.0,62.5,25.0,SPREAD_PLUS_25,11,12,151.87999999999874
FIRST_TRIANGLE_GOLD_EVIDENCE_XAUUSD_1751328000,217,55.0,62.5,25.0,SPREAD_PLUS_25,12,16,-48.45999999999913
FIRST_TRIANGLE_GOLD_EVIDENCE_XAUUSD_1751328000,218,55.0,62.5,25.0,SPREAD_PLUS_50,1,16,372.1100000000006
FIRST_TRIANGLE_GOLD_EVIDENCE_XAUUSD_1751328000,218,55.0,62.5,25.0,SPREAD_PLUS_50,2,14,471.8100000000013
FIRST_TRIANGLE_GOLD_EVIDENCE_XAUUSD_1751328000,218,55.0,62.5,25.0,SPREAD_PLUS_50,3,20,199.42999999999847
FIRST_TRIANGLE_GOLD_EVIDENCE_XAUUSD_1751328000,218,55.0,62.5,25.0,SPREAD_PLUS_50,4,16,102.57999999999902
FIRST_TRIANGLE_GOLD_EVIDENCE_XAUUSD_1751328000,218,55.0,62.5,25.0,SPREAD_PLUS_50,5,13,109.05999999999949
FIRST_TRIANGLE_GOLD_EVIDENCE_XAUUSD_1751328000,218,55.0,62.5,25.0,SPREAD_PLUS_50,6,14,196.3800000000001
FIRST_TRIANGLE_GOLD_EVIDENCE_XAUUSD_1751328000,218,55.0,62.5,25.0,SPREAD_PLUS_50,7,33,162.4099999999994
FIRST_TRIANGLE_GOLD_EVIDENCE_XAUUSD_1751328000,218,55.0,62.5,25.0,SPREAD_PLUS_50,8,20,214.01000000000067
FIRST_TRIANGLE_GOLD_EVIDENCE_XAUUSD_1751328000,218,55.0,62.5,25.0,SPREAD_PLUS_50,9,9,-89.97999999999956
FIRST_TRIANGLE_GOLD_EVIDENCE_XAUUSD_1751328000,218,55.0,62.5,25.0,SPREAD_PLUS_50,10,16,228.53999999999905
FIRST_TRIANGLE_GOLD_EVIDENCE_XAUUSD_1751328000,218,55.0,62.5,25.0,SPREAD_PLUS_50,11,12,151.87999999999874
FIRST_TRIANGLE_GOLD_EVIDENCE_XAUUSD_1751328000,218,55.0,62.5,25.0,SPREAD_PLUS_50,12,16,-48.45999999999913
FIRST_TRIANGLE_GOLD_EVIDENCE_XAUUSD_1751328000,219,55.0,62.5,25.0,SLIPPAGE_BASE,1,16,372.1100000000006
FIRST_TRIANGLE_GOLD_EVIDENCE_XAUUSD_1751328000,219,55.0,62.5,25.0,SLIPPAGE_BASE,2,14,471.8100000000013
FIRST_TRIANGLE_GOLD_EVIDENCE_XAUUSD_1751328000,219,55.0,62.5,25.0,SLIPPAGE_BASE,3,20,199.42999999999847
FIRST_TRIANGLE_GOLD_EVIDENCE_XAUUSD_1751328000,219,55.0,62.5,25.0,SLIPPAGE_BASE,4,16,102.57999999999902
FIRST_TRIANGLE_GOLD_EVIDENCE_XAUUSD_1751328000,219,55.0,62.5,25.0,SLIPPAGE_BASE,5,13,109.05999999999949
FIRST_TRIANGLE_GOLD_EVIDENCE_XAUUSD_1751328000,219,55.0,62.5,25.0,SLIPPAGE_BASE,6,14,196.3800000000001
FIRST_TRIANGLE_GOLD_EVIDENCE_XAUUSD_1751328000,219,55.0,62.5,25.0,SLIPPAGE_BASE,7,33,162.4099999999994
FIRST_TRIANGLE_GOLD_EVIDENCE_XAUUSD_1751328000,219,55.0,62.5,25.0,SLIPPAGE_BASE,8,20,214.01000000000067
FIRST_TRIANGLE_GOLD_EVIDENCE_XAUUSD_1751328000,219,55.0,62.5,25.0,SLIPPAGE_BASE,9,9,-89.97999999999956
FIRST_TRIANGLE_GOLD_EVIDENCE_XAUUSD_1751328000,219,55.0,62.5,25.0,SLIPPAGE_BASE,10,16,228.53999999999905
FIRST_TRIANGLE_GOLD_EVIDENCE_XAUUSD_1751328000,219,55.0,62.5,25.0,SLIPPAGE_BASE,11,12,151.87999999999874
FIRST_TRIANGLE_GOLD_EVIDENCE_XAUUSD_1751328000,219,55.0,62.5,25.0,SLIPPAGE_BASE,12,16,-48.45999999999913
FIRST_TRIANGLE_GOLD_EVIDENCE_XAUUSD_1751328000,220,55.0,62.5,25.0,COMMISSION_PLUS_25,1,16,372.1100000000006
FIRST_TRIANGLE_GOLD_EVIDENCE_XAUUSD_1751328000,220,55.0,62.5,25.0,COMMISSION_PLUS_25,2,14,471.8100000000013
FIRST_TRIANGLE_GOLD_EVIDENCE_XAUUSD_1751328000,220,55.0,62.5,25.0,COMMISSION_PLUS_25,3,20,199.42999999999847
FIRST_TRIANGLE_GOLD_EVIDENCE_XAUUSD_1751328000,220,55.0,62.5,25.0,COMMISSION_PLUS_25,4,16,102.57999999999902
FIRST_TRIANGLE_GOLD_EVIDENCE_XAUUSD_1751328000,220,55.0,62.5,25.0,COMMISSION_PLUS_25,5,13,109.05999999999949
FIRST_TRIANGLE_GOLD_EVIDENCE_XAUUSD_1751328000,220,55.0,62.5,25.0,COMMISSION_PLUS_25,6,14,196.3800000000001
FIRST_TRIANGLE_GOLD_EVIDENCE_XAUUSD_1751328000,220,55.0,62.5,25.0,COMMISSION_PLUS_25,7,33,162.4099999999994
FIRST_TRIANGLE_GOLD_EVIDENCE_XAUUSD_1751328000,220,55.0,62.5,25.0,COMMISSION_PLUS_25,8,20,214.01000000000067
FIRST_TRIANGLE_GOLD_EVIDENCE_XAUUSD_1751328000,220,55.0,62.5,25.0,COMMISSION_PLUS_25,9,9,-89.97999999999956
FIRST_TRIANGLE_GOLD_EVIDENCE_XAUUSD_1751328000,220,55.0,62.5,25.0,COMMISSION_PLUS_25,10,16,228.53999999999905
FIRST_TRIANGLE_GOLD_EVIDENCE_XAUUSD_1751328000,220,55.0,62.5,25.0,COMMISSION_PLUS_25,11,12,151.87999999999874
FIRST_TRIANGLE_GOLD_EVIDENCE_XAUUSD_1751328000,220,55.0,62.5,25.0,COMMISSION_PLUS_25,12,16,-48.45999999999913
FIRST_TRIANGLE_GOLD_EVIDENCE_XAUUSD_1751328000,221,55.0,62.5,25.0,COMBINED_STRESS,1,16,372.1100000000006
FIRST_TRIANGLE_GOLD_EVIDENCE_XAUUSD_1751328000,221,55.0,62.5,25.0,COMBINED_STRESS,2,14,471.8100000000013
FIRST_TRIANGLE_GOLD_EVIDENCE_XAUUSD_1751328000,221,55.0,62.5,25.0,COMBINED_STRESS,3,20,199.42999999999847
FIRST_TRIANGLE_GOLD_EVIDENCE_XAUUSD_1751328000,221,55.0,62.5,25.0,COMBINED_STRESS,4,16,102.57999999999902
FIRST_TRIANGLE_GOLD_EVIDENCE_XAUUSD_1751328000,221,55.0,62.5,25.0,COMBINED_STRESS,5,13,109.05999999999949
FIRST_TRIANGLE_GOLD_EVIDENCE_XAUUSD_1751328000,221,55.0,62.5,25.0,COMBINED_STRESS,6,14,196.3800000000001
FIRST_TRIANGLE_GOLD_EVIDENCE_XAUUSD_1751328000,221,55.0,62.5,25.0,COMBINED_STRESS,7,33,162.4099999999994
FIRST_TRIANGLE_GOLD_EVIDENCE_XAUUSD_1751328000,221,55.0,62.5,25.0,COMBINED_STRESS,8,20,214.01000000000067
FIRST_TRIANGLE_GOLD_EVIDENCE_XAUUSD_1751328000,221,55.0,62.5,25.0,COMBINED_STRESS,9,9,-89.97999999999956
FIRST_TRIANGLE_GOLD_EVIDENCE_XAUUSD_1751328000,221,55.0,62.5,25.0,COMBINED_STRESS,10,16,228.53999999999905
FIRST_TRIANGLE_GOLD_EVIDENCE_XAUUSD_1751328000,221,55.0,62.5,25.0,COMBINED_STRESS,11,12,151.87999999999874
FIRST_TRIANGLE_GOLD_EVIDENCE_XAUUSD_1751328000,221,55.0,62.5,25.0,COMBINED_STRESS,12,16,-48.45999999999913
FIRST_TRIANGLE_GOLD_EVIDENCE_XAUUSD_1751328000,222,55.0,62.5,27.5,BASE,1,16,352.1100000000006
FIRST_TRIANGLE_GOLD_EVIDENCE_XAUUSD_1751328000,222,55.0,62.5,27.5,BASE,2,14,449.3100000000013
FIRST_TRIANGLE_GOLD_EVIDENCE_XAUUSD_1751328000,222,55.0,62.5,27.5,BASE,3,20,174.42999999999847
FIRST_TRIANGLE_GOLD_EVIDENCE_XAUUSD_1751328000,222,55.0,62.5,27.5,BASE,4,16,140.95999999999913
FIRST_TRIANGLE_GOLD_EVIDENCE_XAUUSD_1751328000,222,55.0,62.5,27.5,BASE,5,13,99.05999999999949
FIRST_TRIANGLE_GOLD_EVIDENCE_XAUUSD_1751328000,222,55.0,62.5,27.5,BASE,6,14,181.3800000000001
FIRST_TRIANGLE_GOLD_EVIDENCE_XAUUSD_1751328000,222,55.0,62.5,27.5,BASE,7,33,168.42999999999938
FIRST_TRIANGLE_GOLD_EVIDENCE_XAUUSD_1751328000,222,55.0,62.5,27.5,BASE,8,20,206.51000000000067
FIRST_TRIANGLE_GOLD_EVIDENCE_XAUUSD_1751328000,222,55.0,62.5,27.5,BASE,9,9,-89.97999999999956
FIRST_TRIANGLE_GOLD_EVIDENCE_XAUUSD_1751328000,222,55.0,62.5,27.5,BASE,10,16,211.03999999999905
FIRST_TRIANGLE_GOLD_EVIDENCE_XAUUSD_1751328000,222,55.0,62.5,27.5,BASE,11,12,144.37999999999874
FIRST_TRIANGLE_GOLD_EVIDENCE_XAUUSD_1751328000,222,55.0,62.5,27.5,BASE,12,16,-55.95999999999913
FIRST_TRIANGLE_GOLD_EVIDENCE_XAUUSD_1751328000,223,55.0,62.5,27.5,SPREAD_PLUS_25,1,16,352.1100000000006
FIRST_TRIANGLE_GOLD_EVIDENCE_XAUUSD_1751328000,223,55.0,62.5,27.5,SPREAD_PLUS_25,2,14,449.3100000000013
FIRST_TRIANGLE_GOLD_EVIDENCE_XAUUSD_1751328000,223,55.0,62.5,27.5,SPREAD_PLUS_25,3,20,174.42999999999847
FIRST_TRIANGLE_GOLD_EVIDENCE_XAUUSD_1751328000,223,55.0,62.5,27.5,SPREAD_PLUS_25,4,16,140.95999999999913
FIRST_TRIANGLE_GOLD_EVIDENCE_XAUUSD_1751328000,223,55.0,62.5,27.5,SPREAD_PLUS_25,5,13,99.05999999999949
FIRST_TRIANGLE_GOLD_EVIDENCE_XAUUSD_1751328000,223,55.0,62.5,27.5,SPREAD_PLUS_25,6,14,181.3800000000001
FIRST_TRIANGLE_GOLD_EVIDENCE_XAUUSD_1751328000,223,55.0,62.5,27.5,SPREAD_PLUS_25,7,33,168.42999999999938
FIRST_TRIANGLE_GOLD_EVIDENCE_XAUUSD_1751328000,223,55.0,62.5,27.5,SPREAD_PLUS_25,8,20,206.51000000000067
FIRST_TRIANGLE_GOLD_EVIDENCE_XAUUSD_1751328000,223,55.0,62.5,27.5,SPREAD_PLUS_25,9,9,-89.97999999999956
FIRST_TRIANGLE_GOLD_EVIDENCE_XAUUSD_1751328000,223,55.0,62.5,27.5,SPREAD_PLUS_25,10,16,211.03999999999905
FIRST_TRIANGLE_GOLD_EVIDENCE_XAUUSD_1751328000,223,55.0,62.5,27.5,SPREAD_PLUS_25,11,12,144.37999999999874
FIRST_TRIANGLE_GOLD_EVIDENCE_XAUUSD_1751328000,223,55.0,62.5,27.5,SPREAD_PLUS_25,12,16,-55.95999999999913
FIRST_TRIANGLE_GOLD_EVIDENCE_XAUUSD_1751328000,224,55.0,62.5,27.5,SPREAD_PLUS_50,1,16,352.1100000000006
FIRST_TRIANGLE_GOLD_EVIDENCE_XAUUSD_1751328000,224,55.0,62.5,27.5,SPREAD_PLUS_50,2,14,449.3100000000013
FIRST_TRIANGLE_GOLD_EVIDENCE_XAUUSD_1751328000,224,55.0,62.5,27.5,SPREAD_PLUS_50,3,20,174.42999999999847
FIRST_TRIANGLE_GOLD_EVIDENCE_XAUUSD_1751328000,224,55.0,62.5,27.5,SPREAD_PLUS_50,4,16,140.95999999999913
FIRST_TRIANGLE_GOLD_EVIDENCE_XAUUSD_1751328000,224,55.0,62.5,27.5,SPREAD_PLUS_50,5,13,99.05999999999949
FIRST_TRIANGLE_GOLD_EVIDENCE_XAUUSD_1751328000,224,55.0,62.5,27.5,SPREAD_PLUS_50,6,14,181.3800000000001
FIRST_TRIANGLE_GOLD_EVIDENCE_XAUUSD_1751328000,224,55.0,62.5,27.5,SPREAD_PLUS_50,7,33,168.42999999999938
FIRST_TRIANGLE_GOLD_EVIDENCE_XAUUSD_1751328000,224,55.0,62.5,27.5,SPREAD_PLUS_50,8,20,206.51000000000067
FIRST_TRIANGLE_GOLD_EVIDENCE_XAUUSD_1751328000,224,55.0,62.5,27.5,SPREAD_PLUS_50,9,9,-89.97999999999956
FIRST_TRIANGLE_GOLD_EVIDENCE_XAUUSD_1751328000,224,55.0,62.5,27.5,SPREAD_PLUS_50,10,16,211.03999999999905
FIRST_TRIANGLE_GOLD_EVIDENCE_XAUUSD_1751328000,224,55.0,62.5,27.5,SPREAD_PLUS_50,11,12,144.37999999999874
FIRST_TRIANGLE_GOLD_EVIDENCE_XAUUSD_1751328000,224,55.0,62.5,27.5,SPREAD_PLUS_50,12,16,-55.95999999999913
FIRST_TRIANGLE_GOLD_EVIDENCE_XAUUSD_1751328000,225,55.0,62.5,27.5,SLIPPAGE_BASE,1,16,352.1100000000006
FIRST_TRIANGLE_GOLD_EVIDENCE_XAUUSD_1751328000,225,55.0,62.5,27.5,SLIPPAGE_BASE,2,14,449.3100000000013
FIRST_TRIANGLE_GOLD_EVIDENCE_XAUUSD_1751328000,225,55.0,62.5,27.5,SLIPPAGE_BASE,3,20,174.42999999999847
FIRST_TRIANGLE_GOLD_EVIDENCE_XAUUSD_1751328000,225,55.0,62.5,27.5,SLIPPAGE_BASE,4,16,140.95999999999913
FIRST_TRIANGLE_GOLD_EVIDENCE_XAUUSD_1751328000,225,55.0,62.5,27.5,SLIPPAGE_BASE,5,13,99.05999999999949
FIRST_TRIANGLE_GOLD_EVIDENCE_XAUUSD_1751328000,225,55.0,62.5,27.5,SLIPPAGE_BASE,6,14,181.3800000000001
FIRST_TRIANGLE_GOLD_EVIDENCE_XAUUSD_1751328000,225,55.0,62.5,27.5,SLIPPAGE_BASE,7,33,168.42999999999938
FIRST_TRIANGLE_GOLD_EVIDENCE_XAUUSD_1751328000,225,55.0,62.5,27.5,SLIPPAGE_BASE,8,20,206.51000000000067
FIRST_TRIANGLE_GOLD_EVIDENCE_XAUUSD_1751328000,225,55.0,62.5,27.5,SLIPPAGE_BASE,9,9,-89.97999999999956
FIRST_TRIANGLE_GOLD_EVIDENCE_XAUUSD_1751328000,225,55.0,62.5,27.5,SLIPPAGE_BASE,10,16,211.03999999999905
FIRST_TRIANGLE_GOLD_EVIDENCE_XAUUSD_1751328000,225,55.0,62.5,27.5,SLIPPAGE_BASE,11,12,144.37999999999874
FIRST_TRIANGLE_GOLD_EVIDENCE_XAUUSD_1751328000,225,55.0,62.5,27.5,SLIPPAGE_BASE,12,16,-55.95999999999913
FIRST_TRIANGLE_GOLD_EVIDENCE_XAUUSD_1751328000,226,55.0,62.5,27.5,COMMISSION_PLUS_25,1,16,352.1100000000006
FIRST_TRIANGLE_GOLD_EVIDENCE_XAUUSD_1751328000,226,55.0,62.5,27.5,COMMISSION_PLUS_25,2,14,449.3100000000013
FIRST_TRIANGLE_GOLD_EVIDENCE_XAUUSD_1751328000,226,55.0,62.5,27.5,COMMISSION_PLUS_25,3,20,174.42999999999847
FIRST_TRIANGLE_GOLD_EVIDENCE_XAUUSD_1751328000,226,55.0,62.5,27.5,COMMISSION_PLUS_25,4,16,140.95999999999913
FIRST_TRIANGLE_GOLD_EVIDENCE_XAUUSD_1751328000,226,55.0,62.5,27.5,COMMISSION_PLUS_25,5,13,99.05999999999949
FIRST_TRIANGLE_GOLD_EVIDENCE_XAUUSD_1751328000,226,55.0,62.5,27.5,COMMISSION_PLUS_25,6,14,181.3800000000001
FIRST_TRIANGLE_GOLD_EVIDENCE_XAUUSD_1751328000,226,55.0,62.5,27.5,COMMISSION_PLUS_25,7,33,168.42999999999938
FIRST_TRIANGLE_GOLD_EVIDENCE_XAUUSD_1751328000,226,55.0,62.5,27.5,COMMISSION_PLUS_25,8,20,206.51000000000067
FIRST_TRIANGLE_GOLD_EVIDENCE_XAUUSD_1751328000,226,55.0,62.5,27.5,COMMISSION_PLUS_25,9,9,-89.97999999999956
FIRST_TRIANGLE_GOLD_EVIDENCE_XAUUSD_1751328000,226,55.0,62.5,27.5,COMMISSION_PLUS_25,10,16,211.03999999999905
FIRST_TRIANGLE_GOLD_EVIDENCE_XAUUSD_1751328000,226,55.0,62.5,27.5,COMMISSION_PLUS_25,11,12,144.37999999999874
FIRST_TRIANGLE_GOLD_EVIDENCE_XAUUSD_1751328000,226,55.0,62.5,27.5,COMMISSION_PLUS_25,12,16,-55.95999999999913
FIRST_TRIANGLE_GOLD_EVIDENCE_XAUUSD_1751328000,227,55.0,62.5,27.5,COMBINED_STRESS,1,16,352.1100000000006
FIRST_TRIANGLE_GOLD_EVIDENCE_XAUUSD_1751328000,227,55.0,62.5,27.5,COMBINED_STRESS,2,14,449.3100000000013
FIRST_TRIANGLE_GOLD_EVIDENCE_XAUUSD_1751328000,227,55.0,62.5,27.5,COMBINED_STRESS,3,20,174.42999999999847
FIRST_TRIANGLE_GOLD_EVIDENCE_XAUUSD_1751328000,227,55.0,62.5,27.5,COMBINED_STRESS,4,16,140.95999999999913
FIRST_TRIANGLE_GOLD_EVIDENCE_XAUUSD_1751328000,227,55.0,62.5,27.5,COMBINED_STRESS,5,13,99.05999999999949
FIRST_TRIANGLE_GOLD_EVIDENCE_XAUUSD_1751328000,227,55.0,62.5,27.5,COMBINED_STRESS,6,14,181.3800000000001
FIRST_TRIANGLE_GOLD_EVIDENCE_XAUUSD_1751328000,227,55.0,62.5,27.5,COMBINED_STRESS,7,33,168.42999999999938
FIRST_TRIANGLE_GOLD_EVIDENCE_XAUUSD_1751328000,227,55.0,62.5,27.5,COMBINED_STRESS,8,20,206.51000000000067
FIRST_TRIANGLE_GOLD_EVIDENCE_XAUUSD_1751328000,227,55.0,62.5,27.5,COMBINED_STRESS,9,9,-89.97999999999956
FIRST_TRIANGLE_GOLD_EVIDENCE_XAUUSD_1751328000,227,55.0,62.5,27.5,COMBINED_STRESS,10,16,211.03999999999905
FIRST_TRIANGLE_GOLD_EVIDENCE_XAUUSD_1751328000,227,55.0,62.5,27.5,COMBINED_STRESS,11,12,144.37999999999874
FIRST_TRIANGLE_GOLD_EVIDENCE_XAUUSD_1751328000,227,55.0,62.5,27.5,COMBINED_STRESS,12,16,-55.95999999999913
FIRST_TRIANGLE_GOLD_EVIDENCE_XAUUSD_1751328000,228,55.0,62.5,30.0,BASE,1,16,486.52000000000135
FIRST_TRIANGLE_GOLD_EVIDENCE_XAUUSD_1751328000,228,55.0,62.5,30.0,BASE,2,14,462.1300000000019
FIRST_TRIANGLE_GOLD_EVIDENCE_XAUUSD_1751328000,228,55.0,62.5,30.0,BASE,3,20,153.67999999999847
FIRST_TRIANGLE_GOLD_EVIDENCE_XAUUSD_1751328000,228,55.0,62.5,30.0,BASE,4,16,125.95999999999913
FIRST_TRIANGLE_GOLD_EVIDENCE_XAUUSD_1751328000,228,55.0,62.5,30.0,BASE,5,13,89.05999999999949
FIRST_TRIANGLE_GOLD_EVIDENCE_XAUUSD_1751328000,228,55.0,62.5,30.0,BASE,6,14,166.3800000000001
FIRST_TRIANGLE_GOLD_EVIDENCE_XAUUSD_1751328000,228,55.0,62.5,30.0,BASE,7,33,155.92999999999938
FIRST_TRIANGLE_GOLD_EVIDENCE_XAUUSD_1751328000,228,55.0,62.5,30.0,BASE,8,20,232.9700000000007
FIRST_TRIANGLE_GOLD_EVIDENCE_XAUUSD_1751328000,228,55.0,62.5,30.0,BASE,9,9,-89.97999999999956
FIRST_TRIANGLE_GOLD_EVIDENCE_XAUUSD_1751328000,228,55.0,62.5,30.0,BASE,10,16,201.0099999999993
FIRST_TRIANGLE_GOLD_EVIDENCE_XAUUSD_1751328000,228,55.0,62.5,30.0,BASE,11,12,136.87999999999874
FIRST_TRIANGLE_GOLD_EVIDENCE_XAUUSD_1751328000,228,55.0,62.5,30.0,BASE,12,16,-63.45999999999913
FIRST_TRIANGLE_GOLD_EVIDENCE_XAUUSD_1751328000,229,55.0,62.5,30.0,SPREAD_PLUS_25,1,16,486.52000000000135
FIRST_TRIANGLE_GOLD_EVIDENCE_XAUUSD_1751328000,229,55.0,62.5,30.0,SPREAD_PLUS_25,2,14,462.1300000000019
FIRST_TRIANGLE_GOLD_EVIDENCE_XAUUSD_1751328000,229,55.0,62.5,30.0,SPREAD_PLUS_25,3,20,153.67999999999847
FIRST_TRIANGLE_GOLD_EVIDENCE_XAUUSD_1751328000,229,55.0,62.5,30.0,SPREAD_PLUS_25,4,16,125.95999999999913
FIRST_TRIANGLE_GOLD_EVIDENCE_XAUUSD_1751328000,229,55.0,62.5,30.0,SPREAD_PLUS_25,5,13,89.05999999999949
FIRST_TRIANGLE_GOLD_EVIDENCE_XAUUSD_1751328000,229,55.0,62.5,30.0,SPREAD_PLUS_25,6,14,166.3800000000001
FIRST_TRIANGLE_GOLD_EVIDENCE_XAUUSD_1751328000,229,55.0,62.5,30.0,SPREAD_PLUS_25,7,33,155.92999999999938
FIRST_TRIANGLE_GOLD_EVIDENCE_XAUUSD_1751328000,229,55.0,62.5,30.0,SPREAD_PLUS_25,8,20,232.9700000000007
FIRST_TRIANGLE_GOLD_EVIDENCE_XAUUSD_1751328000,229,55.0,62.5,30.0,SPREAD_PLUS_25,9,9,-89.97999999999956
FIRST_TRIANGLE_GOLD_EVIDENCE_XAUUSD_1751328000,229,55.0,62.5,30.0,SPREAD_PLUS_25,10,16,201.0099999999993
FIRST_TRIANGLE_GOLD_EVIDENCE_XAUUSD_1751328000,229,55.0,62.5,30.0,SPREAD_PLUS_25,11,12,136.87999999999874
FIRST_TRIANGLE_GOLD_EVIDENCE_XAUUSD_1751328000,229,55.0,62.5,30.0,SPREAD_PLUS_25,12,16,-63.45999999999913
FIRST_TRIANGLE_GOLD_EVIDENCE_XAUUSD_1751328000,230,55.0,62.5,30.0,SPREAD_PLUS_50,1,16,486.52000000000135
FIRST_TRIANGLE_GOLD_EVIDENCE_XAUUSD_1751328000,230,55.0,62.5,30.0,SPREAD_PLUS_50,2,14,462.1300000000019
FIRST_TRIANGLE_GOLD_EVIDENCE_XAUUSD_1751328000,230,55.0,62.5,30.0,SPREAD_PLUS_50,3,20,153.67999999999847
FIRST_TRIANGLE_GOLD_EVIDENCE_XAUUSD_1751328000,230,55.0,62.5,30.0,SPREAD_PLUS_50,4,16,125.95999999999913
FIRST_TRIANGLE_GOLD_EVIDENCE_XAUUSD_1751328000,230,55.0,62.5,30.0,SPREAD_PLUS_50,5,13,89.05999999999949
FIRST_TRIANGLE_GOLD_EVIDENCE_XAUUSD_1751328000,230,55.0,62.5,30.0,SPREAD_PLUS_50,6,14,166.3800000000001
FIRST_TRIANGLE_GOLD_EVIDENCE_XAUUSD_1751328000,230,55.0,62.5,30.0,SPREAD_PLUS_50,7,33,155.92999999999938
FIRST_TRIANGLE_GOLD_EVIDENCE_XAUUSD_1751328000,230,55.0,62.5,30.0,SPREAD_PLUS_50,8,20,232.9700000000007
FIRST_TRIANGLE_GOLD_EVIDENCE_XAUUSD_1751328000,230,55.0,62.5,30.0,SPREAD_PLUS_50,9,9,-89.97999999999956
FIRST_TRIANGLE_GOLD_EVIDENCE_XAUUSD_1751328000,230,55.0,62.5,30.0,SPREAD_PLUS_50,10,16,201.0099999999993
FIRST_TRIANGLE_GOLD_EVIDENCE_XAUUSD_1751328000,230,55.0,62.5,30.0,SPREAD_PLUS_50,11,12,136.87999999999874
FIRST_TRIANGLE_GOLD_EVIDENCE_XAUUSD_1751328000,230,55.0,62.5,30.0,SPREAD_PLUS_50,12,16,-63.45999999999913
FIRST_TRIANGLE_GOLD_EVIDENCE_XAUUSD_1751328000,231,55.0,62.5,30.0,SLIPPAGE_BASE,1,16,486.52000000000135
FIRST_TRIANGLE_GOLD_EVIDENCE_XAUUSD_1751328000,231,55.0,62.5,30.0,SLIPPAGE_BASE,2,14,462.1300000000019
FIRST_TRIANGLE_GOLD_EVIDENCE_XAUUSD_1751328000,231,55.0,62.5,30.0,SLIPPAGE_BASE,3,20,153.67999999999847
FIRST_TRIANGLE_GOLD_EVIDENCE_XAUUSD_1751328000,231,55.0,62.5,30.0,SLIPPAGE_BASE,4,16,125.95999999999913
FIRST_TRIANGLE_GOLD_EVIDENCE_XAUUSD_1751328000,231,55.0,62.5,30.0,SLIPPAGE_BASE,5,13,89.05999999999949
FIRST_TRIANGLE_GOLD_EVIDENCE_XAUUSD_1751328000,231,55.0,62.5,30.0,SLIPPAGE_BASE,6,14,166.3800000000001
FIRST_TRIANGLE_GOLD_EVIDENCE_XAUUSD_1751328000,231,55.0,62.5,30.0,SLIPPAGE_BASE,7,33,155.92999999999938
FIRST_TRIANGLE_GOLD_EVIDENCE_XAUUSD_1751328000,231,55.0,62.5,30.0,SLIPPAGE_BASE,8,20,232.9700000000007
FIRST_TRIANGLE_GOLD_EVIDENCE_XAUUSD_1751328000,231,55.0,62.5,30.0,SLIPPAGE_BASE,9,9,-89.97999999999956
FIRST_TRIANGLE_GOLD_EVIDENCE_XAUUSD_1751328000,231,55.0,62.5,30.0,SLIPPAGE_BASE,10,16,201.0099999999993
FIRST_TRIANGLE_GOLD_EVIDENCE_XAUUSD_1751328000,231,55.0,62.5,30.0,SLIPPAGE_BASE,11,12,136.87999999999874
FIRST_TRIANGLE_GOLD_EVIDENCE_XAUUSD_1751328000,231,55.0,62.5,30.0,SLIPPAGE_BASE,12,16,-63.45999999999913
FIRST_TRIANGLE_GOLD_EVIDENCE_XAUUSD_1751328000,232,55.0,62.5,30.0,COMMISSION_PLUS_25,1,16,486.52000000000135
FIRST_TRIANGLE_GOLD_EVIDENCE_XAUUSD_1751328000,232,55.0,62.5,30.0,COMMISSION_PLUS_25,2,14,462.1300000000019
FIRST_TRIANGLE_GOLD_EVIDENCE_XAUUSD_1751328000,232,55.0,62.5,30.0,COMMISSION_PLUS_25,3,20,153.67999999999847
FIRST_TRIANGLE_GOLD_EVIDENCE_XAUUSD_1751328000,232,55.0,62.5,30.0,COMMISSION_PLUS_25,4,16,125.95999999999913
FIRST_TRIANGLE_GOLD_EVIDENCE_XAUUSD_1751328000,232,55.0,62.5,30.0,COMMISSION_PLUS_25,5,13,89.05999999999949
FIRST_TRIANGLE_GOLD_EVIDENCE_XAUUSD_1751328000,232,55.0,62.5,30.0,COMMISSION_PLUS_25,6,14,166.3800000000001
FIRST_TRIANGLE_GOLD_EVIDENCE_XAUUSD_1751328000,232,55.0,62.5,30.0,COMMISSION_PLUS_25,7,33,155.92999999999938
FIRST_TRIANGLE_GOLD_EVIDENCE_XAUUSD_1751328000,232,55.0,62.5,30.0,COMMISSION_PLUS_25,8,20,232.9700000000007
FIRST_TRIANGLE_GOLD_EVIDENCE_XAUUSD_1751328000,232,55.0,62.5,30.0,COMMISSION_PLUS_25,9,9,-89.97999999999956
FIRST_TRIANGLE_GOLD_EVIDENCE_XAUUSD_1751328000,232,55.0,62.5,30.0,COMMISSION_PLUS_25,10,16,201.0099999999993
FIRST_TRIANGLE_GOLD_EVIDENCE_XAUUSD_1751328000,232,55.0,62.5,30.0,COMMISSION_PLUS_25,11,12,136.87999999999874
FIRST_TRIANGLE_GOLD_EVIDENCE_XAUUSD_1751328000,232,55.0,62.5,30.0,COMMISSION_PLUS_25,12,16,-63.45999999999913
FIRST_TRIANGLE_GOLD_EVIDENCE_XAUUSD_1751328000,233,55.0,62.5,30.0,COMBINED_STRESS,1,16,486.52000000000135
FIRST_TRIANGLE_GOLD_EVIDENCE_XAUUSD_1751328000,233,55.0,62.5,30.0,COMBINED_STRESS,2,14,462.1300000000019
FIRST_TRIANGLE_GOLD_EVIDENCE_XAUUSD_1751328000,233,55.0,62.5,30.0,COMBINED_STRESS,3,20,153.67999999999847
FIRST_TRIANGLE_GOLD_EVIDENCE_XAUUSD_1751328000,233,55.0,62.5,30.0,COMBINED_STRESS,4,16,125.95999999999913
FIRST_TRIANGLE_GOLD_EVIDENCE_XAUUSD_1751328000,233,55.0,62.5,30.0,COMBINED_STRESS,5,13,89.05999999999949
FIRST_TRIANGLE_GOLD_EVIDENCE_XAUUSD_1751328000,233,55.0,62.5,30.0,COMBINED_STRESS,6,14,166.3800000000001
FIRST_TRIANGLE_GOLD_EVIDENCE_XAUUSD_1751328000,233,55.0,62.5,30.0,COMBINED_STRESS,7,33,155.92999999999938
FIRST_TRIANGLE_GOLD_EVIDENCE_XAUUSD_1751328000,233,55.0,62.5,30.0,COMBINED_STRESS,8,20,232.9700000000007
FIRST_TRIANGLE_GOLD_EVIDENCE_XAUUSD_1751328000,233,55.0,62.5,30.0,COMBINED_STRESS,9,9,-89.97999999999956
FIRST_TRIANGLE_GOLD_EVIDENCE_XAUUSD_1751328000,233,55.0,62.5,30.0,COMBINED_STRESS,10,16,201.0099999999993
FIRST_TRIANGLE_GOLD_EVIDENCE_XAUUSD_1751328000,233,55.0,62.5,30.0,COMBINED_STRESS,11,12,136.87999999999874
FIRST_TRIANGLE_GOLD_EVIDENCE_XAUUSD_1751328000,233,55.0,62.5,30.0,COMBINED_STRESS,12,16,-63.45999999999913
FIRST_TRIANGLE_GOLD_EVIDENCE_XAUUSD_1751328000,234,55.0,62.5,32.5,BASE,1,16,466.5400000000009
FIRST_TRIANGLE_GOLD_EVIDENCE_XAUUSD_1751328000,234,55.0,62.5,32.5,BASE,2,14,439.6300000000019
FIRST_TRIANGLE_GOLD_EVIDENCE_XAUUSD_1751328000,234,55.0,62.5,32.5,BASE,3,20,137.0699999999988
FIRST_TRIANGLE_GOLD_EVIDENCE_XAUUSD_1751328000,234,55.0,62.5,32.5,BASE,4,16,110.95999999999913
FIRST_TRIANGLE_GOLD_EVIDENCE_XAUUSD_1751328000,234,55.0,62.5,32.5,BASE,5,13,131.09000000000015
FIRST_TRIANGLE_GOLD_EVIDENCE_XAUUSD_1751328000,234,55.0,62.5,32.5,BASE,6,14,151.3800000000001
FIRST_TRIANGLE_GOLD_EVIDENCE_XAUUSD_1751328000,234,55.0,62.5,32.5,BASE,7,33,143.42999999999938
FIRST_TRIANGLE_GOLD_EVIDENCE_XAUUSD_1751328000,234,55.0,62.5,32.5,BASE,8,20,277.19000000000005
FIRST_TRIANGLE_GOLD_EVIDENCE_XAUUSD_1751328000,234,55.0,62.5,32.5,BASE,9,9,-89.97999999999956
FIRST_TRIANGLE_GOLD_EVIDENCE_XAUUSD_1751328000,234,55.0,62.5,32.5,BASE,10,16,183.5099999999993
FIRST_TRIANGLE_GOLD_EVIDENCE_XAUUSD_1751328000,234,55.0,62.5,32.5,BASE,11,12,172.3599999999983
FIRST_TRIANGLE_GOLD_EVIDENCE_XAUUSD_1751328000,234,55.0,62.5,32.5,BASE,12,16,-70.95999999999913
FIRST_TRIANGLE_GOLD_EVIDENCE_XAUUSD_1751328000,235,55.0,62.5,32.5,SPREAD_PLUS_25,1,16,466.5400000000009
FIRST_TRIANGLE_GOLD_EVIDENCE_XAUUSD_1751328000,235,55.0,62.5,32.5,SPREAD_PLUS_25,2,14,439.6300000000019
FIRST_TRIANGLE_GOLD_EVIDENCE_XAUUSD_1751328000,235,55.0,62.5,32.5,SPREAD_PLUS_25,3,20,137.0699999999988
FIRST_TRIANGLE_GOLD_EVIDENCE_XAUUSD_1751328000,235,55.0,62.5,32.5,SPREAD_PLUS_25,4,16,110.95999999999913
FIRST_TRIANGLE_GOLD_EVIDENCE_XAUUSD_1751328000,235,55.0,62.5,32.5,SPREAD_PLUS_25,5,13,131.09000000000015
FIRST_TRIANGLE_GOLD_EVIDENCE_XAUUSD_1751328000,235,55.0,62.5,32.5,SPREAD_PLUS_25,6,14,151.3800000000001
FIRST_TRIANGLE_GOLD_EVIDENCE_XAUUSD_1751328000,235,55.0,62.5,32.5,SPREAD_PLUS_25,7,33,143.42999999999938
FIRST_TRIANGLE_GOLD_EVIDENCE_XAUUSD_1751328000,235,55.0,62.5,32.5,SPREAD_PLUS_25,8,20,277.19000000000005
FIRST_TRIANGLE_GOLD_EVIDENCE_XAUUSD_1751328000,235,55.0,62.5,32.5,SPREAD_PLUS_25,9,9,-89.97999999999956
FIRST_TRIANGLE_GOLD_EVIDENCE_XAUUSD_1751328000,235,55.0,62.5,32.5,SPREAD_PLUS_25,10,16,183.5099999999993
FIRST_TRIANGLE_GOLD_EVIDENCE_XAUUSD_1751328000,235,55.0,62.5,32.5,SPREAD_PLUS_25,11,12,172.3599999999983
FIRST_TRIANGLE_GOLD_EVIDENCE_XAUUSD_1751328000,235,55.0,62.5,32.5,SPREAD_PLUS_25,12,16,-70.95999999999913
FIRST_TRIANGLE_GOLD_EVIDENCE_XAUUSD_1751328000,236,55.0,62.5,32.5,SPREAD_PLUS_50,1,16,466.5400000000009
FIRST_TRIANGLE_GOLD_EVIDENCE_XAUUSD_1751328000,236,55.0,62.5,32.5,SPREAD_PLUS_50,2,14,439.6300000000019
FIRST_TRIANGLE_GOLD_EVIDENCE_XAUUSD_1751328000,236,55.0,62.5,32.5,SPREAD_PLUS_50,3,20,137.0699999999988
FIRST_TRIANGLE_GOLD_EVIDENCE_XAUUSD_1751328000,236,55.0,62.5,32.5,SPREAD_PLUS_50,4,16,110.95999999999913
FIRST_TRIANGLE_GOLD_EVIDENCE_XAUUSD_1751328000,236,55.0,62.5,32.5,SPREAD_PLUS_50,5,13,131.09000000000015
FIRST_TRIANGLE_GOLD_EVIDENCE_XAUUSD_1751328000,236,55.0,62.5,32.5,SPREAD_PLUS_50,6,14,151.3800000000001
FIRST_TRIANGLE_GOLD_EVIDENCE_XAUUSD_1751328000,236,55.0,62.5,32.5,SPREAD_PLUS_50,7,33,143.42999999999938
FIRST_TRIANGLE_GOLD_EVIDENCE_XAUUSD_1751328000,236,55.0,62.5,32.5,SPREAD_PLUS_50,8,20,277.19000000000005
FIRST_TRIANGLE_GOLD_EVIDENCE_XAUUSD_1751328000,236,55.0,62.5,32.5,SPREAD_PLUS_50,9,9,-89.97999999999956
FIRST_TRIANGLE_GOLD_EVIDENCE_XAUUSD_1751328000,236,55.0,62.5,32.5,SPREAD_PLUS_50,10,16,183.5099999999993
FIRST_TRIANGLE_GOLD_EVIDENCE_XAUUSD_1751328000,236,55.0,62.5,32.5,SPREAD_PLUS_50,11,12,172.3599999999983
FIRST_TRIANGLE_GOLD_EVIDENCE_XAUUSD_1751328000,236,55.0,62.5,32.5,SPREAD_PLUS_50,12,16,-70.95999999999913
FIRST_TRIANGLE_GOLD_EVIDENCE_XAUUSD_1751328000,237,55.0,62.5,32.5,SLIPPAGE_BASE,1,16,466.5400000000009
FIRST_TRIANGLE_GOLD_EVIDENCE_XAUUSD_1751328000,237,55.0,62.5,32.5,SLIPPAGE_BASE,2,14,439.6300000000019
FIRST_TRIANGLE_GOLD_EVIDENCE_XAUUSD_1751328000,237,55.0,62.5,32.5,SLIPPAGE_BASE,3,20,137.0699999999988
FIRST_TRIANGLE_GOLD_EVIDENCE_XAUUSD_1751328000,237,55.0,62.5,32.5,SLIPPAGE_BASE,4,16,110.95999999999913
FIRST_TRIANGLE_GOLD_EVIDENCE_XAUUSD_1751328000,237,55.0,62.5,32.5,SLIPPAGE_BASE,5,13,131.09000000000015
FIRST_TRIANGLE_GOLD_EVIDENCE_XAUUSD_1751328000,237,55.0,62.5,32.5,SLIPPAGE_BASE,6,14,151.3800000000001
FIRST_TRIANGLE_GOLD_EVIDENCE_XAUUSD_1751328000,237,55.0,62.5,32.5,SLIPPAGE_BASE,7,33,143.42999999999938
FIRST_TRIANGLE_GOLD_EVIDENCE_XAUUSD_1751328000,237,55.0,62.5,32.5,SLIPPAGE_BASE,8,20,277.19000000000005
FIRST_TRIANGLE_GOLD_EVIDENCE_XAUUSD_1751328000,237,55.0,62.5,32.5,SLIPPAGE_BASE,9,9,-89.97999999999956
FIRST_TRIANGLE_GOLD_EVIDENCE_XAUUSD_1751328000,237,55.0,62.5,32.5,SLIPPAGE_BASE,10,16,183.5099999999993
FIRST_TRIANGLE_GOLD_EVIDENCE_XAUUSD_1751328000,237,55.0,62.5,32.5,SLIPPAGE_BASE,11,12,172.3599999999983
FIRST_TRIANGLE_GOLD_EVIDENCE_XAUUSD_1751328000,237,55.0,62.5,32.5,SLIPPAGE_BASE,12,16,-70.95999999999913
FIRST_TRIANGLE_GOLD_EVIDENCE_XAUUSD_1751328000,238,55.0,62.5,32.5,COMMISSION_PLUS_25,1,16,466.5400000000009
FIRST_TRIANGLE_GOLD_EVIDENCE_XAUUSD_1751328000,238,55.0,62.5,32.5,COMMISSION_PLUS_25,2,14,439.6300000000019
FIRST_TRIANGLE_GOLD_EVIDENCE_XAUUSD_1751328000,238,55.0,62.5,32.5,COMMISSION_PLUS_25,3,20,137.0699999999988
FIRST_TRIANGLE_GOLD_EVIDENCE_XAUUSD_1751328000,238,55.0,62.5,32.5,COMMISSION_PLUS_25,4,16,110.95999999999913
FIRST_TRIANGLE_GOLD_EVIDENCE_XAUUSD_1751328000,238,55.0,62.5,32.5,COMMISSION_PLUS_25,5,13,131.09000000000015
FIRST_TRIANGLE_GOLD_EVIDENCE_XAUUSD_1751328000,238,55.0,62.5,32.5,COMMISSION_PLUS_25,6,14,151.3800000000001
FIRST_TRIANGLE_GOLD_EVIDENCE_XAUUSD_1751328000,238,55.0,62.5,32.5,COMMISSION_PLUS_25,7,33,143.42999999999938
FIRST_TRIANGLE_GOLD_EVIDENCE_XAUUSD_1751328000,238,55.0,62.5,32.5,COMMISSION_PLUS_25,8,20,277.19000000000005
FIRST_TRIANGLE_GOLD_EVIDENCE_XAUUSD_1751328000,238,55.0,62.5,32.5,COMMISSION_PLUS_25,9,9,-89.97999999999956
FIRST_TRIANGLE_GOLD_EVIDENCE_XAUUSD_1751328000,238,55.0,62.5,32.5,COMMISSION_PLUS_25,10,16,183.5099999999993
FIRST_TRIANGLE_GOLD_EVIDENCE_XAUUSD_1751328000,238,55.0,62.5,32.5,COMMISSION_PLUS_25,11,12,172.3599999999983
FIRST_TRIANGLE_GOLD_EVIDENCE_XAUUSD_1751328000,238,55.0,62.5,32.5,COMMISSION_PLUS_25,12,16,-70.95999999999913
FIRST_TRIANGLE_GOLD_EVIDENCE_XAUUSD_1751328000,239,55.0,62.5,32.5,COMBINED_STRESS,1,16,466.5400000000009
FIRST_TRIANGLE_GOLD_EVIDENCE_XAUUSD_1751328000,239,55.0,62.5,32.5,COMBINED_STRESS,2,14,439.6300000000019
FIRST_TRIANGLE_GOLD_EVIDENCE_XAUUSD_1751328000,239,55.0,62.5,32.5,COMBINED_STRESS,3,20,137.0699999999988
FIRST_TRIANGLE_GOLD_EVIDENCE_XAUUSD_1751328000,239,55.0,62.5,32.5,COMBINED_STRESS,4,16,110.95999999999913
FIRST_TRIANGLE_GOLD_EVIDENCE_XAUUSD_1751328000,239,55.0,62.5,32.5,COMBINED_STRESS,5,13,131.09000000000015
FIRST_TRIANGLE_GOLD_EVIDENCE_XAUUSD_1751328000,239,55.0,62.5,32.5,COMBINED_STRESS,6,14,151.3800000000001
FIRST_TRIANGLE_GOLD_EVIDENCE_XAUUSD_1751328000,239,55.0,62.5,32.5,COMBINED_STRESS,7,33,143.42999999999938
FIRST_TRIANGLE_GOLD_EVIDENCE_XAUUSD_1751328000,239,55.0,62.5,32.5,COMBINED_STRESS,8,20,277.19000000000005
FIRST_TRIANGLE_GOLD_EVIDENCE_XAUUSD_1751328000,239,55.0,62.5,32.5,COMBINED_STRESS,9,9,-89.97999999999956
FIRST_TRIANGLE_GOLD_EVIDENCE_XAUUSD_1751328000,239,55.0,62.5,32.5,COMBINED_STRESS,10,16,183.5099999999993
FIRST_TRIANGLE_GOLD_EVIDENCE_XAUUSD_1751328000,239,55.0,62.5,32.5,COMBINED_STRESS,11,12,172.3599999999983
FIRST_TRIANGLE_GOLD_EVIDENCE_XAUUSD_1751328000,239,55.0,62.5,32.5,COMBINED_STRESS,12,16,-70.95999999999913
FIRST_TRIANGLE_GOLD_EVIDENCE_XAUUSD_1751328000,240,55.0,62.5,35.0,BASE,1,16,567.5500000000011
FIRST_TRIANGLE_GOLD_EVIDENCE_XAUUSD_1751328000,240,55.0,62.5,35.0,BASE,2,14,417.1300000000019
FIRST_TRIANGLE_GOLD_EVIDENCE_XAUUSD_1751328000,240,55.0,62.5,35.0,BASE,3,20,139.78999999999905
FIRST_TRIANGLE_GOLD_EVIDENCE_XAUUSD_1751328000,240,55.0,62.5,35.0,BASE,4,16,150.9399999999987
FIRST_TRIANGLE_GOLD_EVIDENCE_XAUUSD_1751328000,240,55.0,62.5,35.0,BASE,5,13,121.09000000000015
FIRST_TRIANGLE_GOLD_EVIDENCE_XAUUSD_1751328000,240,55.0,62.5,35.0,BASE,6,14,138.77000000000044
FIRST_TRIANGLE_GOLD_EVIDENCE_XAUUSD_1751328000,240,55.0,62.5,35.0,BASE,7,33,155.28999999999996
FIRST_TRIANGLE_GOLD_EVIDENCE_XAUUSD_1751328000,240,55.0,62.5,35.0,BASE,8,20,269.69000000000005
FIRST_TRIANGLE_GOLD_EVIDENCE_XAUUSD_1751328000,240,55.0,62.5,35.0,BASE,9,9,-89.97999999999956
FIRST_TRIANGLE_GOLD_EVIDENCE_XAUUSD_1751328000,240,55.0,62.5,35.0,BASE,10,16,302.4399999999996
FIRST_TRIANGLE_GOLD_EVIDENCE_XAUUSD_1751328000,240,55.0,62.5,35.0,BASE,11,12,164.8599999999983
FIRST_TRIANGLE_GOLD_EVIDENCE_XAUUSD_1751328000,240,55.0,62.5,35.0,BASE,12,16,-78.45999999999913
FIRST_TRIANGLE_GOLD_EVIDENCE_XAUUSD_1751328000,241,55.0,62.5,35.0,SPREAD_PLUS_25,1,16,567.5500000000011
FIRST_TRIANGLE_GOLD_EVIDENCE_XAUUSD_1751328000,241,55.0,62.5,35.0,SPREAD_PLUS_25,2,14,417.1300000000019
FIRST_TRIANGLE_GOLD_EVIDENCE_XAUUSD_1751328000,241,55.0,62.5,35.0,SPREAD_PLUS_25,3,20,139.78999999999905
FIRST_TRIANGLE_GOLD_EVIDENCE_XAUUSD_1751328000,241,55.0,62.5,35.0,SPREAD_PLUS_25,4,16,150.9399999999987
FIRST_TRIANGLE_GOLD_EVIDENCE_XAUUSD_1751328000,241,55.0,62.5,35.0,SPREAD_PLUS_25,5,13,121.09000000000015
FIRST_TRIANGLE_GOLD_EVIDENCE_XAUUSD_1751328000,241,55.0,62.5,35.0,SPREAD_PLUS_25,6,14,138.77000000000044
FIRST_TRIANGLE_GOLD_EVIDENCE_XAUUSD_1751328000,241,55.0,62.5,35.0,SPREAD_PLUS_25,7,33,155.28999999999996
FIRST_TRIANGLE_GOLD_EVIDENCE_XAUUSD_1751328000,241,55.0,62.5,35.0,SPREAD_PLUS_25,8,20,269.69000000000005
FIRST_TRIANGLE_GOLD_EVIDENCE_XAUUSD_1751328000,241,55.0,62.5,35.0,SPREAD_PLUS_25,9,9,-89.97999999999956
FIRST_TRIANGLE_GOLD_EVIDENCE_XAUUSD_1751328000,241,55.0,62.5,35.0,SPREAD_PLUS_25,10,16,302.4399999999996
FIRST_TRIANGLE_GOLD_EVIDENCE_XAUUSD_1751328000,241,55.0,62.5,35.0,SPREAD_PLUS_25,11,12,164.8599999999983
FIRST_TRIANGLE_GOLD_EVIDENCE_XAUUSD_1751328000,241,55.0,62.5,35.0,SPREAD_PLUS_25,12,16,-78.45999999999913
FIRST_TRIANGLE_GOLD_EVIDENCE_XAUUSD_1751328000,242,55.0,62.5,35.0,SPREAD_PLUS_50,1,16,567.5500000000011
FIRST_TRIANGLE_GOLD_EVIDENCE_XAUUSD_1751328000,242,55.0,62.5,35.0,SPREAD_PLUS_50,2,14,417.1300000000019
FIRST_TRIANGLE_GOLD_EVIDENCE_XAUUSD_1751328000,242,55.0,62.5,35.0,SPREAD_PLUS_50,3,20,139.78999999999905
FIRST_TRIANGLE_GOLD_EVIDENCE_XAUUSD_1751328000,242,55.0,62.5,35.0,SPREAD_PLUS_50,4,16,150.9399999999987
FIRST_TRIANGLE_GOLD_EVIDENCE_XAUUSD_1751328000,242,55.0,62.5,35.0,SPREAD_PLUS_50,5,13,121.09000000000015
FIRST_TRIANGLE_GOLD_EVIDENCE_XAUUSD_1751328000,242,55.0,62.5,35.0,SPREAD_PLUS_50,6,14,138.77000000000044
FIRST_TRIANGLE_GOLD_EVIDENCE_XAUUSD_1751328000,242,55.0,62.5,35.0,SPREAD_PLUS_50,7,33,155.28999999999996
FIRST_TRIANGLE_GOLD_EVIDENCE_XAUUSD_1751328000,242,55.0,62.5,35.0,SPREAD_PLUS_50,8,20,269.69000000000005
FIRST_TRIANGLE_GOLD_EVIDENCE_XAUUSD_1751328000,242,55.0,62.5,35.0,SPREAD_PLUS_50,9,9,-89.97999999999956
FIRST_TRIANGLE_GOLD_EVIDENCE_XAUUSD_1751328000,242,55.0,62.5,35.0,SPREAD_PLUS_50,10,16,302.4399999999996
FIRST_TRIANGLE_GOLD_EVIDENCE_XAUUSD_1751328000,242,55.0,62.5,35.0,SPREAD_PLUS_50,11,12,164.8599999999983
FIRST_TRIANGLE_GOLD_EVIDENCE_XAUUSD_1751328000,242,55.0,62.5,35.0,SPREAD_PLUS_50,12,16,-78.45999999999913
FIRST_TRIANGLE_GOLD_EVIDENCE_XAUUSD_1751328000,243,55.0,62.5,35.0,SLIPPAGE_BASE,1,16,567.5500000000011
FIRST_TRIANGLE_GOLD_EVIDENCE_XAUUSD_1751328000,243,55.0,62.5,35.0,SLIPPAGE_BASE,2,14,417.1300000000019
FIRST_TRIANGLE_GOLD_EVIDENCE_XAUUSD_1751328000,243,55.0,62.5,35.0,SLIPPAGE_BASE,3,20,139.78999999999905
FIRST_TRIANGLE_GOLD_EVIDENCE_XAUUSD_1751328000,243,55.0,62.5,35.0,SLIPPAGE_BASE,4,16,150.9399999999987
FIRST_TRIANGLE_GOLD_EVIDENCE_XAUUSD_1751328000,243,55.0,62.5,35.0,SLIPPAGE_BASE,5,13,121.09000000000015
FIRST_TRIANGLE_GOLD_EVIDENCE_XAUUSD_1751328000,243,55.0,62.5,35.0,SLIPPAGE_BASE,6,14,138.77000000000044
FIRST_TRIANGLE_GOLD_EVIDENCE_XAUUSD_1751328000,243,55.0,62.5,35.0,SLIPPAGE_BASE,7,33,155.28999999999996
FIRST_TRIANGLE_GOLD_EVIDENCE_XAUUSD_1751328000,243,55.0,62.5,35.0,SLIPPAGE_BASE,8,20,269.69000000000005
FIRST_TRIANGLE_GOLD_EVIDENCE_XAUUSD_1751328000,243,55.0,62.5,35.0,SLIPPAGE_BASE,9,9,-89.97999999999956
FIRST_TRIANGLE_GOLD_EVIDENCE_XAUUSD_1751328000,243,55.0,62.5,35.0,SLIPPAGE_BASE,10,16,302.4399999999996
FIRST_TRIANGLE_GOLD_EVIDENCE_XAUUSD_1751328000,243,55.0,62.5,35.0,SLIPPAGE_BASE,11,12,164.8599999999983
FIRST_TRIANGLE_GOLD_EVIDENCE_XAUUSD_1751328000,243,55.0,62.5,35.0,SLIPPAGE_BASE,12,16,-78.45999999999913
FIRST_TRIANGLE_GOLD_EVIDENCE_XAUUSD_1751328000,244,55.0,62.5,35.0,COMMISSION_PLUS_25,1,16,567.5500000000011
FIRST_TRIANGLE_GOLD_EVIDENCE_XAUUSD_1751328000,244,55.0,62.5,35.0,COMMISSION_PLUS_25,2,14,417.1300000000019
FIRST_TRIANGLE_GOLD_EVIDENCE_XAUUSD_1751328000,244,55.0,62.5,35.0,COMMISSION_PLUS_25,3,20,139.78999999999905
FIRST_TRIANGLE_GOLD_EVIDENCE_XAUUSD_1751328000,244,55.0,62.5,35.0,COMMISSION_PLUS_25,4,16,150.9399999999987
FIRST_TRIANGLE_GOLD_EVIDENCE_XAUUSD_1751328000,244,55.0,62.5,35.0,COMMISSION_PLUS_25,5,13,121.09000000000015
FIRST_TRIANGLE_GOLD_EVIDENCE_XAUUSD_1751328000,244,55.0,62.5,35.0,COMMISSION_PLUS_25,6,14,138.77000000000044
FIRST_TRIANGLE_GOLD_EVIDENCE_XAUUSD_1751328000,244,55.0,62.5,35.0,COMMISSION_PLUS_25,7,33,155.28999999999996
FIRST_TRIANGLE_GOLD_EVIDENCE_XAUUSD_1751328000,244,55.0,62.5,35.0,COMMISSION_PLUS_25,8,20,269.69000000000005
FIRST_TRIANGLE_GOLD_EVIDENCE_XAUUSD_1751328000,244,55.0,62.5,35.0,COMMISSION_PLUS_25,9,9,-89.97999999999956
FIRST_TRIANGLE_GOLD_EVIDENCE_XAUUSD_1751328000,244,55.0,62.5,35.0,COMMISSION_PLUS_25,10,16,302.4399999999996
FIRST_TRIANGLE_GOLD_EVIDENCE_XAUUSD_1751328000,244,55.0,62.5,35.0,COMMISSION_PLUS_25,11,12,164.8599999999983
FIRST_TRIANGLE_GOLD_EVIDENCE_XAUUSD_1751328000,244,55.0,62.5,35.0,COMMISSION_PLUS_25,12,16,-78.45999999999913
FIRST_TRIANGLE_GOLD_EVIDENCE_XAUUSD_1751328000,245,55.0,62.5,35.0,COMBINED_STRESS,1,16,567.5500000000011
FIRST_TRIANGLE_GOLD_EVIDENCE_XAUUSD_1751328000,245,55.0,62.5,35.0,COMBINED_STRESS,2,14,417.1300000000019
FIRST_TRIANGLE_GOLD_EVIDENCE_XAUUSD_1751328000,245,55.0,62.5,35.0,COMBINED_STRESS,3,20,139.78999999999905
FIRST_TRIANGLE_GOLD_EVIDENCE_XAUUSD_1751328000,245,55.0,62.5,35.0,COMBINED_STRESS,4,16,150.9399999999987
FIRST_TRIANGLE_GOLD_EVIDENCE_XAUUSD_1751328000,245,55.0,62.5,35.0,COMBINED_STRESS,5,13,121.09000000000015
FIRST_TRIANGLE_GOLD_EVIDENCE_XAUUSD_1751328000,245,55.0,62.5,35.0,COMBINED_STRESS,6,14,138.77000000000044
FIRST_TRIANGLE_GOLD_EVIDENCE_XAUUSD_1751328000,245,55.0,62.5,35.0,COMBINED_STRESS,7,33,155.28999999999996
FIRST_TRIANGLE_GOLD_EVIDENCE_XAUUSD_1751328000,245,55.0,62.5,35.0,COMBINED_STRESS,8,20,269.69000000000005
FIRST_TRIANGLE_GOLD_EVIDENCE_XAUUSD_1751328000,245,55.0,62.5,35.0,COMBINED_STRESS,9,9,-89.97999999999956
FIRST_TRIANGLE_GOLD_EVIDENCE_XAUUSD_1751328000,245,55.0,62.5,35.0,COMBINED_STRESS,10,16,302.4399999999996
FIRST_TRIANGLE_GOLD_EVIDENCE_XAUUSD_1751328000,245,55.0,62.5,35.0,COMBINED_STRESS,11,12,164.8599999999983
FIRST_TRIANGLE_GOLD_EVIDENCE_XAUUSD_1751328000,245,55.0,62.5,35.0,COMBINED_STRESS,12,16,-78.45999999999913
FIRST_TRIANGLE_GOLD_EVIDENCE_XAUUSD_1751328000,246,55.0,62.5,37.5,BASE,1,16,547.5500000000011
FIRST_TRIANGLE_GOLD_EVIDENCE_XAUUSD_1751328000,246,55.0,62.5,37.5,BASE,2,14,394.6300000000019
FIRST_TRIANGLE_GOLD_EVIDENCE_XAUUSD_1751328000,246,55.0,62.5,37.5,BASE,3,20,114.78999999999905
FIRST_TRIANGLE_GOLD_EVIDENCE_XAUUSD_1751328000,246,55.0,62.5,37.5,BASE,4,16,136.4499999999989
FIRST_TRIANGLE_GOLD_EVIDENCE_XAUUSD_1751328000,246,55.0,62.5,37.5,BASE,5,13,111.09000000000015
FIRST_TRIANGLE_GOLD_EVIDENCE_XAUUSD_1751328000,246,55.0,62.5,37.5,BASE,6,14,188.07999999999993
FIRST_TRIANGLE_GOLD_EVIDENCE_XAUUSD_1751328000,246,55.0,62.5,37.5,BASE,7,33,142.78999999999996
FIRST_TRIANGLE_GOLD_EVIDENCE_XAUUSD_1751328000,246,55.0,62.5,37.5,BASE,8,20,262.19000000000005
FIRST_TRIANGLE_GOLD_EVIDENCE_XAUUSD_1751328000,246,55.0,62.5,37.5,BASE,9,9,-89.97999999999956
FIRST_TRIANGLE_GOLD_EVIDENCE_XAUUSD_1751328000,246,55.0,62.5,37.5,BASE,10,16,513.289999999999
FIRST_TRIANGLE_GOLD_EVIDENCE_XAUUSD_1751328000,246,55.0,62.5,37.5,BASE,11,12,157.3599999999983
FIRST_TRIANGLE_GOLD_EVIDENCE_XAUUSD_1751328000,246,55.0,62.5,37.5,BASE,12,16,-85.95999999999913
FIRST_TRIANGLE_GOLD_EVIDENCE_XAUUSD_1751328000,247,55.0,62.5,37.5,SPREAD_PLUS_25,1,16,547.5500000000011
FIRST_TRIANGLE_GOLD_EVIDENCE_XAUUSD_1751328000,247,55.0,62.5,37.5,SPREAD_PLUS_25,2,14,394.6300000000019
FIRST_TRIANGLE_GOLD_EVIDENCE_XAUUSD_1751328000,247,55.0,62.5,37.5,SPREAD_PLUS_25,3,20,114.78999999999905
FIRST_TRIANGLE_GOLD_EVIDENCE_XAUUSD_1751328000,247,55.0,62.5,37.5,SPREAD_PLUS_25,4,16,136.4499999999989
FIRST_TRIANGLE_GOLD_EVIDENCE_XAUUSD_1751328000,247,55.0,62.5,37.5,SPREAD_PLUS_25,5,13,111.09000000000015
FIRST_TRIANGLE_GOLD_EVIDENCE_XAUUSD_1751328000,247,55.0,62.5,37.5,SPREAD_PLUS_25,6,14,188.07999999999993
FIRST_TRIANGLE_GOLD_EVIDENCE_XAUUSD_1751328000,247,55.0,62.5,37.5,SPREAD_PLUS_25,7,33,142.78999999999996
FIRST_TRIANGLE_GOLD_EVIDENCE_XAUUSD_1751328000,247,55.0,62.5,37.5,SPREAD_PLUS_25,8,20,262.19000000000005
FIRST_TRIANGLE_GOLD_EVIDENCE_XAUUSD_1751328000,247,55.0,62.5,37.5,SPREAD_PLUS_25,9,9,-89.97999999999956
FIRST_TRIANGLE_GOLD_EVIDENCE_XAUUSD_1751328000,247,55.0,62.5,37.5,SPREAD_PLUS_25,10,16,513.289999999999
FIRST_TRIANGLE_GOLD_EVIDENCE_XAUUSD_1751328000,247,55.0,62.5,37.5,SPREAD_PLUS_25,11,12,157.3599999999983
FIRST_TRIANGLE_GOLD_EVIDENCE_XAUUSD_1751328000,247,55.0,62.5,37.5,SPREAD_PLUS_25,12,16,-85.95999999999913
FIRST_TRIANGLE_GOLD_EVIDENCE_XAUUSD_1751328000,248,55.0,62.5,37.5,SPREAD_PLUS_50,1,16,547.5500000000011
FIRST_TRIANGLE_GOLD_EVIDENCE_XAUUSD_1751328000,248,55.0,62.5,37.5,SPREAD_PLUS_50,2,14,394.6300000000019
FIRST_TRIANGLE_GOLD_EVIDENCE_XAUUSD_1751328000,248,55.0,62.5,37.5,SPREAD_PLUS_50,3,20,114.78999999999905
FIRST_TRIANGLE_GOLD_EVIDENCE_XAUUSD_1751328000,248,55.0,62.5,37.5,SPREAD_PLUS_50,4,16,136.4499999999989
FIRST_TRIANGLE_GOLD_EVIDENCE_XAUUSD_1751328000,248,55.0,62.5,37.5,SPREAD_PLUS_50,5,13,111.09000000000015
FIRST_TRIANGLE_GOLD_EVIDENCE_XAUUSD_1751328000,248,55.0,62.5,37.5,SPREAD_PLUS_50,6,14,188.07999999999993
FIRST_TRIANGLE_GOLD_EVIDENCE_XAUUSD_1751328000,248,55.0,62.5,37.5,SPREAD_PLUS_50,7,33,142.78999999999996
FIRST_TRIANGLE_GOLD_EVIDENCE_XAUUSD_1751328000,248,55.0,62.5,37.5,SPREAD_PLUS_50,8,20,262.19000000000005
FIRST_TRIANGLE_GOLD_EVIDENCE_XAUUSD_1751328000,248,55.0,62.5,37.5,SPREAD_PLUS_50,9,9,-89.97999999999956
FIRST_TRIANGLE_GOLD_EVIDENCE_XAUUSD_1751328000,248,55.0,62.5,37.5,SPREAD_PLUS_50,10,16,513.289999999999
FIRST_TRIANGLE_GOLD_EVIDENCE_XAUUSD_1751328000,248,55.0,62.5,37.5,SPREAD_PLUS_50,11,12,157.3599999999983
FIRST_TRIANGLE_GOLD_EVIDENCE_XAUUSD_1751328000,248,55.0,62.5,37.5,SPREAD_PLUS_50,12,16,-85.95999999999913
FIRST_TRIANGLE_GOLD_EVIDENCE_XAUUSD_1751328000,249,55.0,62.5,37.5,SLIPPAGE_BASE,1,16,547.5500000000011
FIRST_TRIANGLE_GOLD_EVIDENCE_XAUUSD_1751328000,249,55.0,62.5,37.5,SLIPPAGE_BASE,2,14,394.6300000000019
FIRST_TRIANGLE_GOLD_EVIDENCE_XAUUSD_1751328000,249,55.0,62.5,37.5,SLIPPAGE_BASE,3,20,114.78999999999905
FIRST_TRIANGLE_GOLD_EVIDENCE_XAUUSD_1751328000,249,55.0,62.5,37.5,SLIPPAGE_BASE,4,16,136.4499999999989
FIRST_TRIANGLE_GOLD_EVIDENCE_XAUUSD_1751328000,249,55.0,62.5,37.5,SLIPPAGE_BASE,5,13,111.09000000000015
FIRST_TRIANGLE_GOLD_EVIDENCE_XAUUSD_1751328000,249,55.0,62.5,37.5,SLIPPAGE_BASE,6,14,188.07999999999993
FIRST_TRIANGLE_GOLD_EVIDENCE_XAUUSD_1751328000,249,55.0,62.5,37.5,SLIPPAGE_BASE,7,33,142.78999999999996
FIRST_TRIANGLE_GOLD_EVIDENCE_XAUUSD_1751328000,249,55.0,62.5,37.5,SLIPPAGE_BASE,8,20,262.19000000000005
FIRST_TRIANGLE_GOLD_EVIDENCE_XAUUSD_1751328000,249,55.0,62.5,37.5,SLIPPAGE_BASE,9,9,-89.97999999999956
FIRST_TRIANGLE_GOLD_EVIDENCE_XAUUSD_1751328000,249,55.0,62.5,37.5,SLIPPAGE_BASE,10,16,513.289999999999
FIRST_TRIANGLE_GOLD_EVIDENCE_XAUUSD_1751328000,249,55.0,62.5,37.5,SLIPPAGE_BASE,11,12,157.3599999999983
FIRST_TRIANGLE_GOLD_EVIDENCE_XAUUSD_1751328000,249,55.0,62.5,37.5,SLIPPAGE_BASE,12,16,-85.95999999999913
FIRST_TRIANGLE_GOLD_EVIDENCE_XAUUSD_1751328000,250,55.0,62.5,37.5,COMMISSION_PLUS_25,1,16,547.5500000000011
FIRST_TRIANGLE_GOLD_EVIDENCE_XAUUSD_1751328000,250,55.0,62.5,37.5,COMMISSION_PLUS_25,2,14,394.6300000000019
FIRST_TRIANGLE_GOLD_EVIDENCE_XAUUSD_1751328000,250,55.0,62.5,37.5,COMMISSION_PLUS_25,3,20,114.78999999999905
FIRST_TRIANGLE_GOLD_EVIDENCE_XAUUSD_1751328000,250,55.0,62.5,37.5,COMMISSION_PLUS_25,4,16,136.4499999999989
FIRST_TRIANGLE_GOLD_EVIDENCE_XAUUSD_1751328000,250,55.0,62.5,37.5,COMMISSION_PLUS_25,5,13,111.09000000000015
FIRST_TRIANGLE_GOLD_EVIDENCE_XAUUSD_1751328000,250,55.0,62.5,37.5,COMMISSION_PLUS_25,6,14,188.07999999999993
FIRST_TRIANGLE_GOLD_EVIDENCE_XAUUSD_1751328000,250,55.0,62.5,37.5,COMMISSION_PLUS_25,7,33,142.78999999999996
FIRST_TRIANGLE_GOLD_EVIDENCE_XAUUSD_1751328000,250,55.0,62.5,37.5,COMMISSION_PLUS_25,8,20,262.19000000000005
FIRST_TRIANGLE_GOLD_EVIDENCE_XAUUSD_1751328000,250,55.0,62.5,37.5,COMMISSION_PLUS_25,9,9,-89.97999999999956
FIRST_TRIANGLE_GOLD_EVIDENCE_XAUUSD_1751328000,250,55.0,62.5,37.5,COMMISSION_PLUS_25,10,16,513.289999999999
FIRST_TRIANGLE_GOLD_EVIDENCE_XAUUSD_1751328000,250,55.0,62.5,37.5,COMMISSION_PLUS_25,11,12,157.3599999999983
FIRST_TRIANGLE_GOLD_EVIDENCE_XAUUSD_1751328000,250,55.0,62.5,37.5,COMMISSION_PLUS_25,12,16,-85.95999999999913
FIRST_TRIANGLE_GOLD_EVIDENCE_XAUUSD_1751328000,251,55.0,62.5,37.5,COMBINED_STRESS,1,16,547.5500000000011
FIRST_TRIANGLE_GOLD_EVIDENCE_XAUUSD_1751328000,251,55.0,62.5,37.5,COMBINED_STRESS,2,14,394.6300000000019
FIRST_TRIANGLE_GOLD_EVIDENCE_XAUUSD_1751328000,251,55.0,62.5,37.5,COMBINED_STRESS,3,20,114.78999999999905
FIRST_TRIANGLE_GOLD_EVIDENCE_XAUUSD_1751328000,251,55.0,62.5,37.5,COMBINED_STRESS,4,16,136.4499999999989
FIRST_TRIANGLE_GOLD_EVIDENCE_XAUUSD_1751328000,251,55.0,62.5,37.5,COMBINED_STRESS,5,13,111.09000000000015
FIRST_TRIANGLE_GOLD_EVIDENCE_XAUUSD_1751328000,251,55.0,62.5,37.5,COMBINED_STRESS,6,14,188.07999999999993
FIRST_TRIANGLE_GOLD_EVIDENCE_XAUUSD_1751328000,251,55.0,62.5,37.5,COMBINED_STRESS,7,33,142.78999999999996
FIRST_TRIANGLE_GOLD_EVIDENCE_XAUUSD_1751328000,251,55.0,62.5,37.5,COMBINED_STRESS,8,20,262.19000000000005
FIRST_TRIANGLE_GOLD_EVIDENCE_XAUUSD_1751328000,251,55.0,62.5,37.5,COMBINED_STRESS,9,9,-89.97999999999956
FIRST_TRIANGLE_GOLD_EVIDENCE_XAUUSD_1751328000,251,55.0,62.5,37.5,COMBINED_STRESS,10,16,513.289999999999
FIRST_TRIANGLE_GOLD_EVIDENCE_XAUUSD_1751328000,251,55.0,62.5,37.5,COMBINED_STRESS,11,12,157.3599999999983
FIRST_TRIANGLE_GOLD_EVIDENCE_XAUUSD_1751328000,251,55.0,62.5,37.5,COMBINED_STRESS,12,16,-85.95999999999913
FIRST_TRIANGLE_GOLD_EVIDENCE_XAUUSD_1751328000,252,57.5,57.5,22.5,BASE,1,17,471.15999999999985
FIRST_TRIANGLE_GOLD_EVIDENCE_XAUUSD_1751328000,252,57.5,57.5,22.5,BASE,2,14,480.0000000000009
FIRST_TRIANGLE_GOLD_EVIDENCE_XAUUSD_1751328000,252,57.5,57.5,22.5,BASE,3,20,200.10999999999876
FIRST_TRIANGLE_GOLD_EVIDENCE_XAUUSD_1751328000,252,57.5,57.5,22.5,BASE,4,16,75.5699999999988
FIRST_TRIANGLE_GOLD_EVIDENCE_XAUUSD_1751328000,252,57.5,57.5,22.5,BASE,5,13,84.82999999999902
FIRST_TRIANGLE_GOLD_EVIDENCE_XAUUSD_1751328000,252,57.5,57.5,22.5,BASE,6,15,248.57000000000062
FIRST_TRIANGLE_GOLD_EVIDENCE_XAUUSD_1751328000,252,57.5,57.5,22.5,BASE,7,33,170.33999999999924
FIRST_TRIANGLE_GOLD_EVIDENCE_XAUUSD_1751328000,252,57.5,57.5,22.5,BASE,8,20,81.900000000001
FIRST_TRIANGLE_GOLD_EVIDENCE_XAUUSD_1751328000,252,57.5,57.5,22.5,BASE,9,9,-92.47999999999956
FIRST_TRIANGLE_GOLD_EVIDENCE_XAUUSD_1751328000,252,57.5,57.5,22.5,BASE,10,17,239.6099999999983
FIRST_TRIANGLE_GOLD_EVIDENCE_XAUUSD_1751328000,252,57.5,57.5,22.5,BASE,11,13,242.6399999999985
FIRST_TRIANGLE_GOLD_EVIDENCE_XAUUSD_1751328000,252,57.5,57.5,22.5,BASE,12,16,-45.95999999999913
FIRST_TRIANGLE_GOLD_EVIDENCE_XAUUSD_1751328000,253,57.5,57.5,22.5,SPREAD_PLUS_25,1,17,471.15999999999985
FIRST_TRIANGLE_GOLD_EVIDENCE_XAUUSD_1751328000,253,57.5,57.5,22.5,SPREAD_PLUS_25,2,14,480.0000000000009
FIRST_TRIANGLE_GOLD_EVIDENCE_XAUUSD_1751328000,253,57.5,57.5,22.5,SPREAD_PLUS_25,3,20,200.10999999999876
FIRST_TRIANGLE_GOLD_EVIDENCE_XAUUSD_1751328000,253,57.5,57.5,22.5,SPREAD_PLUS_25,4,16,75.5699999999988
FIRST_TRIANGLE_GOLD_EVIDENCE_XAUUSD_1751328000,253,57.5,57.5,22.5,SPREAD_PLUS_25,5,13,84.82999999999902
FIRST_TRIANGLE_GOLD_EVIDENCE_XAUUSD_1751328000,253,57.5,57.5,22.5,SPREAD_PLUS_25,6,15,248.57000000000062
FIRST_TRIANGLE_GOLD_EVIDENCE_XAUUSD_1751328000,253,57.5,57.5,22.5,SPREAD_PLUS_25,7,33,170.33999999999924
FIRST_TRIANGLE_GOLD_EVIDENCE_XAUUSD_1751328000,253,57.5,57.5,22.5,SPREAD_PLUS_25,8,20,81.900000000001
FIRST_TRIANGLE_GOLD_EVIDENCE_XAUUSD_1751328000,253,57.5,57.5,22.5,SPREAD_PLUS_25,9,9,-92.47999999999956
FIRST_TRIANGLE_GOLD_EVIDENCE_XAUUSD_1751328000,253,57.5,57.5,22.5,SPREAD_PLUS_25,10,17,239.6099999999983
FIRST_TRIANGLE_GOLD_EVIDENCE_XAUUSD_1751328000,253,57.5,57.5,22.5,SPREAD_PLUS_25,11,13,242.6399999999985
FIRST_TRIANGLE_GOLD_EVIDENCE_XAUUSD_1751328000,253,57.5,57.5,22.5,SPREAD_PLUS_25,12,16,-45.95999999999913
FIRST_TRIANGLE_GOLD_EVIDENCE_XAUUSD_1751328000,254,57.5,57.5,22.5,SPREAD_PLUS_50,1,17,471.15999999999985
FIRST_TRIANGLE_GOLD_EVIDENCE_XAUUSD_1751328000,254,57.5,57.5,22.5,SPREAD_PLUS_50,2,14,480.0000000000009
FIRST_TRIANGLE_GOLD_EVIDENCE_XAUUSD_1751328000,254,57.5,57.5,22.5,SPREAD_PLUS_50,3,20,200.10999999999876
FIRST_TRIANGLE_GOLD_EVIDENCE_XAUUSD_1751328000,254,57.5,57.5,22.5,SPREAD_PLUS_50,4,16,75.5699999999988
FIRST_TRIANGLE_GOLD_EVIDENCE_XAUUSD_1751328000,254,57.5,57.5,22.5,SPREAD_PLUS_50,5,13,84.82999999999902
FIRST_TRIANGLE_GOLD_EVIDENCE_XAUUSD_1751328000,254,57.5,57.5,22.5,SPREAD_PLUS_50,6,15,248.57000000000062
FIRST_TRIANGLE_GOLD_EVIDENCE_XAUUSD_1751328000,254,57.5,57.5,22.5,SPREAD_PLUS_50,7,33,170.33999999999924
FIRST_TRIANGLE_GOLD_EVIDENCE_XAUUSD_1751328000,254,57.5,57.5,22.5,SPREAD_PLUS_50,8,20,81.900000000001
FIRST_TRIANGLE_GOLD_EVIDENCE_XAUUSD_1751328000,254,57.5,57.5,22.5,SPREAD_PLUS_50,9,9,-92.47999999999956
FIRST_TRIANGLE_GOLD_EVIDENCE_XAUUSD_1751328000,254,57.5,57.5,22.5,SPREAD_PLUS_50,10,17,239.6099999999983
FIRST_TRIANGLE_GOLD_EVIDENCE_XAUUSD_1751328000,254,57.5,57.5,22.5,SPREAD_PLUS_50,11,13,242.6399999999985
FIRST_TRIANGLE_GOLD_EVIDENCE_XAUUSD_1751328000,254,57.5,57.5,22.5,SPREAD_PLUS_50,12,16,-45.95999999999913
FIRST_TRIANGLE_GOLD_EVIDENCE_XAUUSD_1751328000,255,57.5,57.5,22.5,SLIPPAGE_BASE,1,17,471.15999999999985
FIRST_TRIANGLE_GOLD_EVIDENCE_XAUUSD_1751328000,255,57.5,57.5,22.5,SLIPPAGE_BASE,2,14,480.0000000000009
FIRST_TRIANGLE_GOLD_EVIDENCE_XAUUSD_1751328000,255,57.5,57.5,22.5,SLIPPAGE_BASE,3,20,200.10999999999876
FIRST_TRIANGLE_GOLD_EVIDENCE_XAUUSD_1751328000,255,57.5,57.5,22.5,SLIPPAGE_BASE,4,16,75.5699999999988
FIRST_TRIANGLE_GOLD_EVIDENCE_XAUUSD_1751328000,255,57.5,57.5,22.5,SLIPPAGE_BASE,5,13,84.82999999999902
FIRST_TRIANGLE_GOLD_EVIDENCE_XAUUSD_1751328000,255,57.5,57.5,22.5,SLIPPAGE_BASE,6,15,248.57000000000062
FIRST_TRIANGLE_GOLD_EVIDENCE_XAUUSD_1751328000,255,57.5,57.5,22.5,SLIPPAGE_BASE,7,33,170.33999999999924
FIRST_TRIANGLE_GOLD_EVIDENCE_XAUUSD_1751328000,255,57.5,57.5,22.5,SLIPPAGE_BASE,8,20,81.900000000001
FIRST_TRIANGLE_GOLD_EVIDENCE_XAUUSD_1751328000,255,57.5,57.5,22.5,SLIPPAGE_BASE,9,9,-92.47999999999956
FIRST_TRIANGLE_GOLD_EVIDENCE_XAUUSD_1751328000,255,57.5,57.5,22.5,SLIPPAGE_BASE,10,17,239.6099999999983
FIRST_TRIANGLE_GOLD_EVIDENCE_XAUUSD_1751328000,255,57.5,57.5,22.5,SLIPPAGE_BASE,11,13,242.6399999999985
FIRST_TRIANGLE_GOLD_EVIDENCE_XAUUSD_1751328000,255,57.5,57.5,22.5,SLIPPAGE_BASE,12,16,-45.95999999999913
FIRST_TRIANGLE_GOLD_EVIDENCE_XAUUSD_1751328000,256,57.5,57.5,22.5,COMMISSION_PLUS_25,1,17,471.15999999999985
FIRST_TRIANGLE_GOLD_EVIDENCE_XAUUSD_1751328000,256,57.5,57.5,22.5,COMMISSION_PLUS_25,2,14,480.0000000000009
FIRST_TRIANGLE_GOLD_EVIDENCE_XAUUSD_1751328000,256,57.5,57.5,22.5,COMMISSION_PLUS_25,3,20,200.10999999999876
FIRST_TRIANGLE_GOLD_EVIDENCE_XAUUSD_1751328000,256,57.5,57.5,22.5,COMMISSION_PLUS_25,4,16,75.5699999999988
FIRST_TRIANGLE_GOLD_EVIDENCE_XAUUSD_1751328000,256,57.5,57.5,22.5,COMMISSION_PLUS_25,5,13,84.82999999999902
FIRST_TRIANGLE_GOLD_EVIDENCE_XAUUSD_1751328000,256,57.5,57.5,22.5,COMMISSION_PLUS_25,6,15,248.57000000000062
FIRST_TRIANGLE_GOLD_EVIDENCE_XAUUSD_1751328000,256,57.5,57.5,22.5,COMMISSION_PLUS_25,7,33,170.33999999999924
FIRST_TRIANGLE_GOLD_EVIDENCE_XAUUSD_1751328000,256,57.5,57.5,22.5,COMMISSION_PLUS_25,8,20,81.900000000001
FIRST_TRIANGLE_GOLD_EVIDENCE_XAUUSD_1751328000,256,57.5,57.5,22.5,COMMISSION_PLUS_25,9,9,-92.47999999999956
FIRST_TRIANGLE_GOLD_EVIDENCE_XAUUSD_1751328000,256,57.5,57.5,22.5,COMMISSION_PLUS_25,10,17,239.6099999999983
FIRST_TRIANGLE_GOLD_EVIDENCE_XAUUSD_1751328000,256,57.5,57.5,22.5,COMMISSION_PLUS_25,11,13,242.6399999999985
FIRST_TRIANGLE_GOLD_EVIDENCE_XAUUSD_1751328000,256,57.5,57.5,22.5,COMMISSION_PLUS_25,12,16,-45.95999999999913
FIRST_TRIANGLE_GOLD_EVIDENCE_XAUUSD_1751328000,257,57.5,57.5,22.5,COMBINED_STRESS,1,17,471.15999999999985
FIRST_TRIANGLE_GOLD_EVIDENCE_XAUUSD_1751328000,257,57.5,57.5,22.5,COMBINED_STRESS,2,14,480.0000000000009
FIRST_TRIANGLE_GOLD_EVIDENCE_XAUUSD_1751328000,257,57.5,57.5,22.5,COMBINED_STRESS,3,20,200.10999999999876
FIRST_TRIANGLE_GOLD_EVIDENCE_XAUUSD_1751328000,257,57.5,57.5,22.5,COMBINED_STRESS,4,16,75.5699999999988
FIRST_TRIANGLE_GOLD_EVIDENCE_XAUUSD_1751328000,257,57.5,57.5,22.5,COMBINED_STRESS,5,13,84.82999999999902
FIRST_TRIANGLE_GOLD_EVIDENCE_XAUUSD_1751328000,257,57.5,57.5,22.5,COMBINED_STRESS,6,15,248.57000000000062
FIRST_TRIANGLE_GOLD_EVIDENCE_XAUUSD_1751328000,257,57.5,57.5,22.5,COMBINED_STRESS,7,33,170.33999999999924
FIRST_TRIANGLE_GOLD_EVIDENCE_XAUUSD_1751328000,257,57.5,57.5,22.5,COMBINED_STRESS,8,20,81.900000000001
FIRST_TRIANGLE_GOLD_EVIDENCE_XAUUSD_1751328000,257,57.5,57.5,22.5,COMBINED_STRESS,9,9,-92.47999999999956
FIRST_TRIANGLE_GOLD_EVIDENCE_XAUUSD_1751328000,257,57.5,57.5,22.5,COMBINED_STRESS,10,17,239.6099999999983
FIRST_TRIANGLE_GOLD_EVIDENCE_XAUUSD_1751328000,257,57.5,57.5,22.5,COMBINED_STRESS,11,13,242.6399999999985
FIRST_TRIANGLE_GOLD_EVIDENCE_XAUUSD_1751328000,257,57.5,57.5,22.5,COMBINED_STRESS,12,16,-45.95999999999913
FIRST_TRIANGLE_GOLD_EVIDENCE_XAUUSD_1751328000,258,57.5,57.5,25.0,BASE,1,17,510.4800000000005
FIRST_TRIANGLE_GOLD_EVIDENCE_XAUUSD_1751328000,258,57.5,57.5,25.0,BASE,2,14,471.8100000000013
FIRST_TRIANGLE_GOLD_EVIDENCE_XAUUSD_1751328000,258,57.5,57.5,25.0,BASE,3,20,184.42999999999847
FIRST_TRIANGLE_GOLD_EVIDENCE_XAUUSD_1751328000,258,57.5,57.5,25.0,BASE,4,16,92.57999999999902
FIRST_TRIANGLE_GOLD_EVIDENCE_XAUUSD_1751328000,258,57.5,57.5,25.0,BASE,5,13,74.82999999999902
FIRST_TRIANGLE_GOLD_EVIDENCE_XAUUSD_1751328000,258,57.5,57.5,25.0,BASE,6,15,258.5500000000002
FIRST_TRIANGLE_GOLD_EVIDENCE_XAUUSD_1751328000,258,57.5,57.5,25.0,BASE,7,33,157.83999999999924
FIRST_TRIANGLE_GOLD_EVIDENCE_XAUUSD_1751328000,258,57.5,57.5,25.0,BASE,8,20,214.01000000000067
FIRST_TRIANGLE_GOLD_EVIDENCE_XAUUSD_1751328000,258,57.5,57.5,25.0,BASE,9,9,-92.47999999999956
FIRST_TRIANGLE_GOLD_EVIDENCE_XAUUSD_1751328000,258,57.5,57.5,25.0,BASE,10,17,249.3599999999983
FIRST_TRIANGLE_GOLD_EVIDENCE_XAUUSD_1751328000,258,57.5,57.5,25.0,BASE,11,13,235.4099999999985
FIRST_TRIANGLE_GOLD_EVIDENCE_XAUUSD_1751328000,258,57.5,57.5,25.0,BASE,12,16,-53.45999999999913
FIRST_TRIANGLE_GOLD_EVIDENCE_XAUUSD_1751328000,259,57.5,57.5,25.0,SPREAD_PLUS_25,1,17,510.4800000000005
FIRST_TRIANGLE_GOLD_EVIDENCE_XAUUSD_1751328000,259,57.5,57.5,25.0,SPREAD_PLUS_25,2,14,471.8100000000013
FIRST_TRIANGLE_GOLD_EVIDENCE_XAUUSD_1751328000,259,57.5,57.5,25.0,SPREAD_PLUS_25,3,20,184.42999999999847
FIRST_TRIANGLE_GOLD_EVIDENCE_XAUUSD_1751328000,259,57.5,57.5,25.0,SPREAD_PLUS_25,4,16,92.57999999999902
FIRST_TRIANGLE_GOLD_EVIDENCE_XAUUSD_1751328000,259,57.5,57.5,25.0,SPREAD_PLUS_25,5,13,74.82999999999902
FIRST_TRIANGLE_GOLD_EVIDENCE_XAUUSD_1751328000,259,57.5,57.5,25.0,SPREAD_PLUS_25,6,15,258.5500000000002
FIRST_TRIANGLE_GOLD_EVIDENCE_XAUUSD_1751328000,259,57.5,57.5,25.0,SPREAD_PLUS_25,7,33,157.83999999999924
FIRST_TRIANGLE_GOLD_EVIDENCE_XAUUSD_1751328000,259,57.5,57.5,25.0,SPREAD_PLUS_25,8,20,214.01000000000067
FIRST_TRIANGLE_GOLD_EVIDENCE_XAUUSD_1751328000,259,57.5,57.5,25.0,SPREAD_PLUS_25,9,9,-92.47999999999956
FIRST_TRIANGLE_GOLD_EVIDENCE_XAUUSD_1751328000,259,57.5,57.5,25.0,SPREAD_PLUS_25,10,17,249.3599999999983
FIRST_TRIANGLE_GOLD_EVIDENCE_XAUUSD_1751328000,259,57.5,57.5,25.0,SPREAD_PLUS_25,11,13,235.4099999999985
FIRST_TRIANGLE_GOLD_EVIDENCE_XAUUSD_1751328000,259,57.5,57.5,25.0,SPREAD_PLUS_25,12,16,-53.45999999999913
FIRST_TRIANGLE_GOLD_EVIDENCE_XAUUSD_1751328000,260,57.5,57.5,25.0,SPREAD_PLUS_50,1,17,510.4800000000005
FIRST_TRIANGLE_GOLD_EVIDENCE_XAUUSD_1751328000,260,57.5,57.5,25.0,SPREAD_PLUS_50,2,14,471.8100000000013
FIRST_TRIANGLE_GOLD_EVIDENCE_XAUUSD_1751328000,260,57.5,57.5,25.0,SPREAD_PLUS_50,3,20,184.42999999999847
FIRST_TRIANGLE_GOLD_EVIDENCE_XAUUSD_1751328000,260,57.5,57.5,25.0,SPREAD_PLUS_50,4,16,92.57999999999902
FIRST_TRIANGLE_GOLD_EVIDENCE_XAUUSD_1751328000,260,57.5,57.5,25.0,SPREAD_PLUS_50,5,13,74.82999999999902
FIRST_TRIANGLE_GOLD_EVIDENCE_XAUUSD_1751328000,260,57.5,57.5,25.0,SPREAD_PLUS_50,6,15,258.5500000000002
FIRST_TRIANGLE_GOLD_EVIDENCE_XAUUSD_1751328000,260,57.5,57.5,25.0,SPREAD_PLUS_50,7,33,157.83999999999924
FIRST_TRIANGLE_GOLD_EVIDENCE_XAUUSD_1751328000,260,57.5,57.5,25.0,SPREAD_PLUS_50,8,20,214.01000000000067
FIRST_TRIANGLE_GOLD_EVIDENCE_XAUUSD_1751328000,260,57.5,57.5,25.0,SPREAD_PLUS_50,9,9,-92.47999999999956
FIRST_TRIANGLE_GOLD_EVIDENCE_XAUUSD_1751328000,260,57.5,57.5,25.0,SPREAD_PLUS_50,10,17,249.3599999999983
FIRST_TRIANGLE_GOLD_EVIDENCE_XAUUSD_1751328000,260,57.5,57.5,25.0,SPREAD_PLUS_50,11,13,235.4099999999985
FIRST_TRIANGLE_GOLD_EVIDENCE_XAUUSD_1751328000,260,57.5,57.5,25.0,SPREAD_PLUS_50,12,16,-53.45999999999913
FIRST_TRIANGLE_GOLD_EVIDENCE_XAUUSD_1751328000,261,57.5,57.5,25.0,SLIPPAGE_BASE,1,17,510.4800000000005
FIRST_TRIANGLE_GOLD_EVIDENCE_XAUUSD_1751328000,261,57.5,57.5,25.0,SLIPPAGE_BASE,2,14,471.8100000000013
FIRST_TRIANGLE_GOLD_EVIDENCE_XAUUSD_1751328000,261,57.5,57.5,25.0,SLIPPAGE_BASE,3,20,184.42999999999847
FIRST_TRIANGLE_GOLD_EVIDENCE_XAUUSD_1751328000,261,57.5,57.5,25.0,SLIPPAGE_BASE,4,16,92.57999999999902
FIRST_TRIANGLE_GOLD_EVIDENCE_XAUUSD_1751328000,261,57.5,57.5,25.0,SLIPPAGE_BASE,5,13,74.82999999999902
FIRST_TRIANGLE_GOLD_EVIDENCE_XAUUSD_1751328000,261,57.5,57.5,25.0,SLIPPAGE_BASE,6,15,258.5500000000002
FIRST_TRIANGLE_GOLD_EVIDENCE_XAUUSD_1751328000,261,57.5,57.5,25.0,SLIPPAGE_BASE,7,33,157.83999999999924
FIRST_TRIANGLE_GOLD_EVIDENCE_XAUUSD_1751328000,261,57.5,57.5,25.0,SLIPPAGE_BASE,8,20,214.01000000000067
FIRST_TRIANGLE_GOLD_EVIDENCE_XAUUSD_1751328000,261,57.5,57.5,25.0,SLIPPAGE_BASE,9,9,-92.47999999999956
FIRST_TRIANGLE_GOLD_EVIDENCE_XAUUSD_1751328000,261,57.5,57.5,25.0,SLIPPAGE_BASE,10,17,249.3599999999983
FIRST_TRIANGLE_GOLD_EVIDENCE_XAUUSD_1751328000,261,57.5,57.5,25.0,SLIPPAGE_BASE,11,13,235.4099999999985
FIRST_TRIANGLE_GOLD_EVIDENCE_XAUUSD_1751328000,261,57.5,57.5,25.0,SLIPPAGE_BASE,12,16,-53.45999999999913
FIRST_TRIANGLE_GOLD_EVIDENCE_XAUUSD_1751328000,262,57.5,57.5,25.0,COMMISSION_PLUS_25,1,17,510.4800000000005
FIRST_TRIANGLE_GOLD_EVIDENCE_XAUUSD_1751328000,262,57.5,57.5,25.0,COMMISSION_PLUS_25,2,14,471.8100000000013
FIRST_TRIANGLE_GOLD_EVIDENCE_XAUUSD_1751328000,262,57.5,57.5,25.0,COMMISSION_PLUS_25,3,20,184.42999999999847
FIRST_TRIANGLE_GOLD_EVIDENCE_XAUUSD_1751328000,262,57.5,57.5,25.0,COMMISSION_PLUS_25,4,16,92.57999999999902
FIRST_TRIANGLE_GOLD_EVIDENCE_XAUUSD_1751328000,262,57.5,57.5,25.0,COMMISSION_PLUS_25,5,13,74.82999999999902
FIRST_TRIANGLE_GOLD_EVIDENCE_XAUUSD_1751328000,262,57.5,57.5,25.0,COMMISSION_PLUS_25,6,15,258.5500000000002
FIRST_TRIANGLE_GOLD_EVIDENCE_XAUUSD_1751328000,262,57.5,57.5,25.0,COMMISSION_PLUS_25,7,33,157.83999999999924
FIRST_TRIANGLE_GOLD_EVIDENCE_XAUUSD_1751328000,262,57.5,57.5,25.0,COMMISSION_PLUS_25,8,20,214.01000000000067
FIRST_TRIANGLE_GOLD_EVIDENCE_XAUUSD_1751328000,262,57.5,57.5,25.0,COMMISSION_PLUS_25,9,9,-92.47999999999956
FIRST_TRIANGLE_GOLD_EVIDENCE_XAUUSD_1751328000,262,57.5,57.5,25.0,COMMISSION_PLUS_25,10,17,249.3599999999983
FIRST_TRIANGLE_GOLD_EVIDENCE_XAUUSD_1751328000,262,57.5,57.5,25.0,COMMISSION_PLUS_25,11,13,235.4099999999985
FIRST_TRIANGLE_GOLD_EVIDENCE_XAUUSD_1751328000,262,57.5,57.5,25.0,COMMISSION_PLUS_25,12,16,-53.45999999999913
FIRST_TRIANGLE_GOLD_EVIDENCE_XAUUSD_1751328000,263,57.5,57.5,25.0,COMBINED_STRESS,1,17,510.4800000000005
FIRST_TRIANGLE_GOLD_EVIDENCE_XAUUSD_1751328000,263,57.5,57.5,25.0,COMBINED_STRESS,2,14,471.8100000000013
FIRST_TRIANGLE_GOLD_EVIDENCE_XAUUSD_1751328000,263,57.5,57.5,25.0,COMBINED_STRESS,3,20,184.42999999999847
FIRST_TRIANGLE_GOLD_EVIDENCE_XAUUSD_1751328000,263,57.5,57.5,25.0,COMBINED_STRESS,4,16,92.57999999999902
FIRST_TRIANGLE_GOLD_EVIDENCE_XAUUSD_1751328000,263,57.5,57.5,25.0,COMBINED_STRESS,5,13,74.82999999999902
FIRST_TRIANGLE_GOLD_EVIDENCE_XAUUSD_1751328000,263,57.5,57.5,25.0,COMBINED_STRESS,6,15,258.5500000000002
FIRST_TRIANGLE_GOLD_EVIDENCE_XAUUSD_1751328000,263,57.5,57.5,25.0,COMBINED_STRESS,7,33,157.83999999999924
FIRST_TRIANGLE_GOLD_EVIDENCE_XAUUSD_1751328000,263,57.5,57.5,25.0,COMBINED_STRESS,8,20,214.01000000000067
FIRST_TRIANGLE_GOLD_EVIDENCE_XAUUSD_1751328000,263,57.5,57.5,25.0,COMBINED_STRESS,9,9,-92.47999999999956
FIRST_TRIANGLE_GOLD_EVIDENCE_XAUUSD_1751328000,263,57.5,57.5,25.0,COMBINED_STRESS,10,17,249.3599999999983
FIRST_TRIANGLE_GOLD_EVIDENCE_XAUUSD_1751328000,263,57.5,57.5,25.0,COMBINED_STRESS,11,13,235.4099999999985
FIRST_TRIANGLE_GOLD_EVIDENCE_XAUUSD_1751328000,263,57.5,57.5,25.0,COMBINED_STRESS,12,16,-53.45999999999913
FIRST_TRIANGLE_GOLD_EVIDENCE_XAUUSD_1751328000,264,57.5,57.5,27.5,BASE,1,17,485.4800000000005
FIRST_TRIANGLE_GOLD_EVIDENCE_XAUUSD_1751328000,264,57.5,57.5,27.5,BASE,2,14,449.3100000000013
FIRST_TRIANGLE_GOLD_EVIDENCE_XAUUSD_1751328000,264,57.5,57.5,27.5,BASE,3,20,159.42999999999847
FIRST_TRIANGLE_GOLD_EVIDENCE_XAUUSD_1751328000,264,57.5,57.5,27.5,BASE,4,16,130.95999999999913
FIRST_TRIANGLE_GOLD_EVIDENCE_XAUUSD_1751328000,264,57.5,57.5,27.5,BASE,5,13,64.82999999999902
FIRST_TRIANGLE_GOLD_EVIDENCE_XAUUSD_1751328000,264,57.5,57.5,27.5,BASE,6,15,238.55000000000018
FIRST_TRIANGLE_GOLD_EVIDENCE_XAUUSD_1751328000,264,57.5,57.5,27.5,BASE,7,33,163.85999999999922
FIRST_TRIANGLE_GOLD_EVIDENCE_XAUUSD_1751328000,264,57.5,57.5,27.5,BASE,8,20,206.51000000000067
FIRST_TRIANGLE_GOLD_EVIDENCE_XAUUSD_1751328000,264,57.5,57.5,27.5,BASE,9,9,-92.47999999999956
FIRST_TRIANGLE_GOLD_EVIDENCE_XAUUSD_1751328000,264,57.5,57.5,27.5,BASE,10,17,230.1099999999983
FIRST_TRIANGLE_GOLD_EVIDENCE_XAUUSD_1751328000,264,57.5,57.5,27.5,BASE,11,13,222.9099999999985
FIRST_TRIANGLE_GOLD_EVIDENCE_XAUUSD_1751328000,264,57.5,57.5,27.5,BASE,12,16,-60.95999999999913
FIRST_TRIANGLE_GOLD_EVIDENCE_XAUUSD_1751328000,265,57.5,57.5,27.5,SPREAD_PLUS_25,1,17,485.4800000000005
FIRST_TRIANGLE_GOLD_EVIDENCE_XAUUSD_1751328000,265,57.5,57.5,27.5,SPREAD_PLUS_25,2,14,449.3100000000013
FIRST_TRIANGLE_GOLD_EVIDENCE_XAUUSD_1751328000,265,57.5,57.5,27.5,SPREAD_PLUS_25,3,20,159.42999999999847
FIRST_TRIANGLE_GOLD_EVIDENCE_XAUUSD_1751328000,265,57.5,57.5,27.5,SPREAD_PLUS_25,4,16,130.95999999999913
FIRST_TRIANGLE_GOLD_EVIDENCE_XAUUSD_1751328000,265,57.5,57.5,27.5,SPREAD_PLUS_25,5,13,64.82999999999902
FIRST_TRIANGLE_GOLD_EVIDENCE_XAUUSD_1751328000,265,57.5,57.5,27.5,SPREAD_PLUS_25,6,15,238.55000000000018
FIRST_TRIANGLE_GOLD_EVIDENCE_XAUUSD_1751328000,265,57.5,57.5,27.5,SPREAD_PLUS_25,7,33,163.85999999999922
FIRST_TRIANGLE_GOLD_EVIDENCE_XAUUSD_1751328000,265,57.5,57.5,27.5,SPREAD_PLUS_25,8,20,206.51000000000067
FIRST_TRIANGLE_GOLD_EVIDENCE_XAUUSD_1751328000,265,57.5,57.5,27.5,SPREAD_PLUS_25,9,9,-92.47999999999956
FIRST_TRIANGLE_GOLD_EVIDENCE_XAUUSD_1751328000,265,57.5,57.5,27.5,SPREAD_PLUS_25,10,17,230.1099999999983
FIRST_TRIANGLE_GOLD_EVIDENCE_XAUUSD_1751328000,265,57.5,57.5,27.5,SPREAD_PLUS_25,11,13,222.9099999999985
FIRST_TRIANGLE_GOLD_EVIDENCE_XAUUSD_1751328000,265,57.5,57.5,27.5,SPREAD_PLUS_25,12,16,-60.95999999999913
FIRST_TRIANGLE_GOLD_EVIDENCE_XAUUSD_1751328000,266,57.5,57.5,27.5,SPREAD_PLUS_50,1,17,485.4800000000005
FIRST_TRIANGLE_GOLD_EVIDENCE_XAUUSD_1751328000,266,57.5,57.5,27.5,SPREAD_PLUS_50,2,14,449.3100000000013
FIRST_TRIANGLE_GOLD_EVIDENCE_XAUUSD_1751328000,266,57.5,57.5,27.5,SPREAD_PLUS_50,3,20,159.42999999999847
FIRST_TRIANGLE_GOLD_EVIDENCE_XAUUSD_1751328000,266,57.5,57.5,27.5,SPREAD_PLUS_50,4,16,130.95999999999913
FIRST_TRIANGLE_GOLD_EVIDENCE_XAUUSD_1751328000,266,57.5,57.5,27.5,SPREAD_PLUS_50,5,13,64.82999999999902
FIRST_TRIANGLE_GOLD_EVIDENCE_XAUUSD_1751328000,266,57.5,57.5,27.5,SPREAD_PLUS_50,6,15,238.55000000000018
FIRST_TRIANGLE_GOLD_EVIDENCE_XAUUSD_1751328000,266,57.5,57.5,27.5,SPREAD_PLUS_50,7,33,163.85999999999922
FIRST_TRIANGLE_GOLD_EVIDENCE_XAUUSD_1751328000,266,57.5,57.5,27.5,SPREAD_PLUS_50,8,20,206.51000000000067
FIRST_TRIANGLE_GOLD_EVIDENCE_XAUUSD_1751328000,266,57.5,57.5,27.5,SPREAD_PLUS_50,9,9,-92.47999999999956
FIRST_TRIANGLE_GOLD_EVIDENCE_XAUUSD_1751328000,266,57.5,57.5,27.5,SPREAD_PLUS_50,10,17,230.1099999999983
FIRST_TRIANGLE_GOLD_EVIDENCE_XAUUSD_1751328000,266,57.5,57.5,27.5,SPREAD_PLUS_50,11,13,222.9099999999985
FIRST_TRIANGLE_GOLD_EVIDENCE_XAUUSD_1751328000,266,57.5,57.5,27.5,SPREAD_PLUS_50,12,16,-60.95999999999913
FIRST_TRIANGLE_GOLD_EVIDENCE_XAUUSD_1751328000,267,57.5,57.5,27.5,SLIPPAGE_BASE,1,17,485.4800000000005
FIRST_TRIANGLE_GOLD_EVIDENCE_XAUUSD_1751328000,267,57.5,57.5,27.5,SLIPPAGE_BASE,2,14,449.3100000000013
FIRST_TRIANGLE_GOLD_EVIDENCE_XAUUSD_1751328000,267,57.5,57.5,27.5,SLIPPAGE_BASE,3,20,159.42999999999847
FIRST_TRIANGLE_GOLD_EVIDENCE_XAUUSD_1751328000,267,57.5,57.5,27.5,SLIPPAGE_BASE,4,16,130.95999999999913
FIRST_TRIANGLE_GOLD_EVIDENCE_XAUUSD_1751328000,267,57.5,57.5,27.5,SLIPPAGE_BASE,5,13,64.82999999999902
FIRST_TRIANGLE_GOLD_EVIDENCE_XAUUSD_1751328000,267,57.5,57.5,27.5,SLIPPAGE_BASE,6,15,238.55000000000018
FIRST_TRIANGLE_GOLD_EVIDENCE_XAUUSD_1751328000,267,57.5,57.5,27.5,SLIPPAGE_BASE,7,33,163.85999999999922
FIRST_TRIANGLE_GOLD_EVIDENCE_XAUUSD_1751328000,267,57.5,57.5,27.5,SLIPPAGE_BASE,8,20,206.51000000000067
FIRST_TRIANGLE_GOLD_EVIDENCE_XAUUSD_1751328000,267,57.5,57.5,27.5,SLIPPAGE_BASE,9,9,-92.47999999999956
FIRST_TRIANGLE_GOLD_EVIDENCE_XAUUSD_1751328000,267,57.5,57.5,27.5,SLIPPAGE_BASE,10,17,230.1099999999983
FIRST_TRIANGLE_GOLD_EVIDENCE_XAUUSD_1751328000,267,57.5,57.5,27.5,SLIPPAGE_BASE,11,13,222.9099999999985
FIRST_TRIANGLE_GOLD_EVIDENCE_XAUUSD_1751328000,267,57.5,57.5,27.5,SLIPPAGE_BASE,12,16,-60.95999999999913
FIRST_TRIANGLE_GOLD_EVIDENCE_XAUUSD_1751328000,268,57.5,57.5,27.5,COMMISSION_PLUS_25,1,17,485.4800000000005
FIRST_TRIANGLE_GOLD_EVIDENCE_XAUUSD_1751328000,268,57.5,57.5,27.5,COMMISSION_PLUS_25,2,14,449.3100000000013
FIRST_TRIANGLE_GOLD_EVIDENCE_XAUUSD_1751328000,268,57.5,57.5,27.5,COMMISSION_PLUS_25,3,20,159.42999999999847
FIRST_TRIANGLE_GOLD_EVIDENCE_XAUUSD_1751328000,268,57.5,57.5,27.5,COMMISSION_PLUS_25,4,16,130.95999999999913
FIRST_TRIANGLE_GOLD_EVIDENCE_XAUUSD_1751328000,268,57.5,57.5,27.5,COMMISSION_PLUS_25,5,13,64.82999999999902
FIRST_TRIANGLE_GOLD_EVIDENCE_XAUUSD_1751328000,268,57.5,57.5,27.5,COMMISSION_PLUS_25,6,15,238.55000000000018
FIRST_TRIANGLE_GOLD_EVIDENCE_XAUUSD_1751328000,268,57.5,57.5,27.5,COMMISSION_PLUS_25,7,33,163.85999999999922
FIRST_TRIANGLE_GOLD_EVIDENCE_XAUUSD_1751328000,268,57.5,57.5,27.5,COMMISSION_PLUS_25,8,20,206.51000000000067
FIRST_TRIANGLE_GOLD_EVIDENCE_XAUUSD_1751328000,268,57.5,57.5,27.5,COMMISSION_PLUS_25,9,9,-92.47999999999956
FIRST_TRIANGLE_GOLD_EVIDENCE_XAUUSD_1751328000,268,57.5,57.5,27.5,COMMISSION_PLUS_25,10,17,230.1099999999983
FIRST_TRIANGLE_GOLD_EVIDENCE_XAUUSD_1751328000,268,57.5,57.5,27.5,COMMISSION_PLUS_25,11,13,222.9099999999985
FIRST_TRIANGLE_GOLD_EVIDENCE_XAUUSD_1751328000,268,57.5,57.5,27.5,COMMISSION_PLUS_25,12,16,-60.95999999999913
FIRST_TRIANGLE_GOLD_EVIDENCE_XAUUSD_1751328000,269,57.5,57.5,27.5,COMBINED_STRESS,1,17,485.4800000000005
FIRST_TRIANGLE_GOLD_EVIDENCE_XAUUSD_1751328000,269,57.5,57.5,27.5,COMBINED_STRESS,2,14,449.3100000000013
FIRST_TRIANGLE_GOLD_EVIDENCE_XAUUSD_1751328000,269,57.5,57.5,27.5,COMBINED_STRESS,3,20,159.42999999999847
FIRST_TRIANGLE_GOLD_EVIDENCE_XAUUSD_1751328000,269,57.5,57.5,27.5,COMBINED_STRESS,4,16,130.95999999999913
FIRST_TRIANGLE_GOLD_EVIDENCE_XAUUSD_1751328000,269,57.5,57.5,27.5,COMBINED_STRESS,5,13,64.82999999999902
FIRST_TRIANGLE_GOLD_EVIDENCE_XAUUSD_1751328000,269,57.5,57.5,27.5,COMBINED_STRESS,6,15,238.55000000000018
FIRST_TRIANGLE_GOLD_EVIDENCE_XAUUSD_1751328000,269,57.5,57.5,27.5,COMBINED_STRESS,7,33,163.85999999999922
FIRST_TRIANGLE_GOLD_EVIDENCE_XAUUSD_1751328000,269,57.5,57.5,27.5,COMBINED_STRESS,8,20,206.51000000000067
FIRST_TRIANGLE_GOLD_EVIDENCE_XAUUSD_1751328000,269,57.5,57.5,27.5,COMBINED_STRESS,9,9,-92.47999999999956
FIRST_TRIANGLE_GOLD_EVIDENCE_XAUUSD_1751328000,269,57.5,57.5,27.5,COMBINED_STRESS,10,17,230.1099999999983
FIRST_TRIANGLE_GOLD_EVIDENCE_XAUUSD_1751328000,269,57.5,57.5,27.5,COMBINED_STRESS,11,13,222.9099999999985
FIRST_TRIANGLE_GOLD_EVIDENCE_XAUUSD_1751328000,269,57.5,57.5,27.5,COMBINED_STRESS,12,16,-60.95999999999913
FIRST_TRIANGLE_GOLD_EVIDENCE_XAUUSD_1751328000,270,57.5,57.5,30.0,BASE,1,17,614.8900000000012
FIRST_TRIANGLE_GOLD_EVIDENCE_XAUUSD_1751328000,270,57.5,57.5,30.0,BASE,2,14,462.1300000000019
FIRST_TRIANGLE_GOLD_EVIDENCE_XAUUSD_1751328000,270,57.5,57.5,30.0,BASE,3,20,138.67999999999847
FIRST_TRIANGLE_GOLD_EVIDENCE_XAUUSD_1751328000,270,57.5,57.5,30.0,BASE,4,16,115.95999999999913
FIRST_TRIANGLE_GOLD_EVIDENCE_XAUUSD_1751328000,270,57.5,57.5,30.0,BASE,5,13,54.82999999999902
FIRST_TRIANGLE_GOLD_EVIDENCE_XAUUSD_1751328000,270,57.5,57.5,30.0,BASE,6,15,231.1199999999999
FIRST_TRIANGLE_GOLD_EVIDENCE_XAUUSD_1751328000,270,57.5,57.5,30.0,BASE,7,33,151.35999999999922
FIRST_TRIANGLE_GOLD_EVIDENCE_XAUUSD_1751328000,270,57.5,57.5,30.0,BASE,8,20,232.9700000000007
FIRST_TRIANGLE_GOLD_EVIDENCE_XAUUSD_1751328000,270,57.5,57.5,30.0,BASE,9,9,-92.47999999999956
FIRST_TRIANGLE_GOLD_EVIDENCE_XAUUSD_1751328000,270,57.5,57.5,30.0,BASE,10,17,207.6099999999983
FIRST_TRIANGLE_GOLD_EVIDENCE_XAUUSD_1751328000,270,57.5,57.5,30.0,BASE,11,13,210.4099999999985
FIRST_TRIANGLE_GOLD_EVIDENCE_XAUUSD_1751328000,270,57.5,57.5,30.0,BASE,12,16,-68.45999999999913
FIRST_TRIANGLE_GOLD_EVIDENCE_XAUUSD_1751328000,271,57.5,57.5,30.0,SPREAD_PLUS_25,1,17,614.8900000000012
FIRST_TRIANGLE_GOLD_EVIDENCE_XAUUSD_1751328000,271,57.5,57.5,30.0,SPREAD_PLUS_25,2,14,462.1300000000019
FIRST_TRIANGLE_GOLD_EVIDENCE_XAUUSD_1751328000,271,57.5,57.5,30.0,SPREAD_PLUS_25,3,20,138.67999999999847
FIRST_TRIANGLE_GOLD_EVIDENCE_XAUUSD_1751328000,271,57.5,57.5,30.0,SPREAD_PLUS_25,4,16,115.95999999999913
FIRST_TRIANGLE_GOLD_EVIDENCE_XAUUSD_1751328000,271,57.5,57.5,30.0,SPREAD_PLUS_25,5,13,54.82999999999902
FIRST_TRIANGLE_GOLD_EVIDENCE_XAUUSD_1751328000,271,57.5,57.5,30.0,SPREAD_PLUS_25,6,15,231.1199999999999
FIRST_TRIANGLE_GOLD_EVIDENCE_XAUUSD_1751328000,271,57.5,57.5,30.0,SPREAD_PLUS_25,7,33,151.35999999999922
FIRST_TRIANGLE_GOLD_EVIDENCE_XAUUSD_1751328000,271,57.5,57.5,30.0,SPREAD_PLUS_25,8,20,232.9700000000007
FIRST_TRIANGLE_GOLD_EVIDENCE_XAUUSD_1751328000,271,57.5,57.5,30.0,SPREAD_PLUS_25,9,9,-92.47999999999956
FIRST_TRIANGLE_GOLD_EVIDENCE_XAUUSD_1751328000,271,57.5,57.5,30.0,SPREAD_PLUS_25,10,17,207.6099999999983
FIRST_TRIANGLE_GOLD_EVIDENCE_XAUUSD_1751328000,271,57.5,57.5,30.0,SPREAD_PLUS_25,11,13,210.4099999999985
FIRST_TRIANGLE_GOLD_EVIDENCE_XAUUSD_1751328000,271,57.5,57.5,30.0,SPREAD_PLUS_25,12,16,-68.45999999999913
FIRST_TRIANGLE_GOLD_EVIDENCE_XAUUSD_1751328000,272,57.5,57.5,30.0,SPREAD_PLUS_50,1,17,614.8900000000012
FIRST_TRIANGLE_GOLD_EVIDENCE_XAUUSD_1751328000,272,57.5,57.5,30.0,SPREAD_PLUS_50,2,14,462.1300000000019
FIRST_TRIANGLE_GOLD_EVIDENCE_XAUUSD_1751328000,272,57.5,57.5,30.0,SPREAD_PLUS_50,3,20,138.67999999999847
FIRST_TRIANGLE_GOLD_EVIDENCE_XAUUSD_1751328000,272,57.5,57.5,30.0,SPREAD_PLUS_50,4,16,115.95999999999913
FIRST_TRIANGLE_GOLD_EVIDENCE_XAUUSD_1751328000,272,57.5,57.5,30.0,SPREAD_PLUS_50,5,13,54.82999999999902
FIRST_TRIANGLE_GOLD_EVIDENCE_XAUUSD_1751328000,272,57.5,57.5,30.0,SPREAD_PLUS_50,6,15,231.1199999999999
FIRST_TRIANGLE_GOLD_EVIDENCE_XAUUSD_1751328000,272,57.5,57.5,30.0,SPREAD_PLUS_50,7,33,151.35999999999922
FIRST_TRIANGLE_GOLD_EVIDENCE_XAUUSD_1751328000,272,57.5,57.5,30.0,SPREAD_PLUS_50,8,20,232.9700000000007
FIRST_TRIANGLE_GOLD_EVIDENCE_XAUUSD_1751328000,272,57.5,57.5,30.0,SPREAD_PLUS_50,9,9,-92.47999999999956
FIRST_TRIANGLE_GOLD_EVIDENCE_XAUUSD_1751328000,272,57.5,57.5,30.0,SPREAD_PLUS_50,10,17,207.6099999999983
FIRST_TRIANGLE_GOLD_EVIDENCE_XAUUSD_1751328000,272,57.5,57.5,30.0,SPREAD_PLUS_50,11,13,210.4099999999985
FIRST_TRIANGLE_GOLD_EVIDENCE_XAUUSD_1751328000,272,57.5,57.5,30.0,SPREAD_PLUS_50,12,16,-68.45999999999913
FIRST_TRIANGLE_GOLD_EVIDENCE_XAUUSD_1751328000,273,57.5,57.5,30.0,SLIPPAGE_BASE,1,17,614.8900000000012
FIRST_TRIANGLE_GOLD_EVIDENCE_XAUUSD_1751328000,273,57.5,57.5,30.0,SLIPPAGE_BASE,2,14,462.1300000000019
FIRST_TRIANGLE_GOLD_EVIDENCE_XAUUSD_1751328000,273,57.5,57.5,30.0,SLIPPAGE_BASE,3,20,138.67999999999847
FIRST_TRIANGLE_GOLD_EVIDENCE_XAUUSD_1751328000,273,57.5,57.5,30.0,SLIPPAGE_BASE,4,16,115.95999999999913
FIRST_TRIANGLE_GOLD_EVIDENCE_XAUUSD_1751328000,273,57.5,57.5,30.0,SLIPPAGE_BASE,5,13,54.82999999999902
FIRST_TRIANGLE_GOLD_EVIDENCE_XAUUSD_1751328000,273,57.5,57.5,30.0,SLIPPAGE_BASE,6,15,231.1199999999999
FIRST_TRIANGLE_GOLD_EVIDENCE_XAUUSD_1751328000,273,57.5,57.5,30.0,SLIPPAGE_BASE,7,33,151.35999999999922
FIRST_TRIANGLE_GOLD_EVIDENCE_XAUUSD_1751328000,273,57.5,57.5,30.0,SLIPPAGE_BASE,8,20,232.9700000000007
FIRST_TRIANGLE_GOLD_EVIDENCE_XAUUSD_1751328000,273,57.5,57.5,30.0,SLIPPAGE_BASE,9,9,-92.47999999999956
FIRST_TRIANGLE_GOLD_EVIDENCE_XAUUSD_1751328000,273,57.5,57.5,30.0,SLIPPAGE_BASE,10,17,207.6099999999983
FIRST_TRIANGLE_GOLD_EVIDENCE_XAUUSD_1751328000,273,57.5,57.5,30.0,SLIPPAGE_BASE,11,13,210.4099999999985
FIRST_TRIANGLE_GOLD_EVIDENCE_XAUUSD_1751328000,273,57.5,57.5,30.0,SLIPPAGE_BASE,12,16,-68.45999999999913
FIRST_TRIANGLE_GOLD_EVIDENCE_XAUUSD_1751328000,274,57.5,57.5,30.0,COMMISSION_PLUS_25,1,17,614.8900000000012
FIRST_TRIANGLE_GOLD_EVIDENCE_XAUUSD_1751328000,274,57.5,57.5,30.0,COMMISSION_PLUS_25,2,14,462.1300000000019
FIRST_TRIANGLE_GOLD_EVIDENCE_XAUUSD_1751328000,274,57.5,57.5,30.0,COMMISSION_PLUS_25,3,20,138.67999999999847
FIRST_TRIANGLE_GOLD_EVIDENCE_XAUUSD_1751328000,274,57.5,57.5,30.0,COMMISSION_PLUS_25,4,16,115.95999999999913
FIRST_TRIANGLE_GOLD_EVIDENCE_XAUUSD_1751328000,274,57.5,57.5,30.0,COMMISSION_PLUS_25,5,13,54.82999999999902
FIRST_TRIANGLE_GOLD_EVIDENCE_XAUUSD_1751328000,274,57.5,57.5,30.0,COMMISSION_PLUS_25,6,15,231.1199999999999
FIRST_TRIANGLE_GOLD_EVIDENCE_XAUUSD_1751328000,274,57.5,57.5,30.0,COMMISSION_PLUS_25,7,33,151.35999999999922
FIRST_TRIANGLE_GOLD_EVIDENCE_XAUUSD_1751328000,274,57.5,57.5,30.0,COMMISSION_PLUS_25,8,20,232.9700000000007
FIRST_TRIANGLE_GOLD_EVIDENCE_XAUUSD_1751328000,274,57.5,57.5,30.0,COMMISSION_PLUS_25,9,9,-92.47999999999956
FIRST_TRIANGLE_GOLD_EVIDENCE_XAUUSD_1751328000,274,57.5,57.5,30.0,COMMISSION_PLUS_25,10,17,207.6099999999983
FIRST_TRIANGLE_GOLD_EVIDENCE_XAUUSD_1751328000,274,57.5,57.5,30.0,COMMISSION_PLUS_25,11,13,210.4099999999985
FIRST_TRIANGLE_GOLD_EVIDENCE_XAUUSD_1751328000,274,57.5,57.5,30.0,COMMISSION_PLUS_25,12,16,-68.45999999999913
FIRST_TRIANGLE_GOLD_EVIDENCE_XAUUSD_1751328000,275,57.5,57.5,30.0,COMBINED_STRESS,1,17,614.8900000000012
FIRST_TRIANGLE_GOLD_EVIDENCE_XAUUSD_1751328000,275,57.5,57.5,30.0,COMBINED_STRESS,2,14,462.1300000000019
FIRST_TRIANGLE_GOLD_EVIDENCE_XAUUSD_1751328000,275,57.5,57.5,30.0,COMBINED_STRESS,3,20,138.67999999999847
FIRST_TRIANGLE_GOLD_EVIDENCE_XAUUSD_1751328000,275,57.5,57.5,30.0,COMBINED_STRESS,4,16,115.95999999999913
FIRST_TRIANGLE_GOLD_EVIDENCE_XAUUSD_1751328000,275,57.5,57.5,30.0,COMBINED_STRESS,5,13,54.82999999999902
FIRST_TRIANGLE_GOLD_EVIDENCE_XAUUSD_1751328000,275,57.5,57.5,30.0,COMBINED_STRESS,6,15,231.1199999999999
FIRST_TRIANGLE_GOLD_EVIDENCE_XAUUSD_1751328000,275,57.5,57.5,30.0,COMBINED_STRESS,7,33,151.35999999999922
FIRST_TRIANGLE_GOLD_EVIDENCE_XAUUSD_1751328000,275,57.5,57.5,30.0,COMBINED_STRESS,8,20,232.9700000000007
FIRST_TRIANGLE_GOLD_EVIDENCE_XAUUSD_1751328000,275,57.5,57.5,30.0,COMBINED_STRESS,9,9,-92.47999999999956
FIRST_TRIANGLE_GOLD_EVIDENCE_XAUUSD_1751328000,275,57.5,57.5,30.0,COMBINED_STRESS,10,17,207.6099999999983
FIRST_TRIANGLE_GOLD_EVIDENCE_XAUUSD_1751328000,275,57.5,57.5,30.0,COMBINED_STRESS,11,13,210.4099999999985
FIRST_TRIANGLE_GOLD_EVIDENCE_XAUUSD_1751328000,275,57.5,57.5,30.0,COMBINED_STRESS,12,16,-68.45999999999913
FIRST_TRIANGLE_GOLD_EVIDENCE_XAUUSD_1751328000,276,57.5,57.5,32.5,BASE,1,17,589.9100000000008
FIRST_TRIANGLE_GOLD_EVIDENCE_XAUUSD_1751328000,276,57.5,57.5,32.5,BASE,2,14,439.6300000000019
FIRST_TRIANGLE_GOLD_EVIDENCE_XAUUSD_1751328000,276,57.5,57.5,32.5,BASE,3,20,122.0699999999988
FIRST_TRIANGLE_GOLD_EVIDENCE_XAUUSD_1751328000,276,57.5,57.5,32.5,BASE,4,16,100.95999999999913
FIRST_TRIANGLE_GOLD_EVIDENCE_XAUUSD_1751328000,276,57.5,57.5,32.5,BASE,5,13,96.85999999999967
FIRST_TRIANGLE_GOLD_EVIDENCE_XAUUSD_1751328000,276,57.5,57.5,32.5,BASE,6,15,211.1199999999999
FIRST_TRIANGLE_GOLD_EVIDENCE_XAUUSD_1751328000,276,57.5,57.5,32.5,BASE,7,33,138.85999999999922
FIRST_TRIANGLE_GOLD_EVIDENCE_XAUUSD_1751328000,276,57.5,57.5,32.5,BASE,8,20,277.19000000000005
FIRST_TRIANGLE_GOLD_EVIDENCE_XAUUSD_1751328000,276,57.5,57.5,32.5,BASE,9,9,-92.47999999999956
FIRST_TRIANGLE_GOLD_EVIDENCE_XAUUSD_1751328000,276,57.5,57.5,32.5,BASE,10,17,185.1099999999983
FIRST_TRIANGLE_GOLD_EVIDENCE_XAUUSD_1751328000,276,57.5,57.5,32.5,BASE,11,13,240.88999999999805
FIRST_TRIANGLE_GOLD_EVIDENCE_XAUUSD_1751328000,276,57.5,57.5,32.5,BASE,12,16,-75.95999999999913
FIRST_TRIANGLE_GOLD_EVIDENCE_XAUUSD_1751328000,277,57.5,57.5,32.5,SPREAD_PLUS_25,1,17,589.9100000000008
FIRST_TRIANGLE_GOLD_EVIDENCE_XAUUSD_1751328000,277,57.5,57.5,32.5,SPREAD_PLUS_25,2,14,439.6300000000019
FIRST_TRIANGLE_GOLD_EVIDENCE_XAUUSD_1751328000,277,57.5,57.5,32.5,SPREAD_PLUS_25,3,20,122.0699999999988
FIRST_TRIANGLE_GOLD_EVIDENCE_XAUUSD_1751328000,277,57.5,57.5,32.5,SPREAD_PLUS_25,4,16,100.95999999999913
FIRST_TRIANGLE_GOLD_EVIDENCE_XAUUSD_1751328000,277,57.5,57.5,32.5,SPREAD_PLUS_25,5,13,96.85999999999967
FIRST_TRIANGLE_GOLD_EVIDENCE_XAUUSD_1751328000,277,57.5,57.5,32.5,SPREAD_PLUS_25,6,15,211.1199999999999
FIRST_TRIANGLE_GOLD_EVIDENCE_XAUUSD_1751328000,277,57.5,57.5,32.5,SPREAD_PLUS_25,7,33,138.85999999999922
FIRST_TRIANGLE_GOLD_EVIDENCE_XAUUSD_1751328000,277,57.5,57.5,32.5,SPREAD_PLUS_25,8,20,277.19000000000005
FIRST_TRIANGLE_GOLD_EVIDENCE_XAUUSD_1751328000,277,57.5,57.5,32.5,SPREAD_PLUS_25,9,9,-92.47999999999956
FIRST_TRIANGLE_GOLD_EVIDENCE_XAUUSD_1751328000,277,57.5,57.5,32.5,SPREAD_PLUS_25,10,17,185.1099999999983
FIRST_TRIANGLE_GOLD_EVIDENCE_XAUUSD_1751328000,277,57.5,57.5,32.5,SPREAD_PLUS_25,11,13,240.88999999999805
FIRST_TRIANGLE_GOLD_EVIDENCE_XAUUSD_1751328000,277,57.5,57.5,32.5,SPREAD_PLUS_25,12,16,-75.95999999999913
FIRST_TRIANGLE_GOLD_EVIDENCE_XAUUSD_1751328000,278,57.5,57.5,32.5,SPREAD_PLUS_50,1,17,589.9100000000008
FIRST_TRIANGLE_GOLD_EVIDENCE_XAUUSD_1751328000,278,57.5,57.5,32.5,SPREAD_PLUS_50,2,14,439.6300000000019
FIRST_TRIANGLE_GOLD_EVIDENCE_XAUUSD_1751328000,278,57.5,57.5,32.5,SPREAD_PLUS_50,3,20,122.0699999999988
FIRST_TRIANGLE_GOLD_EVIDENCE_XAUUSD_1751328000,278,57.5,57.5,32.5,SPREAD_PLUS_50,4,16,100.95999999999913
FIRST_TRIANGLE_GOLD_EVIDENCE_XAUUSD_1751328000,278,57.5,57.5,32.5,SPREAD_PLUS_50,5,13,96.85999999999967
FIRST_TRIANGLE_GOLD_EVIDENCE_XAUUSD_1751328000,278,57.5,57.5,32.5,SPREAD_PLUS_50,6,15,211.1199999999999
FIRST_TRIANGLE_GOLD_EVIDENCE_XAUUSD_1751328000,278,57.5,57.5,32.5,SPREAD_PLUS_50,7,33,138.85999999999922
FIRST_TRIANGLE_GOLD_EVIDENCE_XAUUSD_1751328000,278,57.5,57.5,32.5,SPREAD_PLUS_50,8,20,277.19000000000005
FIRST_TRIANGLE_GOLD_EVIDENCE_XAUUSD_1751328000,278,57.5,57.5,32.5,SPREAD_PLUS_50,9,9,-92.47999999999956
FIRST_TRIANGLE_GOLD_EVIDENCE_XAUUSD_1751328000,278,57.5,57.5,32.5,SPREAD_PLUS_50,10,17,185.1099999999983
FIRST_TRIANGLE_GOLD_EVIDENCE_XAUUSD_1751328000,278,57.5,57.5,32.5,SPREAD_PLUS_50,11,13,240.88999999999805
FIRST_TRIANGLE_GOLD_EVIDENCE_XAUUSD_1751328000,278,57.5,57.5,32.5,SPREAD_PLUS_50,12,16,-75.95999999999913
FIRST_TRIANGLE_GOLD_EVIDENCE_XAUUSD_1751328000,279,57.5,57.5,32.5,SLIPPAGE_BASE,1,17,589.9100000000008
FIRST_TRIANGLE_GOLD_EVIDENCE_XAUUSD_1751328000,279,57.5,57.5,32.5,SLIPPAGE_BASE,2,14,439.6300000000019
FIRST_TRIANGLE_GOLD_EVIDENCE_XAUUSD_1751328000,279,57.5,57.5,32.5,SLIPPAGE_BASE,3,20,122.0699999999988
FIRST_TRIANGLE_GOLD_EVIDENCE_XAUUSD_1751328000,279,57.5,57.5,32.5,SLIPPAGE_BASE,4,16,100.95999999999913
FIRST_TRIANGLE_GOLD_EVIDENCE_XAUUSD_1751328000,279,57.5,57.5,32.5,SLIPPAGE_BASE,5,13,96.85999999999967
FIRST_TRIANGLE_GOLD_EVIDENCE_XAUUSD_1751328000,279,57.5,57.5,32.5,SLIPPAGE_BASE,6,15,211.1199999999999
FIRST_TRIANGLE_GOLD_EVIDENCE_XAUUSD_1751328000,279,57.5,57.5,32.5,SLIPPAGE_BASE,7,33,138.85999999999922
FIRST_TRIANGLE_GOLD_EVIDENCE_XAUUSD_1751328000,279,57.5,57.5,32.5,SLIPPAGE_BASE,8,20,277.19000000000005
FIRST_TRIANGLE_GOLD_EVIDENCE_XAUUSD_1751328000,279,57.5,57.5,32.5,SLIPPAGE_BASE,9,9,-92.47999999999956
FIRST_TRIANGLE_GOLD_EVIDENCE_XAUUSD_1751328000,279,57.5,57.5,32.5,SLIPPAGE_BASE,10,17,185.1099999999983
FIRST_TRIANGLE_GOLD_EVIDENCE_XAUUSD_1751328000,279,57.5,57.5,32.5,SLIPPAGE_BASE,11,13,240.88999999999805
FIRST_TRIANGLE_GOLD_EVIDENCE_XAUUSD_1751328000,279,57.5,57.5,32.5,SLIPPAGE_BASE,12,16,-75.95999999999913
FIRST_TRIANGLE_GOLD_EVIDENCE_XAUUSD_1751328000,280,57.5,57.5,32.5,COMMISSION_PLUS_25,1,17,589.9100000000008
FIRST_TRIANGLE_GOLD_EVIDENCE_XAUUSD_1751328000,280,57.5,57.5,32.5,COMMISSION_PLUS_25,2,14,439.6300000000019
FIRST_TRIANGLE_GOLD_EVIDENCE_XAUUSD_1751328000,280,57.5,57.5,32.5,COMMISSION_PLUS_25,3,20,122.0699999999988
FIRST_TRIANGLE_GOLD_EVIDENCE_XAUUSD_1751328000,280,57.5,57.5,32.5,COMMISSION_PLUS_25,4,16,100.95999999999913
FIRST_TRIANGLE_GOLD_EVIDENCE_XAUUSD_1751328000,280,57.5,57.5,32.5,COMMISSION_PLUS_25,5,13,96.85999999999967
FIRST_TRIANGLE_GOLD_EVIDENCE_XAUUSD_1751328000,280,57.5,57.5,32.5,COMMISSION_PLUS_25,6,15,211.1199999999999
FIRST_TRIANGLE_GOLD_EVIDENCE_XAUUSD_1751328000,280,57.5,57.5,32.5,COMMISSION_PLUS_25,7,33,138.85999999999922
FIRST_TRIANGLE_GOLD_EVIDENCE_XAUUSD_1751328000,280,57.5,57.5,32.5,COMMISSION_PLUS_25,8,20,277.19000000000005
FIRST_TRIANGLE_GOLD_EVIDENCE_XAUUSD_1751328000,280,57.5,57.5,32.5,COMMISSION_PLUS_25,9,9,-92.47999999999956
FIRST_TRIANGLE_GOLD_EVIDENCE_XAUUSD_1751328000,280,57.5,57.5,32.5,COMMISSION_PLUS_25,10,17,185.1099999999983
FIRST_TRIANGLE_GOLD_EVIDENCE_XAUUSD_1751328000,280,57.5,57.5,32.5,COMMISSION_PLUS_25,11,13,240.88999999999805
FIRST_TRIANGLE_GOLD_EVIDENCE_XAUUSD_1751328000,280,57.5,57.5,32.5,COMMISSION_PLUS_25,12,16,-75.95999999999913
FIRST_TRIANGLE_GOLD_EVIDENCE_XAUUSD_1751328000,281,57.5,57.5,32.5,COMBINED_STRESS,1,17,589.9100000000008
FIRST_TRIANGLE_GOLD_EVIDENCE_XAUUSD_1751328000,281,57.5,57.5,32.5,COMBINED_STRESS,2,14,439.6300000000019
FIRST_TRIANGLE_GOLD_EVIDENCE_XAUUSD_1751328000,281,57.5,57.5,32.5,COMBINED_STRESS,3,20,122.0699999999988
FIRST_TRIANGLE_GOLD_EVIDENCE_XAUUSD_1751328000,281,57.5,57.5,32.5,COMBINED_STRESS,4,16,100.95999999999913
FIRST_TRIANGLE_GOLD_EVIDENCE_XAUUSD_1751328000,281,57.5,57.5,32.5,COMBINED_STRESS,5,13,96.85999999999967
FIRST_TRIANGLE_GOLD_EVIDENCE_XAUUSD_1751328000,281,57.5,57.5,32.5,COMBINED_STRESS,6,15,211.1199999999999
FIRST_TRIANGLE_GOLD_EVIDENCE_XAUUSD_1751328000,281,57.5,57.5,32.5,COMBINED_STRESS,7,33,138.85999999999922
FIRST_TRIANGLE_GOLD_EVIDENCE_XAUUSD_1751328000,281,57.5,57.5,32.5,COMBINED_STRESS,8,20,277.19000000000005
FIRST_TRIANGLE_GOLD_EVIDENCE_XAUUSD_1751328000,281,57.5,57.5,32.5,COMBINED_STRESS,9,9,-92.47999999999956
FIRST_TRIANGLE_GOLD_EVIDENCE_XAUUSD_1751328000,281,57.5,57.5,32.5,COMBINED_STRESS,10,17,185.1099999999983
FIRST_TRIANGLE_GOLD_EVIDENCE_XAUUSD_1751328000,281,57.5,57.5,32.5,COMBINED_STRESS,11,13,240.88999999999805
FIRST_TRIANGLE_GOLD_EVIDENCE_XAUUSD_1751328000,281,57.5,57.5,32.5,COMBINED_STRESS,12,16,-75.95999999999913
FIRST_TRIANGLE_GOLD_EVIDENCE_XAUUSD_1751328000,282,57.5,57.5,35.0,BASE,1,17,685.920000000001
FIRST_TRIANGLE_GOLD_EVIDENCE_XAUUSD_1751328000,282,57.5,57.5,35.0,BASE,2,14,417.1300000000019
FIRST_TRIANGLE_GOLD_EVIDENCE_XAUUSD_1751328000,282,57.5,57.5,35.0,BASE,3,20,124.78999999999905
FIRST_TRIANGLE_GOLD_EVIDENCE_XAUUSD_1751328000,282,57.5,57.5,35.0,BASE,4,16,140.9399999999987
FIRST_TRIANGLE_GOLD_EVIDENCE_XAUUSD_1751328000,282,57.5,57.5,35.0,BASE,5,13,86.85999999999967
FIRST_TRIANGLE_GOLD_EVIDENCE_XAUUSD_1751328000,282,57.5,57.5,35.0,BASE,6,15,193.51000000000022
FIRST_TRIANGLE_GOLD_EVIDENCE_XAUUSD_1751328000,282,57.5,57.5,35.0,BASE,7,33,150.7199999999998
FIRST_TRIANGLE_GOLD_EVIDENCE_XAUUSD_1751328000,282,57.5,57.5,35.0,BASE,8,20,269.69000000000005
FIRST_TRIANGLE_GOLD_EVIDENCE_XAUUSD_1751328000,282,57.5,57.5,35.0,BASE,9,9,-92.47999999999956
FIRST_TRIANGLE_GOLD_EVIDENCE_XAUUSD_1751328000,282,57.5,57.5,35.0,BASE,10,17,299.0399999999986
FIRST_TRIANGLE_GOLD_EVIDENCE_XAUUSD_1751328000,282,57.5,57.5,35.0,BASE,11,13,228.38999999999805
FIRST_TRIANGLE_GOLD_EVIDENCE_XAUUSD_1751328000,282,57.5,57.5,35.0,BASE,12,16,-83.45999999999913
FIRST_TRIANGLE_GOLD_EVIDENCE_XAUUSD_1751328000,283,57.5,57.5,35.0,SPREAD_PLUS_25,1,17,685.920000000001
FIRST_TRIANGLE_GOLD_EVIDENCE_XAUUSD_1751328000,283,57.5,57.5,35.0,SPREAD_PLUS_25,2,14,417.1300000000019
FIRST_TRIANGLE_GOLD_EVIDENCE_XAUUSD_1751328000,283,57.5,57.5,35.0,SPREAD_PLUS_25,3,20,124.78999999999905
FIRST_TRIANGLE_GOLD_EVIDENCE_XAUUSD_1751328000,283,57.5,57.5,35.0,SPREAD_PLUS_25,4,16,140.9399999999987
FIRST_TRIANGLE_GOLD_EVIDENCE_XAUUSD_1751328000,283,57.5,57.5,35.0,SPREAD_PLUS_25,5,13,86.85999999999967
FIRST_TRIANGLE_GOLD_EVIDENCE_XAUUSD_1751328000,283,57.5,57.5,35.0,SPREAD_PLUS_25,6,15,193.51000000000022
FIRST_TRIANGLE_GOLD_EVIDENCE_XAUUSD_1751328000,283,57.5,57.5,35.0,SPREAD_PLUS_25,7,33,150.7199999999998
FIRST_TRIANGLE_GOLD_EVIDENCE_XAUUSD_1751328000,283,57.5,57.5,35.0,SPREAD_PLUS_25,8,20,269.69000000000005
FIRST_TRIANGLE_GOLD_EVIDENCE_XAUUSD_1751328000,283,57.5,57.5,35.0,SPREAD_PLUS_25,9,9,-92.47999999999956
FIRST_TRIANGLE_GOLD_EVIDENCE_XAUUSD_1751328000,283,57.5,57.5,35.0,SPREAD_PLUS_25,10,17,299.0399999999986
FIRST_TRIANGLE_GOLD_EVIDENCE_XAUUSD_1751328000,283,57.5,57.5,35.0,SPREAD_PLUS_25,11,13,228.38999999999805
FIRST_TRIANGLE_GOLD_EVIDENCE_XAUUSD_1751328000,283,57.5,57.5,35.0,SPREAD_PLUS_25,12,16,-83.45999999999913
FIRST_TRIANGLE_GOLD_EVIDENCE_XAUUSD_1751328000,284,57.5,57.5,35.0,SPREAD_PLUS_50,1,17,685.920000000001
FIRST_TRIANGLE_GOLD_EVIDENCE_XAUUSD_1751328000,284,57.5,57.5,35.0,SPREAD_PLUS_50,2,14,417.1300000000019
FIRST_TRIANGLE_GOLD_EVIDENCE_XAUUSD_1751328000,284,57.5,57.5,35.0,SPREAD_PLUS_50,3,20,124.78999999999905
FIRST_TRIANGLE_GOLD_EVIDENCE_XAUUSD_1751328000,284,57.5,57.5,35.0,SPREAD_PLUS_50,4,16,140.9399999999987
FIRST_TRIANGLE_GOLD_EVIDENCE_XAUUSD_1751328000,284,57.5,57.5,35.0,SPREAD_PLUS_50,5,13,86.85999999999967
FIRST_TRIANGLE_GOLD_EVIDENCE_XAUUSD_1751328000,284,57.5,57.5,35.0,SPREAD_PLUS_50,6,15,193.51000000000022
FIRST_TRIANGLE_GOLD_EVIDENCE_XAUUSD_1751328000,284,57.5,57.5,35.0,SPREAD_PLUS_50,7,33,150.7199999999998
FIRST_TRIANGLE_GOLD_EVIDENCE_XAUUSD_1751328000,284,57.5,57.5,35.0,SPREAD_PLUS_50,8,20,269.69000000000005
FIRST_TRIANGLE_GOLD_EVIDENCE_XAUUSD_1751328000,284,57.5,57.5,35.0,SPREAD_PLUS_50,9,9,-92.47999999999956
FIRST_TRIANGLE_GOLD_EVIDENCE_XAUUSD_1751328000,284,57.5,57.5,35.0,SPREAD_PLUS_50,10,17,299.0399999999986
FIRST_TRIANGLE_GOLD_EVIDENCE_XAUUSD_1751328000,284,57.5,57.5,35.0,SPREAD_PLUS_50,11,13,228.38999999999805
FIRST_TRIANGLE_GOLD_EVIDENCE_XAUUSD_1751328000,284,57.5,57.5,35.0,SPREAD_PLUS_50,12,16,-83.45999999999913
FIRST_TRIANGLE_GOLD_EVIDENCE_XAUUSD_1751328000,285,57.5,57.5,35.0,SLIPPAGE_BASE,1,17,685.920000000001
FIRST_TRIANGLE_GOLD_EVIDENCE_XAUUSD_1751328000,285,57.5,57.5,35.0,SLIPPAGE_BASE,2,14,417.1300000000019
FIRST_TRIANGLE_GOLD_EVIDENCE_XAUUSD_1751328000,285,57.5,57.5,35.0,SLIPPAGE_BASE,3,20,124.78999999999905
FIRST_TRIANGLE_GOLD_EVIDENCE_XAUUSD_1751328000,285,57.5,57.5,35.0,SLIPPAGE_BASE,4,16,140.9399999999987
FIRST_TRIANGLE_GOLD_EVIDENCE_XAUUSD_1751328000,285,57.5,57.5,35.0,SLIPPAGE_BASE,5,13,86.85999999999967
FIRST_TRIANGLE_GOLD_EVIDENCE_XAUUSD_1751328000,285,57.5,57.5,35.0,SLIPPAGE_BASE,6,15,193.51000000000022
FIRST_TRIANGLE_GOLD_EVIDENCE_XAUUSD_1751328000,285,57.5,57.5,35.0,SLIPPAGE_BASE,7,33,150.7199999999998
FIRST_TRIANGLE_GOLD_EVIDENCE_XAUUSD_1751328000,285,57.5,57.5,35.0,SLIPPAGE_BASE,8,20,269.69000000000005
FIRST_TRIANGLE_GOLD_EVIDENCE_XAUUSD_1751328000,285,57.5,57.5,35.0,SLIPPAGE_BASE,9,9,-92.47999999999956
FIRST_TRIANGLE_GOLD_EVIDENCE_XAUUSD_1751328000,285,57.5,57.5,35.0,SLIPPAGE_BASE,10,17,299.0399999999986
FIRST_TRIANGLE_GOLD_EVIDENCE_XAUUSD_1751328000,285,57.5,57.5,35.0,SLIPPAGE_BASE,11,13,228.38999999999805
FIRST_TRIANGLE_GOLD_EVIDENCE_XAUUSD_1751328000,285,57.5,57.5,35.0,SLIPPAGE_BASE,12,16,-83.45999999999913
FIRST_TRIANGLE_GOLD_EVIDENCE_XAUUSD_1751328000,286,57.5,57.5,35.0,COMMISSION_PLUS_25,1,17,685.920000000001
FIRST_TRIANGLE_GOLD_EVIDENCE_XAUUSD_1751328000,286,57.5,57.5,35.0,COMMISSION_PLUS_25,2,14,417.1300000000019
FIRST_TRIANGLE_GOLD_EVIDENCE_XAUUSD_1751328000,286,57.5,57.5,35.0,COMMISSION_PLUS_25,3,20,124.78999999999905
FIRST_TRIANGLE_GOLD_EVIDENCE_XAUUSD_1751328000,286,57.5,57.5,35.0,COMMISSION_PLUS_25,4,16,140.9399999999987
FIRST_TRIANGLE_GOLD_EVIDENCE_XAUUSD_1751328000,286,57.5,57.5,35.0,COMMISSION_PLUS_25,5,13,86.85999999999967
FIRST_TRIANGLE_GOLD_EVIDENCE_XAUUSD_1751328000,286,57.5,57.5,35.0,COMMISSION_PLUS_25,6,15,193.51000000000022
FIRST_TRIANGLE_GOLD_EVIDENCE_XAUUSD_1751328000,286,57.5,57.5,35.0,COMMISSION_PLUS_25,7,33,150.7199999999998
FIRST_TRIANGLE_GOLD_EVIDENCE_XAUUSD_1751328000,286,57.5,57.5,35.0,COMMISSION_PLUS_25,8,20,269.69000000000005
FIRST_TRIANGLE_GOLD_EVIDENCE_XAUUSD_1751328000,286,57.5,57.5,35.0,COMMISSION_PLUS_25,9,9,-92.47999999999956
FIRST_TRIANGLE_GOLD_EVIDENCE_XAUUSD_1751328000,286,57.5,57.5,35.0,COMMISSION_PLUS_25,10,17,299.0399999999986
FIRST_TRIANGLE_GOLD_EVIDENCE_XAUUSD_1751328000,286,57.5,57.5,35.0,COMMISSION_PLUS_25,11,13,228.38999999999805
FIRST_TRIANGLE_GOLD_EVIDENCE_XAUUSD_1751328000,286,57.5,57.5,35.0,COMMISSION_PLUS_25,12,16,-83.45999999999913
FIRST_TRIANGLE_GOLD_EVIDENCE_XAUUSD_1751328000,287,57.5,57.5,35.0,COMBINED_STRESS,1,17,685.920000000001
FIRST_TRIANGLE_GOLD_EVIDENCE_XAUUSD_1751328000,287,57.5,57.5,35.0,COMBINED_STRESS,2,14,417.1300000000019
FIRST_TRIANGLE_GOLD_EVIDENCE_XAUUSD_1751328000,287,57.5,57.5,35.0,COMBINED_STRESS,3,20,124.78999999999905
FIRST_TRIANGLE_GOLD_EVIDENCE_XAUUSD_1751328000,287,57.5,57.5,35.0,COMBINED_STRESS,4,16,140.9399999999987
FIRST_TRIANGLE_GOLD_EVIDENCE_XAUUSD_1751328000,287,57.5,57.5,35.0,COMBINED_STRESS,5,13,86.85999999999967
FIRST_TRIANGLE_GOLD_EVIDENCE_XAUUSD_1751328000,287,57.5,57.5,35.0,COMBINED_STRESS,6,15,193.51000000000022
FIRST_TRIANGLE_GOLD_EVIDENCE_XAUUSD_1751328000,287,57.5,57.5,35.0,COMBINED_STRESS,7,33,150.7199999999998
FIRST_TRIANGLE_GOLD_EVIDENCE_XAUUSD_1751328000,287,57.5,57.5,35.0,COMBINED_STRESS,8,20,269.69000000000005
FIRST_TRIANGLE_GOLD_EVIDENCE_XAUUSD_1751328000,287,57.5,57.5,35.0,COMBINED_STRESS,9,9,-92.47999999999956
FIRST_TRIANGLE_GOLD_EVIDENCE_XAUUSD_1751328000,287,57.5,57.5,35.0,COMBINED_STRESS,10,17,299.0399999999986
FIRST_TRIANGLE_GOLD_EVIDENCE_XAUUSD_1751328000,287,57.5,57.5,35.0,COMBINED_STRESS,11,13,228.38999999999805
FIRST_TRIANGLE_GOLD_EVIDENCE_XAUUSD_1751328000,287,57.5,57.5,35.0,COMBINED_STRESS,12,16,-83.45999999999913
FIRST_TRIANGLE_GOLD_EVIDENCE_XAUUSD_1751328000,288,57.5,57.5,37.5,BASE,1,17,660.920000000001
FIRST_TRIANGLE_GOLD_EVIDENCE_XAUUSD_1751328000,288,57.5,57.5,37.5,BASE,2,14,394.6300000000019
FIRST_TRIANGLE_GOLD_EVIDENCE_XAUUSD_1751328000,288,57.5,57.5,37.5,BASE,3,20,99.78999999999905
FIRST_TRIANGLE_GOLD_EVIDENCE_XAUUSD_1751328000,288,57.5,57.5,37.5,BASE,4,16,126.44999999999891
FIRST_TRIANGLE_GOLD_EVIDENCE_XAUUSD_1751328000,288,57.5,57.5,37.5,BASE,5,13,76.85999999999967
FIRST_TRIANGLE_GOLD_EVIDENCE_XAUUSD_1751328000,288,57.5,57.5,37.5,BASE,6,15,237.8199999999997
FIRST_TRIANGLE_GOLD_EVIDENCE_XAUUSD_1751328000,288,57.5,57.5,37.5,BASE,7,33,138.2199999999998
FIRST_TRIANGLE_GOLD_EVIDENCE_XAUUSD_1751328000,288,57.5,57.5,37.5,BASE,8,20,262.19000000000005
FIRST_TRIANGLE_GOLD_EVIDENCE_XAUUSD_1751328000,288,57.5,57.5,37.5,BASE,9,9,-92.47999999999956
FIRST_TRIANGLE_GOLD_EVIDENCE_XAUUSD_1751328000,288,57.5,57.5,37.5,BASE,10,17,546.2599999999989
FIRST_TRIANGLE_GOLD_EVIDENCE_XAUUSD_1751328000,288,57.5,57.5,37.5,BASE,11,13,215.88999999999805
FIRST_TRIANGLE_GOLD_EVIDENCE_XAUUSD_1751328000,288,57.5,57.5,37.5,BASE,12,16,-90.95999999999913
FIRST_TRIANGLE_GOLD_EVIDENCE_XAUUSD_1751328000,289,57.5,57.5,37.5,SPREAD_PLUS_25,1,17,660.920000000001
FIRST_TRIANGLE_GOLD_EVIDENCE_XAUUSD_1751328000,289,57.5,57.5,37.5,SPREAD_PLUS_25,2,14,394.6300000000019
FIRST_TRIANGLE_GOLD_EVIDENCE_XAUUSD_1751328000,289,57.5,57.5,37.5,SPREAD_PLUS_25,3,20,99.78999999999905
FIRST_TRIANGLE_GOLD_EVIDENCE_XAUUSD_1751328000,289,57.5,57.5,37.5,SPREAD_PLUS_25,4,16,126.44999999999891
FIRST_TRIANGLE_GOLD_EVIDENCE_XAUUSD_1751328000,289,57.5,57.5,37.5,SPREAD_PLUS_25,5,13,76.85999999999967
FIRST_TRIANGLE_GOLD_EVIDENCE_XAUUSD_1751328000,289,57.5,57.5,37.5,SPREAD_PLUS_25,6,15,237.8199999999997
FIRST_TRIANGLE_GOLD_EVIDENCE_XAUUSD_1751328000,289,57.5,57.5,37.5,SPREAD_PLUS_25,7,33,138.2199999999998
FIRST_TRIANGLE_GOLD_EVIDENCE_XAUUSD_1751328000,289,57.5,57.5,37.5,SPREAD_PLUS_25,8,20,262.19000000000005
FIRST_TRIANGLE_GOLD_EVIDENCE_XAUUSD_1751328000,289,57.5,57.5,37.5,SPREAD_PLUS_25,9,9,-92.47999999999956
FIRST_TRIANGLE_GOLD_EVIDENCE_XAUUSD_1751328000,289,57.5,57.5,37.5,SPREAD_PLUS_25,10,17,546.2599999999989
FIRST_TRIANGLE_GOLD_EVIDENCE_XAUUSD_1751328000,289,57.5,57.5,37.5,SPREAD_PLUS_25,11,13,215.88999999999805
FIRST_TRIANGLE_GOLD_EVIDENCE_XAUUSD_1751328000,289,57.5,57.5,37.5,SPREAD_PLUS_25,12,16,-90.95999999999913
FIRST_TRIANGLE_GOLD_EVIDENCE_XAUUSD_1751328000,290,57.5,57.5,37.5,SPREAD_PLUS_50,1,17,660.920000000001
FIRST_TRIANGLE_GOLD_EVIDENCE_XAUUSD_1751328000,290,57.5,57.5,37.5,SPREAD_PLUS_50,2,14,394.6300000000019
FIRST_TRIANGLE_GOLD_EVIDENCE_XAUUSD_1751328000,290,57.5,57.5,37.5,SPREAD_PLUS_50,3,20,99.78999999999905
FIRST_TRIANGLE_GOLD_EVIDENCE_XAUUSD_1751328000,290,57.5,57.5,37.5,SPREAD_PLUS_50,4,16,126.44999999999891
FIRST_TRIANGLE_GOLD_EVIDENCE_XAUUSD_1751328000,290,57.5,57.5,37.5,SPREAD_PLUS_50,5,13,76.85999999999967
FIRST_TRIANGLE_GOLD_EVIDENCE_XAUUSD_1751328000,290,57.5,57.5,37.5,SPREAD_PLUS_50,6,15,237.8199999999997
FIRST_TRIANGLE_GOLD_EVIDENCE_XAUUSD_1751328000,290,57.5,57.5,37.5,SPREAD_PLUS_50,7,33,138.2199999999998
FIRST_TRIANGLE_GOLD_EVIDENCE_XAUUSD_1751328000,290,57.5,57.5,37.5,SPREAD_PLUS_50,8,20,262.19000000000005
FIRST_TRIANGLE_GOLD_EVIDENCE_XAUUSD_1751328000,290,57.5,57.5,37.5,SPREAD_PLUS_50,9,9,-92.47999999999956
FIRST_TRIANGLE_GOLD_EVIDENCE_XAUUSD_1751328000,290,57.5,57.5,37.5,SPREAD_PLUS_50,10,17,546.2599999999989
FIRST_TRIANGLE_GOLD_EVIDENCE_XAUUSD_1751328000,290,57.5,57.5,37.5,SPREAD_PLUS_50,11,13,215.88999999999805
FIRST_TRIANGLE_GOLD_EVIDENCE_XAUUSD_1751328000,290,57.5,57.5,37.5,SPREAD_PLUS_50,12,16,-90.95999999999913
FIRST_TRIANGLE_GOLD_EVIDENCE_XAUUSD_1751328000,291,57.5,57.5,37.5,SLIPPAGE_BASE,1,17,660.920000000001
FIRST_TRIANGLE_GOLD_EVIDENCE_XAUUSD_1751328000,291,57.5,57.5,37.5,SLIPPAGE_BASE,2,14,394.6300000000019
FIRST_TRIANGLE_GOLD_EVIDENCE_XAUUSD_1751328000,291,57.5,57.5,37.5,SLIPPAGE_BASE,3,20,99.78999999999905
FIRST_TRIANGLE_GOLD_EVIDENCE_XAUUSD_1751328000,291,57.5,57.5,37.5,SLIPPAGE_BASE,4,16,126.44999999999891
FIRST_TRIANGLE_GOLD_EVIDENCE_XAUUSD_1751328000,291,57.5,57.5,37.5,SLIPPAGE_BASE,5,13,76.85999999999967
FIRST_TRIANGLE_GOLD_EVIDENCE_XAUUSD_1751328000,291,57.5,57.5,37.5,SLIPPAGE_BASE,6,15,237.8199999999997
FIRST_TRIANGLE_GOLD_EVIDENCE_XAUUSD_1751328000,291,57.5,57.5,37.5,SLIPPAGE_BASE,7,33,138.2199999999998
FIRST_TRIANGLE_GOLD_EVIDENCE_XAUUSD_1751328000,291,57.5,57.5,37.5,SLIPPAGE_BASE,8,20,262.19000000000005
FIRST_TRIANGLE_GOLD_EVIDENCE_XAUUSD_1751328000,291,57.5,57.5,37.5,SLIPPAGE_BASE,9,9,-92.47999999999956
FIRST_TRIANGLE_GOLD_EVIDENCE_XAUUSD_1751328000,291,57.5,57.5,37.5,SLIPPAGE_BASE,10,17,546.2599999999989
FIRST_TRIANGLE_GOLD_EVIDENCE_XAUUSD_1751328000,291,57.5,57.5,37.5,SLIPPAGE_BASE,11,13,215.88999999999805
FIRST_TRIANGLE_GOLD_EVIDENCE_XAUUSD_1751328000,291,57.5,57.5,37.5,SLIPPAGE_BASE,12,16,-90.95999999999913
FIRST_TRIANGLE_GOLD_EVIDENCE_XAUUSD_1751328000,292,57.5,57.5,37.5,COMMISSION_PLUS_25,1,17,660.920000000001
FIRST_TRIANGLE_GOLD_EVIDENCE_XAUUSD_1751328000,292,57.5,57.5,37.5,COMMISSION_PLUS_25,2,14,394.6300000000019
FIRST_TRIANGLE_GOLD_EVIDENCE_XAUUSD_1751328000,292,57.5,57.5,37.5,COMMISSION_PLUS_25,3,20,99.78999999999905
FIRST_TRIANGLE_GOLD_EVIDENCE_XAUUSD_1751328000,292,57.5,57.5,37.5,COMMISSION_PLUS_25,4,16,126.44999999999891
FIRST_TRIANGLE_GOLD_EVIDENCE_XAUUSD_1751328000,292,57.5,57.5,37.5,COMMISSION_PLUS_25,5,13,76.85999999999967
FIRST_TRIANGLE_GOLD_EVIDENCE_XAUUSD_1751328000,292,57.5,57.5,37.5,COMMISSION_PLUS_25,6,15,237.8199999999997
FIRST_TRIANGLE_GOLD_EVIDENCE_XAUUSD_1751328000,292,57.5,57.5,37.5,COMMISSION_PLUS_25,7,33,138.2199999999998
FIRST_TRIANGLE_GOLD_EVIDENCE_XAUUSD_1751328000,292,57.5,57.5,37.5,COMMISSION_PLUS_25,8,20,262.19000000000005
FIRST_TRIANGLE_GOLD_EVIDENCE_XAUUSD_1751328000,292,57.5,57.5,37.5,COMMISSION_PLUS_25,9,9,-92.47999999999956
FIRST_TRIANGLE_GOLD_EVIDENCE_XAUUSD_1751328000,292,57.5,57.5,37.5,COMMISSION_PLUS_25,10,17,546.2599999999989
FIRST_TRIANGLE_GOLD_EVIDENCE_XAUUSD_1751328000,292,57.5,57.5,37.5,COMMISSION_PLUS_25,11,13,215.88999999999805
FIRST_TRIANGLE_GOLD_EVIDENCE_XAUUSD_1751328000,292,57.5,57.5,37.5,COMMISSION_PLUS_25,12,16,-90.95999999999913
FIRST_TRIANGLE_GOLD_EVIDENCE_XAUUSD_1751328000,293,57.5,57.5,37.5,COMBINED_STRESS,1,17,660.920000000001
FIRST_TRIANGLE_GOLD_EVIDENCE_XAUUSD_1751328000,293,57.5,57.5,37.5,COMBINED_STRESS,2,14,394.6300000000019
FIRST_TRIANGLE_GOLD_EVIDENCE_XAUUSD_1751328000,293,57.5,57.5,37.5,COMBINED_STRESS,3,20,99.78999999999905
FIRST_TRIANGLE_GOLD_EVIDENCE_XAUUSD_1751328000,293,57.5,57.5,37.5,COMBINED_STRESS,4,16,126.44999999999891
FIRST_TRIANGLE_GOLD_EVIDENCE_XAUUSD_1751328000,293,57.5,57.5,37.5,COMBINED_STRESS,5,13,76.85999999999967
FIRST_TRIANGLE_GOLD_EVIDENCE_XAUUSD_1751328000,293,57.5,57.5,37.5,COMBINED_STRESS,6,15,237.8199999999997
FIRST_TRIANGLE_GOLD_EVIDENCE_XAUUSD_1751328000,293,57.5,57.5,37.5,COMBINED_STRESS,7,33,138.2199999999998
FIRST_TRIANGLE_GOLD_EVIDENCE_XAUUSD_1751328000,293,57.5,57.5,37.5,COMBINED_STRESS,8,20,262.19000000000005
FIRST_TRIANGLE_GOLD_EVIDENCE_XAUUSD_1751328000,293,57.5,57.5,37.5,COMBINED_STRESS,9,9,-92.47999999999956
FIRST_TRIANGLE_GOLD_EVIDENCE_XAUUSD_1751328000,293,57.5,57.5,37.5,COMBINED_STRESS,10,17,546.2599999999989
FIRST_TRIANGLE_GOLD_EVIDENCE_XAUUSD_1751328000,293,57.5,57.5,37.5,COMBINED_STRESS,11,13,215.88999999999805
FIRST_TRIANGLE_GOLD_EVIDENCE_XAUUSD_1751328000,293,57.5,57.5,37.5,COMBINED_STRESS,12,16,-90.95999999999913
FIRST_TRIANGLE_GOLD_EVIDENCE_XAUUSD_1751328000,294,57.5,60.0,22.5,BASE,1,17,471.15999999999985
FIRST_TRIANGLE_GOLD_EVIDENCE_XAUUSD_1751328000,294,57.5,60.0,22.5,BASE,2,14,486.9900000000007
FIRST_TRIANGLE_GOLD_EVIDENCE_XAUUSD_1751328000,294,57.5,60.0,22.5,BASE,3,20,200.10999999999876
FIRST_TRIANGLE_GOLD_EVIDENCE_XAUUSD_1751328000,294,57.5,60.0,22.5,BASE,4,16,75.5699999999988
FIRST_TRIANGLE_GOLD_EVIDENCE_XAUUSD_1751328000,294,57.5,60.0,22.5,BASE,5,13,84.82999999999902
FIRST_TRIANGLE_GOLD_EVIDENCE_XAUUSD_1751328000,294,57.5,60.0,22.5,BASE,6,15,261.1400000000003
FIRST_TRIANGLE_GOLD_EVIDENCE_XAUUSD_1751328000,294,57.5,60.0,22.5,BASE,7,33,174.9099999999994
FIRST_TRIANGLE_GOLD_EVIDENCE_XAUUSD_1751328000,294,57.5,60.0,22.5,BASE,8,20,81.900000000001
FIRST_TRIANGLE_GOLD_EVIDENCE_XAUUSD_1751328000,294,57.5,60.0,22.5,BASE,9,9,-92.47999999999956
FIRST_TRIANGLE_GOLD_EVIDENCE_XAUUSD_1751328000,294,57.5,60.0,22.5,BASE,10,17,242.8599999999983
FIRST_TRIANGLE_GOLD_EVIDENCE_XAUUSD_1751328000,294,57.5,60.0,22.5,BASE,11,13,242.6399999999985
FIRST_TRIANGLE_GOLD_EVIDENCE_XAUUSD_1751328000,294,57.5,60.0,22.5,BASE,12,16,-45.95999999999913
FIRST_TRIANGLE_GOLD_EVIDENCE_XAUUSD_1751328000,295,57.5,60.0,22.5,SPREAD_PLUS_25,1,17,471.15999999999985
FIRST_TRIANGLE_GOLD_EVIDENCE_XAUUSD_1751328000,295,57.5,60.0,22.5,SPREAD_PLUS_25,2,14,486.9900000000007
FIRST_TRIANGLE_GOLD_EVIDENCE_XAUUSD_1751328000,295,57.5,60.0,22.5,SPREAD_PLUS_25,3,20,200.10999999999876
FIRST_TRIANGLE_GOLD_EVIDENCE_XAUUSD_1751328000,295,57.5,60.0,22.5,SPREAD_PLUS_25,4,16,75.5699999999988
FIRST_TRIANGLE_GOLD_EVIDENCE_XAUUSD_1751328000,295,57.5,60.0,22.5,SPREAD_PLUS_25,5,13,84.82999999999902
FIRST_TRIANGLE_GOLD_EVIDENCE_XAUUSD_1751328000,295,57.5,60.0,22.5,SPREAD_PLUS_25,6,15,261.1400000000003
FIRST_TRIANGLE_GOLD_EVIDENCE_XAUUSD_1751328000,295,57.5,60.0,22.5,SPREAD_PLUS_25,7,33,174.9099999999994
FIRST_TRIANGLE_GOLD_EVIDENCE_XAUUSD_1751328000,295,57.5,60.0,22.5,SPREAD_PLUS_25,8,20,81.900000000001
FIRST_TRIANGLE_GOLD_EVIDENCE_XAUUSD_1751328000,295,57.5,60.0,22.5,SPREAD_PLUS_25,9,9,-92.47999999999956
FIRST_TRIANGLE_GOLD_EVIDENCE_XAUUSD_1751328000,295,57.5,60.0,22.5,SPREAD_PLUS_25,10,17,242.8599999999983
FIRST_TRIANGLE_GOLD_EVIDENCE_XAUUSD_1751328000,295,57.5,60.0,22.5,SPREAD_PLUS_25,11,13,242.6399999999985
FIRST_TRIANGLE_GOLD_EVIDENCE_XAUUSD_1751328000,295,57.5,60.0,22.5,SPREAD_PLUS_25,12,16,-45.95999999999913
FIRST_TRIANGLE_GOLD_EVIDENCE_XAUUSD_1751328000,296,57.5,60.0,22.5,SPREAD_PLUS_50,1,17,471.15999999999985
FIRST_TRIANGLE_GOLD_EVIDENCE_XAUUSD_1751328000,296,57.5,60.0,22.5,SPREAD_PLUS_50,2,14,486.9900000000007
FIRST_TRIANGLE_GOLD_EVIDENCE_XAUUSD_1751328000,296,57.5,60.0,22.5,SPREAD_PLUS_50,3,20,200.10999999999876
FIRST_TRIANGLE_GOLD_EVIDENCE_XAUUSD_1751328000,296,57.5,60.0,22.5,SPREAD_PLUS_50,4,16,75.5699999999988
FIRST_TRIANGLE_GOLD_EVIDENCE_XAUUSD_1751328000,296,57.5,60.0,22.5,SPREAD_PLUS_50,5,13,84.82999999999902
FIRST_TRIANGLE_GOLD_EVIDENCE_XAUUSD_1751328000,296,57.5,60.0,22.5,SPREAD_PLUS_50,6,15,261.1400000000003
FIRST_TRIANGLE_GOLD_EVIDENCE_XAUUSD_1751328000,296,57.5,60.0,22.5,SPREAD_PLUS_50,7,33,174.9099999999994
FIRST_TRIANGLE_GOLD_EVIDENCE_XAUUSD_1751328000,296,57.5,60.0,22.5,SPREAD_PLUS_50,8,20,81.900000000001
FIRST_TRIANGLE_GOLD_EVIDENCE_XAUUSD_1751328000,296,57.5,60.0,22.5,SPREAD_PLUS_50,9,9,-92.47999999999956
FIRST_TRIANGLE_GOLD_EVIDENCE_XAUUSD_1751328000,296,57.5,60.0,22.5,SPREAD_PLUS_50,10,17,242.8599999999983
FIRST_TRIANGLE_GOLD_EVIDENCE_XAUUSD_1751328000,296,57.5,60.0,22.5,SPREAD_PLUS_50,11,13,242.6399999999985
FIRST_TRIANGLE_GOLD_EVIDENCE_XAUUSD_1751328000,296,57.5,60.0,22.5,SPREAD_PLUS_50,12,16,-45.95999999999913
FIRST_TRIANGLE_GOLD_EVIDENCE_XAUUSD_1751328000,297,57.5,60.0,22.5,SLIPPAGE_BASE,1,17,471.15999999999985
FIRST_TRIANGLE_GOLD_EVIDENCE_XAUUSD_1751328000,297,57.5,60.0,22.5,SLIPPAGE_BASE,2,14,486.9900000000007
FIRST_TRIANGLE_GOLD_EVIDENCE_XAUUSD_1751328000,297,57.5,60.0,22.5,SLIPPAGE_BASE,3,20,200.10999999999876
FIRST_TRIANGLE_GOLD_EVIDENCE_XAUUSD_1751328000,297,57.5,60.0,22.5,SLIPPAGE_BASE,4,16,75.5699999999988
FIRST_TRIANGLE_GOLD_EVIDENCE_XAUUSD_1751328000,297,57.5,60.0,22.5,SLIPPAGE_BASE,5,13,84.82999999999902
FIRST_TRIANGLE_GOLD_EVIDENCE_XAUUSD_1751328000,297,57.5,60.0,22.5,SLIPPAGE_BASE,6,15,261.1400000000003
FIRST_TRIANGLE_GOLD_EVIDENCE_XAUUSD_1751328000,297,57.5,60.0,22.5,SLIPPAGE_BASE,7,33,174.9099999999994
FIRST_TRIANGLE_GOLD_EVIDENCE_XAUUSD_1751328000,297,57.5,60.0,22.5,SLIPPAGE_BASE,8,20,81.900000000001
FIRST_TRIANGLE_GOLD_EVIDENCE_XAUUSD_1751328000,297,57.5,60.0,22.5,SLIPPAGE_BASE,9,9,-92.47999999999956
FIRST_TRIANGLE_GOLD_EVIDENCE_XAUUSD_1751328000,297,57.5,60.0,22.5,SLIPPAGE_BASE,10,17,242.8599999999983
FIRST_TRIANGLE_GOLD_EVIDENCE_XAUUSD_1751328000,297,57.5,60.0,22.5,SLIPPAGE_BASE,11,13,242.6399999999985
FIRST_TRIANGLE_GOLD_EVIDENCE_XAUUSD_1751328000,297,57.5,60.0,22.5,SLIPPAGE_BASE,12,16,-45.95999999999913
FIRST_TRIANGLE_GOLD_EVIDENCE_XAUUSD_1751328000,298,57.5,60.0,22.5,COMMISSION_PLUS_25,1,17,471.15999999999985
FIRST_TRIANGLE_GOLD_EVIDENCE_XAUUSD_1751328000,298,57.5,60.0,22.5,COMMISSION_PLUS_25,2,14,486.9900000000007
FIRST_TRIANGLE_GOLD_EVIDENCE_XAUUSD_1751328000,298,57.5,60.0,22.5,COMMISSION_PLUS_25,3,20,200.10999999999876
FIRST_TRIANGLE_GOLD_EVIDENCE_XAUUSD_1751328000,298,57.5,60.0,22.5,COMMISSION_PLUS_25,4,16,75.5699999999988
FIRST_TRIANGLE_GOLD_EVIDENCE_XAUUSD_1751328000,298,57.5,60.0,22.5,COMMISSION_PLUS_25,5,13,84.82999999999902
FIRST_TRIANGLE_GOLD_EVIDENCE_XAUUSD_1751328000,298,57.5,60.0,22.5,COMMISSION_PLUS_25,6,15,261.1400000000003
FIRST_TRIANGLE_GOLD_EVIDENCE_XAUUSD_1751328000,298,57.5,60.0,22.5,COMMISSION_PLUS_25,7,33,174.9099999999994
FIRST_TRIANGLE_GOLD_EVIDENCE_XAUUSD_1751328000,298,57.5,60.0,22.5,COMMISSION_PLUS_25,8,20,81.900000000001
FIRST_TRIANGLE_GOLD_EVIDENCE_XAUUSD_1751328000,298,57.5,60.0,22.5,COMMISSION_PLUS_25,9,9,-92.47999999999956
FIRST_TRIANGLE_GOLD_EVIDENCE_XAUUSD_1751328000,298,57.5,60.0,22.5,COMMISSION_PLUS_25,10,17,242.8599999999983
FIRST_TRIANGLE_GOLD_EVIDENCE_XAUUSD_1751328000,298,57.5,60.0,22.5,COMMISSION_PLUS_25,11,13,242.6399999999985
FIRST_TRIANGLE_GOLD_EVIDENCE_XAUUSD_1751328000,298,57.5,60.0,22.5,COMMISSION_PLUS_25,12,16,-45.95999999999913
FIRST_TRIANGLE_GOLD_EVIDENCE_XAUUSD_1751328000,299,57.5,60.0,22.5,COMBINED_STRESS,1,17,471.15999999999985
FIRST_TRIANGLE_GOLD_EVIDENCE_XAUUSD_1751328000,299,57.5,60.0,22.5,COMBINED_STRESS,2,14,486.9900000000007
FIRST_TRIANGLE_GOLD_EVIDENCE_XAUUSD_1751328000,299,57.5,60.0,22.5,COMBINED_STRESS,3,20,200.10999999999876
FIRST_TRIANGLE_GOLD_EVIDENCE_XAUUSD_1751328000,299,57.5,60.0,22.5,COMBINED_STRESS,4,16,75.5699999999988
FIRST_TRIANGLE_GOLD_EVIDENCE_XAUUSD_1751328000,299,57.5,60.0,22.5,COMBINED_STRESS,5,13,84.82999999999902
FIRST_TRIANGLE_GOLD_EVIDENCE_XAUUSD_1751328000,299,57.5,60.0,22.5,COMBINED_STRESS,6,15,261.1400000000003
FIRST_TRIANGLE_GOLD_EVIDENCE_XAUUSD_1751328000,299,57.5,60.0,22.5,COMBINED_STRESS,7,33,174.9099999999994
FIRST_TRIANGLE_GOLD_EVIDENCE_XAUUSD_1751328000,299,57.5,60.0,22.5,COMBINED_STRESS,8,20,81.900000000001
FIRST_TRIANGLE_GOLD_EVIDENCE_XAUUSD_1751328000,299,57.5,60.0,22.5,COMBINED_STRESS,9,9,-92.47999999999956
FIRST_TRIANGLE_GOLD_EVIDENCE_XAUUSD_1751328000,299,57.5,60.0,22.5,COMBINED_STRESS,10,17,242.8599999999983
FIRST_TRIANGLE_GOLD_EVIDENCE_XAUUSD_1751328000,299,57.5,60.0,22.5,COMBINED_STRESS,11,13,242.6399999999985
FIRST_TRIANGLE_GOLD_EVIDENCE_XAUUSD_1751328000,299,57.5,60.0,22.5,COMBINED_STRESS,12,16,-45.95999999999913
FIRST_TRIANGLE_GOLD_EVIDENCE_XAUUSD_1751328000,300,57.5,60.0,25.0,BASE,1,17,510.4800000000005
FIRST_TRIANGLE_GOLD_EVIDENCE_XAUUSD_1751328000,300,57.5,60.0,25.0,BASE,2,14,471.8100000000013
FIRST_TRIANGLE_GOLD_EVIDENCE_XAUUSD_1751328000,300,57.5,60.0,25.0,BASE,3,20,184.42999999999847
FIRST_TRIANGLE_GOLD_EVIDENCE_XAUUSD_1751328000,300,57.5,60.0,25.0,BASE,4,16,92.57999999999902
FIRST_TRIANGLE_GOLD_EVIDENCE_XAUUSD_1751328000,300,57.5,60.0,25.0,BASE,5,13,74.82999999999902
FIRST_TRIANGLE_GOLD_EVIDENCE_XAUUSD_1751328000,300,57.5,60.0,25.0,BASE,6,15,271.1199999999999
FIRST_TRIANGLE_GOLD_EVIDENCE_XAUUSD_1751328000,300,57.5,60.0,25.0,BASE,7,33,162.4099999999994
FIRST_TRIANGLE_GOLD_EVIDENCE_XAUUSD_1751328000,300,57.5,60.0,25.0,BASE,8,20,214.01000000000067
FIRST_TRIANGLE_GOLD_EVIDENCE_XAUUSD_1751328000,300,57.5,60.0,25.0,BASE,9,9,-92.47999999999956
FIRST_TRIANGLE_GOLD_EVIDENCE_XAUUSD_1751328000,300,57.5,60.0,25.0,BASE,10,17,252.6099999999983
FIRST_TRIANGLE_GOLD_EVIDENCE_XAUUSD_1751328000,300,57.5,60.0,25.0,BASE,11,13,235.4099999999985
FIRST_TRIANGLE_GOLD_EVIDENCE_XAUUSD_1751328000,300,57.5,60.0,25.0,BASE,12,16,-53.45999999999913
FIRST_TRIANGLE_GOLD_EVIDENCE_XAUUSD_1751328000,301,57.5,60.0,25.0,SPREAD_PLUS_25,1,17,510.4800000000005
FIRST_TRIANGLE_GOLD_EVIDENCE_XAUUSD_1751328000,301,57.5,60.0,25.0,SPREAD_PLUS_25,2,14,471.8100000000013
FIRST_TRIANGLE_GOLD_EVIDENCE_XAUUSD_1751328000,301,57.5,60.0,25.0,SPREAD_PLUS_25,3,20,184.42999999999847
FIRST_TRIANGLE_GOLD_EVIDENCE_XAUUSD_1751328000,301,57.5,60.0,25.0,SPREAD_PLUS_25,4,16,92.57999999999902
FIRST_TRIANGLE_GOLD_EVIDENCE_XAUUSD_1751328000,301,57.5,60.0,25.0,SPREAD_PLUS_25,5,13,74.82999999999902
FIRST_TRIANGLE_GOLD_EVIDENCE_XAUUSD_1751328000,301,57.5,60.0,25.0,SPREAD_PLUS_25,6,15,271.1199999999999
FIRST_TRIANGLE_GOLD_EVIDENCE_XAUUSD_1751328000,301,57.5,60.0,25.0,SPREAD_PLUS_25,7,33,162.4099999999994
FIRST_TRIANGLE_GOLD_EVIDENCE_XAUUSD_1751328000,301,57.5,60.0,25.0,SPREAD_PLUS_25,8,20,214.01000000000067
FIRST_TRIANGLE_GOLD_EVIDENCE_XAUUSD_1751328000,301,57.5,60.0,25.0,SPREAD_PLUS_25,9,9,-92.47999999999956
FIRST_TRIANGLE_GOLD_EVIDENCE_XAUUSD_1751328000,301,57.5,60.0,25.0,SPREAD_PLUS_25,10,17,252.6099999999983
FIRST_TRIANGLE_GOLD_EVIDENCE_XAUUSD_1751328000,301,57.5,60.0,25.0,SPREAD_PLUS_25,11,13,235.4099999999985
FIRST_TRIANGLE_GOLD_EVIDENCE_XAUUSD_1751328000,301,57.5,60.0,25.0,SPREAD_PLUS_25,12,16,-53.45999999999913
FIRST_TRIANGLE_GOLD_EVIDENCE_XAUUSD_1751328000,302,57.5,60.0,25.0,SPREAD_PLUS_50,1,17,510.4800000000005
FIRST_TRIANGLE_GOLD_EVIDENCE_XAUUSD_1751328000,302,57.5,60.0,25.0,SPREAD_PLUS_50,2,14,471.8100000000013
FIRST_TRIANGLE_GOLD_EVIDENCE_XAUUSD_1751328000,302,57.5,60.0,25.0,SPREAD_PLUS_50,3,20,184.42999999999847
FIRST_TRIANGLE_GOLD_EVIDENCE_XAUUSD_1751328000,302,57.5,60.0,25.0,SPREAD_PLUS_50,4,16,92.57999999999902
FIRST_TRIANGLE_GOLD_EVIDENCE_XAUUSD_1751328000,302,57.5,60.0,25.0,SPREAD_PLUS_50,5,13,74.82999999999902
FIRST_TRIANGLE_GOLD_EVIDENCE_XAUUSD_1751328000,302,57.5,60.0,25.0,SPREAD_PLUS_50,6,15,271.1199999999999
FIRST_TRIANGLE_GOLD_EVIDENCE_XAUUSD_1751328000,302,57.5,60.0,25.0,SPREAD_PLUS_50,7,33,162.4099999999994
FIRST_TRIANGLE_GOLD_EVIDENCE_XAUUSD_1751328000,302,57.5,60.0,25.0,SPREAD_PLUS_50,8,20,214.01000000000067
FIRST_TRIANGLE_GOLD_EVIDENCE_XAUUSD_1751328000,302,57.5,60.0,25.0,SPREAD_PLUS_50,9,9,-92.47999999999956
FIRST_TRIANGLE_GOLD_EVIDENCE_XAUUSD_1751328000,302,57.5,60.0,25.0,SPREAD_PLUS_50,10,17,252.6099999999983
FIRST_TRIANGLE_GOLD_EVIDENCE_XAUUSD_1751328000,302,57.5,60.0,25.0,SPREAD_PLUS_50,11,13,235.4099999999985
FIRST_TRIANGLE_GOLD_EVIDENCE_XAUUSD_1751328000,302,57.5,60.0,25.0,SPREAD_PLUS_50,12,16,-53.45999999999913
FIRST_TRIANGLE_GOLD_EVIDENCE_XAUUSD_1751328000,303,57.5,60.0,25.0,SLIPPAGE_BASE,1,17,510.4800000000005
FIRST_TRIANGLE_GOLD_EVIDENCE_XAUUSD_1751328000,303,57.5,60.0,25.0,SLIPPAGE_BASE,2,14,471.8100000000013
FIRST_TRIANGLE_GOLD_EVIDENCE_XAUUSD_1751328000,303,57.5,60.0,25.0,SLIPPAGE_BASE,3,20,184.42999999999847
FIRST_TRIANGLE_GOLD_EVIDENCE_XAUUSD_1751328000,303,57.5,60.0,25.0,SLIPPAGE_BASE,4,16,92.57999999999902
FIRST_TRIANGLE_GOLD_EVIDENCE_XAUUSD_1751328000,303,57.5,60.0,25.0,SLIPPAGE_BASE,5,13,74.82999999999902
FIRST_TRIANGLE_GOLD_EVIDENCE_XAUUSD_1751328000,303,57.5,60.0,25.0,SLIPPAGE_BASE,6,15,271.1199999999999
FIRST_TRIANGLE_GOLD_EVIDENCE_XAUUSD_1751328000,303,57.5,60.0,25.0,SLIPPAGE_BASE,7,33,162.4099999999994
FIRST_TRIANGLE_GOLD_EVIDENCE_XAUUSD_1751328000,303,57.5,60.0,25.0,SLIPPAGE_BASE,8,20,214.01000000000067
FIRST_TRIANGLE_GOLD_EVIDENCE_XAUUSD_1751328000,303,57.5,60.0,25.0,SLIPPAGE_BASE,9,9,-92.47999999999956
FIRST_TRIANGLE_GOLD_EVIDENCE_XAUUSD_1751328000,303,57.5,60.0,25.0,SLIPPAGE_BASE,10,17,252.6099999999983
FIRST_TRIANGLE_GOLD_EVIDENCE_XAUUSD_1751328000,303,57.5,60.0,25.0,SLIPPAGE_BASE,11,13,235.4099999999985
FIRST_TRIANGLE_GOLD_EVIDENCE_XAUUSD_1751328000,303,57.5,60.0,25.0,SLIPPAGE_BASE,12,16,-53.45999999999913
FIRST_TRIANGLE_GOLD_EVIDENCE_XAUUSD_1751328000,304,57.5,60.0,25.0,COMMISSION_PLUS_25,1,17,510.4800000000005
FIRST_TRIANGLE_GOLD_EVIDENCE_XAUUSD_1751328000,304,57.5,60.0,25.0,COMMISSION_PLUS_25,2,14,471.8100000000013
FIRST_TRIANGLE_GOLD_EVIDENCE_XAUUSD_1751328000,304,57.5,60.0,25.0,COMMISSION_PLUS_25,3,20,184.42999999999847
FIRST_TRIANGLE_GOLD_EVIDENCE_XAUUSD_1751328000,304,57.5,60.0,25.0,COMMISSION_PLUS_25,4,16,92.57999999999902
FIRST_TRIANGLE_GOLD_EVIDENCE_XAUUSD_1751328000,304,57.5,60.0,25.0,COMMISSION_PLUS_25,5,13,74.82999999999902
FIRST_TRIANGLE_GOLD_EVIDENCE_XAUUSD_1751328000,304,57.5,60.0,25.0,COMMISSION_PLUS_25,6,15,271.1199999999999
FIRST_TRIANGLE_GOLD_EVIDENCE_XAUUSD_1751328000,304,57.5,60.0,25.0,COMMISSION_PLUS_25,7,33,162.4099999999994
FIRST_TRIANGLE_GOLD_EVIDENCE_XAUUSD_1751328000,304,57.5,60.0,25.0,COMMISSION_PLUS_25,8,20,214.01000000000067
FIRST_TRIANGLE_GOLD_EVIDENCE_XAUUSD_1751328000,304,57.5,60.0,25.0,COMMISSION_PLUS_25,9,9,-92.47999999999956
FIRST_TRIANGLE_GOLD_EVIDENCE_XAUUSD_1751328000,304,57.5,60.0,25.0,COMMISSION_PLUS_25,10,17,252.6099999999983
FIRST_TRIANGLE_GOLD_EVIDENCE_XAUUSD_1751328000,304,57.5,60.0,25.0,COMMISSION_PLUS_25,11,13,235.4099999999985
FIRST_TRIANGLE_GOLD_EVIDENCE_XAUUSD_1751328000,304,57.5,60.0,25.0,COMMISSION_PLUS_25,12,16,-53.45999999999913
FIRST_TRIANGLE_GOLD_EVIDENCE_XAUUSD_1751328000,305,57.5,60.0,25.0,COMBINED_STRESS,1,17,510.4800000000005
FIRST_TRIANGLE_GOLD_EVIDENCE_XAUUSD_1751328000,305,57.5,60.0,25.0,COMBINED_STRESS,2,14,471.8100000000013
FIRST_TRIANGLE_GOLD_EVIDENCE_XAUUSD_1751328000,305,57.5,60.0,25.0,COMBINED_STRESS,3,20,184.42999999999847
FIRST_TRIANGLE_GOLD_EVIDENCE_XAUUSD_1751328000,305,57.5,60.0,25.0,COMBINED_STRESS,4,16,92.57999999999902
FIRST_TRIANGLE_GOLD_EVIDENCE_XAUUSD_1751328000,305,57.5,60.0,25.0,COMBINED_STRESS,5,13,74.82999999999902
FIRST_TRIANGLE_GOLD_EVIDENCE_XAUUSD_1751328000,305,57.5,60.0,25.0,COMBINED_STRESS,6,15,271.1199999999999
FIRST_TRIANGLE_GOLD_EVIDENCE_XAUUSD_1751328000,305,57.5,60.0,25.0,COMBINED_STRESS,7,33,162.4099999999994
FIRST_TRIANGLE_GOLD_EVIDENCE_XAUUSD_1751328000,305,57.5,60.0,25.0,COMBINED_STRESS,8,20,214.01000000000067
FIRST_TRIANGLE_GOLD_EVIDENCE_XAUUSD_1751328000,305,57.5,60.0,25.0,COMBINED_STRESS,9,9,-92.47999999999956
FIRST_TRIANGLE_GOLD_EVIDENCE_XAUUSD_1751328000,305,57.5,60.0,25.0,COMBINED_STRESS,10,17,252.6099999999983
FIRST_TRIANGLE_GOLD_EVIDENCE_XAUUSD_1751328000,305,57.5,60.0,25.0,COMBINED_STRESS,11,13,235.4099999999985
FIRST_TRIANGLE_GOLD_EVIDENCE_XAUUSD_1751328000,305,57.5,60.0,25.0,COMBINED_STRESS,12,16,-53.45999999999913
FIRST_TRIANGLE_GOLD_EVIDENCE_XAUUSD_1751328000,306,57.5,60.0,27.5,BASE,1,17,485.4800000000005
FIRST_TRIANGLE_GOLD_EVIDENCE_XAUUSD_1751328000,306,57.5,60.0,27.5,BASE,2,14,449.3100000000013
FIRST_TRIANGLE_GOLD_EVIDENCE_XAUUSD_1751328000,306,57.5,60.0,27.5,BASE,3,20,159.42999999999847
FIRST_TRIANGLE_GOLD_EVIDENCE_XAUUSD_1751328000,306,57.5,60.0,27.5,BASE,4,16,130.95999999999913
FIRST_TRIANGLE_GOLD_EVIDENCE_XAUUSD_1751328000,306,57.5,60.0,27.5,BASE,5,13,64.82999999999902
FIRST_TRIANGLE_GOLD_EVIDENCE_XAUUSD_1751328000,306,57.5,60.0,27.5,BASE,6,15,251.1199999999999
FIRST_TRIANGLE_GOLD_EVIDENCE_XAUUSD_1751328000,306,57.5,60.0,27.5,BASE,7,33,168.42999999999938
FIRST_TRIANGLE_GOLD_EVIDENCE_XAUUSD_1751328000,306,57.5,60.0,27.5,BASE,8,20,206.51000000000067
FIRST_TRIANGLE_GOLD_EVIDENCE_XAUUSD_1751328000,306,57.5,60.0,27.5,BASE,9,9,-92.47999999999956
FIRST_TRIANGLE_GOLD_EVIDENCE_XAUUSD_1751328000,306,57.5,60.0,27.5,BASE,10,17,230.1099999999983
FIRST_TRIANGLE_GOLD_EVIDENCE_XAUUSD_1751328000,306,57.5,60.0,27.5,BASE,11,13,222.9099999999985
FIRST_TRIANGLE_GOLD_EVIDENCE_XAUUSD_1751328000,306,57.5,60.0,27.5,BASE,12,16,-60.95999999999913
FIRST_TRIANGLE_GOLD_EVIDENCE_XAUUSD_1751328000,307,57.5,60.0,27.5,SPREAD_PLUS_25,1,17,485.4800000000005
FIRST_TRIANGLE_GOLD_EVIDENCE_XAUUSD_1751328000,307,57.5,60.0,27.5,SPREAD_PLUS_25,2,14,449.3100000000013
FIRST_TRIANGLE_GOLD_EVIDENCE_XAUUSD_1751328000,307,57.5,60.0,27.5,SPREAD_PLUS_25,3,20,159.42999999999847
FIRST_TRIANGLE_GOLD_EVIDENCE_XAUUSD_1751328000,307,57.5,60.0,27.5,SPREAD_PLUS_25,4,16,130.95999999999913
FIRST_TRIANGLE_GOLD_EVIDENCE_XAUUSD_1751328000,307,57.5,60.0,27.5,SPREAD_PLUS_25,5,13,64.82999999999902
FIRST_TRIANGLE_GOLD_EVIDENCE_XAUUSD_1751328000,307,57.5,60.0,27.5,SPREAD_PLUS_25,6,15,251.1199999999999
FIRST_TRIANGLE_GOLD_EVIDENCE_XAUUSD_1751328000,307,57.5,60.0,27.5,SPREAD_PLUS_25,7,33,168.42999999999938
FIRST_TRIANGLE_GOLD_EVIDENCE_XAUUSD_1751328000,307,57.5,60.0,27.5,SPREAD_PLUS_25,8,20,206.51000000000067
FIRST_TRIANGLE_GOLD_EVIDENCE_XAUUSD_1751328000,307,57.5,60.0,27.5,SPREAD_PLUS_25,9,9,-92.47999999999956
FIRST_TRIANGLE_GOLD_EVIDENCE_XAUUSD_1751328000,307,57.5,60.0,27.5,SPREAD_PLUS_25,10,17,230.1099999999983
FIRST_TRIANGLE_GOLD_EVIDENCE_XAUUSD_1751328000,307,57.5,60.0,27.5,SPREAD_PLUS_25,11,13,222.9099999999985
FIRST_TRIANGLE_GOLD_EVIDENCE_XAUUSD_1751328000,307,57.5,60.0,27.5,SPREAD_PLUS_25,12,16,-60.95999999999913
FIRST_TRIANGLE_GOLD_EVIDENCE_XAUUSD_1751328000,308,57.5,60.0,27.5,SPREAD_PLUS_50,1,17,485.4800000000005
FIRST_TRIANGLE_GOLD_EVIDENCE_XAUUSD_1751328000,308,57.5,60.0,27.5,SPREAD_PLUS_50,2,14,449.3100000000013
FIRST_TRIANGLE_GOLD_EVIDENCE_XAUUSD_1751328000,308,57.5,60.0,27.5,SPREAD_PLUS_50,3,20,159.42999999999847
FIRST_TRIANGLE_GOLD_EVIDENCE_XAUUSD_1751328000,308,57.5,60.0,27.5,SPREAD_PLUS_50,4,16,130.95999999999913
FIRST_TRIANGLE_GOLD_EVIDENCE_XAUUSD_1751328000,308,57.5,60.0,27.5,SPREAD_PLUS_50,5,13,64.82999999999902
FIRST_TRIANGLE_GOLD_EVIDENCE_XAUUSD_1751328000,308,57.5,60.0,27.5,SPREAD_PLUS_50,6,15,251.1199999999999
FIRST_TRIANGLE_GOLD_EVIDENCE_XAUUSD_1751328000,308,57.5,60.0,27.5,SPREAD_PLUS_50,7,33,168.42999999999938
FIRST_TRIANGLE_GOLD_EVIDENCE_XAUUSD_1751328000,308,57.5,60.0,27.5,SPREAD_PLUS_50,8,20,206.51000000000067
FIRST_TRIANGLE_GOLD_EVIDENCE_XAUUSD_1751328000,308,57.5,60.0,27.5,SPREAD_PLUS_50,9,9,-92.47999999999956
FIRST_TRIANGLE_GOLD_EVIDENCE_XAUUSD_1751328000,308,57.5,60.0,27.5,SPREAD_PLUS_50,10,17,230.1099999999983
FIRST_TRIANGLE_GOLD_EVIDENCE_XAUUSD_1751328000,308,57.5,60.0,27.5,SPREAD_PLUS_50,11,13,222.9099999999985
FIRST_TRIANGLE_GOLD_EVIDENCE_XAUUSD_1751328000,308,57.5,60.0,27.5,SPREAD_PLUS_50,12,16,-60.95999999999913
FIRST_TRIANGLE_GOLD_EVIDENCE_XAUUSD_1751328000,309,57.5,60.0,27.5,SLIPPAGE_BASE,1,17,485.4800000000005
FIRST_TRIANGLE_GOLD_EVIDENCE_XAUUSD_1751328000,309,57.5,60.0,27.5,SLIPPAGE_BASE,2,14,449.3100000000013
FIRST_TRIANGLE_GOLD_EVIDENCE_XAUUSD_1751328000,309,57.5,60.0,27.5,SLIPPAGE_BASE,3,20,159.42999999999847
FIRST_TRIANGLE_GOLD_EVIDENCE_XAUUSD_1751328000,309,57.5,60.0,27.5,SLIPPAGE_BASE,4,16,130.95999999999913
FIRST_TRIANGLE_GOLD_EVIDENCE_XAUUSD_1751328000,309,57.5,60.0,27.5,SLIPPAGE_BASE,5,13,64.82999999999902
FIRST_TRIANGLE_GOLD_EVIDENCE_XAUUSD_1751328000,309,57.5,60.0,27.5,SLIPPAGE_BASE,6,15,251.1199999999999
FIRST_TRIANGLE_GOLD_EVIDENCE_XAUUSD_1751328000,309,57.5,60.0,27.5,SLIPPAGE_BASE,7,33,168.42999999999938
FIRST_TRIANGLE_GOLD_EVIDENCE_XAUUSD_1751328000,309,57.5,60.0,27.5,SLIPPAGE_BASE,8,20,206.51000000000067
FIRST_TRIANGLE_GOLD_EVIDENCE_XAUUSD_1751328000,309,57.5,60.0,27.5,SLIPPAGE_BASE,9,9,-92.47999999999956
FIRST_TRIANGLE_GOLD_EVIDENCE_XAUUSD_1751328000,309,57.5,60.0,27.5,SLIPPAGE_BASE,10,17,230.1099999999983
FIRST_TRIANGLE_GOLD_EVIDENCE_XAUUSD_1751328000,309,57.5,60.0,27.5,SLIPPAGE_BASE,11,13,222.9099999999985
FIRST_TRIANGLE_GOLD_EVIDENCE_XAUUSD_1751328000,309,57.5,60.0,27.5,SLIPPAGE_BASE,12,16,-60.95999999999913
FIRST_TRIANGLE_GOLD_EVIDENCE_XAUUSD_1751328000,310,57.5,60.0,27.5,COMMISSION_PLUS_25,1,17,485.4800000000005
FIRST_TRIANGLE_GOLD_EVIDENCE_XAUUSD_1751328000,310,57.5,60.0,27.5,COMMISSION_PLUS_25,2,14,449.3100000000013
FIRST_TRIANGLE_GOLD_EVIDENCE_XAUUSD_1751328000,310,57.5,60.0,27.5,COMMISSION_PLUS_25,3,20,159.42999999999847
FIRST_TRIANGLE_GOLD_EVIDENCE_XAUUSD_1751328000,310,57.5,60.0,27.5,COMMISSION_PLUS_25,4,16,130.95999999999913
FIRST_TRIANGLE_GOLD_EVIDENCE_XAUUSD_1751328000,310,57.5,60.0,27.5,COMMISSION_PLUS_25,5,13,64.82999999999902
FIRST_TRIANGLE_GOLD_EVIDENCE_XAUUSD_1751328000,310,57.5,60.0,27.5,COMMISSION_PLUS_25,6,15,251.1199999999999
FIRST_TRIANGLE_GOLD_EVIDENCE_XAUUSD_1751328000,310,57.5,60.0,27.5,COMMISSION_PLUS_25,7,33,168.42999999999938
FIRST_TRIANGLE_GOLD_EVIDENCE_XAUUSD_1751328000,310,57.5,60.0,27.5,COMMISSION_PLUS_25,8,20,206.51000000000067
FIRST_TRIANGLE_GOLD_EVIDENCE_XAUUSD_1751328000,310,57.5,60.0,27.5,COMMISSION_PLUS_25,9,9,-92.47999999999956
FIRST_TRIANGLE_GOLD_EVIDENCE_XAUUSD_1751328000,310,57.5,60.0,27.5,COMMISSION_PLUS_25,10,17,230.1099999999983
FIRST_TRIANGLE_GOLD_EVIDENCE_XAUUSD_1751328000,310,57.5,60.0,27.5,COMMISSION_PLUS_25,11,13,222.9099999999985
FIRST_TRIANGLE_GOLD_EVIDENCE_XAUUSD_1751328000,310,57.5,60.0,27.5,COMMISSION_PLUS_25,12,16,-60.95999999999913
FIRST_TRIANGLE_GOLD_EVIDENCE_XAUUSD_1751328000,311,57.5,60.0,27.5,COMBINED_STRESS,1,17,485.4800000000005
FIRST_TRIANGLE_GOLD_EVIDENCE_XAUUSD_1751328000,311,57.5,60.0,27.5,COMBINED_STRESS,2,14,449.3100000000013
FIRST_TRIANGLE_GOLD_EVIDENCE_XAUUSD_1751328000,311,57.5,60.0,27.5,COMBINED_STRESS,3,20,159.42999999999847
FIRST_TRIANGLE_GOLD_EVIDENCE_XAUUSD_1751328000,311,57.5,60.0,27.5,COMBINED_STRESS,4,16,130.95999999999913
FIRST_TRIANGLE_GOLD_EVIDENCE_XAUUSD_1751328000,311,57.5,60.0,27.5,COMBINED_STRESS,5,13,64.82999999999902
FIRST_TRIANGLE_GOLD_EVIDENCE_XAUUSD_1751328000,311,57.5,60.0,27.5,COMBINED_STRESS,6,15,251.1199999999999
FIRST_TRIANGLE_GOLD_EVIDENCE_XAUUSD_1751328000,311,57.5,60.0,27.5,COMBINED_STRESS,7,33,168.42999999999938
FIRST_TRIANGLE_GOLD_EVIDENCE_XAUUSD_1751328000,311,57.5,60.0,27.5,COMBINED_STRESS,8,20,206.51000000000067
FIRST_TRIANGLE_GOLD_EVIDENCE_XAUUSD_1751328000,311,57.5,60.0,27.5,COMBINED_STRESS,9,9,-92.47999999999956
FIRST_TRIANGLE_GOLD_EVIDENCE_XAUUSD_1751328000,311,57.5,60.0,27.5,COMBINED_STRESS,10,17,230.1099999999983
FIRST_TRIANGLE_GOLD_EVIDENCE_XAUUSD_1751328000,311,57.5,60.0,27.5,COMBINED_STRESS,11,13,222.9099999999985
FIRST_TRIANGLE_GOLD_EVIDENCE_XAUUSD_1751328000,311,57.5,60.0,27.5,COMBINED_STRESS,12,16,-60.95999999999913
FIRST_TRIANGLE_GOLD_EVIDENCE_XAUUSD_1751328000,312,57.5,60.0,30.0,BASE,1,17,614.8900000000012
FIRST_TRIANGLE_GOLD_EVIDENCE_XAUUSD_1751328000,312,57.5,60.0,30.0,BASE,2,14,462.1300000000019
FIRST_TRIANGLE_GOLD_EVIDENCE_XAUUSD_1751328000,312,57.5,60.0,30.0,BASE,3,20,138.67999999999847
FIRST_TRIANGLE_GOLD_EVIDENCE_XAUUSD_1751328000,312,57.5,60.0,30.0,BASE,4,16,115.95999999999913
FIRST_TRIANGLE_GOLD_EVIDENCE_XAUUSD_1751328000,312,57.5,60.0,30.0,BASE,5,13,54.82999999999902
FIRST_TRIANGLE_GOLD_EVIDENCE_XAUUSD_1751328000,312,57.5,60.0,30.0,BASE,6,15,231.1199999999999
FIRST_TRIANGLE_GOLD_EVIDENCE_XAUUSD_1751328000,312,57.5,60.0,30.0,BASE,7,33,155.92999999999938
FIRST_TRIANGLE_GOLD_EVIDENCE_XAUUSD_1751328000,312,57.5,60.0,30.0,BASE,8,20,232.9700000000007
FIRST_TRIANGLE_GOLD_EVIDENCE_XAUUSD_1751328000,312,57.5,60.0,30.0,BASE,9,9,-92.47999999999956
FIRST_TRIANGLE_GOLD_EVIDENCE_XAUUSD_1751328000,312,57.5,60.0,30.0,BASE,10,17,207.6099999999983
FIRST_TRIANGLE_GOLD_EVIDENCE_XAUUSD_1751328000,312,57.5,60.0,30.0,BASE,11,13,210.4099999999985
FIRST_TRIANGLE_GOLD_EVIDENCE_XAUUSD_1751328000,312,57.5,60.0,30.0,BASE,12,16,-68.45999999999913
FIRST_TRIANGLE_GOLD_EVIDENCE_XAUUSD_1751328000,313,57.5,60.0,30.0,SPREAD_PLUS_25,1,17,614.8900000000012
FIRST_TRIANGLE_GOLD_EVIDENCE_XAUUSD_1751328000,313,57.5,60.0,30.0,SPREAD_PLUS_25,2,14,462.1300000000019
FIRST_TRIANGLE_GOLD_EVIDENCE_XAUUSD_1751328000,313,57.5,60.0,30.0,SPREAD_PLUS_25,3,20,138.67999999999847
FIRST_TRIANGLE_GOLD_EVIDENCE_XAUUSD_1751328000,313,57.5,60.0,30.0,SPREAD_PLUS_25,4,16,115.95999999999913
FIRST_TRIANGLE_GOLD_EVIDENCE_XAUUSD_1751328000,313,57.5,60.0,30.0,SPREAD_PLUS_25,5,13,54.82999999999902
FIRST_TRIANGLE_GOLD_EVIDENCE_XAUUSD_1751328000,313,57.5,60.0,30.0,SPREAD_PLUS_25,6,15,231.1199999999999
FIRST_TRIANGLE_GOLD_EVIDENCE_XAUUSD_1751328000,313,57.5,60.0,30.0,SPREAD_PLUS_25,7,33,155.92999999999938
FIRST_TRIANGLE_GOLD_EVIDENCE_XAUUSD_1751328000,313,57.5,60.0,30.0,SPREAD_PLUS_25,8,20,232.9700000000007
FIRST_TRIANGLE_GOLD_EVIDENCE_XAUUSD_1751328000,313,57.5,60.0,30.0,SPREAD_PLUS_25,9,9,-92.47999999999956
FIRST_TRIANGLE_GOLD_EVIDENCE_XAUUSD_1751328000,313,57.5,60.0,30.0,SPREAD_PLUS_25,10,17,207.6099999999983
FIRST_TRIANGLE_GOLD_EVIDENCE_XAUUSD_1751328000,313,57.5,60.0,30.0,SPREAD_PLUS_25,11,13,210.4099999999985
FIRST_TRIANGLE_GOLD_EVIDENCE_XAUUSD_1751328000,313,57.5,60.0,30.0,SPREAD_PLUS_25,12,16,-68.45999999999913
FIRST_TRIANGLE_GOLD_EVIDENCE_XAUUSD_1751328000,314,57.5,60.0,30.0,SPREAD_PLUS_50,1,17,614.8900000000012
FIRST_TRIANGLE_GOLD_EVIDENCE_XAUUSD_1751328000,314,57.5,60.0,30.0,SPREAD_PLUS_50,2,14,462.1300000000019
FIRST_TRIANGLE_GOLD_EVIDENCE_XAUUSD_1751328000,314,57.5,60.0,30.0,SPREAD_PLUS_50,3,20,138.67999999999847
FIRST_TRIANGLE_GOLD_EVIDENCE_XAUUSD_1751328000,314,57.5,60.0,30.0,SPREAD_PLUS_50,4,16,115.95999999999913
FIRST_TRIANGLE_GOLD_EVIDENCE_XAUUSD_1751328000,314,57.5,60.0,30.0,SPREAD_PLUS_50,5,13,54.82999999999902
FIRST_TRIANGLE_GOLD_EVIDENCE_XAUUSD_1751328000,314,57.5,60.0,30.0,SPREAD_PLUS_50,6,15,231.1199999999999
FIRST_TRIANGLE_GOLD_EVIDENCE_XAUUSD_1751328000,314,57.5,60.0,30.0,SPREAD_PLUS_50,7,33,155.92999999999938
FIRST_TRIANGLE_GOLD_EVIDENCE_XAUUSD_1751328000,314,57.5,60.0,30.0,SPREAD_PLUS_50,8,20,232.9700000000007
FIRST_TRIANGLE_GOLD_EVIDENCE_XAUUSD_1751328000,314,57.5,60.0,30.0,SPREAD_PLUS_50,9,9,-92.47999999999956
FIRST_TRIANGLE_GOLD_EVIDENCE_XAUUSD_1751328000,314,57.5,60.0,30.0,SPREAD_PLUS_50,10,17,207.6099999999983
FIRST_TRIANGLE_GOLD_EVIDENCE_XAUUSD_1751328000,314,57.5,60.0,30.0,SPREAD_PLUS_50,11,13,210.4099999999985
FIRST_TRIANGLE_GOLD_EVIDENCE_XAUUSD_1751328000,314,57.5,60.0,30.0,SPREAD_PLUS_50,12,16,-68.45999999999913
FIRST_TRIANGLE_GOLD_EVIDENCE_XAUUSD_1751328000,315,57.5,60.0,30.0,SLIPPAGE_BASE,1,17,614.8900000000012
FIRST_TRIANGLE_GOLD_EVIDENCE_XAUUSD_1751328000,315,57.5,60.0,30.0,SLIPPAGE_BASE,2,14,462.1300000000019
FIRST_TRIANGLE_GOLD_EVIDENCE_XAUUSD_1751328000,315,57.5,60.0,30.0,SLIPPAGE_BASE,3,20,138.67999999999847
FIRST_TRIANGLE_GOLD_EVIDENCE_XAUUSD_1751328000,315,57.5,60.0,30.0,SLIPPAGE_BASE,4,16,115.95999999999913
FIRST_TRIANGLE_GOLD_EVIDENCE_XAUUSD_1751328000,315,57.5,60.0,30.0,SLIPPAGE_BASE,5,13,54.82999999999902
FIRST_TRIANGLE_GOLD_EVIDENCE_XAUUSD_1751328000,315,57.5,60.0,30.0,SLIPPAGE_BASE,6,15,231.1199999999999
FIRST_TRIANGLE_GOLD_EVIDENCE_XAUUSD_1751328000,315,57.5,60.0,30.0,SLIPPAGE_BASE,7,33,155.92999999999938
FIRST_TRIANGLE_GOLD_EVIDENCE_XAUUSD_1751328000,315,57.5,60.0,30.0,SLIPPAGE_BASE,8,20,232.9700000000007
FIRST_TRIANGLE_GOLD_EVIDENCE_XAUUSD_1751328000,315,57.5,60.0,30.0,SLIPPAGE_BASE,9,9,-92.47999999999956
FIRST_TRIANGLE_GOLD_EVIDENCE_XAUUSD_1751328000,315,57.5,60.0,30.0,SLIPPAGE_BASE,10,17,207.6099999999983
FIRST_TRIANGLE_GOLD_EVIDENCE_XAUUSD_1751328000,315,57.5,60.0,30.0,SLIPPAGE_BASE,11,13,210.4099999999985
FIRST_TRIANGLE_GOLD_EVIDENCE_XAUUSD_1751328000,315,57.5,60.0,30.0,SLIPPAGE_BASE,12,16,-68.45999999999913
FIRST_TRIANGLE_GOLD_EVIDENCE_XAUUSD_1751328000,316,57.5,60.0,30.0,COMMISSION_PLUS_25,1,17,614.8900000000012
FIRST_TRIANGLE_GOLD_EVIDENCE_XAUUSD_1751328000,316,57.5,60.0,30.0,COMMISSION_PLUS_25,2,14,462.1300000000019
FIRST_TRIANGLE_GOLD_EVIDENCE_XAUUSD_1751328000,316,57.5,60.0,30.0,COMMISSION_PLUS_25,3,20,138.67999999999847
FIRST_TRIANGLE_GOLD_EVIDENCE_XAUUSD_1751328000,316,57.5,60.0,30.0,COMMISSION_PLUS_25,4,16,115.95999999999913
FIRST_TRIANGLE_GOLD_EVIDENCE_XAUUSD_1751328000,316,57.5,60.0,30.0,COMMISSION_PLUS_25,5,13,54.82999999999902
FIRST_TRIANGLE_GOLD_EVIDENCE_XAUUSD_1751328000,316,57.5,60.0,30.0,COMMISSION_PLUS_25,6,15,231.1199999999999
FIRST_TRIANGLE_GOLD_EVIDENCE_XAUUSD_1751328000,316,57.5,60.0,30.0,COMMISSION_PLUS_25,7,33,155.92999999999938
FIRST_TRIANGLE_GOLD_EVIDENCE_XAUUSD_1751328000,316,57.5,60.0,30.0,COMMISSION_PLUS_25,8,20,232.9700000000007
FIRST_TRIANGLE_GOLD_EVIDENCE_XAUUSD_1751328000,316,57.5,60.0,30.0,COMMISSION_PLUS_25,9,9,-92.47999999999956
FIRST_TRIANGLE_GOLD_EVIDENCE_XAUUSD_1751328000,316,57.5,60.0,30.0,COMMISSION_PLUS_25,10,17,207.6099999999983
FIRST_TRIANGLE_GOLD_EVIDENCE_XAUUSD_1751328000,316,57.5,60.0,30.0,COMMISSION_PLUS_25,11,13,210.4099999999985
FIRST_TRIANGLE_GOLD_EVIDENCE_XAUUSD_1751328000,316,57.5,60.0,30.0,COMMISSION_PLUS_25,12,16,-68.45999999999913
FIRST_TRIANGLE_GOLD_EVIDENCE_XAUUSD_1751328000,317,57.5,60.0,30.0,COMBINED_STRESS,1,17,614.8900000000012
FIRST_TRIANGLE_GOLD_EVIDENCE_XAUUSD_1751328000,317,57.5,60.0,30.0,COMBINED_STRESS,2,14,462.1300000000019
FIRST_TRIANGLE_GOLD_EVIDENCE_XAUUSD_1751328000,317,57.5,60.0,30.0,COMBINED_STRESS,3,20,138.67999999999847
FIRST_TRIANGLE_GOLD_EVIDENCE_XAUUSD_1751328000,317,57.5,60.0,30.0,COMBINED_STRESS,4,16,115.95999999999913
FIRST_TRIANGLE_GOLD_EVIDENCE_XAUUSD_1751328000,317,57.5,60.0,30.0,COMBINED_STRESS,5,13,54.82999999999902
FIRST_TRIANGLE_GOLD_EVIDENCE_XAUUSD_1751328000,317,57.5,60.0,30.0,COMBINED_STRESS,6,15,231.1199999999999
FIRST_TRIANGLE_GOLD_EVIDENCE_XAUUSD_1751328000,317,57.5,60.0,30.0,COMBINED_STRESS,7,33,155.92999999999938
FIRST_TRIANGLE_GOLD_EVIDENCE_XAUUSD_1751328000,317,57.5,60.0,30.0,COMBINED_STRESS,8,20,232.9700000000007
FIRST_TRIANGLE_GOLD_EVIDENCE_XAUUSD_1751328000,317,57.5,60.0,30.0,COMBINED_STRESS,9,9,-92.47999999999956
FIRST_TRIANGLE_GOLD_EVIDENCE_XAUUSD_1751328000,317,57.5,60.0,30.0,COMBINED_STRESS,10,17,207.6099999999983
FIRST_TRIANGLE_GOLD_EVIDENCE_XAUUSD_1751328000,317,57.5,60.0,30.0,COMBINED_STRESS,11,13,210.4099999999985
FIRST_TRIANGLE_GOLD_EVIDENCE_XAUUSD_1751328000,317,57.5,60.0,30.0,COMBINED_STRESS,12,16,-68.45999999999913
FIRST_TRIANGLE_GOLD_EVIDENCE_XAUUSD_1751328000,318,57.5,60.0,32.5,BASE,1,17,589.9100000000008
FIRST_TRIANGLE_GOLD_EVIDENCE_XAUUSD_1751328000,318,57.5,60.0,32.5,BASE,2,14,439.6300000000019
FIRST_TRIANGLE_GOLD_EVIDENCE_XAUUSD_1751328000,318,57.5,60.0,32.5,BASE,3,20,122.0699999999988
FIRST_TRIANGLE_GOLD_EVIDENCE_XAUUSD_1751328000,318,57.5,60.0,32.5,BASE,4,16,100.95999999999913
FIRST_TRIANGLE_GOLD_EVIDENCE_XAUUSD_1751328000,318,57.5,60.0,32.5,BASE,5,13,96.85999999999967
FIRST_TRIANGLE_GOLD_EVIDENCE_XAUUSD_1751328000,318,57.5,60.0,32.5,BASE,6,15,211.1199999999999
FIRST_TRIANGLE_GOLD_EVIDENCE_XAUUSD_1751328000,318,57.5,60.0,32.5,BASE,7,33,143.42999999999938
FIRST_TRIANGLE_GOLD_EVIDENCE_XAUUSD_1751328000,318,57.5,60.0,32.5,BASE,8,20,277.19000000000005
FIRST_TRIANGLE_GOLD_EVIDENCE_XAUUSD_1751328000,318,57.5,60.0,32.5,BASE,9,9,-92.47999999999956
FIRST_TRIANGLE_GOLD_EVIDENCE_XAUUSD_1751328000,318,57.5,60.0,32.5,BASE,10,17,185.1099999999983
FIRST_TRIANGLE_GOLD_EVIDENCE_XAUUSD_1751328000,318,57.5,60.0,32.5,BASE,11,13,240.88999999999805
FIRST_TRIANGLE_GOLD_EVIDENCE_XAUUSD_1751328000,318,57.5,60.0,32.5,BASE,12,16,-75.95999999999913
FIRST_TRIANGLE_GOLD_EVIDENCE_XAUUSD_1751328000,319,57.5,60.0,32.5,SPREAD_PLUS_25,1,17,589.9100000000008
FIRST_TRIANGLE_GOLD_EVIDENCE_XAUUSD_1751328000,319,57.5,60.0,32.5,SPREAD_PLUS_25,2,14,439.6300000000019
FIRST_TRIANGLE_GOLD_EVIDENCE_XAUUSD_1751328000,319,57.5,60.0,32.5,SPREAD_PLUS_25,3,20,122.0699999999988
FIRST_TRIANGLE_GOLD_EVIDENCE_XAUUSD_1751328000,319,57.5,60.0,32.5,SPREAD_PLUS_25,4,16,100.95999999999913
FIRST_TRIANGLE_GOLD_EVIDENCE_XAUUSD_1751328000,319,57.5,60.0,32.5,SPREAD_PLUS_25,5,13,96.85999999999967
FIRST_TRIANGLE_GOLD_EVIDENCE_XAUUSD_1751328000,319,57.5,60.0,32.5,SPREAD_PLUS_25,6,15,211.1199999999999
FIRST_TRIANGLE_GOLD_EVIDENCE_XAUUSD_1751328000,319,57.5,60.0,32.5,SPREAD_PLUS_25,7,33,143.42999999999938
FIRST_TRIANGLE_GOLD_EVIDENCE_XAUUSD_1751328000,319,57.5,60.0,32.5,SPREAD_PLUS_25,8,20,277.19000000000005
FIRST_TRIANGLE_GOLD_EVIDENCE_XAUUSD_1751328000,319,57.5,60.0,32.5,SPREAD_PLUS_25,9,9,-92.47999999999956
FIRST_TRIANGLE_GOLD_EVIDENCE_XAUUSD_1751328000,319,57.5,60.0,32.5,SPREAD_PLUS_25,10,17,185.1099999999983
FIRST_TRIANGLE_GOLD_EVIDENCE_XAUUSD_1751328000,319,57.5,60.0,32.5,SPREAD_PLUS_25,11,13,240.88999999999805
FIRST_TRIANGLE_GOLD_EVIDENCE_XAUUSD_1751328000,319,57.5,60.0,32.5,SPREAD_PLUS_25,12,16,-75.95999999999913
FIRST_TRIANGLE_GOLD_EVIDENCE_XAUUSD_1751328000,320,57.5,60.0,32.5,SPREAD_PLUS_50,1,17,589.9100000000008
FIRST_TRIANGLE_GOLD_EVIDENCE_XAUUSD_1751328000,320,57.5,60.0,32.5,SPREAD_PLUS_50,2,14,439.6300000000019
FIRST_TRIANGLE_GOLD_EVIDENCE_XAUUSD_1751328000,320,57.5,60.0,32.5,SPREAD_PLUS_50,3,20,122.0699999999988
FIRST_TRIANGLE_GOLD_EVIDENCE_XAUUSD_1751328000,320,57.5,60.0,32.5,SPREAD_PLUS_50,4,16,100.95999999999913
FIRST_TRIANGLE_GOLD_EVIDENCE_XAUUSD_1751328000,320,57.5,60.0,32.5,SPREAD_PLUS_50,5,13,96.85999999999967
FIRST_TRIANGLE_GOLD_EVIDENCE_XAUUSD_1751328000,320,57.5,60.0,32.5,SPREAD_PLUS_50,6,15,211.1199999999999
FIRST_TRIANGLE_GOLD_EVIDENCE_XAUUSD_1751328000,320,57.5,60.0,32.5,SPREAD_PLUS_50,7,33,143.42999999999938
FIRST_TRIANGLE_GOLD_EVIDENCE_XAUUSD_1751328000,320,57.5,60.0,32.5,SPREAD_PLUS_50,8,20,277.19000000000005
FIRST_TRIANGLE_GOLD_EVIDENCE_XAUUSD_1751328000,320,57.5,60.0,32.5,SPREAD_PLUS_50,9,9,-92.47999999999956
FIRST_TRIANGLE_GOLD_EVIDENCE_XAUUSD_1751328000,320,57.5,60.0,32.5,SPREAD_PLUS_50,10,17,185.1099999999983
FIRST_TRIANGLE_GOLD_EVIDENCE_XAUUSD_1751328000,320,57.5,60.0,32.5,SPREAD_PLUS_50,11,13,240.88999999999805
FIRST_TRIANGLE_GOLD_EVIDENCE_XAUUSD_1751328000,320,57.5,60.0,32.5,SPREAD_PLUS_50,12,16,-75.95999999999913
FIRST_TRIANGLE_GOLD_EVIDENCE_XAUUSD_1751328000,321,57.5,60.0,32.5,SLIPPAGE_BASE,1,17,589.9100000000008
FIRST_TRIANGLE_GOLD_EVIDENCE_XAUUSD_1751328000,321,57.5,60.0,32.5,SLIPPAGE_BASE,2,14,439.6300000000019
FIRST_TRIANGLE_GOLD_EVIDENCE_XAUUSD_1751328000,321,57.5,60.0,32.5,SLIPPAGE_BASE,3,20,122.0699999999988
FIRST_TRIANGLE_GOLD_EVIDENCE_XAUUSD_1751328000,321,57.5,60.0,32.5,SLIPPAGE_BASE,4,16,100.95999999999913
FIRST_TRIANGLE_GOLD_EVIDENCE_XAUUSD_1751328000,321,57.5,60.0,32.5,SLIPPAGE_BASE,5,13,96.85999999999967
FIRST_TRIANGLE_GOLD_EVIDENCE_XAUUSD_1751328000,321,57.5,60.0,32.5,SLIPPAGE_BASE,6,15,211.1199999999999
FIRST_TRIANGLE_GOLD_EVIDENCE_XAUUSD_1751328000,321,57.5,60.0,32.5,SLIPPAGE_BASE,7,33,143.42999999999938
FIRST_TRIANGLE_GOLD_EVIDENCE_XAUUSD_1751328000,321,57.5,60.0,32.5,SLIPPAGE_BASE,8,20,277.19000000000005
FIRST_TRIANGLE_GOLD_EVIDENCE_XAUUSD_1751328000,321,57.5,60.0,32.5,SLIPPAGE_BASE,9,9,-92.47999999999956
FIRST_TRIANGLE_GOLD_EVIDENCE_XAUUSD_1751328000,321,57.5,60.0,32.5,SLIPPAGE_BASE,10,17,185.1099999999983
FIRST_TRIANGLE_GOLD_EVIDENCE_XAUUSD_1751328000,321,57.5,60.0,32.5,SLIPPAGE_BASE,11,13,240.88999999999805
FIRST_TRIANGLE_GOLD_EVIDENCE_XAUUSD_1751328000,321,57.5,60.0,32.5,SLIPPAGE_BASE,12,16,-75.95999999999913
FIRST_TRIANGLE_GOLD_EVIDENCE_XAUUSD_1751328000,322,57.5,60.0,32.5,COMMISSION_PLUS_25,1,17,589.9100000000008
FIRST_TRIANGLE_GOLD_EVIDENCE_XAUUSD_1751328000,322,57.5,60.0,32.5,COMMISSION_PLUS_25,2,14,439.6300000000019
FIRST_TRIANGLE_GOLD_EVIDENCE_XAUUSD_1751328000,322,57.5,60.0,32.5,COMMISSION_PLUS_25,3,20,122.0699999999988
FIRST_TRIANGLE_GOLD_EVIDENCE_XAUUSD_1751328000,322,57.5,60.0,32.5,COMMISSION_PLUS_25,4,16,100.95999999999913
FIRST_TRIANGLE_GOLD_EVIDENCE_XAUUSD_1751328000,322,57.5,60.0,32.5,COMMISSION_PLUS_25,5,13,96.85999999999967
FIRST_TRIANGLE_GOLD_EVIDENCE_XAUUSD_1751328000,322,57.5,60.0,32.5,COMMISSION_PLUS_25,6,15,211.1199999999999
FIRST_TRIANGLE_GOLD_EVIDENCE_XAUUSD_1751328000,322,57.5,60.0,32.5,COMMISSION_PLUS_25,7,33,143.42999999999938
FIRST_TRIANGLE_GOLD_EVIDENCE_XAUUSD_1751328000,322,57.5,60.0,32.5,COMMISSION_PLUS_25,8,20,277.19000000000005
FIRST_TRIANGLE_GOLD_EVIDENCE_XAUUSD_1751328000,322,57.5,60.0,32.5,COMMISSION_PLUS_25,9,9,-92.47999999999956
FIRST_TRIANGLE_GOLD_EVIDENCE_XAUUSD_1751328000,322,57.5,60.0,32.5,COMMISSION_PLUS_25,10,17,185.1099999999983
FIRST_TRIANGLE_GOLD_EVIDENCE_XAUUSD_1751328000,322,57.5,60.0,32.5,COMMISSION_PLUS_25,11,13,240.88999999999805
FIRST_TRIANGLE_GOLD_EVIDENCE_XAUUSD_1751328000,322,57.5,60.0,32.5,COMMISSION_PLUS_25,12,16,-75.95999999999913
FIRST_TRIANGLE_GOLD_EVIDENCE_XAUUSD_1751328000,323,57.5,60.0,32.5,COMBINED_STRESS,1,17,589.9100000000008
FIRST_TRIANGLE_GOLD_EVIDENCE_XAUUSD_1751328000,323,57.5,60.0,32.5,COMBINED_STRESS,2,14,439.6300000000019
FIRST_TRIANGLE_GOLD_EVIDENCE_XAUUSD_1751328000,323,57.5,60.0,32.5,COMBINED_STRESS,3,20,122.0699999999988
FIRST_TRIANGLE_GOLD_EVIDENCE_XAUUSD_1751328000,323,57.5,60.0,32.5,COMBINED_STRESS,4,16,100.95999999999913
FIRST_TRIANGLE_GOLD_EVIDENCE_XAUUSD_1751328000,323,57.5,60.0,32.5,COMBINED_STRESS,5,13,96.85999999999967
FIRST_TRIANGLE_GOLD_EVIDENCE_XAUUSD_1751328000,323,57.5,60.0,32.5,COMBINED_STRESS,6,15,211.1199999999999
FIRST_TRIANGLE_GOLD_EVIDENCE_XAUUSD_1751328000,323,57.5,60.0,32.5,COMBINED_STRESS,7,33,143.42999999999938
FIRST_TRIANGLE_GOLD_EVIDENCE_XAUUSD_1751328000,323,57.5,60.0,32.5,COMBINED_STRESS,8,20,277.19000000000005
FIRST_TRIANGLE_GOLD_EVIDENCE_XAUUSD_1751328000,323,57.5,60.0,32.5,COMBINED_STRESS,9,9,-92.47999999999956
FIRST_TRIANGLE_GOLD_EVIDENCE_XAUUSD_1751328000,323,57.5,60.0,32.5,COMBINED_STRESS,10,17,185.1099999999983
FIRST_TRIANGLE_GOLD_EVIDENCE_XAUUSD_1751328000,323,57.5,60.0,32.5,COMBINED_STRESS,11,13,240.88999999999805
FIRST_TRIANGLE_GOLD_EVIDENCE_XAUUSD_1751328000,323,57.5,60.0,32.5,COMBINED_STRESS,12,16,-75.95999999999913
FIRST_TRIANGLE_GOLD_EVIDENCE_XAUUSD_1751328000,324,57.5,60.0,35.0,BASE,1,17,685.920000000001
FIRST_TRIANGLE_GOLD_EVIDENCE_XAUUSD_1751328000,324,57.5,60.0,35.0,BASE,2,14,417.1300000000019
FIRST_TRIANGLE_GOLD_EVIDENCE_XAUUSD_1751328000,324,57.5,60.0,35.0,BASE,3,20,124.78999999999905
FIRST_TRIANGLE_GOLD_EVIDENCE_XAUUSD_1751328000,324,57.5,60.0,35.0,BASE,4,16,140.9399999999987
FIRST_TRIANGLE_GOLD_EVIDENCE_XAUUSD_1751328000,324,57.5,60.0,35.0,BASE,5,13,86.85999999999967
FIRST_TRIANGLE_GOLD_EVIDENCE_XAUUSD_1751328000,324,57.5,60.0,35.0,BASE,6,15,193.51000000000022
FIRST_TRIANGLE_GOLD_EVIDENCE_XAUUSD_1751328000,324,57.5,60.0,35.0,BASE,7,33,155.28999999999996
FIRST_TRIANGLE_GOLD_EVIDENCE_XAUUSD_1751328000,324,57.5,60.0,35.0,BASE,8,20,269.69000000000005
FIRST_TRIANGLE_GOLD_EVIDENCE_XAUUSD_1751328000,324,57.5,60.0,35.0,BASE,9,9,-92.47999999999956
FIRST_TRIANGLE_GOLD_EVIDENCE_XAUUSD_1751328000,324,57.5,60.0,35.0,BASE,10,17,299.0399999999986
FIRST_TRIANGLE_GOLD_EVIDENCE_XAUUSD_1751328000,324,57.5,60.0,35.0,BASE,11,13,228.38999999999805
FIRST_TRIANGLE_GOLD_EVIDENCE_XAUUSD_1751328000,324,57.5,60.0,35.0,BASE,12,16,-83.45999999999913
FIRST_TRIANGLE_GOLD_EVIDENCE_XAUUSD_1751328000,325,57.5,60.0,35.0,SPREAD_PLUS_25,1,17,685.920000000001
FIRST_TRIANGLE_GOLD_EVIDENCE_XAUUSD_1751328000,325,57.5,60.0,35.0,SPREAD_PLUS_25,2,14,417.1300000000019
FIRST_TRIANGLE_GOLD_EVIDENCE_XAUUSD_1751328000,325,57.5,60.0,35.0,SPREAD_PLUS_25,3,20,124.78999999999905
FIRST_TRIANGLE_GOLD_EVIDENCE_XAUUSD_1751328000,325,57.5,60.0,35.0,SPREAD_PLUS_25,4,16,140.9399999999987
FIRST_TRIANGLE_GOLD_EVIDENCE_XAUUSD_1751328000,325,57.5,60.0,35.0,SPREAD_PLUS_25,5,13,86.85999999999967
FIRST_TRIANGLE_GOLD_EVIDENCE_XAUUSD_1751328000,325,57.5,60.0,35.0,SPREAD_PLUS_25,6,15,193.51000000000022
FIRST_TRIANGLE_GOLD_EVIDENCE_XAUUSD_1751328000,325,57.5,60.0,35.0,SPREAD_PLUS_25,7,33,155.28999999999996
FIRST_TRIANGLE_GOLD_EVIDENCE_XAUUSD_1751328000,325,57.5,60.0,35.0,SPREAD_PLUS_25,8,20,269.69000000000005
FIRST_TRIANGLE_GOLD_EVIDENCE_XAUUSD_1751328000,325,57.5,60.0,35.0,SPREAD_PLUS_25,9,9,-92.47999999999956
FIRST_TRIANGLE_GOLD_EVIDENCE_XAUUSD_1751328000,325,57.5,60.0,35.0,SPREAD_PLUS_25,10,17,299.0399999999986
FIRST_TRIANGLE_GOLD_EVIDENCE_XAUUSD_1751328000,325,57.5,60.0,35.0,SPREAD_PLUS_25,11,13,228.38999999999805
FIRST_TRIANGLE_GOLD_EVIDENCE_XAUUSD_1751328000,325,57.5,60.0,35.0,SPREAD_PLUS_25,12,16,-83.45999999999913
FIRST_TRIANGLE_GOLD_EVIDENCE_XAUUSD_1751328000,326,57.5,60.0,35.0,SPREAD_PLUS_50,1,17,685.920000000001
FIRST_TRIANGLE_GOLD_EVIDENCE_XAUUSD_1751328000,326,57.5,60.0,35.0,SPREAD_PLUS_50,2,14,417.1300000000019
FIRST_TRIANGLE_GOLD_EVIDENCE_XAUUSD_1751328000,326,57.5,60.0,35.0,SPREAD_PLUS_50,3,20,124.78999999999905
FIRST_TRIANGLE_GOLD_EVIDENCE_XAUUSD_1751328000,326,57.5,60.0,35.0,SPREAD_PLUS_50,4,16,140.9399999999987
FIRST_TRIANGLE_GOLD_EVIDENCE_XAUUSD_1751328000,326,57.5,60.0,35.0,SPREAD_PLUS_50,5,13,86.85999999999967
FIRST_TRIANGLE_GOLD_EVIDENCE_XAUUSD_1751328000,326,57.5,60.0,35.0,SPREAD_PLUS_50,6,15,193.51000000000022
FIRST_TRIANGLE_GOLD_EVIDENCE_XAUUSD_1751328000,326,57.5,60.0,35.0,SPREAD_PLUS_50,7,33,155.28999999999996
FIRST_TRIANGLE_GOLD_EVIDENCE_XAUUSD_1751328000,326,57.5,60.0,35.0,SPREAD_PLUS_50,8,20,269.69000000000005
FIRST_TRIANGLE_GOLD_EVIDENCE_XAUUSD_1751328000,326,57.5,60.0,35.0,SPREAD_PLUS_50,9,9,-92.47999999999956
FIRST_TRIANGLE_GOLD_EVIDENCE_XAUUSD_1751328000,326,57.5,60.0,35.0,SPREAD_PLUS_50,10,17,299.0399999999986
FIRST_TRIANGLE_GOLD_EVIDENCE_XAUUSD_1751328000,326,57.5,60.0,35.0,SPREAD_PLUS_50,11,13,228.38999999999805
FIRST_TRIANGLE_GOLD_EVIDENCE_XAUUSD_1751328000,326,57.5,60.0,35.0,SPREAD_PLUS_50,12,16,-83.45999999999913
FIRST_TRIANGLE_GOLD_EVIDENCE_XAUUSD_1751328000,327,57.5,60.0,35.0,SLIPPAGE_BASE,1,17,685.920000000001
FIRST_TRIANGLE_GOLD_EVIDENCE_XAUUSD_1751328000,327,57.5,60.0,35.0,SLIPPAGE_BASE,2,14,417.1300000000019
FIRST_TRIANGLE_GOLD_EVIDENCE_XAUUSD_1751328000,327,57.5,60.0,35.0,SLIPPAGE_BASE,3,20,124.78999999999905
FIRST_TRIANGLE_GOLD_EVIDENCE_XAUUSD_1751328000,327,57.5,60.0,35.0,SLIPPAGE_BASE,4,16,140.9399999999987
FIRST_TRIANGLE_GOLD_EVIDENCE_XAUUSD_1751328000,327,57.5,60.0,35.0,SLIPPAGE_BASE,5,13,86.85999999999967
FIRST_TRIANGLE_GOLD_EVIDENCE_XAUUSD_1751328000,327,57.5,60.0,35.0,SLIPPAGE_BASE,6,15,193.51000000000022
FIRST_TRIANGLE_GOLD_EVIDENCE_XAUUSD_1751328000,327,57.5,60.0,35.0,SLIPPAGE_BASE,7,33,155.28999999999996
FIRST_TRIANGLE_GOLD_EVIDENCE_XAUUSD_1751328000,327,57.5,60.0,35.0,SLIPPAGE_BASE,8,20,269.69000000000005
FIRST_TRIANGLE_GOLD_EVIDENCE_XAUUSD_1751328000,327,57.5,60.0,35.0,SLIPPAGE_BASE,9,9,-92.47999999999956
FIRST_TRIANGLE_GOLD_EVIDENCE_XAUUSD_1751328000,327,57.5,60.0,35.0,SLIPPAGE_BASE,10,17,299.0399999999986
FIRST_TRIANGLE_GOLD_EVIDENCE_XAUUSD_1751328000,327,57.5,60.0,35.0,SLIPPAGE_BASE,11,13,228.38999999999805
FIRST_TRIANGLE_GOLD_EVIDENCE_XAUUSD_1751328000,327,57.5,60.0,35.0,SLIPPAGE_BASE,12,16,-83.45999999999913
FIRST_TRIANGLE_GOLD_EVIDENCE_XAUUSD_1751328000,328,57.5,60.0,35.0,COMMISSION_PLUS_25,1,17,685.920000000001
FIRST_TRIANGLE_GOLD_EVIDENCE_XAUUSD_1751328000,328,57.5,60.0,35.0,COMMISSION_PLUS_25,2,14,417.1300000000019
FIRST_TRIANGLE_GOLD_EVIDENCE_XAUUSD_1751328000,328,57.5,60.0,35.0,COMMISSION_PLUS_25,3,20,124.78999999999905
FIRST_TRIANGLE_GOLD_EVIDENCE_XAUUSD_1751328000,328,57.5,60.0,35.0,COMMISSION_PLUS_25,4,16,140.9399999999987
FIRST_TRIANGLE_GOLD_EVIDENCE_XAUUSD_1751328000,328,57.5,60.0,35.0,COMMISSION_PLUS_25,5,13,86.85999999999967
FIRST_TRIANGLE_GOLD_EVIDENCE_XAUUSD_1751328000,328,57.5,60.0,35.0,COMMISSION_PLUS_25,6,15,193.51000000000022
FIRST_TRIANGLE_GOLD_EVIDENCE_XAUUSD_1751328000,328,57.5,60.0,35.0,COMMISSION_PLUS_25,7,33,155.28999999999996
FIRST_TRIANGLE_GOLD_EVIDENCE_XAUUSD_1751328000,328,57.5,60.0,35.0,COMMISSION_PLUS_25,8,20,269.69000000000005
FIRST_TRIANGLE_GOLD_EVIDENCE_XAUUSD_1751328000,328,57.5,60.0,35.0,COMMISSION_PLUS_25,9,9,-92.47999999999956
FIRST_TRIANGLE_GOLD_EVIDENCE_XAUUSD_1751328000,328,57.5,60.0,35.0,COMMISSION_PLUS_25,10,17,299.0399999999986
FIRST_TRIANGLE_GOLD_EVIDENCE_XAUUSD_1751328000,328,57.5,60.0,35.0,COMMISSION_PLUS_25,11,13,228.38999999999805
FIRST_TRIANGLE_GOLD_EVIDENCE_XAUUSD_1751328000,328,57.5,60.0,35.0,COMMISSION_PLUS_25,12,16,-83.45999999999913
FIRST_TRIANGLE_GOLD_EVIDENCE_XAUUSD_1751328000,329,57.5,60.0,35.0,COMBINED_STRESS,1,17,685.920000000001
FIRST_TRIANGLE_GOLD_EVIDENCE_XAUUSD_1751328000,329,57.5,60.0,35.0,COMBINED_STRESS,2,14,417.1300000000019
FIRST_TRIANGLE_GOLD_EVIDENCE_XAUUSD_1751328000,329,57.5,60.0,35.0,COMBINED_STRESS,3,20,124.78999999999905
FIRST_TRIANGLE_GOLD_EVIDENCE_XAUUSD_1751328000,329,57.5,60.0,35.0,COMBINED_STRESS,4,16,140.9399999999987
FIRST_TRIANGLE_GOLD_EVIDENCE_XAUUSD_1751328000,329,57.5,60.0,35.0,COMBINED_STRESS,5,13,86.85999999999967
FIRST_TRIANGLE_GOLD_EVIDENCE_XAUUSD_1751328000,329,57.5,60.0,35.0,COMBINED_STRESS,6,15,193.51000000000022
FIRST_TRIANGLE_GOLD_EVIDENCE_XAUUSD_1751328000,329,57.5,60.0,35.0,COMBINED_STRESS,7,33,155.28999999999996
FIRST_TRIANGLE_GOLD_EVIDENCE_XAUUSD_1751328000,329,57.5,60.0,35.0,COMBINED_STRESS,8,20,269.69000000000005
FIRST_TRIANGLE_GOLD_EVIDENCE_XAUUSD_1751328000,329,57.5,60.0,35.0,COMBINED_STRESS,9,9,-92.47999999999956
FIRST_TRIANGLE_GOLD_EVIDENCE_XAUUSD_1751328000,329,57.5,60.0,35.0,COMBINED_STRESS,10,17,299.0399999999986
FIRST_TRIANGLE_GOLD_EVIDENCE_XAUUSD_1751328000,329,57.5,60.0,35.0,COMBINED_STRESS,11,13,228.38999999999805
FIRST_TRIANGLE_GOLD_EVIDENCE_XAUUSD_1751328000,329,57.5,60.0,35.0,COMBINED_STRESS,12,16,-83.45999999999913
FIRST_TRIANGLE_GOLD_EVIDENCE_XAUUSD_1751328000,330,57.5,60.0,37.5,BASE,1,17,660.920000000001
FIRST_TRIANGLE_GOLD_EVIDENCE_XAUUSD_1751328000,330,57.5,60.0,37.5,BASE,2,14,394.6300000000019
FIRST_TRIANGLE_GOLD_EVIDENCE_XAUUSD_1751328000,330,57.5,60.0,37.5,BASE,3,20,99.78999999999905
FIRST_TRIANGLE_GOLD_EVIDENCE_XAUUSD_1751328000,330,57.5,60.0,37.5,BASE,4,16,126.44999999999891
FIRST_TRIANGLE_GOLD_EVIDENCE_XAUUSD_1751328000,330,57.5,60.0,37.5,BASE,5,13,76.85999999999967
FIRST_TRIANGLE_GOLD_EVIDENCE_XAUUSD_1751328000,330,57.5,60.0,37.5,BASE,6,15,237.8199999999997
FIRST_TRIANGLE_GOLD_EVIDENCE_XAUUSD_1751328000,330,57.5,60.0,37.5,BASE,7,33,142.78999999999996
FIRST_TRIANGLE_GOLD_EVIDENCE_XAUUSD_1751328000,330,57.5,60.0,37.5,BASE,8,20,262.19000000000005
FIRST_TRIANGLE_GOLD_EVIDENCE_XAUUSD_1751328000,330,57.5,60.0,37.5,BASE,9,9,-92.47999999999956
FIRST_TRIANGLE_GOLD_EVIDENCE_XAUUSD_1751328000,330,57.5,60.0,37.5,BASE,10,17,546.2599999999989
FIRST_TRIANGLE_GOLD_EVIDENCE_XAUUSD_1751328000,330,57.5,60.0,37.5,BASE,11,13,215.88999999999805
FIRST_TRIANGLE_GOLD_EVIDENCE_XAUUSD_1751328000,330,57.5,60.0,37.5,BASE,12,16,-90.95999999999913
FIRST_TRIANGLE_GOLD_EVIDENCE_XAUUSD_1751328000,331,57.5,60.0,37.5,SPREAD_PLUS_25,1,17,660.920000000001
FIRST_TRIANGLE_GOLD_EVIDENCE_XAUUSD_1751328000,331,57.5,60.0,37.5,SPREAD_PLUS_25,2,14,394.6300000000019
FIRST_TRIANGLE_GOLD_EVIDENCE_XAUUSD_1751328000,331,57.5,60.0,37.5,SPREAD_PLUS_25,3,20,99.78999999999905
FIRST_TRIANGLE_GOLD_EVIDENCE_XAUUSD_1751328000,331,57.5,60.0,37.5,SPREAD_PLUS_25,4,16,126.44999999999891
FIRST_TRIANGLE_GOLD_EVIDENCE_XAUUSD_1751328000,331,57.5,60.0,37.5,SPREAD_PLUS_25,5,13,76.85999999999967
FIRST_TRIANGLE_GOLD_EVIDENCE_XAUUSD_1751328000,331,57.5,60.0,37.5,SPREAD_PLUS_25,6,15,237.8199999999997
FIRST_TRIANGLE_GOLD_EVIDENCE_XAUUSD_1751328000,331,57.5,60.0,37.5,SPREAD_PLUS_25,7,33,142.78999999999996
FIRST_TRIANGLE_GOLD_EVIDENCE_XAUUSD_1751328000,331,57.5,60.0,37.5,SPREAD_PLUS_25,8,20,262.19000000000005
FIRST_TRIANGLE_GOLD_EVIDENCE_XAUUSD_1751328000,331,57.5,60.0,37.5,SPREAD_PLUS_25,9,9,-92.47999999999956
FIRST_TRIANGLE_GOLD_EVIDENCE_XAUUSD_1751328000,331,57.5,60.0,37.5,SPREAD_PLUS_25,10,17,546.2599999999989
FIRST_TRIANGLE_GOLD_EVIDENCE_XAUUSD_1751328000,331,57.5,60.0,37.5,SPREAD_PLUS_25,11,13,215.88999999999805
FIRST_TRIANGLE_GOLD_EVIDENCE_XAUUSD_1751328000,331,57.5,60.0,37.5,SPREAD_PLUS_25,12,16,-90.95999999999913
FIRST_TRIANGLE_GOLD_EVIDENCE_XAUUSD_1751328000,332,57.5,60.0,37.5,SPREAD_PLUS_50,1,17,660.920000000001
FIRST_TRIANGLE_GOLD_EVIDENCE_XAUUSD_1751328000,332,57.5,60.0,37.5,SPREAD_PLUS_50,2,14,394.6300000000019
FIRST_TRIANGLE_GOLD_EVIDENCE_XAUUSD_1751328000,332,57.5,60.0,37.5,SPREAD_PLUS_50,3,20,99.78999999999905
FIRST_TRIANGLE_GOLD_EVIDENCE_XAUUSD_1751328000,332,57.5,60.0,37.5,SPREAD_PLUS_50,4,16,126.44999999999891
FIRST_TRIANGLE_GOLD_EVIDENCE_XAUUSD_1751328000,332,57.5,60.0,37.5,SPREAD_PLUS_50,5,13,76.85999999999967
FIRST_TRIANGLE_GOLD_EVIDENCE_XAUUSD_1751328000,332,57.5,60.0,37.5,SPREAD_PLUS_50,6,15,237.8199999999997
FIRST_TRIANGLE_GOLD_EVIDENCE_XAUUSD_1751328000,332,57.5,60.0,37.5,SPREAD_PLUS_50,7,33,142.78999999999996
FIRST_TRIANGLE_GOLD_EVIDENCE_XAUUSD_1751328000,332,57.5,60.0,37.5,SPREAD_PLUS_50,8,20,262.19000000000005
FIRST_TRIANGLE_GOLD_EVIDENCE_XAUUSD_1751328000,332,57.5,60.0,37.5,SPREAD_PLUS_50,9,9,-92.47999999999956
FIRST_TRIANGLE_GOLD_EVIDENCE_XAUUSD_1751328000,332,57.5,60.0,37.5,SPREAD_PLUS_50,10,17,546.2599999999989
FIRST_TRIANGLE_GOLD_EVIDENCE_XAUUSD_1751328000,332,57.5,60.0,37.5,SPREAD_PLUS_50,11,13,215.88999999999805
FIRST_TRIANGLE_GOLD_EVIDENCE_XAUUSD_1751328000,332,57.5,60.0,37.5,SPREAD_PLUS_50,12,16,-90.95999999999913
FIRST_TRIANGLE_GOLD_EVIDENCE_XAUUSD_1751328000,333,57.5,60.0,37.5,SLIPPAGE_BASE,1,17,660.920000000001
FIRST_TRIANGLE_GOLD_EVIDENCE_XAUUSD_1751328000,333,57.5,60.0,37.5,SLIPPAGE_BASE,2,14,394.6300000000019
FIRST_TRIANGLE_GOLD_EVIDENCE_XAUUSD_1751328000,333,57.5,60.0,37.5,SLIPPAGE_BASE,3,20,99.78999999999905
FIRST_TRIANGLE_GOLD_EVIDENCE_XAUUSD_1751328000,333,57.5,60.0,37.5,SLIPPAGE_BASE,4,16,126.44999999999891
FIRST_TRIANGLE_GOLD_EVIDENCE_XAUUSD_1751328000,333,57.5,60.0,37.5,SLIPPAGE_BASE,5,13,76.85999999999967
FIRST_TRIANGLE_GOLD_EVIDENCE_XAUUSD_1751328000,333,57.5,60.0,37.5,SLIPPAGE_BASE,6,15,237.8199999999997
FIRST_TRIANGLE_GOLD_EVIDENCE_XAUUSD_1751328000,333,57.5,60.0,37.5,SLIPPAGE_BASE,7,33,142.78999999999996
FIRST_TRIANGLE_GOLD_EVIDENCE_XAUUSD_1751328000,333,57.5,60.0,37.5,SLIPPAGE_BASE,8,20,262.19000000000005
FIRST_TRIANGLE_GOLD_EVIDENCE_XAUUSD_1751328000,333,57.5,60.0,37.5,SLIPPAGE_BASE,9,9,-92.47999999999956
FIRST_TRIANGLE_GOLD_EVIDENCE_XAUUSD_1751328000,333,57.5,60.0,37.5,SLIPPAGE_BASE,10,17,546.2599999999989
FIRST_TRIANGLE_GOLD_EVIDENCE_XAUUSD_1751328000,333,57.5,60.0,37.5,SLIPPAGE_BASE,11,13,215.88999999999805
FIRST_TRIANGLE_GOLD_EVIDENCE_XAUUSD_1751328000,333,57.5,60.0,37.5,SLIPPAGE_BASE,12,16,-90.95999999999913
FIRST_TRIANGLE_GOLD_EVIDENCE_XAUUSD_1751328000,334,57.5,60.0,37.5,COMMISSION_PLUS_25,1,17,660.920000000001
FIRST_TRIANGLE_GOLD_EVIDENCE_XAUUSD_1751328000,334,57.5,60.0,37.5,COMMISSION_PLUS_25,2,14,394.6300000000019
FIRST_TRIANGLE_GOLD_EVIDENCE_XAUUSD_1751328000,334,57.5,60.0,37.5,COMMISSION_PLUS_25,3,20,99.78999999999905
FIRST_TRIANGLE_GOLD_EVIDENCE_XAUUSD_1751328000,334,57.5,60.0,37.5,COMMISSION_PLUS_25,4,16,126.44999999999891
FIRST_TRIANGLE_GOLD_EVIDENCE_XAUUSD_1751328000,334,57.5,60.0,37.5,COMMISSION_PLUS_25,5,13,76.85999999999967
FIRST_TRIANGLE_GOLD_EVIDENCE_XAUUSD_1751328000,334,57.5,60.0,37.5,COMMISSION_PLUS_25,6,15,237.8199999999997
FIRST_TRIANGLE_GOLD_EVIDENCE_XAUUSD_1751328000,334,57.5,60.0,37.5,COMMISSION_PLUS_25,7,33,142.78999999999996
FIRST_TRIANGLE_GOLD_EVIDENCE_XAUUSD_1751328000,334,57.5,60.0,37.5,COMMISSION_PLUS_25,8,20,262.19000000000005
FIRST_TRIANGLE_GOLD_EVIDENCE_XAUUSD_1751328000,334,57.5,60.0,37.5,COMMISSION_PLUS_25,9,9,-92.47999999999956
FIRST_TRIANGLE_GOLD_EVIDENCE_XAUUSD_1751328000,334,57.5,60.0,37.5,COMMISSION_PLUS_25,10,17,546.2599999999989
FIRST_TRIANGLE_GOLD_EVIDENCE_XAUUSD_1751328000,334,57.5,60.0,37.5,COMMISSION_PLUS_25,11,13,215.88999999999805
FIRST_TRIANGLE_GOLD_EVIDENCE_XAUUSD_1751328000,334,57.5,60.0,37.5,COMMISSION_PLUS_25,12,16,-90.95999999999913
FIRST_TRIANGLE_GOLD_EVIDENCE_XAUUSD_1751328000,335,57.5,60.0,37.5,COMBINED_STRESS,1,17,660.920000000001
FIRST_TRIANGLE_GOLD_EVIDENCE_XAUUSD_1751328000,335,57.5,60.0,37.5,COMBINED_STRESS,2,14,394.6300000000019
FIRST_TRIANGLE_GOLD_EVIDENCE_XAUUSD_1751328000,335,57.5,60.0,37.5,COMBINED_STRESS,3,20,99.78999999999905
FIRST_TRIANGLE_GOLD_EVIDENCE_XAUUSD_1751328000,335,57.5,60.0,37.5,COMBINED_STRESS,4,16,126.44999999999891
FIRST_TRIANGLE_GOLD_EVIDENCE_XAUUSD_1751328000,335,57.5,60.0,37.5,COMBINED_STRESS,5,13,76.85999999999967
FIRST_TRIANGLE_GOLD_EVIDENCE_XAUUSD_1751328000,335,57.5,60.0,37.5,COMBINED_STRESS,6,15,237.8199999999997
FIRST_TRIANGLE_GOLD_EVIDENCE_XAUUSD_1751328000,335,57.5,60.0,37.5,COMBINED_STRESS,7,33,142.78999999999996
FIRST_TRIANGLE_GOLD_EVIDENCE_XAUUSD_1751328000,335,57.5,60.0,37.5,COMBINED_STRESS,8,20,262.19000000000005
FIRST_TRIANGLE_GOLD_EVIDENCE_XAUUSD_1751328000,335,57.5,60.0,37.5,COMBINED_STRESS,9,9,-92.47999999999956
FIRST_TRIANGLE_GOLD_EVIDENCE_XAUUSD_1751328000,335,57.5,60.0,37.5,COMBINED_STRESS,10,17,546.2599999999989
FIRST_TRIANGLE_GOLD_EVIDENCE_XAUUSD_1751328000,335,57.5,60.0,37.5,COMBINED_STRESS,11,13,215.88999999999805
FIRST_TRIANGLE_GOLD_EVIDENCE_XAUUSD_1751328000,335,57.5,60.0,37.5,COMBINED_STRESS,12,16,-90.95999999999913
FIRST_TRIANGLE_GOLD_EVIDENCE_XAUUSD_1751328000,336,57.5,62.5,22.5,BASE,1,16,322.78999999999996
FIRST_TRIANGLE_GOLD_EVIDENCE_XAUUSD_1751328000,336,57.5,62.5,22.5,BASE,2,14,486.9900000000007
FIRST_TRIANGLE_GOLD_EVIDENCE_XAUUSD_1751328000,336,57.5,62.5,22.5,BASE,3,20,200.10999999999876
FIRST_TRIANGLE_GOLD_EVIDENCE_XAUUSD_1751328000,336,57.5,62.5,22.5,BASE,4,16,75.5699999999988
FIRST_TRIANGLE_GOLD_EVIDENCE_XAUUSD_1751328000,336,57.5,62.5,22.5,BASE,5,13,119.05999999999949
FIRST_TRIANGLE_GOLD_EVIDENCE_XAUUSD_1751328000,336,57.5,62.5,22.5,BASE,6,14,176.40000000000055
FIRST_TRIANGLE_GOLD_EVIDENCE_XAUUSD_1751328000,336,57.5,62.5,22.5,BASE,7,33,174.9099999999994
FIRST_TRIANGLE_GOLD_EVIDENCE_XAUUSD_1751328000,336,57.5,62.5,22.5,BASE,8,20,81.900000000001
FIRST_TRIANGLE_GOLD_EVIDENCE_XAUUSD_1751328000,336,57.5,62.5,22.5,BASE,9,9,-92.47999999999956
FIRST_TRIANGLE_GOLD_EVIDENCE_XAUUSD_1751328000,336,57.5,62.5,22.5,BASE,10,16,211.28999999999905
FIRST_TRIANGLE_GOLD_EVIDENCE_XAUUSD_1751328000,336,57.5,62.5,22.5,BASE,11,12,154.10999999999876
FIRST_TRIANGLE_GOLD_EVIDENCE_XAUUSD_1751328000,336,57.5,62.5,22.5,BASE,12,16,-45.95999999999913
FIRST_TRIANGLE_GOLD_EVIDENCE_XAUUSD_1751328000,337,57.5,62.5,22.5,SPREAD_PLUS_25,1,16,322.78999999999996
FIRST_TRIANGLE_GOLD_EVIDENCE_XAUUSD_1751328000,337,57.5,62.5,22.5,SPREAD_PLUS_25,2,14,486.9900000000007
FIRST_TRIANGLE_GOLD_EVIDENCE_XAUUSD_1751328000,337,57.5,62.5,22.5,SPREAD_PLUS_25,3,20,200.10999999999876
FIRST_TRIANGLE_GOLD_EVIDENCE_XAUUSD_1751328000,337,57.5,62.5,22.5,SPREAD_PLUS_25,4,16,75.5699999999988
FIRST_TRIANGLE_GOLD_EVIDENCE_XAUUSD_1751328000,337,57.5,62.5,22.5,SPREAD_PLUS_25,5,13,119.05999999999949
FIRST_TRIANGLE_GOLD_EVIDENCE_XAUUSD_1751328000,337,57.5,62.5,22.5,SPREAD_PLUS_25,6,14,176.40000000000055
FIRST_TRIANGLE_GOLD_EVIDENCE_XAUUSD_1751328000,337,57.5,62.5,22.5,SPREAD_PLUS_25,7,33,174.9099999999994
FIRST_TRIANGLE_GOLD_EVIDENCE_XAUUSD_1751328000,337,57.5,62.5,22.5,SPREAD_PLUS_25,8,20,81.900000000001
FIRST_TRIANGLE_GOLD_EVIDENCE_XAUUSD_1751328000,337,57.5,62.5,22.5,SPREAD_PLUS_25,9,9,-92.47999999999956
FIRST_TRIANGLE_GOLD_EVIDENCE_XAUUSD_1751328000,337,57.5,62.5,22.5,SPREAD_PLUS_25,10,16,211.28999999999905
FIRST_TRIANGLE_GOLD_EVIDENCE_XAUUSD_1751328000,337,57.5,62.5,22.5,SPREAD_PLUS_25,11,12,154.10999999999876
FIRST_TRIANGLE_GOLD_EVIDENCE_XAUUSD_1751328000,337,57.5,62.5,22.5,SPREAD_PLUS_25,12,16,-45.95999999999913
FIRST_TRIANGLE_GOLD_EVIDENCE_XAUUSD_1751328000,338,57.5,62.5,22.5,SPREAD_PLUS_50,1,16,322.78999999999996
FIRST_TRIANGLE_GOLD_EVIDENCE_XAUUSD_1751328000,338,57.5,62.5,22.5,SPREAD_PLUS_50,2,14,486.9900000000007
FIRST_TRIANGLE_GOLD_EVIDENCE_XAUUSD_1751328000,338,57.5,62.5,22.5,SPREAD_PLUS_50,3,20,200.10999999999876
FIRST_TRIANGLE_GOLD_EVIDENCE_XAUUSD_1751328000,338,57.5,62.5,22.5,SPREAD_PLUS_50,4,16,75.5699999999988
FIRST_TRIANGLE_GOLD_EVIDENCE_XAUUSD_1751328000,338,57.5,62.5,22.5,SPREAD_PLUS_50,5,13,119.05999999999949
FIRST_TRIANGLE_GOLD_EVIDENCE_XAUUSD_1751328000,338,57.5,62.5,22.5,SPREAD_PLUS_50,6,14,176.40000000000055
FIRST_TRIANGLE_GOLD_EVIDENCE_XAUUSD_1751328000,338,57.5,62.5,22.5,SPREAD_PLUS_50,7,33,174.9099999999994
FIRST_TRIANGLE_GOLD_EVIDENCE_XAUUSD_1751328000,338,57.5,62.5,22.5,SPREAD_PLUS_50,8,20,81.900000000001
FIRST_TRIANGLE_GOLD_EVIDENCE_XAUUSD_1751328000,338,57.5,62.5,22.5,SPREAD_PLUS_50,9,9,-92.47999999999956
FIRST_TRIANGLE_GOLD_EVIDENCE_XAUUSD_1751328000,338,57.5,62.5,22.5,SPREAD_PLUS_50,10,16,211.28999999999905
FIRST_TRIANGLE_GOLD_EVIDENCE_XAUUSD_1751328000,338,57.5,62.5,22.5,SPREAD_PLUS_50,11,12,154.10999999999876
FIRST_TRIANGLE_GOLD_EVIDENCE_XAUUSD_1751328000,338,57.5,62.5,22.5,SPREAD_PLUS_50,12,16,-45.95999999999913
FIRST_TRIANGLE_GOLD_EVIDENCE_XAUUSD_1751328000,339,57.5,62.5,22.5,SLIPPAGE_BASE,1,16,322.78999999999996
FIRST_TRIANGLE_GOLD_EVIDENCE_XAUUSD_1751328000,339,57.5,62.5,22.5,SLIPPAGE_BASE,2,14,486.9900000000007
FIRST_TRIANGLE_GOLD_EVIDENCE_XAUUSD_1751328000,339,57.5,62.5,22.5,SLIPPAGE_BASE,3,20,200.10999999999876
FIRST_TRIANGLE_GOLD_EVIDENCE_XAUUSD_1751328000,339,57.5,62.5,22.5,SLIPPAGE_BASE,4,16,75.5699999999988
FIRST_TRIANGLE_GOLD_EVIDENCE_XAUUSD_1751328000,339,57.5,62.5,22.5,SLIPPAGE_BASE,5,13,119.05999999999949
FIRST_TRIANGLE_GOLD_EVIDENCE_XAUUSD_1751328000,339,57.5,62.5,22.5,SLIPPAGE_BASE,6,14,176.40000000000055
FIRST_TRIANGLE_GOLD_EVIDENCE_XAUUSD_1751328000,339,57.5,62.5,22.5,SLIPPAGE_BASE,7,33,174.9099999999994
FIRST_TRIANGLE_GOLD_EVIDENCE_XAUUSD_1751328000,339,57.5,62.5,22.5,SLIPPAGE_BASE,8,20,81.900000000001
FIRST_TRIANGLE_GOLD_EVIDENCE_XAUUSD_1751328000,339,57.5,62.5,22.5,SLIPPAGE_BASE,9,9,-92.47999999999956
FIRST_TRIANGLE_GOLD_EVIDENCE_XAUUSD_1751328000,339,57.5,62.5,22.5,SLIPPAGE_BASE,10,16,211.28999999999905
FIRST_TRIANGLE_GOLD_EVIDENCE_XAUUSD_1751328000,339,57.5,62.5,22.5,SLIPPAGE_BASE,11,12,154.10999999999876
FIRST_TRIANGLE_GOLD_EVIDENCE_XAUUSD_1751328000,339,57.5,62.5,22.5,SLIPPAGE_BASE,12,16,-45.95999999999913
FIRST_TRIANGLE_GOLD_EVIDENCE_XAUUSD_1751328000,340,57.5,62.5,22.5,COMMISSION_PLUS_25,1,16,322.78999999999996
FIRST_TRIANGLE_GOLD_EVIDENCE_XAUUSD_1751328000,340,57.5,62.5,22.5,COMMISSION_PLUS_25,2,14,486.9900000000007
FIRST_TRIANGLE_GOLD_EVIDENCE_XAUUSD_1751328000,340,57.5,62.5,22.5,COMMISSION_PLUS_25,3,20,200.10999999999876
FIRST_TRIANGLE_GOLD_EVIDENCE_XAUUSD_1751328000,340,57.5,62.5,22.5,COMMISSION_PLUS_25,4,16,75.5699999999988
FIRST_TRIANGLE_GOLD_EVIDENCE_XAUUSD_1751328000,340,57.5,62.5,22.5,COMMISSION_PLUS_25,5,13,119.05999999999949
FIRST_TRIANGLE_GOLD_EVIDENCE_XAUUSD_1751328000,340,57.5,62.5,22.5,COMMISSION_PLUS_25,6,14,176.40000000000055
FIRST_TRIANGLE_GOLD_EVIDENCE_XAUUSD_1751328000,340,57.5,62.5,22.5,COMMISSION_PLUS_25,7,33,174.9099999999994
FIRST_TRIANGLE_GOLD_EVIDENCE_XAUUSD_1751328000,340,57.5,62.5,22.5,COMMISSION_PLUS_25,8,20,81.900000000001
FIRST_TRIANGLE_GOLD_EVIDENCE_XAUUSD_1751328000,340,57.5,62.5,22.5,COMMISSION_PLUS_25,9,9,-92.47999999999956
FIRST_TRIANGLE_GOLD_EVIDENCE_XAUUSD_1751328000,340,57.5,62.5,22.5,COMMISSION_PLUS_25,10,16,211.28999999999905
FIRST_TRIANGLE_GOLD_EVIDENCE_XAUUSD_1751328000,340,57.5,62.5,22.5,COMMISSION_PLUS_25,11,12,154.10999999999876
FIRST_TRIANGLE_GOLD_EVIDENCE_XAUUSD_1751328000,340,57.5,62.5,22.5,COMMISSION_PLUS_25,12,16,-45.95999999999913
FIRST_TRIANGLE_GOLD_EVIDENCE_XAUUSD_1751328000,341,57.5,62.5,22.5,COMBINED_STRESS,1,16,322.78999999999996
FIRST_TRIANGLE_GOLD_EVIDENCE_XAUUSD_1751328000,341,57.5,62.5,22.5,COMBINED_STRESS,2,14,486.9900000000007
FIRST_TRIANGLE_GOLD_EVIDENCE_XAUUSD_1751328000,341,57.5,62.5,22.5,COMBINED_STRESS,3,20,200.10999999999876
FIRST_TRIANGLE_GOLD_EVIDENCE_XAUUSD_1751328000,341,57.5,62.5,22.5,COMBINED_STRESS,4,16,75.5699999999988
FIRST_TRIANGLE_GOLD_EVIDENCE_XAUUSD_1751328000,341,57.5,62.5,22.5,COMBINED_STRESS,5,13,119.05999999999949
FIRST_TRIANGLE_GOLD_EVIDENCE_XAUUSD_1751328000,341,57.5,62.5,22.5,COMBINED_STRESS,6,14,176.40000000000055
FIRST_TRIANGLE_GOLD_EVIDENCE_XAUUSD_1751328000,341,57.5,62.5,22.5,COMBINED_STRESS,7,33,174.9099999999994
FIRST_TRIANGLE_GOLD_EVIDENCE_XAUUSD_1751328000,341,57.5,62.5,22.5,COMBINED_STRESS,8,20,81.900000000001
FIRST_TRIANGLE_GOLD_EVIDENCE_XAUUSD_1751328000,341,57.5,62.5,22.5,COMBINED_STRESS,9,9,-92.47999999999956
FIRST_TRIANGLE_GOLD_EVIDENCE_XAUUSD_1751328000,341,57.5,62.5,22.5,COMBINED_STRESS,10,16,211.28999999999905
FIRST_TRIANGLE_GOLD_EVIDENCE_XAUUSD_1751328000,341,57.5,62.5,22.5,COMBINED_STRESS,11,12,154.10999999999876
FIRST_TRIANGLE_GOLD_EVIDENCE_XAUUSD_1751328000,341,57.5,62.5,22.5,COMBINED_STRESS,12,16,-45.95999999999913
FIRST_TRIANGLE_GOLD_EVIDENCE_XAUUSD_1751328000,342,57.5,62.5,25.0,BASE,1,16,367.1100000000006
FIRST_TRIANGLE_GOLD_EVIDENCE_XAUUSD_1751328000,342,57.5,62.5,25.0,BASE,2,14,471.8100000000013
FIRST_TRIANGLE_GOLD_EVIDENCE_XAUUSD_1751328000,342,57.5,62.5,25.0,BASE,3,20,184.42999999999847
FIRST_TRIANGLE_GOLD_EVIDENCE_XAUUSD_1751328000,342,57.5,62.5,25.0,BASE,4,16,92.57999999999902
FIRST_TRIANGLE_GOLD_EVIDENCE_XAUUSD_1751328000,342,57.5,62.5,25.0,BASE,5,13,109.05999999999949
FIRST_TRIANGLE_GOLD_EVIDENCE_XAUUSD_1751328000,342,57.5,62.5,25.0,BASE,6,14,191.3800000000001
FIRST_TRIANGLE_GOLD_EVIDENCE_XAUUSD_1751328000,342,57.5,62.5,25.0,BASE,7,33,162.4099999999994
FIRST_TRIANGLE_GOLD_EVIDENCE_XAUUSD_1751328000,342,57.5,62.5,25.0,BASE,8,20,214.01000000000067
FIRST_TRIANGLE_GOLD_EVIDENCE_XAUUSD_1751328000,342,57.5,62.5,25.0,BASE,9,9,-92.47999999999956
FIRST_TRIANGLE_GOLD_EVIDENCE_XAUUSD_1751328000,342,57.5,62.5,25.0,BASE,10,16,226.03999999999905
FIRST_TRIANGLE_GOLD_EVIDENCE_XAUUSD_1751328000,342,57.5,62.5,25.0,BASE,11,12,151.87999999999874
FIRST_TRIANGLE_GOLD_EVIDENCE_XAUUSD_1751328000,342,57.5,62.5,25.0,BASE,12,16,-53.45999999999913
FIRST_TRIANGLE_GOLD_EVIDENCE_XAUUSD_1751328000,343,57.5,62.5,25.0,SPREAD_PLUS_25,1,16,367.1100000000006
FIRST_TRIANGLE_GOLD_EVIDENCE_XAUUSD_1751328000,343,57.5,62.5,25.0,SPREAD_PLUS_25,2,14,471.8100000000013
FIRST_TRIANGLE_GOLD_EVIDENCE_XAUUSD_1751328000,343,57.5,62.5,25.0,SPREAD_PLUS_25,3,20,184.42999999999847
FIRST_TRIANGLE_GOLD_EVIDENCE_XAUUSD_1751328000,343,57.5,62.5,25.0,SPREAD_PLUS_25,4,16,92.57999999999902
FIRST_TRIANGLE_GOLD_EVIDENCE_XAUUSD_1751328000,343,57.5,62.5,25.0,SPREAD_PLUS_25,5,13,109.05999999999949
FIRST_TRIANGLE_GOLD_EVIDENCE_XAUUSD_1751328000,343,57.5,62.5,25.0,SPREAD_PLUS_25,6,14,191.3800000000001
FIRST_TRIANGLE_GOLD_EVIDENCE_XAUUSD_1751328000,343,57.5,62.5,25.0,SPREAD_PLUS_25,7,33,162.4099999999994
FIRST_TRIANGLE_GOLD_EVIDENCE_XAUUSD_1751328000,343,57.5,62.5,25.0,SPREAD_PLUS_25,8,20,214.01000000000067
FIRST_TRIANGLE_GOLD_EVIDENCE_XAUUSD_1751328000,343,57.5,62.5,25.0,SPREAD_PLUS_25,9,9,-92.47999999999956
FIRST_TRIANGLE_GOLD_EVIDENCE_XAUUSD_1751328000,343,57.5,62.5,25.0,SPREAD_PLUS_25,10,16,226.03999999999905
FIRST_TRIANGLE_GOLD_EVIDENCE_XAUUSD_1751328000,343,57.5,62.5,25.0,SPREAD_PLUS_25,11,12,151.87999999999874
FIRST_TRIANGLE_GOLD_EVIDENCE_XAUUSD_1751328000,343,57.5,62.5,25.0,SPREAD_PLUS_25,12,16,-53.45999999999913
FIRST_TRIANGLE_GOLD_EVIDENCE_XAUUSD_1751328000,344,57.5,62.5,25.0,SPREAD_PLUS_50,1,16,367.1100000000006
FIRST_TRIANGLE_GOLD_EVIDENCE_XAUUSD_1751328000,344,57.5,62.5,25.0,SPREAD_PLUS_50,2,14,471.8100000000013
FIRST_TRIANGLE_GOLD_EVIDENCE_XAUUSD_1751328000,344,57.5,62.5,25.0,SPREAD_PLUS_50,3,20,184.42999999999847
FIRST_TRIANGLE_GOLD_EVIDENCE_XAUUSD_1751328000,344,57.5,62.5,25.0,SPREAD_PLUS_50,4,16,92.57999999999902
FIRST_TRIANGLE_GOLD_EVIDENCE_XAUUSD_1751328000,344,57.5,62.5,25.0,SPREAD_PLUS_50,5,13,109.05999999999949
FIRST_TRIANGLE_GOLD_EVIDENCE_XAUUSD_1751328000,344,57.5,62.5,25.0,SPREAD_PLUS_50,6,14,191.3800000000001
FIRST_TRIANGLE_GOLD_EVIDENCE_XAUUSD_1751328000,344,57.5,62.5,25.0,SPREAD_PLUS_50,7,33,162.4099999999994
FIRST_TRIANGLE_GOLD_EVIDENCE_XAUUSD_1751328000,344,57.5,62.5,25.0,SPREAD_PLUS_50,8,20,214.01000000000067
FIRST_TRIANGLE_GOLD_EVIDENCE_XAUUSD_1751328000,344,57.5,62.5,25.0,SPREAD_PLUS_50,9,9,-92.47999999999956
FIRST_TRIANGLE_GOLD_EVIDENCE_XAUUSD_1751328000,344,57.5,62.5,25.0,SPREAD_PLUS_50,10,16,226.03999999999905
FIRST_TRIANGLE_GOLD_EVIDENCE_XAUUSD_1751328000,344,57.5,62.5,25.0,SPREAD_PLUS_50,11,12,151.87999999999874
FIRST_TRIANGLE_GOLD_EVIDENCE_XAUUSD_1751328000,344,57.5,62.5,25.0,SPREAD_PLUS_50,12,16,-53.45999999999913
FIRST_TRIANGLE_GOLD_EVIDENCE_XAUUSD_1751328000,345,57.5,62.5,25.0,SLIPPAGE_BASE,1,16,367.1100000000006
FIRST_TRIANGLE_GOLD_EVIDENCE_XAUUSD_1751328000,345,57.5,62.5,25.0,SLIPPAGE_BASE,2,14,471.8100000000013
FIRST_TRIANGLE_GOLD_EVIDENCE_XAUUSD_1751328000,345,57.5,62.5,25.0,SLIPPAGE_BASE,3,20,184.42999999999847
FIRST_TRIANGLE_GOLD_EVIDENCE_XAUUSD_1751328000,345,57.5,62.5,25.0,SLIPPAGE_BASE,4,16,92.57999999999902
FIRST_TRIANGLE_GOLD_EVIDENCE_XAUUSD_1751328000,345,57.5,62.5,25.0,SLIPPAGE_BASE,5,13,109.05999999999949
FIRST_TRIANGLE_GOLD_EVIDENCE_XAUUSD_1751328000,345,57.5,62.5,25.0,SLIPPAGE_BASE,6,14,191.3800000000001
FIRST_TRIANGLE_GOLD_EVIDENCE_XAUUSD_1751328000,345,57.5,62.5,25.0,SLIPPAGE_BASE,7,33,162.4099999999994
FIRST_TRIANGLE_GOLD_EVIDENCE_XAUUSD_1751328000,345,57.5,62.5,25.0,SLIPPAGE_BASE,8,20,214.01000000000067
FIRST_TRIANGLE_GOLD_EVIDENCE_XAUUSD_1751328000,345,57.5,62.5,25.0,SLIPPAGE_BASE,9,9,-92.47999999999956
FIRST_TRIANGLE_GOLD_EVIDENCE_XAUUSD_1751328000,345,57.5,62.5,25.0,SLIPPAGE_BASE,10,16,226.03999999999905
FIRST_TRIANGLE_GOLD_EVIDENCE_XAUUSD_1751328000,345,57.5,62.5,25.0,SLIPPAGE_BASE,11,12,151.87999999999874
FIRST_TRIANGLE_GOLD_EVIDENCE_XAUUSD_1751328000,345,57.5,62.5,25.0,SLIPPAGE_BASE,12,16,-53.45999999999913
FIRST_TRIANGLE_GOLD_EVIDENCE_XAUUSD_1751328000,346,57.5,62.5,25.0,COMMISSION_PLUS_25,1,16,367.1100000000006
FIRST_TRIANGLE_GOLD_EVIDENCE_XAUUSD_1751328000,346,57.5,62.5,25.0,COMMISSION_PLUS_25,2,14,471.8100000000013
FIRST_TRIANGLE_GOLD_EVIDENCE_XAUUSD_1751328000,346,57.5,62.5,25.0,COMMISSION_PLUS_25,3,20,184.42999999999847
FIRST_TRIANGLE_GOLD_EVIDENCE_XAUUSD_1751328000,346,57.5,62.5,25.0,COMMISSION_PLUS_25,4,16,92.57999999999902
FIRST_TRIANGLE_GOLD_EVIDENCE_XAUUSD_1751328000,346,57.5,62.5,25.0,COMMISSION_PLUS_25,5,13,109.05999999999949
FIRST_TRIANGLE_GOLD_EVIDENCE_XAUUSD_1751328000,346,57.5,62.5,25.0,COMMISSION_PLUS_25,6,14,191.3800000000001
FIRST_TRIANGLE_GOLD_EVIDENCE_XAUUSD_1751328000,346,57.5,62.5,25.0,COMMISSION_PLUS_25,7,33,162.4099999999994
FIRST_TRIANGLE_GOLD_EVIDENCE_XAUUSD_1751328000,346,57.5,62.5,25.0,COMMISSION_PLUS_25,8,20,214.01000000000067
FIRST_TRIANGLE_GOLD_EVIDENCE_XAUUSD_1751328000,346,57.5,62.5,25.0,COMMISSION_PLUS_25,9,9,-92.47999999999956
FIRST_TRIANGLE_GOLD_EVIDENCE_XAUUSD_1751328000,346,57.5,62.5,25.0,COMMISSION_PLUS_25,10,16,226.03999999999905
FIRST_TRIANGLE_GOLD_EVIDENCE_XAUUSD_1751328000,346,57.5,62.5,25.0,COMMISSION_PLUS_25,11,12,151.87999999999874
FIRST_TRIANGLE_GOLD_EVIDENCE_XAUUSD_1751328000,346,57.5,62.5,25.0,COMMISSION_PLUS_25,12,16,-53.45999999999913
FIRST_TRIANGLE_GOLD_EVIDENCE_XAUUSD_1751328000,347,57.5,62.5,25.0,COMBINED_STRESS,1,16,367.1100000000006
FIRST_TRIANGLE_GOLD_EVIDENCE_XAUUSD_1751328000,347,57.5,62.5,25.0,COMBINED_STRESS,2,14,471.8100000000013
FIRST_TRIANGLE_GOLD_EVIDENCE_XAUUSD_1751328000,347,57.5,62.5,25.0,COMBINED_STRESS,3,20,184.42999999999847
FIRST_TRIANGLE_GOLD_EVIDENCE_XAUUSD_1751328000,347,57.5,62.5,25.0,COMBINED_STRESS,4,16,92.57999999999902
FIRST_TRIANGLE_GOLD_EVIDENCE_XAUUSD_1751328000,347,57.5,62.5,25.0,COMBINED_STRESS,5,13,109.05999999999949
FIRST_TRIANGLE_GOLD_EVIDENCE_XAUUSD_1751328000,347,57.5,62.5,25.0,COMBINED_STRESS,6,14,191.3800000000001
FIRST_TRIANGLE_GOLD_EVIDENCE_XAUUSD_1751328000,347,57.5,62.5,25.0,COMBINED_STRESS,7,33,162.4099999999994
FIRST_TRIANGLE_GOLD_EVIDENCE_XAUUSD_1751328000,347,57.5,62.5,25.0,COMBINED_STRESS,8,20,214.01000000000067
FIRST_TRIANGLE_GOLD_EVIDENCE_XAUUSD_1751328000,347,57.5,62.5,25.0,COMBINED_STRESS,9,9,-92.47999999999956
FIRST_TRIANGLE_GOLD_EVIDENCE_XAUUSD_1751328000,347,57.5,62.5,25.0,COMBINED_STRESS,10,16,226.03999999999905
FIRST_TRIANGLE_GOLD_EVIDENCE_XAUUSD_1751328000,347,57.5,62.5,25.0,COMBINED_STRESS,11,12,151.87999999999874
FIRST_TRIANGLE_GOLD_EVIDENCE_XAUUSD_1751328000,347,57.5,62.5,25.0,COMBINED_STRESS,12,16,-53.45999999999913
FIRST_TRIANGLE_GOLD_EVIDENCE_XAUUSD_1751328000,348,57.5,62.5,27.5,BASE,1,16,347.1100000000006
FIRST_TRIANGLE_GOLD_EVIDENCE_XAUUSD_1751328000,348,57.5,62.5,27.5,BASE,2,14,449.3100000000013
FIRST_TRIANGLE_GOLD_EVIDENCE_XAUUSD_1751328000,348,57.5,62.5,27.5,BASE,3,20,159.42999999999847
FIRST_TRIANGLE_GOLD_EVIDENCE_XAUUSD_1751328000,348,57.5,62.5,27.5,BASE,4,16,130.95999999999913
FIRST_TRIANGLE_GOLD_EVIDENCE_XAUUSD_1751328000,348,57.5,62.5,27.5,BASE,5,13,99.05999999999949
FIRST_TRIANGLE_GOLD_EVIDENCE_XAUUSD_1751328000,348,57.5,62.5,27.5,BASE,6,14,176.3800000000001
FIRST_TRIANGLE_GOLD_EVIDENCE_XAUUSD_1751328000,348,57.5,62.5,27.5,BASE,7,33,168.42999999999938
FIRST_TRIANGLE_GOLD_EVIDENCE_XAUUSD_1751328000,348,57.5,62.5,27.5,BASE,8,20,206.51000000000067
FIRST_TRIANGLE_GOLD_EVIDENCE_XAUUSD_1751328000,348,57.5,62.5,27.5,BASE,9,9,-92.47999999999956
FIRST_TRIANGLE_GOLD_EVIDENCE_XAUUSD_1751328000,348,57.5,62.5,27.5,BASE,10,16,208.53999999999905
FIRST_TRIANGLE_GOLD_EVIDENCE_XAUUSD_1751328000,348,57.5,62.5,27.5,BASE,11,12,144.37999999999874
FIRST_TRIANGLE_GOLD_EVIDENCE_XAUUSD_1751328000,348,57.5,62.5,27.5,BASE,12,16,-60.95999999999913
FIRST_TRIANGLE_GOLD_EVIDENCE_XAUUSD_1751328000,349,57.5,62.5,27.5,SPREAD_PLUS_25,1,16,347.1100000000006
FIRST_TRIANGLE_GOLD_EVIDENCE_XAUUSD_1751328000,349,57.5,62.5,27.5,SPREAD_PLUS_25,2,14,449.3100000000013
FIRST_TRIANGLE_GOLD_EVIDENCE_XAUUSD_1751328000,349,57.5,62.5,27.5,SPREAD_PLUS_25,3,20,159.42999999999847
FIRST_TRIANGLE_GOLD_EVIDENCE_XAUUSD_1751328000,349,57.5,62.5,27.5,SPREAD_PLUS_25,4,16,130.95999999999913
FIRST_TRIANGLE_GOLD_EVIDENCE_XAUUSD_1751328000,349,57.5,62.5,27.5,SPREAD_PLUS_25,5,13,99.05999999999949
FIRST_TRIANGLE_GOLD_EVIDENCE_XAUUSD_1751328000,349,57.5,62.5,27.5,SPREAD_PLUS_25,6,14,176.3800000000001
FIRST_TRIANGLE_GOLD_EVIDENCE_XAUUSD_1751328000,349,57.5,62.5,27.5,SPREAD_PLUS_25,7,33,168.42999999999938
FIRST_TRIANGLE_GOLD_EVIDENCE_XAUUSD_1751328000,349,57.5,62.5,27.5,SPREAD_PLUS_25,8,20,206.51000000000067
FIRST_TRIANGLE_GOLD_EVIDENCE_XAUUSD_1751328000,349,57.5,62.5,27.5,SPREAD_PLUS_25,9,9,-92.47999999999956
FIRST_TRIANGLE_GOLD_EVIDENCE_XAUUSD_1751328000,349,57.5,62.5,27.5,SPREAD_PLUS_25,10,16,208.53999999999905
FIRST_TRIANGLE_GOLD_EVIDENCE_XAUUSD_1751328000,349,57.5,62.5,27.5,SPREAD_PLUS_25,11,12,144.37999999999874
FIRST_TRIANGLE_GOLD_EVIDENCE_XAUUSD_1751328000,349,57.5,62.5,27.5,SPREAD_PLUS_25,12,16,-60.95999999999913
FIRST_TRIANGLE_GOLD_EVIDENCE_XAUUSD_1751328000,350,57.5,62.5,27.5,SPREAD_PLUS_50,1,16,347.1100000000006
FIRST_TRIANGLE_GOLD_EVIDENCE_XAUUSD_1751328000,350,57.5,62.5,27.5,SPREAD_PLUS_50,2,14,449.3100000000013
FIRST_TRIANGLE_GOLD_EVIDENCE_XAUUSD_1751328000,350,57.5,62.5,27.5,SPREAD_PLUS_50,3,20,159.42999999999847
FIRST_TRIANGLE_GOLD_EVIDENCE_XAUUSD_1751328000,350,57.5,62.5,27.5,SPREAD_PLUS_50,4,16,130.95999999999913
FIRST_TRIANGLE_GOLD_EVIDENCE_XAUUSD_1751328000,350,57.5,62.5,27.5,SPREAD_PLUS_50,5,13,99.05999999999949
FIRST_TRIANGLE_GOLD_EVIDENCE_XAUUSD_1751328000,350,57.5,62.5,27.5,SPREAD_PLUS_50,6,14,176.3800000000001
FIRST_TRIANGLE_GOLD_EVIDENCE_XAUUSD_1751328000,350,57.5,62.5,27.5,SPREAD_PLUS_50,7,33,168.42999999999938
FIRST_TRIANGLE_GOLD_EVIDENCE_XAUUSD_1751328000,350,57.5,62.5,27.5,SPREAD_PLUS_50,8,20,206.51000000000067
FIRST_TRIANGLE_GOLD_EVIDENCE_XAUUSD_1751328000,350,57.5,62.5,27.5,SPREAD_PLUS_50,9,9,-92.47999999999956
FIRST_TRIANGLE_GOLD_EVIDENCE_XAUUSD_1751328000,350,57.5,62.5,27.5,SPREAD_PLUS_50,10,16,208.53999999999905
FIRST_TRIANGLE_GOLD_EVIDENCE_XAUUSD_1751328000,350,57.5,62.5,27.5,SPREAD_PLUS_50,11,12,144.37999999999874
FIRST_TRIANGLE_GOLD_EVIDENCE_XAUUSD_1751328000,350,57.5,62.5,27.5,SPREAD_PLUS_50,12,16,-60.95999999999913
FIRST_TRIANGLE_GOLD_EVIDENCE_XAUUSD_1751328000,351,57.5,62.5,27.5,SLIPPAGE_BASE,1,16,347.1100000000006
FIRST_TRIANGLE_GOLD_EVIDENCE_XAUUSD_1751328000,351,57.5,62.5,27.5,SLIPPAGE_BASE,2,14,449.3100000000013
FIRST_TRIANGLE_GOLD_EVIDENCE_XAUUSD_1751328000,351,57.5,62.5,27.5,SLIPPAGE_BASE,3,20,159.42999999999847
FIRST_TRIANGLE_GOLD_EVIDENCE_XAUUSD_1751328000,351,57.5,62.5,27.5,SLIPPAGE_BASE,4,16,130.95999999999913
FIRST_TRIANGLE_GOLD_EVIDENCE_XAUUSD_1751328000,351,57.5,62.5,27.5,SLIPPAGE_BASE,5,13,99.05999999999949
FIRST_TRIANGLE_GOLD_EVIDENCE_XAUUSD_1751328000,351,57.5,62.5,27.5,SLIPPAGE_BASE,6,14,176.3800000000001
FIRST_TRIANGLE_GOLD_EVIDENCE_XAUUSD_1751328000,351,57.5,62.5,27.5,SLIPPAGE_BASE,7,33,168.42999999999938
FIRST_TRIANGLE_GOLD_EVIDENCE_XAUUSD_1751328000,351,57.5,62.5,27.5,SLIPPAGE_BASE,8,20,206.51000000000067
FIRST_TRIANGLE_GOLD_EVIDENCE_XAUUSD_1751328000,351,57.5,62.5,27.5,SLIPPAGE_BASE,9,9,-92.47999999999956
FIRST_TRIANGLE_GOLD_EVIDENCE_XAUUSD_1751328000,351,57.5,62.5,27.5,SLIPPAGE_BASE,10,16,208.53999999999905
FIRST_TRIANGLE_GOLD_EVIDENCE_XAUUSD_1751328000,351,57.5,62.5,27.5,SLIPPAGE_BASE,11,12,144.37999999999874
FIRST_TRIANGLE_GOLD_EVIDENCE_XAUUSD_1751328000,351,57.5,62.5,27.5,SLIPPAGE_BASE,12,16,-60.95999999999913
FIRST_TRIANGLE_GOLD_EVIDENCE_XAUUSD_1751328000,352,57.5,62.5,27.5,COMMISSION_PLUS_25,1,16,347.1100000000006
FIRST_TRIANGLE_GOLD_EVIDENCE_XAUUSD_1751328000,352,57.5,62.5,27.5,COMMISSION_PLUS_25,2,14,449.3100000000013
FIRST_TRIANGLE_GOLD_EVIDENCE_XAUUSD_1751328000,352,57.5,62.5,27.5,COMMISSION_PLUS_25,3,20,159.42999999999847
FIRST_TRIANGLE_GOLD_EVIDENCE_XAUUSD_1751328000,352,57.5,62.5,27.5,COMMISSION_PLUS_25,4,16,130.95999999999913
FIRST_TRIANGLE_GOLD_EVIDENCE_XAUUSD_1751328000,352,57.5,62.5,27.5,COMMISSION_PLUS_25,5,13,99.05999999999949
FIRST_TRIANGLE_GOLD_EVIDENCE_XAUUSD_1751328000,352,57.5,62.5,27.5,COMMISSION_PLUS_25,6,14,176.3800000000001
FIRST_TRIANGLE_GOLD_EVIDENCE_XAUUSD_1751328000,352,57.5,62.5,27.5,COMMISSION_PLUS_25,7,33,168.42999999999938
FIRST_TRIANGLE_GOLD_EVIDENCE_XAUUSD_1751328000,352,57.5,62.5,27.5,COMMISSION_PLUS_25,8,20,206.51000000000067
FIRST_TRIANGLE_GOLD_EVIDENCE_XAUUSD_1751328000,352,57.5,62.5,27.5,COMMISSION_PLUS_25,9,9,-92.47999999999956
FIRST_TRIANGLE_GOLD_EVIDENCE_XAUUSD_1751328000,352,57.5,62.5,27.5,COMMISSION_PLUS_25,10,16,208.53999999999905
FIRST_TRIANGLE_GOLD_EVIDENCE_XAUUSD_1751328000,352,57.5,62.5,27.5,COMMISSION_PLUS_25,11,12,144.37999999999874
FIRST_TRIANGLE_GOLD_EVIDENCE_XAUUSD_1751328000,352,57.5,62.5,27.5,COMMISSION_PLUS_25,12,16,-60.95999999999913
FIRST_TRIANGLE_GOLD_EVIDENCE_XAUUSD_1751328000,353,57.5,62.5,27.5,COMBINED_STRESS,1,16,347.1100000000006
FIRST_TRIANGLE_GOLD_EVIDENCE_XAUUSD_1751328000,353,57.5,62.5,27.5,COMBINED_STRESS,2,14,449.3100000000013
FIRST_TRIANGLE_GOLD_EVIDENCE_XAUUSD_1751328000,353,57.5,62.5,27.5,COMBINED_STRESS,3,20,159.42999999999847
FIRST_TRIANGLE_GOLD_EVIDENCE_XAUUSD_1751328000,353,57.5,62.5,27.5,COMBINED_STRESS,4,16,130.95999999999913
FIRST_TRIANGLE_GOLD_EVIDENCE_XAUUSD_1751328000,353,57.5,62.5,27.5,COMBINED_STRESS,5,13,99.05999999999949
FIRST_TRIANGLE_GOLD_EVIDENCE_XAUUSD_1751328000,353,57.5,62.5,27.5,COMBINED_STRESS,6,14,176.3800000000001
FIRST_TRIANGLE_GOLD_EVIDENCE_XAUUSD_1751328000,353,57.5,62.5,27.5,COMBINED_STRESS,7,33,168.42999999999938
FIRST_TRIANGLE_GOLD_EVIDENCE_XAUUSD_1751328000,353,57.5,62.5,27.5,COMBINED_STRESS,8,20,206.51000000000067
FIRST_TRIANGLE_GOLD_EVIDENCE_XAUUSD_1751328000,353,57.5,62.5,27.5,COMBINED_STRESS,9,9,-92.47999999999956
FIRST_TRIANGLE_GOLD_EVIDENCE_XAUUSD_1751328000,353,57.5,62.5,27.5,COMBINED_STRESS,10,16,208.53999999999905
FIRST_TRIANGLE_GOLD_EVIDENCE_XAUUSD_1751328000,353,57.5,62.5,27.5,COMBINED_STRESS,11,12,144.37999999999874
FIRST_TRIANGLE_GOLD_EVIDENCE_XAUUSD_1751328000,353,57.5,62.5,27.5,COMBINED_STRESS,12,16,-60.95999999999913
FIRST_TRIANGLE_GOLD_EVIDENCE_XAUUSD_1751328000,354,57.5,62.5,30.0,BASE,1,16,481.52000000000135
FIRST_TRIANGLE_GOLD_EVIDENCE_XAUUSD_1751328000,354,57.5,62.5,30.0,BASE,2,14,462.1300000000019
FIRST_TRIANGLE_GOLD_EVIDENCE_XAUUSD_1751328000,354,57.5,62.5,30.0,BASE,3,20,138.67999999999847
FIRST_TRIANGLE_GOLD_EVIDENCE_XAUUSD_1751328000,354,57.5,62.5,30.0,BASE,4,16,115.95999999999913
FIRST_TRIANGLE_GOLD_EVIDENCE_XAUUSD_1751328000,354,57.5,62.5,30.0,BASE,5,13,89.05999999999949
FIRST_TRIANGLE_GOLD_EVIDENCE_XAUUSD_1751328000,354,57.5,62.5,30.0,BASE,6,14,161.3800000000001
FIRST_TRIANGLE_GOLD_EVIDENCE_XAUUSD_1751328000,354,57.5,62.5,30.0,BASE,7,33,155.92999999999938
FIRST_TRIANGLE_GOLD_EVIDENCE_XAUUSD_1751328000,354,57.5,62.5,30.0,BASE,8,20,232.9700000000007
FIRST_TRIANGLE_GOLD_EVIDENCE_XAUUSD_1751328000,354,57.5,62.5,30.0,BASE,9,9,-92.47999999999956
FIRST_TRIANGLE_GOLD_EVIDENCE_XAUUSD_1751328000,354,57.5,62.5,30.0,BASE,10,16,198.5099999999993
FIRST_TRIANGLE_GOLD_EVIDENCE_XAUUSD_1751328000,354,57.5,62.5,30.0,BASE,11,12,136.87999999999874
FIRST_TRIANGLE_GOLD_EVIDENCE_XAUUSD_1751328000,354,57.5,62.5,30.0,BASE,12,16,-68.45999999999913
FIRST_TRIANGLE_GOLD_EVIDENCE_XAUUSD_1751328000,355,57.5,62.5,30.0,SPREAD_PLUS_25,1,16,481.52000000000135
FIRST_TRIANGLE_GOLD_EVIDENCE_XAUUSD_1751328000,355,57.5,62.5,30.0,SPREAD_PLUS_25,2,14,462.1300000000019
FIRST_TRIANGLE_GOLD_EVIDENCE_XAUUSD_1751328000,355,57.5,62.5,30.0,SPREAD_PLUS_25,3,20,138.67999999999847
FIRST_TRIANGLE_GOLD_EVIDENCE_XAUUSD_1751328000,355,57.5,62.5,30.0,SPREAD_PLUS_25,4,16,115.95999999999913
FIRST_TRIANGLE_GOLD_EVIDENCE_XAUUSD_1751328000,355,57.5,62.5,30.0,SPREAD_PLUS_25,5,13,89.05999999999949
FIRST_TRIANGLE_GOLD_EVIDENCE_XAUUSD_1751328000,355,57.5,62.5,30.0,SPREAD_PLUS_25,6,14,161.3800000000001
FIRST_TRIANGLE_GOLD_EVIDENCE_XAUUSD_1751328000,355,57.5,62.5,30.0,SPREAD_PLUS_25,7,33,155.92999999999938
FIRST_TRIANGLE_GOLD_EVIDENCE_XAUUSD_1751328000,355,57.5,62.5,30.0,SPREAD_PLUS_25,8,20,232.9700000000007
FIRST_TRIANGLE_GOLD_EVIDENCE_XAUUSD_1751328000,355,57.5,62.5,30.0,SPREAD_PLUS_25,9,9,-92.47999999999956
FIRST_TRIANGLE_GOLD_EVIDENCE_XAUUSD_1751328000,355,57.5,62.5,30.0,SPREAD_PLUS_25,10,16,198.5099999999993
FIRST_TRIANGLE_GOLD_EVIDENCE_XAUUSD_1751328000,355,57.5,62.5,30.0,SPREAD_PLUS_25,11,12,136.87999999999874
FIRST_TRIANGLE_GOLD_EVIDENCE_XAUUSD_1751328000,355,57.5,62.5,30.0,SPREAD_PLUS_25,12,16,-68.45999999999913
FIRST_TRIANGLE_GOLD_EVIDENCE_XAUUSD_1751328000,356,57.5,62.5,30.0,SPREAD_PLUS_50,1,16,481.52000000000135
FIRST_TRIANGLE_GOLD_EVIDENCE_XAUUSD_1751328000,356,57.5,62.5,30.0,SPREAD_PLUS_50,2,14,462.1300000000019
FIRST_TRIANGLE_GOLD_EVIDENCE_XAUUSD_1751328000,356,57.5,62.5,30.0,SPREAD_PLUS_50,3,20,138.67999999999847
FIRST_TRIANGLE_GOLD_EVIDENCE_XAUUSD_1751328000,356,57.5,62.5,30.0,SPREAD_PLUS_50,4,16,115.95999999999913
FIRST_TRIANGLE_GOLD_EVIDENCE_XAUUSD_1751328000,356,57.5,62.5,30.0,SPREAD_PLUS_50,5,13,89.05999999999949
FIRST_TRIANGLE_GOLD_EVIDENCE_XAUUSD_1751328000,356,57.5,62.5,30.0,SPREAD_PLUS_50,6,14,161.3800000000001
FIRST_TRIANGLE_GOLD_EVIDENCE_XAUUSD_1751328000,356,57.5,62.5,30.0,SPREAD_PLUS_50,7,33,155.92999999999938
FIRST_TRIANGLE_GOLD_EVIDENCE_XAUUSD_1751328000,356,57.5,62.5,30.0,SPREAD_PLUS_50,8,20,232.9700000000007
FIRST_TRIANGLE_GOLD_EVIDENCE_XAUUSD_1751328000,356,57.5,62.5,30.0,SPREAD_PLUS_50,9,9,-92.47999999999956
FIRST_TRIANGLE_GOLD_EVIDENCE_XAUUSD_1751328000,356,57.5,62.5,30.0,SPREAD_PLUS_50,10,16,198.5099999999993
FIRST_TRIANGLE_GOLD_EVIDENCE_XAUUSD_1751328000,356,57.5,62.5,30.0,SPREAD_PLUS_50,11,12,136.87999999999874
FIRST_TRIANGLE_GOLD_EVIDENCE_XAUUSD_1751328000,356,57.5,62.5,30.0,SPREAD_PLUS_50,12,16,-68.45999999999913
FIRST_TRIANGLE_GOLD_EVIDENCE_XAUUSD_1751328000,357,57.5,62.5,30.0,SLIPPAGE_BASE,1,16,481.52000000000135
FIRST_TRIANGLE_GOLD_EVIDENCE_XAUUSD_1751328000,357,57.5,62.5,30.0,SLIPPAGE_BASE,2,14,462.1300000000019
FIRST_TRIANGLE_GOLD_EVIDENCE_XAUUSD_1751328000,357,57.5,62.5,30.0,SLIPPAGE_BASE,3,20,138.67999999999847
FIRST_TRIANGLE_GOLD_EVIDENCE_XAUUSD_1751328000,357,57.5,62.5,30.0,SLIPPAGE_BASE,4,16,115.95999999999913
FIRST_TRIANGLE_GOLD_EVIDENCE_XAUUSD_1751328000,357,57.5,62.5,30.0,SLIPPAGE_BASE,5,13,89.05999999999949
FIRST_TRIANGLE_GOLD_EVIDENCE_XAUUSD_1751328000,357,57.5,62.5,30.0,SLIPPAGE_BASE,6,14,161.3800000000001
FIRST_TRIANGLE_GOLD_EVIDENCE_XAUUSD_1751328000,357,57.5,62.5,30.0,SLIPPAGE_BASE,7,33,155.92999999999938
FIRST_TRIANGLE_GOLD_EVIDENCE_XAUUSD_1751328000,357,57.5,62.5,30.0,SLIPPAGE_BASE,8,20,232.9700000000007
FIRST_TRIANGLE_GOLD_EVIDENCE_XAUUSD_1751328000,357,57.5,62.5,30.0,SLIPPAGE_BASE,9,9,-92.47999999999956
FIRST_TRIANGLE_GOLD_EVIDENCE_XAUUSD_1751328000,357,57.5,62.5,30.0,SLIPPAGE_BASE,10,16,198.5099999999993
FIRST_TRIANGLE_GOLD_EVIDENCE_XAUUSD_1751328000,357,57.5,62.5,30.0,SLIPPAGE_BASE,11,12,136.87999999999874
FIRST_TRIANGLE_GOLD_EVIDENCE_XAUUSD_1751328000,357,57.5,62.5,30.0,SLIPPAGE_BASE,12,16,-68.45999999999913
FIRST_TRIANGLE_GOLD_EVIDENCE_XAUUSD_1751328000,358,57.5,62.5,30.0,COMMISSION_PLUS_25,1,16,481.52000000000135
FIRST_TRIANGLE_GOLD_EVIDENCE_XAUUSD_1751328000,358,57.5,62.5,30.0,COMMISSION_PLUS_25,2,14,462.1300000000019
FIRST_TRIANGLE_GOLD_EVIDENCE_XAUUSD_1751328000,358,57.5,62.5,30.0,COMMISSION_PLUS_25,3,20,138.67999999999847
FIRST_TRIANGLE_GOLD_EVIDENCE_XAUUSD_1751328000,358,57.5,62.5,30.0,COMMISSION_PLUS_25,4,16,115.95999999999913
FIRST_TRIANGLE_GOLD_EVIDENCE_XAUUSD_1751328000,358,57.5,62.5,30.0,COMMISSION_PLUS_25,5,13,89.05999999999949
FIRST_TRIANGLE_GOLD_EVIDENCE_XAUUSD_1751328000,358,57.5,62.5,30.0,COMMISSION_PLUS_25,6,14,161.3800000000001
FIRST_TRIANGLE_GOLD_EVIDENCE_XAUUSD_1751328000,358,57.5,62.5,30.0,COMMISSION_PLUS_25,7,33,155.92999999999938
FIRST_TRIANGLE_GOLD_EVIDENCE_XAUUSD_1751328000,358,57.5,62.5,30.0,COMMISSION_PLUS_25,8,20,232.9700000000007
FIRST_TRIANGLE_GOLD_EVIDENCE_XAUUSD_1751328000,358,57.5,62.5,30.0,COMMISSION_PLUS_25,9,9,-92.47999999999956
FIRST_TRIANGLE_GOLD_EVIDENCE_XAUUSD_1751328000,358,57.5,62.5,30.0,COMMISSION_PLUS_25,10,16,198.5099999999993
FIRST_TRIANGLE_GOLD_EVIDENCE_XAUUSD_1751328000,358,57.5,62.5,30.0,COMMISSION_PLUS_25,11,12,136.87999999999874
FIRST_TRIANGLE_GOLD_EVIDENCE_XAUUSD_1751328000,358,57.5,62.5,30.0,COMMISSION_PLUS_25,12,16,-68.45999999999913
FIRST_TRIANGLE_GOLD_EVIDENCE_XAUUSD_1751328000,359,57.5,62.5,30.0,COMBINED_STRESS,1,16,481.52000000000135
FIRST_TRIANGLE_GOLD_EVIDENCE_XAUUSD_1751328000,359,57.5,62.5,30.0,COMBINED_STRESS,2,14,462.1300000000019
FIRST_TRIANGLE_GOLD_EVIDENCE_XAUUSD_1751328000,359,57.5,62.5,30.0,COMBINED_STRESS,3,20,138.67999999999847
FIRST_TRIANGLE_GOLD_EVIDENCE_XAUUSD_1751328000,359,57.5,62.5,30.0,COMBINED_STRESS,4,16,115.95999999999913
FIRST_TRIANGLE_GOLD_EVIDENCE_XAUUSD_1751328000,359,57.5,62.5,30.0,COMBINED_STRESS,5,13,89.05999999999949
FIRST_TRIANGLE_GOLD_EVIDENCE_XAUUSD_1751328000,359,57.5,62.5,30.0,COMBINED_STRESS,6,14,161.3800000000001
FIRST_TRIANGLE_GOLD_EVIDENCE_XAUUSD_1751328000,359,57.5,62.5,30.0,COMBINED_STRESS,7,33,155.92999999999938
FIRST_TRIANGLE_GOLD_EVIDENCE_XAUUSD_1751328000,359,57.5,62.5,30.0,COMBINED_STRESS,8,20,232.9700000000007
FIRST_TRIANGLE_GOLD_EVIDENCE_XAUUSD_1751328000,359,57.5,62.5,30.0,COMBINED_STRESS,9,9,-92.47999999999956
FIRST_TRIANGLE_GOLD_EVIDENCE_XAUUSD_1751328000,359,57.5,62.5,30.0,COMBINED_STRESS,10,16,198.5099999999993
FIRST_TRIANGLE_GOLD_EVIDENCE_XAUUSD_1751328000,359,57.5,62.5,30.0,COMBINED_STRESS,11,12,136.87999999999874
FIRST_TRIANGLE_GOLD_EVIDENCE_XAUUSD_1751328000,359,57.5,62.5,30.0,COMBINED_STRESS,12,16,-68.45999999999913
FIRST_TRIANGLE_GOLD_EVIDENCE_XAUUSD_1751328000,360,57.5,62.5,32.5,BASE,1,16,461.5400000000009
FIRST_TRIANGLE_GOLD_EVIDENCE_XAUUSD_1751328000,360,57.5,62.5,32.5,BASE,2,14,439.6300000000019
FIRST_TRIANGLE_GOLD_EVIDENCE_XAUUSD_1751328000,360,57.5,62.5,32.5,BASE,3,20,122.0699999999988
FIRST_TRIANGLE_GOLD_EVIDENCE_XAUUSD_1751328000,360,57.5,62.5,32.5,BASE,4,16,100.95999999999913
FIRST_TRIANGLE_GOLD_EVIDENCE_XAUUSD_1751328000,360,57.5,62.5,32.5,BASE,5,13,131.09000000000015
FIRST_TRIANGLE_GOLD_EVIDENCE_XAUUSD_1751328000,360,57.5,62.5,32.5,BASE,6,14,146.3800000000001
FIRST_TRIANGLE_GOLD_EVIDENCE_XAUUSD_1751328000,360,57.5,62.5,32.5,BASE,7,33,143.42999999999938
FIRST_TRIANGLE_GOLD_EVIDENCE_XAUUSD_1751328000,360,57.5,62.5,32.5,BASE,8,20,277.19000000000005
FIRST_TRIANGLE_GOLD_EVIDENCE_XAUUSD_1751328000,360,57.5,62.5,32.5,BASE,9,9,-92.47999999999956
FIRST_TRIANGLE_GOLD_EVIDENCE_XAUUSD_1751328000,360,57.5,62.5,32.5,BASE,10,16,181.0099999999993
FIRST_TRIANGLE_GOLD_EVIDENCE_XAUUSD_1751328000,360,57.5,62.5,32.5,BASE,11,12,172.3599999999983
FIRST_TRIANGLE_GOLD_EVIDENCE_XAUUSD_1751328000,360,57.5,62.5,32.5,BASE,12,16,-75.95999999999913
FIRST_TRIANGLE_GOLD_EVIDENCE_XAUUSD_1751328000,361,57.5,62.5,32.5,SPREAD_PLUS_25,1,16,461.5400000000009
FIRST_TRIANGLE_GOLD_EVIDENCE_XAUUSD_1751328000,361,57.5,62.5,32.5,SPREAD_PLUS_25,2,14,439.6300000000019
FIRST_TRIANGLE_GOLD_EVIDENCE_XAUUSD_1751328000,361,57.5,62.5,32.5,SPREAD_PLUS_25,3,20,122.0699999999988
FIRST_TRIANGLE_GOLD_EVIDENCE_XAUUSD_1751328000,361,57.5,62.5,32.5,SPREAD_PLUS_25,4,16,100.95999999999913
FIRST_TRIANGLE_GOLD_EVIDENCE_XAUUSD_1751328000,361,57.5,62.5,32.5,SPREAD_PLUS_25,5,13,131.09000000000015
FIRST_TRIANGLE_GOLD_EVIDENCE_XAUUSD_1751328000,361,57.5,62.5,32.5,SPREAD_PLUS_25,6,14,146.3800000000001
FIRST_TRIANGLE_GOLD_EVIDENCE_XAUUSD_1751328000,361,57.5,62.5,32.5,SPREAD_PLUS_25,7,33,143.42999999999938
FIRST_TRIANGLE_GOLD_EVIDENCE_XAUUSD_1751328000,361,57.5,62.5,32.5,SPREAD_PLUS_25,8,20,277.19000000000005
FIRST_TRIANGLE_GOLD_EVIDENCE_XAUUSD_1751328000,361,57.5,62.5,32.5,SPREAD_PLUS_25,9,9,-92.47999999999956
FIRST_TRIANGLE_GOLD_EVIDENCE_XAUUSD_1751328000,361,57.5,62.5,32.5,SPREAD_PLUS_25,10,16,181.0099999999993
FIRST_TRIANGLE_GOLD_EVIDENCE_XAUUSD_1751328000,361,57.5,62.5,32.5,SPREAD_PLUS_25,11,12,172.3599999999983
FIRST_TRIANGLE_GOLD_EVIDENCE_XAUUSD_1751328000,361,57.5,62.5,32.5,SPREAD_PLUS_25,12,16,-75.95999999999913
FIRST_TRIANGLE_GOLD_EVIDENCE_XAUUSD_1751328000,362,57.5,62.5,32.5,SPREAD_PLUS_50,1,16,461.5400000000009
FIRST_TRIANGLE_GOLD_EVIDENCE_XAUUSD_1751328000,362,57.5,62.5,32.5,SPREAD_PLUS_50,2,14,439.6300000000019
FIRST_TRIANGLE_GOLD_EVIDENCE_XAUUSD_1751328000,362,57.5,62.5,32.5,SPREAD_PLUS_50,3,20,122.0699999999988
FIRST_TRIANGLE_GOLD_EVIDENCE_XAUUSD_1751328000,362,57.5,62.5,32.5,SPREAD_PLUS_50,4,16,100.95999999999913
FIRST_TRIANGLE_GOLD_EVIDENCE_XAUUSD_1751328000,362,57.5,62.5,32.5,SPREAD_PLUS_50,5,13,131.09000000000015
FIRST_TRIANGLE_GOLD_EVIDENCE_XAUUSD_1751328000,362,57.5,62.5,32.5,SPREAD_PLUS_50,6,14,146.3800000000001
FIRST_TRIANGLE_GOLD_EVIDENCE_XAUUSD_1751328000,362,57.5,62.5,32.5,SPREAD_PLUS_50,7,33,143.42999999999938
FIRST_TRIANGLE_GOLD_EVIDENCE_XAUUSD_1751328000,362,57.5,62.5,32.5,SPREAD_PLUS_50,8,20,277.19000000000005
FIRST_TRIANGLE_GOLD_EVIDENCE_XAUUSD_1751328000,362,57.5,62.5,32.5,SPREAD_PLUS_50,9,9,-92.47999999999956
FIRST_TRIANGLE_GOLD_EVIDENCE_XAUUSD_1751328000,362,57.5,62.5,32.5,SPREAD_PLUS_50,10,16,181.0099999999993
FIRST_TRIANGLE_GOLD_EVIDENCE_XAUUSD_1751328000,362,57.5,62.5,32.5,SPREAD_PLUS_50,11,12,172.3599999999983
FIRST_TRIANGLE_GOLD_EVIDENCE_XAUUSD_1751328000,362,57.5,62.5,32.5,SPREAD_PLUS_50,12,16,-75.95999999999913
FIRST_TRIANGLE_GOLD_EVIDENCE_XAUUSD_1751328000,363,57.5,62.5,32.5,SLIPPAGE_BASE,1,16,461.5400000000009
FIRST_TRIANGLE_GOLD_EVIDENCE_XAUUSD_1751328000,363,57.5,62.5,32.5,SLIPPAGE_BASE,2,14,439.6300000000019
FIRST_TRIANGLE_GOLD_EVIDENCE_XAUUSD_1751328000,363,57.5,62.5,32.5,SLIPPAGE_BASE,3,20,122.0699999999988
FIRST_TRIANGLE_GOLD_EVIDENCE_XAUUSD_1751328000,363,57.5,62.5,32.5,SLIPPAGE_BASE,4,16,100.95999999999913
FIRST_TRIANGLE_GOLD_EVIDENCE_XAUUSD_1751328000,363,57.5,62.5,32.5,SLIPPAGE_BASE,5,13,131.09000000000015
FIRST_TRIANGLE_GOLD_EVIDENCE_XAUUSD_1751328000,363,57.5,62.5,32.5,SLIPPAGE_BASE,6,14,146.3800000000001
FIRST_TRIANGLE_GOLD_EVIDENCE_XAUUSD_1751328000,363,57.5,62.5,32.5,SLIPPAGE_BASE,7,33,143.42999999999938
FIRST_TRIANGLE_GOLD_EVIDENCE_XAUUSD_1751328000,363,57.5,62.5,32.5,SLIPPAGE_BASE,8,20,277.19000000000005
FIRST_TRIANGLE_GOLD_EVIDENCE_XAUUSD_1751328000,363,57.5,62.5,32.5,SLIPPAGE_BASE,9,9,-92.47999999999956
FIRST_TRIANGLE_GOLD_EVIDENCE_XAUUSD_1751328000,363,57.5,62.5,32.5,SLIPPAGE_BASE,10,16,181.0099999999993
FIRST_TRIANGLE_GOLD_EVIDENCE_XAUUSD_1751328000,363,57.5,62.5,32.5,SLIPPAGE_BASE,11,12,172.3599999999983
FIRST_TRIANGLE_GOLD_EVIDENCE_XAUUSD_1751328000,363,57.5,62.5,32.5,SLIPPAGE_BASE,12,16,-75.95999999999913
FIRST_TRIANGLE_GOLD_EVIDENCE_XAUUSD_1751328000,364,57.5,62.5,32.5,COMMISSION_PLUS_25,1,16,461.5400000000009
FIRST_TRIANGLE_GOLD_EVIDENCE_XAUUSD_1751328000,364,57.5,62.5,32.5,COMMISSION_PLUS_25,2,14,439.6300000000019
FIRST_TRIANGLE_GOLD_EVIDENCE_XAUUSD_1751328000,364,57.5,62.5,32.5,COMMISSION_PLUS_25,3,20,122.0699999999988
FIRST_TRIANGLE_GOLD_EVIDENCE_XAUUSD_1751328000,364,57.5,62.5,32.5,COMMISSION_PLUS_25,4,16,100.95999999999913
FIRST_TRIANGLE_GOLD_EVIDENCE_XAUUSD_1751328000,364,57.5,62.5,32.5,COMMISSION_PLUS_25,5,13,131.09000000000015
FIRST_TRIANGLE_GOLD_EVIDENCE_XAUUSD_1751328000,364,57.5,62.5,32.5,COMMISSION_PLUS_25,6,14,146.3800000000001
FIRST_TRIANGLE_GOLD_EVIDENCE_XAUUSD_1751328000,364,57.5,62.5,32.5,COMMISSION_PLUS_25,7,33,143.42999999999938
FIRST_TRIANGLE_GOLD_EVIDENCE_XAUUSD_1751328000,364,57.5,62.5,32.5,COMMISSION_PLUS_25,8,20,277.19000000000005
FIRST_TRIANGLE_GOLD_EVIDENCE_XAUUSD_1751328000,364,57.5,62.5,32.5,COMMISSION_PLUS_25,9,9,-92.47999999999956
FIRST_TRIANGLE_GOLD_EVIDENCE_XAUUSD_1751328000,364,57.5,62.5,32.5,COMMISSION_PLUS_25,10,16,181.0099999999993
FIRST_TRIANGLE_GOLD_EVIDENCE_XAUUSD_1751328000,364,57.5,62.5,32.5,COMMISSION_PLUS_25,11,12,172.3599999999983
FIRST_TRIANGLE_GOLD_EVIDENCE_XAUUSD_1751328000,364,57.5,62.5,32.5,COMMISSION_PLUS_25,12,16,-75.95999999999913
FIRST_TRIANGLE_GOLD_EVIDENCE_XAUUSD_1751328000,365,57.5,62.5,32.5,COMBINED_STRESS,1,16,461.5400000000009
FIRST_TRIANGLE_GOLD_EVIDENCE_XAUUSD_1751328000,365,57.5,62.5,32.5,COMBINED_STRESS,2,14,439.6300000000019
FIRST_TRIANGLE_GOLD_EVIDENCE_XAUUSD_1751328000,365,57.5,62.5,32.5,COMBINED_STRESS,3,20,122.0699999999988
FIRST_TRIANGLE_GOLD_EVIDENCE_XAUUSD_1751328000,365,57.5,62.5,32.5,COMBINED_STRESS,4,16,100.95999999999913
FIRST_TRIANGLE_GOLD_EVIDENCE_XAUUSD_1751328000,365,57.5,62.5,32.5,COMBINED_STRESS,5,13,131.09000000000015
FIRST_TRIANGLE_GOLD_EVIDENCE_XAUUSD_1751328000,365,57.5,62.5,32.5,COMBINED_STRESS,6,14,146.3800000000001
FIRST_TRIANGLE_GOLD_EVIDENCE_XAUUSD_1751328000,365,57.5,62.5,32.5,COMBINED_STRESS,7,33,143.42999999999938
FIRST_TRIANGLE_GOLD_EVIDENCE_XAUUSD_1751328000,365,57.5,62.5,32.5,COMBINED_STRESS,8,20,277.19000000000005
FIRST_TRIANGLE_GOLD_EVIDENCE_XAUUSD_1751328000,365,57.5,62.5,32.5,COMBINED_STRESS,9,9,-92.47999999999956
FIRST_TRIANGLE_GOLD_EVIDENCE_XAUUSD_1751328000,365,57.5,62.5,32.5,COMBINED_STRESS,10,16,181.0099999999993
FIRST_TRIANGLE_GOLD_EVIDENCE_XAUUSD_1751328000,365,57.5,62.5,32.5,COMBINED_STRESS,11,12,172.3599999999983
FIRST_TRIANGLE_GOLD_EVIDENCE_XAUUSD_1751328000,365,57.5,62.5,32.5,COMBINED_STRESS,12,16,-75.95999999999913
FIRST_TRIANGLE_GOLD_EVIDENCE_XAUUSD_1751328000,366,57.5,62.5,35.0,BASE,1,16,562.5500000000011
FIRST_TRIANGLE_GOLD_EVIDENCE_XAUUSD_1751328000,366,57.5,62.5,35.0,BASE,2,14,417.1300000000019
FIRST_TRIANGLE_GOLD_EVIDENCE_XAUUSD_1751328000,366,57.5,62.5,35.0,BASE,3,20,124.78999999999905
FIRST_TRIANGLE_GOLD_EVIDENCE_XAUUSD_1751328000,366,57.5,62.5,35.0,BASE,4,16,140.9399999999987
FIRST_TRIANGLE_GOLD_EVIDENCE_XAUUSD_1751328000,366,57.5,62.5,35.0,BASE,5,13,121.09000000000015
FIRST_TRIANGLE_GOLD_EVIDENCE_XAUUSD_1751328000,366,57.5,62.5,35.0,BASE,6,14,133.77000000000044
FIRST_TRIANGLE_GOLD_EVIDENCE_XAUUSD_1751328000,366,57.5,62.5,35.0,BASE,7,33,155.28999999999996
FIRST_TRIANGLE_GOLD_EVIDENCE_XAUUSD_1751328000,366,57.5,62.5,35.0,BASE,8,20,269.69000000000005
FIRST_TRIANGLE_GOLD_EVIDENCE_XAUUSD_1751328000,366,57.5,62.5,35.0,BASE,9,9,-92.47999999999956
FIRST_TRIANGLE_GOLD_EVIDENCE_XAUUSD_1751328000,366,57.5,62.5,35.0,BASE,10,16,299.9399999999996
FIRST_TRIANGLE_GOLD_EVIDENCE_XAUUSD_1751328000,366,57.5,62.5,35.0,BASE,11,12,164.8599999999983
FIRST_TRIANGLE_GOLD_EVIDENCE_XAUUSD_1751328000,366,57.5,62.5,35.0,BASE,12,16,-83.45999999999913
FIRST_TRIANGLE_GOLD_EVIDENCE_XAUUSD_1751328000,367,57.5,62.5,35.0,SPREAD_PLUS_25,1,16,562.5500000000011
FIRST_TRIANGLE_GOLD_EVIDENCE_XAUUSD_1751328000,367,57.5,62.5,35.0,SPREAD_PLUS_25,2,14,417.1300000000019
FIRST_TRIANGLE_GOLD_EVIDENCE_XAUUSD_1751328000,367,57.5,62.5,35.0,SPREAD_PLUS_25,3,20,124.78999999999905
FIRST_TRIANGLE_GOLD_EVIDENCE_XAUUSD_1751328000,367,57.5,62.5,35.0,SPREAD_PLUS_25,4,16,140.9399999999987
FIRST_TRIANGLE_GOLD_EVIDENCE_XAUUSD_1751328000,367,57.5,62.5,35.0,SPREAD_PLUS_25,5,13,121.09000000000015
FIRST_TRIANGLE_GOLD_EVIDENCE_XAUUSD_1751328000,367,57.5,62.5,35.0,SPREAD_PLUS_25,6,14,133.77000000000044
FIRST_TRIANGLE_GOLD_EVIDENCE_XAUUSD_1751328000,367,57.5,62.5,35.0,SPREAD_PLUS_25,7,33,155.28999999999996
FIRST_TRIANGLE_GOLD_EVIDENCE_XAUUSD_1751328000,367,57.5,62.5,35.0,SPREAD_PLUS_25,8,20,269.69000000000005
FIRST_TRIANGLE_GOLD_EVIDENCE_XAUUSD_1751328000,367,57.5,62.5,35.0,SPREAD_PLUS_25,9,9,-92.47999999999956
FIRST_TRIANGLE_GOLD_EVIDENCE_XAUUSD_1751328000,367,57.5,62.5,35.0,SPREAD_PLUS_25,10,16,299.9399999999996
FIRST_TRIANGLE_GOLD_EVIDENCE_XAUUSD_1751328000,367,57.5,62.5,35.0,SPREAD_PLUS_25,11,12,164.8599999999983
FIRST_TRIANGLE_GOLD_EVIDENCE_XAUUSD_1751328000,367,57.5,62.5,35.0,SPREAD_PLUS_25,12,16,-83.45999999999913
FIRST_TRIANGLE_GOLD_EVIDENCE_XAUUSD_1751328000,368,57.5,62.5,35.0,SPREAD_PLUS_50,1,16,562.5500000000011
FIRST_TRIANGLE_GOLD_EVIDENCE_XAUUSD_1751328000,368,57.5,62.5,35.0,SPREAD_PLUS_50,2,14,417.1300000000019
FIRST_TRIANGLE_GOLD_EVIDENCE_XAUUSD_1751328000,368,57.5,62.5,35.0,SPREAD_PLUS_50,3,20,124.78999999999905
FIRST_TRIANGLE_GOLD_EVIDENCE_XAUUSD_1751328000,368,57.5,62.5,35.0,SPREAD_PLUS_50,4,16,140.9399999999987
FIRST_TRIANGLE_GOLD_EVIDENCE_XAUUSD_1751328000,368,57.5,62.5,35.0,SPREAD_PLUS_50,5,13,121.09000000000015
FIRST_TRIANGLE_GOLD_EVIDENCE_XAUUSD_1751328000,368,57.5,62.5,35.0,SPREAD_PLUS_50,6,14,133.77000000000044
FIRST_TRIANGLE_GOLD_EVIDENCE_XAUUSD_1751328000,368,57.5,62.5,35.0,SPREAD_PLUS_50,7,33,155.28999999999996
FIRST_TRIANGLE_GOLD_EVIDENCE_XAUUSD_1751328000,368,57.5,62.5,35.0,SPREAD_PLUS_50,8,20,269.69000000000005
FIRST_TRIANGLE_GOLD_EVIDENCE_XAUUSD_1751328000,368,57.5,62.5,35.0,SPREAD_PLUS_50,9,9,-92.47999999999956
FIRST_TRIANGLE_GOLD_EVIDENCE_XAUUSD_1751328000,368,57.5,62.5,35.0,SPREAD_PLUS_50,10,16,299.9399999999996
FIRST_TRIANGLE_GOLD_EVIDENCE_XAUUSD_1751328000,368,57.5,62.5,35.0,SPREAD_PLUS_50,11,12,164.8599999999983
FIRST_TRIANGLE_GOLD_EVIDENCE_XAUUSD_1751328000,368,57.5,62.5,35.0,SPREAD_PLUS_50,12,16,-83.45999999999913
FIRST_TRIANGLE_GOLD_EVIDENCE_XAUUSD_1751328000,369,57.5,62.5,35.0,SLIPPAGE_BASE,1,16,562.5500000000011
FIRST_TRIANGLE_GOLD_EVIDENCE_XAUUSD_1751328000,369,57.5,62.5,35.0,SLIPPAGE_BASE,2,14,417.1300000000019
FIRST_TRIANGLE_GOLD_EVIDENCE_XAUUSD_1751328000,369,57.5,62.5,35.0,SLIPPAGE_BASE,3,20,124.78999999999905
FIRST_TRIANGLE_GOLD_EVIDENCE_XAUUSD_1751328000,369,57.5,62.5,35.0,SLIPPAGE_BASE,4,16,140.9399999999987
FIRST_TRIANGLE_GOLD_EVIDENCE_XAUUSD_1751328000,369,57.5,62.5,35.0,SLIPPAGE_BASE,5,13,121.09000000000015
FIRST_TRIANGLE_GOLD_EVIDENCE_XAUUSD_1751328000,369,57.5,62.5,35.0,SLIPPAGE_BASE,6,14,133.77000000000044
FIRST_TRIANGLE_GOLD_EVIDENCE_XAUUSD_1751328000,369,57.5,62.5,35.0,SLIPPAGE_BASE,7,33,155.28999999999996
FIRST_TRIANGLE_GOLD_EVIDENCE_XAUUSD_1751328000,369,57.5,62.5,35.0,SLIPPAGE_BASE,8,20,269.69000000000005
FIRST_TRIANGLE_GOLD_EVIDENCE_XAUUSD_1751328000,369,57.5,62.5,35.0,SLIPPAGE_BASE,9,9,-92.47999999999956
FIRST_TRIANGLE_GOLD_EVIDENCE_XAUUSD_1751328000,369,57.5,62.5,35.0,SLIPPAGE_BASE,10,16,299.9399999999996
FIRST_TRIANGLE_GOLD_EVIDENCE_XAUUSD_1751328000,369,57.5,62.5,35.0,SLIPPAGE_BASE,11,12,164.8599999999983
FIRST_TRIANGLE_GOLD_EVIDENCE_XAUUSD_1751328000,369,57.5,62.5,35.0,SLIPPAGE_BASE,12,16,-83.45999999999913
FIRST_TRIANGLE_GOLD_EVIDENCE_XAUUSD_1751328000,370,57.5,62.5,35.0,COMMISSION_PLUS_25,1,16,562.5500000000011
FIRST_TRIANGLE_GOLD_EVIDENCE_XAUUSD_1751328000,370,57.5,62.5,35.0,COMMISSION_PLUS_25,2,14,417.1300000000019
FIRST_TRIANGLE_GOLD_EVIDENCE_XAUUSD_1751328000,370,57.5,62.5,35.0,COMMISSION_PLUS_25,3,20,124.78999999999905
FIRST_TRIANGLE_GOLD_EVIDENCE_XAUUSD_1751328000,370,57.5,62.5,35.0,COMMISSION_PLUS_25,4,16,140.9399999999987
FIRST_TRIANGLE_GOLD_EVIDENCE_XAUUSD_1751328000,370,57.5,62.5,35.0,COMMISSION_PLUS_25,5,13,121.09000000000015
FIRST_TRIANGLE_GOLD_EVIDENCE_XAUUSD_1751328000,370,57.5,62.5,35.0,COMMISSION_PLUS_25,6,14,133.77000000000044
FIRST_TRIANGLE_GOLD_EVIDENCE_XAUUSD_1751328000,370,57.5,62.5,35.0,COMMISSION_PLUS_25,7,33,155.28999999999996
FIRST_TRIANGLE_GOLD_EVIDENCE_XAUUSD_1751328000,370,57.5,62.5,35.0,COMMISSION_PLUS_25,8,20,269.69000000000005
FIRST_TRIANGLE_GOLD_EVIDENCE_XAUUSD_1751328000,370,57.5,62.5,35.0,COMMISSION_PLUS_25,9,9,-92.47999999999956
FIRST_TRIANGLE_GOLD_EVIDENCE_XAUUSD_1751328000,370,57.5,62.5,35.0,COMMISSION_PLUS_25,10,16,299.9399999999996
FIRST_TRIANGLE_GOLD_EVIDENCE_XAUUSD_1751328000,370,57.5,62.5,35.0,COMMISSION_PLUS_25,11,12,164.8599999999983
FIRST_TRIANGLE_GOLD_EVIDENCE_XAUUSD_1751328000,370,57.5,62.5,35.0,COMMISSION_PLUS_25,12,16,-83.45999999999913
FIRST_TRIANGLE_GOLD_EVIDENCE_XAUUSD_1751328000,371,57.5,62.5,35.0,COMBINED_STRESS,1,16,562.5500000000011
FIRST_TRIANGLE_GOLD_EVIDENCE_XAUUSD_1751328000,371,57.5,62.5,35.0,COMBINED_STRESS,2,14,417.1300000000019
FIRST_TRIANGLE_GOLD_EVIDENCE_XAUUSD_1751328000,371,57.5,62.5,35.0,COMBINED_STRESS,3,20,124.78999999999905
FIRST_TRIANGLE_GOLD_EVIDENCE_XAUUSD_1751328000,371,57.5,62.5,35.0,COMBINED_STRESS,4,16,140.9399999999987
FIRST_TRIANGLE_GOLD_EVIDENCE_XAUUSD_1751328000,371,57.5,62.5,35.0,COMBINED_STRESS,5,13,121.09000000000015
FIRST_TRIANGLE_GOLD_EVIDENCE_XAUUSD_1751328000,371,57.5,62.5,35.0,COMBINED_STRESS,6,14,133.77000000000044
FIRST_TRIANGLE_GOLD_EVIDENCE_XAUUSD_1751328000,371,57.5,62.5,35.0,COMBINED_STRESS,7,33,155.28999999999996
FIRST_TRIANGLE_GOLD_EVIDENCE_XAUUSD_1751328000,371,57.5,62.5,35.0,COMBINED_STRESS,8,20,269.69000000000005
FIRST_TRIANGLE_GOLD_EVIDENCE_XAUUSD_1751328000,371,57.5,62.5,35.0,COMBINED_STRESS,9,9,-92.47999999999956
FIRST_TRIANGLE_GOLD_EVIDENCE_XAUUSD_1751328000,371,57.5,62.5,35.0,COMBINED_STRESS,10,16,299.9399999999996
FIRST_TRIANGLE_GOLD_EVIDENCE_XAUUSD_1751328000,371,57.5,62.5,35.0,COMBINED_STRESS,11,12,164.8599999999983
FIRST_TRIANGLE_GOLD_EVIDENCE_XAUUSD_1751328000,371,57.5,62.5,35.0,COMBINED_STRESS,12,16,-83.45999999999913
FIRST_TRIANGLE_GOLD_EVIDENCE_XAUUSD_1751328000,372,57.5,62.5,37.5,BASE,1,16,542.5500000000011
FIRST_TRIANGLE_GOLD_EVIDENCE_XAUUSD_1751328000,372,57.5,62.5,37.5,BASE,2,14,394.6300000000019
FIRST_TRIANGLE_GOLD_EVIDENCE_XAUUSD_1751328000,372,57.5,62.5,37.5,BASE,3,20,99.78999999999905
FIRST_TRIANGLE_GOLD_EVIDENCE_XAUUSD_1751328000,372,57.5,62.5,37.5,BASE,4,16,126.44999999999891
FIRST_TRIANGLE_GOLD_EVIDENCE_XAUUSD_1751328000,372,57.5,62.5,37.5,BASE,5,13,111.09000000000015
FIRST_TRIANGLE_GOLD_EVIDENCE_XAUUSD_1751328000,372,57.5,62.5,37.5,BASE,6,14,183.07999999999993
FIRST_TRIANGLE_GOLD_EVIDENCE_XAUUSD_1751328000,372,57.5,62.5,37.5,BASE,7,33,142.78999999999996
FIRST_TRIANGLE_GOLD_EVIDENCE_XAUUSD_1751328000,372,57.5,62.5,37.5,BASE,8,20,262.19000000000005
FIRST_TRIANGLE_GOLD_EVIDENCE_XAUUSD_1751328000,372,57.5,62.5,37.5,BASE,9,9,-92.47999999999956
FIRST_TRIANGLE_GOLD_EVIDENCE_XAUUSD_1751328000,372,57.5,62.5,37.5,BASE,10,16,510.78999999999905
FIRST_TRIANGLE_GOLD_EVIDENCE_XAUUSD_1751328000,372,57.5,62.5,37.5,BASE,11,12,157.3599999999983
FIRST_TRIANGLE_GOLD_EVIDENCE_XAUUSD_1751328000,372,57.5,62.5,37.5,BASE,12,16,-90.95999999999913
FIRST_TRIANGLE_GOLD_EVIDENCE_XAUUSD_1751328000,373,57.5,62.5,37.5,SPREAD_PLUS_25,1,16,542.5500000000011
FIRST_TRIANGLE_GOLD_EVIDENCE_XAUUSD_1751328000,373,57.5,62.5,37.5,SPREAD_PLUS_25,2,14,394.6300000000019
FIRST_TRIANGLE_GOLD_EVIDENCE_XAUUSD_1751328000,373,57.5,62.5,37.5,SPREAD_PLUS_25,3,20,99.78999999999905
FIRST_TRIANGLE_GOLD_EVIDENCE_XAUUSD_1751328000,373,57.5,62.5,37.5,SPREAD_PLUS_25,4,16,126.44999999999891
FIRST_TRIANGLE_GOLD_EVIDENCE_XAUUSD_1751328000,373,57.5,62.5,37.5,SPREAD_PLUS_25,5,13,111.09000000000015
FIRST_TRIANGLE_GOLD_EVIDENCE_XAUUSD_1751328000,373,57.5,62.5,37.5,SPREAD_PLUS_25,6,14,183.07999999999993
FIRST_TRIANGLE_GOLD_EVIDENCE_XAUUSD_1751328000,373,57.5,62.5,37.5,SPREAD_PLUS_25,7,33,142.78999999999996
FIRST_TRIANGLE_GOLD_EVIDENCE_XAUUSD_1751328000,373,57.5,62.5,37.5,SPREAD_PLUS_25,8,20,262.19000000000005
FIRST_TRIANGLE_GOLD_EVIDENCE_XAUUSD_1751328000,373,57.5,62.5,37.5,SPREAD_PLUS_25,9,9,-92.47999999999956
FIRST_TRIANGLE_GOLD_EVIDENCE_XAUUSD_1751328000,373,57.5,62.5,37.5,SPREAD_PLUS_25,10,16,510.78999999999905
FIRST_TRIANGLE_GOLD_EVIDENCE_XAUUSD_1751328000,373,57.5,62.5,37.5,SPREAD_PLUS_25,11,12,157.3599999999983
FIRST_TRIANGLE_GOLD_EVIDENCE_XAUUSD_1751328000,373,57.5,62.5,37.5,SPREAD_PLUS_25,12,16,-90.95999999999913
FIRST_TRIANGLE_GOLD_EVIDENCE_XAUUSD_1751328000,374,57.5,62.5,37.5,SPREAD_PLUS_50,1,16,542.5500000000011
FIRST_TRIANGLE_GOLD_EVIDENCE_XAUUSD_1751328000,374,57.5,62.5,37.5,SPREAD_PLUS_50,2,14,394.6300000000019
FIRST_TRIANGLE_GOLD_EVIDENCE_XAUUSD_1751328000,374,57.5,62.5,37.5,SPREAD_PLUS_50,3,20,99.78999999999905
FIRST_TRIANGLE_GOLD_EVIDENCE_XAUUSD_1751328000,374,57.5,62.5,37.5,SPREAD_PLUS_50,4,16,126.44999999999891
FIRST_TRIANGLE_GOLD_EVIDENCE_XAUUSD_1751328000,374,57.5,62.5,37.5,SPREAD_PLUS_50,5,13,111.09000000000015
FIRST_TRIANGLE_GOLD_EVIDENCE_XAUUSD_1751328000,374,57.5,62.5,37.5,SPREAD_PLUS_50,6,14,183.07999999999993
FIRST_TRIANGLE_GOLD_EVIDENCE_XAUUSD_1751328000,374,57.5,62.5,37.5,SPREAD_PLUS_50,7,33,142.78999999999996
FIRST_TRIANGLE_GOLD_EVIDENCE_XAUUSD_1751328000,374,57.5,62.5,37.5,SPREAD_PLUS_50,8,20,262.19000000000005
FIRST_TRIANGLE_GOLD_EVIDENCE_XAUUSD_1751328000,374,57.5,62.5,37.5,SPREAD_PLUS_50,9,9,-92.47999999999956
FIRST_TRIANGLE_GOLD_EVIDENCE_XAUUSD_1751328000,374,57.5,62.5,37.5,SPREAD_PLUS_50,10,16,510.78999999999905
FIRST_TRIANGLE_GOLD_EVIDENCE_XAUUSD_1751328000,374,57.5,62.5,37.5,SPREAD_PLUS_50,11,12,157.3599999999983
FIRST_TRIANGLE_GOLD_EVIDENCE_XAUUSD_1751328000,374,57.5,62.5,37.5,SPREAD_PLUS_50,12,16,-90.95999999999913
FIRST_TRIANGLE_GOLD_EVIDENCE_XAUUSD_1751328000,375,57.5,62.5,37.5,SLIPPAGE_BASE,1,16,542.5500000000011
FIRST_TRIANGLE_GOLD_EVIDENCE_XAUUSD_1751328000,375,57.5,62.5,37.5,SLIPPAGE_BASE,2,14,394.6300000000019
FIRST_TRIANGLE_GOLD_EVIDENCE_XAUUSD_1751328000,375,57.5,62.5,37.5,SLIPPAGE_BASE,3,20,99.78999999999905
FIRST_TRIANGLE_GOLD_EVIDENCE_XAUUSD_1751328000,375,57.5,62.5,37.5,SLIPPAGE_BASE,4,16,126.44999999999891
FIRST_TRIANGLE_GOLD_EVIDENCE_XAUUSD_1751328000,375,57.5,62.5,37.5,SLIPPAGE_BASE,5,13,111.09000000000015
FIRST_TRIANGLE_GOLD_EVIDENCE_XAUUSD_1751328000,375,57.5,62.5,37.5,SLIPPAGE_BASE,6,14,183.07999999999993
FIRST_TRIANGLE_GOLD_EVIDENCE_XAUUSD_1751328000,375,57.5,62.5,37.5,SLIPPAGE_BASE,7,33,142.78999999999996
FIRST_TRIANGLE_GOLD_EVIDENCE_XAUUSD_1751328000,375,57.5,62.5,37.5,SLIPPAGE_BASE,8,20,262.19000000000005
FIRST_TRIANGLE_GOLD_EVIDENCE_XAUUSD_1751328000,375,57.5,62.5,37.5,SLIPPAGE_BASE,9,9,-92.47999999999956
FIRST_TRIANGLE_GOLD_EVIDENCE_XAUUSD_1751328000,375,57.5,62.5,37.5,SLIPPAGE_BASE,10,16,510.78999999999905
FIRST_TRIANGLE_GOLD_EVIDENCE_XAUUSD_1751328000,375,57.5,62.5,37.5,SLIPPAGE_BASE,11,12,157.3599999999983
FIRST_TRIANGLE_GOLD_EVIDENCE_XAUUSD_1751328000,375,57.5,62.5,37.5,SLIPPAGE_BASE,12,16,-90.95999999999913
FIRST_TRIANGLE_GOLD_EVIDENCE_XAUUSD_1751328000,376,57.5,62.5,37.5,COMMISSION_PLUS_25,1,16,542.5500000000011
FIRST_TRIANGLE_GOLD_EVIDENCE_XAUUSD_1751328000,376,57.5,62.5,37.5,COMMISSION_PLUS_25,2,14,394.6300000000019
FIRST_TRIANGLE_GOLD_EVIDENCE_XAUUSD_1751328000,376,57.5,62.5,37.5,COMMISSION_PLUS_25,3,20,99.78999999999905
FIRST_TRIANGLE_GOLD_EVIDENCE_XAUUSD_1751328000,376,57.5,62.5,37.5,COMMISSION_PLUS_25,4,16,126.44999999999891
FIRST_TRIANGLE_GOLD_EVIDENCE_XAUUSD_1751328000,376,57.5,62.5,37.5,COMMISSION_PLUS_25,5,13,111.09000000000015
FIRST_TRIANGLE_GOLD_EVIDENCE_XAUUSD_1751328000,376,57.5,62.5,37.5,COMMISSION_PLUS_25,6,14,183.07999999999993
FIRST_TRIANGLE_GOLD_EVIDENCE_XAUUSD_1751328000,376,57.5,62.5,37.5,COMMISSION_PLUS_25,7,33,142.78999999999996
FIRST_TRIANGLE_GOLD_EVIDENCE_XAUUSD_1751328000,376,57.5,62.5,37.5,COMMISSION_PLUS_25,8,20,262.19000000000005
FIRST_TRIANGLE_GOLD_EVIDENCE_XAUUSD_1751328000,376,57.5,62.5,37.5,COMMISSION_PLUS_25,9,9,-92.47999999999956
FIRST_TRIANGLE_GOLD_EVIDENCE_XAUUSD_1751328000,376,57.5,62.5,37.5,COMMISSION_PLUS_25,10,16,510.78999999999905
FIRST_TRIANGLE_GOLD_EVIDENCE_XAUUSD_1751328000,376,57.5,62.5,37.5,COMMISSION_PLUS_25,11,12,157.3599999999983
FIRST_TRIANGLE_GOLD_EVIDENCE_XAUUSD_1751328000,376,57.5,62.5,37.5,COMMISSION_PLUS_25,12,16,-90.95999999999913
FIRST_TRIANGLE_GOLD_EVIDENCE_XAUUSD_1751328000,377,57.5,62.5,37.5,COMBINED_STRESS,1,16,542.5500000000011
FIRST_TRIANGLE_GOLD_EVIDENCE_XAUUSD_1751328000,377,57.5,62.5,37.5,COMBINED_STRESS,2,14,394.6300000000019
FIRST_TRIANGLE_GOLD_EVIDENCE_XAUUSD_1751328000,377,57.5,62.5,37.5,COMBINED_STRESS,3,20,99.78999999999905
FIRST_TRIANGLE_GOLD_EVIDENCE_XAUUSD_1751328000,377,57.5,62.5,37.5,COMBINED_STRESS,4,16,126.44999999999891
FIRST_TRIANGLE_GOLD_EVIDENCE_XAUUSD_1751328000,377,57.5,62.5,37.5,COMBINED_STRESS,5,13,111.09000000000015
FIRST_TRIANGLE_GOLD_EVIDENCE_XAUUSD_1751328000,377,57.5,62.5,37.5,COMBINED_STRESS,6,14,183.07999999999993
FIRST_TRIANGLE_GOLD_EVIDENCE_XAUUSD_1751328000,377,57.5,62.5,37.5,COMBINED_STRESS,7,33,142.78999999999996
FIRST_TRIANGLE_GOLD_EVIDENCE_XAUUSD_1751328000,377,57.5,62.5,37.5,COMBINED_STRESS,8,20,262.19000000000005
FIRST_TRIANGLE_GOLD_EVIDENCE_XAUUSD_1751328000,377,57.5,62.5,37.5,COMBINED_STRESS,9,9,-92.47999999999956
FIRST_TRIANGLE_GOLD_EVIDENCE_XAUUSD_1751328000,377,57.5,62.5,37.5,COMBINED_STRESS,10,16,510.78999999999905
FIRST_TRIANGLE_GOLD_EVIDENCE_XAUUSD_1751328000,377,57.5,62.5,37.5,COMBINED_STRESS,11,12,157.3599999999983
FIRST_TRIANGLE_GOLD_EVIDENCE_XAUUSD_1751328000,377,57.5,62.5,37.5,COMBINED_STRESS,12,16,-90.95999999999913
