run_id,variant_id,sl,activation,distance,cost_scenario,period,trades,net_points,profit_factor,expectancy
FIRST_TRIANGLE_GOLD_EVIDENCE_XAUUSD_1751328000,0,52.5,57.5,22.5,BASE,DEVELOPMENT,88,85.20999999999822,1.0770357378560889,0.9682954545454343
FIRST_TRIANGLE_GOLD_EVIDENCE_XAUUSD_1751328000,0,52.5,57.5,22.5,BASE,VALIDATION,51,930.7599999999993,2.1887556355926807,18.250196078431358
FIRST_TRIANGLE_GOLD_EVIDENCE_XAUUSD_1751328000,0,52.5,57.5,22.5,BASE,LOCKED_OOS,65,622.8099999999977,1.655941610759457,9.581692307692272
FIRST_TRIANGLE_GOLD_EVIDENCE_XAUUSD_1751328000,0,52.5,57.5,22.5,BASE,H1,139,1015.9699999999975,1.537812056662502,7.309136690647464
FIRST_TRIANGLE_GOLD_EVIDENCE_XAUUSD_1751328000,0,52.5,57.5,22.5,BASE,H2,65,622.8099999999977,1.655941610759457,9.581692307692272
FIRST_TRIANGLE_GOLD_EVIDENCE_XAUUSD_1751328000,0,52.5,57.5,22.5,BASE,ALL,204,1638.7799999999952,1.5773259070588348,8.033235294117624
FIRST_TRIANGLE_GOLD_EVIDENCE_XAUUSD_1751328000,1,52.5,57.5,22.5,SPREAD_PLUS_25,DEVELOPMENT,88,85.20999999999822,1.0770357378560889,0.9682954545454343
FIRST_TRIANGLE_GOLD_EVIDENCE_XAUUSD_1751328000,1,52.5,57.5,22.5,SPREAD_PLUS_25,VALIDATION,51,930.7599999999993,2.1887556355926807,18.250196078431358
FIRST_TRIANGLE_GOLD_EVIDENCE_XAUUSD_1751328000,1,52.5,57.5,22.5,SPREAD_PLUS_25,LOCKED_OOS,65,622.8099999999977,1.655941610759457,9.581692307692272
FIRST_TRIANGLE_GOLD_EVIDENCE_XAUUSD_1751328000,1,52.5,57.5,22.5,SPREAD_PLUS_25,H1,139,1015.9699999999975,1.537812056662502,7.309136690647464
FIRST_TRIANGLE_GOLD_EVIDENCE_XAUUSD_1751328000,1,52.5,57.5,22.5,SPREAD_PLUS_25,H2,65,622.8099999999977,1.655941610759457,9.581692307692272
FIRST_TRIANGLE_GOLD_EVIDENCE_XAUUSD_1751328000,1,52.5,57.5,22.5,SPREAD_PLUS_25,ALL,204,1638.7799999999952,1.5773259070588348,8.033235294117624
FIRST_TRIANGLE_GOLD_EVIDENCE_XAUUSD_1751328000,2,52.5,57.5,22.5,SPREAD_PLUS_50,DEVELOPMENT,88,85.20999999999822,1.0770357378560889,0.9682954545454343
FIRST_TRIANGLE_GOLD_EVIDENCE_XAUUSD_1751328000,2,52.5,57.5,22.5,SPREAD_PLUS_50,VALIDATION,51,930.7599999999993,2.1887556355926807,18.250196078431358
FIRST_TRIANGLE_GOLD_EVIDENCE_XAUUSD_1751328000,2,52.5,57.5,22.5,SPREAD_PLUS_50,LOCKED_OOS,65,622.8099999999977,1.655941610759457,9.581692307692272
FIRST_TRIANGLE_GOLD_EVIDENCE_XAUUSD_1751328000,2,52.5,57.5,22.5,SPREAD_PLUS_50,H1,139,1015.9699999999975,1.537812056662502,7.309136690647464
FIRST_TRIANGLE_GOLD_EVIDENCE_XAUUSD_1751328000,2,52.5,57.5,22.5,SPREAD_PLUS_50,H2,65,622.8099999999977,1.655941610759457,9.581692307692272
FIRST_TRIANGLE_GOLD_EVIDENCE_XAUUSD_1751328000,2,52.5,57.5,22.5,SPREAD_PLUS_50,ALL,204,1638.7799999999952,1.5773259070588348,8.033235294117624
FIRST_TRIANGLE_GOLD_EVIDENCE_XAUUSD_1751328000,3,52.5,57.5,22.5,SLIPPAGE_BASE,DEVELOPMENT,88,85.20999999999822,1.0770357378560889,0.9682954545454343
FIRST_TRIANGLE_GOLD_EVIDENCE_XAUUSD_1751328000,3,52.5,57.5,22.5,SLIPPAGE_BASE,VALIDATION,51,930.7599999999993,2.1887556355926807,18.250196078431358
FIRST_TRIANGLE_GOLD_EVIDENCE_XAUUSD_1751328000,3,52.5,57.5,22.5,SLIPPAGE_BASE,LOCKED_OOS,65,622.8099999999977,1.655941610759457,9.581692307692272
FIRST_TRIANGLE_GOLD_EVIDENCE_XAUUSD_1751328000,3,52.5,57.5,22.5,SLIPPAGE_BASE,H1,139,1015.9699999999975,1.537812056662502,7.309136690647464
FIRST_TRIANGLE_GOLD_EVIDENCE_XAUUSD_1751328000,3,52.5,57.5,22.5,SLIPPAGE_BASE,H2,65,622.8099999999977,1.655941610759457,9.581692307692272
FIRST_TRIANGLE_GOLD_EVIDENCE_XAUUSD_1751328000,3,52.5,57.5,22.5,SLIPPAGE_BASE,ALL,204,1638.7799999999952,1.5773259070588348,8.033235294117624
FIRST_TRIANGLE_GOLD_EVIDENCE_XAUUSD_1751328000,4,52.5,57.5,22.5,COMMISSION_PLUS_25,DEVELOPMENT,88,85.20999999999822,1.0770357378560889,0.9682954545454343
FIRST_TRIANGLE_GOLD_EVIDENCE_XAUUSD_1751328000,4,52.5,57.5,22.5,COMMISSION_PLUS_25,VALIDATION,51,930.7599999999993,2.1887556355926807,18.250196078431358
FIRST_TRIANGLE_GOLD_EVIDENCE_XAUUSD_1751328000,4,52.5,57.5,22.5,COMMISSION_PLUS_25,LOCKED_OOS,65,622.8099999999977,1.655941610759457,9.581692307692272
FIRST_TRIANGLE_GOLD_EVIDENCE_XAUUSD_1751328000,4,52.5,57.5,22.5,COMMISSION_PLUS_25,H1,139,1015.9699999999975,1.537812056662502,7.309136690647464
FIRST_TRIANGLE_GOLD_EVIDENCE_XAUUSD_1751328000,4,52.5,57.5,22.5,COMMISSION_PLUS_25,H2,65,622.8099999999977,1.655941610759457,9.581692307692272
FIRST_TRIANGLE_GOLD_EVIDENCE_XAUUSD_1751328000,4,52.5,57.5,22.5,COMMISSION_PLUS_25,ALL,204,1638.7799999999952,1.5773259070588348,8.033235294117624
FIRST_TRIANGLE_GOLD_EVIDENCE_XAUUSD_1751328000,5,52.5,57.5,22.5,COMBINED_STRESS,DEVELOPMENT,88,85.20999999999822,1.0770357378560889,0.9682954545454343
FIRST_TRIANGLE_GOLD_EVIDENCE_XAUUSD_1751328000,5,52.5,57.5,22.5,COMBINED_STRESS,VALIDATION,51,930.7599999999993,2.1887556355926807,18.250196078431358
FIRST_TRIANGLE_GOLD_EVIDENCE_XAUUSD_1751328000,5,52.5,57.5,22.5,COMBINED_STRESS,LOCKED_OOS,65,622.8099999999977,1.655941610759457,9.581692307692272
FIRST_TRIANGLE_GOLD_EVIDENCE_XAUUSD_1751328000,5,52.5,57.5,22.5,COMBINED_STRESS,H1,139,1015.9699999999975,1.537812056662502,7.309136690647464
FIRST_TRIANGLE_GOLD_EVIDENCE_XAUUSD_1751328000,5,52.5,57.5,22.5,COMBINED_STRESS,H2,65,622.8099999999977,1.655941610759457,9.581692307692272
FIRST_TRIANGLE_GOLD_EVIDENCE_XAUUSD_1751328000,5,52.5,57.5,22.5,COMBINED_STRESS,ALL,204,1638.7799999999952,1.5773259070588348,8.033235294117624
FIRST_TRIANGLE_GOLD_EVIDENCE_XAUUSD_1751328000,6,52.5,57.5,25.0,BASE,DEVELOPMENT,88,219.83999999999787,1.2102283594078704,2.498181818181794
FIRST_TRIANGLE_GOLD_EVIDENCE_XAUUSD_1751328000,6,52.5,57.5,25.0,BASE,VALIDATION,51,941.8900000000003,2.2029707396196563,18.468431372549027
FIRST_TRIANGLE_GOLD_EVIDENCE_XAUUSD_1751328000,6,52.5,57.5,25.0,BASE,LOCKED_OOS,65,624.7999999999975,1.6580374727485243,9.612307692307652
FIRST_TRIANGLE_GOLD_EVIDENCE_XAUUSD_1751328000,6,52.5,57.5,25.0,BASE,H1,139,1161.7299999999982,1.6352798998189961,8.35776978417265
FIRST_TRIANGLE_GOLD_EVIDENCE_XAUUSD_1751328000,6,52.5,57.5,25.0,BASE,H2,65,624.7999999999975,1.6580374727485243,9.612307692307652
FIRST_TRIANGLE_GOLD_EVIDENCE_XAUUSD_1751328000,6,52.5,57.5,25.0,BASE,ALL,204,1786.5299999999957,1.6430576852471752,8.757499999999979
FIRST_TRIANGLE_GOLD_EVIDENCE_XAUUSD_1751328000,7,52.5,57.5,25.0,SPREAD_PLUS_25,DEVELOPMENT,88,219.83999999999787,1.2102283594078704,2.498181818181794
FIRST_TRIANGLE_GOLD_EVIDENCE_XAUUSD_1751328000,7,52.5,57.5,25.0,SPREAD_PLUS_25,VALIDATION,51,941.8900000000003,2.2029707396196563,18.468431372549027
FIRST_TRIANGLE_GOLD_EVIDENCE_XAUUSD_1751328000,7,52.5,57.5,25.0,SPREAD_PLUS_25,LOCKED_OOS,65,624.7999999999975,1.6580374727485243,9.612307692307652
FIRST_TRIANGLE_GOLD_EVIDENCE_XAUUSD_1751328000,7,52.5,57.5,25.0,SPREAD_PLUS_25,H1,139,1161.7299999999982,1.6352798998189961,8.35776978417265
FIRST_TRIANGLE_GOLD_EVIDENCE_XAUUSD_1751328000,7,52.5,57.5,25.0,SPREAD_PLUS_25,H2,65,624.7999999999975,1.6580374727485243,9.612307692307652
FIRST_TRIANGLE_GOLD_EVIDENCE_XAUUSD_1751328000,7,52.5,57.5,25.0,SPREAD_PLUS_25,ALL,204,1786.5299999999957,1.6430576852471752,8.757499999999979
FIRST_TRIANGLE_GOLD_EVIDENCE_XAUUSD_1751328000,8,52.5,57.5,25.0,SPREAD_PLUS_50,DEVELOPMENT,88,219.83999999999787,1.2102283594078704,2.498181818181794
FIRST_TRIANGLE_GOLD_EVIDENCE_XAUUSD_1751328000,8,52.5,57.5,25.0,SPREAD_PLUS_50,VALIDATION,51,941.8900000000003,2.2029707396196563,18.468431372549027
FIRST_TRIANGLE_GOLD_EVIDENCE_XAUUSD_1751328000,8,52.5,57.5,25.0,SPREAD_PLUS_50,LOCKED_OOS,65,624.7999999999975,1.6580374727485243,9.612307692307652
FIRST_TRIANGLE_GOLD_EVIDENCE_XAUUSD_1751328000,8,52.5,57.5,25.0,SPREAD_PLUS_50,H1,139,1161.7299999999982,1.6352798998189961,8.35776978417265
FIRST_TRIANGLE_GOLD_EVIDENCE_XAUUSD_1751328000,8,52.5,57.5,25.0,SPREAD_PLUS_50,H2,65,624.7999999999975,1.6580374727485243,9.612307692307652
FIRST_TRIANGLE_GOLD_EVIDENCE_XAUUSD_1751328000,8,52.5,57.5,25.0,SPREAD_PLUS_50,ALL,204,1786.5299999999957,1.6430576852471752,8.757499999999979
FIRST_TRIANGLE_GOLD_EVIDENCE_XAUUSD_1751328000,9,52.5,57.5,25.0,SLIPPAGE_BASE,DEVELOPMENT,88,219.83999999999787,1.2102283594078704,2.498181818181794
FIRST_TRIANGLE_GOLD_EVIDENCE_XAUUSD_1751328000,9,52.5,57.5,25.0,SLIPPAGE_BASE,VALIDATION,51,941.8900000000003,2.2029707396196563,18.468431372549027
FIRST_TRIANGLE_GOLD_EVIDENCE_XAUUSD_1751328000,9,52.5,57.5,25.0,SLIPPAGE_BASE,LOCKED_OOS,65,624.7999999999975,1.6580374727485243,9.612307692307652
FIRST_TRIANGLE_GOLD_EVIDENCE_XAUUSD_1751328000,9,52.5,57.5,25.0,SLIPPAGE_BASE,H1,139,1161.7299999999982,1.6352798998189961,8.35776978417265
FIRST_TRIANGLE_GOLD_EVIDENCE_XAUUSD_1751328000,9,52.5,57.5,25.0,SLIPPAGE_BASE,H2,65,624.7999999999975,1.6580374727485243,9.612307692307652
FIRST_TRIANGLE_GOLD_EVIDENCE_XAUUSD_1751328000,9,52.5,57.5,25.0,SLIPPAGE_BASE,ALL,204,1786.5299999999957,1.6430576852471752,8.757499999999979
FIRST_TRIANGLE_GOLD_EVIDENCE_XAUUSD_1751328000,10,52.5,57.5,25.0,COMMISSION_PLUS_25,DEVELOPMENT,88,219.83999999999787,1.2102283594078704,2.498181818181794
FIRST_TRIANGLE_GOLD_EVIDENCE_XAUUSD_1751328000,10,52.5,57.5,25.0,COMMISSION_PLUS_25,VALIDATION,51,941.8900000000003,2.2029707396196563,18.468431372549027
FIRST_TRIANGLE_GOLD_EVIDENCE_XAUUSD_1751328000,10,52.5,57.5,25.0,COMMISSION_PLUS_25,LOCKED_OOS,65,624.7999999999975,1.6580374727485243,9.612307692307652
FIRST_TRIANGLE_GOLD_EVIDENCE_XAUUSD_1751328000,10,52.5,57.5,25.0,COMMISSION_PLUS_25,H1,139,1161.7299999999982,1.6352798998189961,8.35776978417265
FIRST_TRIANGLE_GOLD_EVIDENCE_XAUUSD_1751328000,10,52.5,57.5,25.0,COMMISSION_PLUS_25,H2,65,624.7999999999975,1.6580374727485243,9.612307692307652
FIRST_TRIANGLE_GOLD_EVIDENCE_XAUUSD_1751328000,10,52.5,57.5,25.0,COMMISSION_PLUS_25,ALL,204,1786.5299999999957,1.6430576852471752,8.757499999999979
FIRST_TRIANGLE_GOLD_EVIDENCE_XAUUSD_1751328000,11,52.5,57.5,25.0,COMBINED_STRESS,DEVELOPMENT,88,219.83999999999787,1.2102283594078704,2.498181818181794
FIRST_TRIANGLE_GOLD_EVIDENCE_XAUUSD_1751328000,11,52.5,57.5,25.0,COMBINED_STRESS,VALIDATION,51,941.8900000000003,2.2029707396196563,18.468431372549027
FIRST_TRIANGLE_GOLD_EVIDENCE_XAUUSD_1751328000,11,52.5,57.5,25.0,COMBINED_STRESS,LOCKED_OOS,65,624.7999999999975,1.6580374727485243,9.612307692307652
FIRST_TRIANGLE_GOLD_EVIDENCE_XAUUSD_1751328000,11,52.5,57.5,25.0,COMBINED_STRESS,H1,139,1161.7299999999982,1.6352798998189961,8.35776978417265
FIRST_TRIANGLE_GOLD_EVIDENCE_XAUUSD_1751328000,11,52.5,57.5,25.0,COMBINED_STRESS,H2,65,624.7999999999975,1.6580374727485243,9.612307692307652
FIRST_TRIANGLE_GOLD_EVIDENCE_XAUUSD_1751328000,11,52.5,57.5,25.0,COMBINED_STRESS,ALL,204,1786.5299999999957,1.6430576852471752,8.757499999999979
FIRST_TRIANGLE_GOLD_EVIDENCE_XAUUSD_1751328000,12,52.5,57.5,27.5,BASE,DEVELOPMENT,88,180.58999999999787,1.1726944115059463,2.0521590909090666
FIRST_TRIANGLE_GOLD_EVIDENCE_XAUUSD_1751328000,12,52.5,57.5,27.5,BASE,VALIDATION,51,874.3900000000003,2.1167605399951492,17.14490196078432
FIRST_TRIANGLE_GOLD_EVIDENCE_XAUUSD_1751328000,12,52.5,57.5,27.5,BASE,LOCKED_OOS,65,636.6999999999975,1.6705705168037541,9.795384615384577
FIRST_TRIANGLE_GOLD_EVIDENCE_XAUUSD_1751328000,12,52.5,57.5,27.5,BASE,H1,139,1054.9799999999982,1.5769047788307478,7.589784172661857
FIRST_TRIANGLE_GOLD_EVIDENCE_XAUUSD_1751328000,12,52.5,57.5,27.5,BASE,H2,65,636.6999999999975,1.6705705168037541,9.795384615384577
FIRST_TRIANGLE_GOLD_EVIDENCE_XAUUSD_1751328000,12,52.5,57.5,27.5,BASE,ALL,204,1691.6799999999957,1.6089166288721382,8.292549019607822
FIRST_TRIANGLE_GOLD_EVIDENCE_XAUUSD_1751328000,13,52.5,57.5,27.5,SPREAD_PLUS_25,DEVELOPMENT,88,180.58999999999787,1.1726944115059463,2.0521590909090666
FIRST_TRIANGLE_GOLD_EVIDENCE_XAUUSD_1751328000,13,52.5,57.5,27.5,SPREAD_PLUS_25,VALIDATION,51,874.3900000000003,2.1167605399951492,17.14490196078432
FIRST_TRIANGLE_GOLD_EVIDENCE_XAUUSD_1751328000,13,52.5,57.5,27.5,SPREAD_PLUS_25,LOCKED_OOS,65,636.6999999999975,1.6705705168037541,9.795384615384577
FIRST_TRIANGLE_GOLD_EVIDENCE_XAUUSD_1751328000,13,52.5,57.5,27.5,SPREAD_PLUS_25,H1,139,1054.9799999999982,1.5769047788307478,7.589784172661857
FIRST_TRIANGLE_GOLD_EVIDENCE_XAUUSD_1751328000,13,52.5,57.5,27.5,SPREAD_PLUS_25,H2,65,636.6999999999975,1.6705705168037541,9.795384615384577
FIRST_TRIANGLE_GOLD_EVIDENCE_XAUUSD_1751328000,13,52.5,57.5,27.5,SPREAD_PLUS_25,ALL,204,1691.6799999999957,1.6089166288721382,8.292549019607822
FIRST_TRIANGLE_GOLD_EVIDENCE_XAUUSD_1751328000,14,52.5,57.5,27.5,SPREAD_PLUS_50,DEVELOPMENT,88,180.58999999999787,1.1726944115059463,2.0521590909090666
FIRST_TRIANGLE_GOLD_EVIDENCE_XAUUSD_1751328000,14,52.5,57.5,27.5,SPREAD_PLUS_50,VALIDATION,51,874.3900000000003,2.1167605399951492,17.14490196078432
FIRST_TRIANGLE_GOLD_EVIDENCE_XAUUSD_1751328000,14,52.5,57.5,27.5,SPREAD_PLUS_50,LOCKED_OOS,65,636.6999999999975,1.6705705168037541,9.795384615384577
FIRST_TRIANGLE_GOLD_EVIDENCE_XAUUSD_1751328000,14,52.5,57.5,27.5,SPREAD_PLUS_50,H1,139,1054.9799999999982,1.5769047788307478,7.589784172661857
FIRST_TRIANGLE_GOLD_EVIDENCE_XAUUSD_1751328000,14,52.5,57.5,27.5,SPREAD_PLUS_50,H2,65,636.6999999999975,1.6705705168037541,9.795384615384577
FIRST_TRIANGLE_GOLD_EVIDENCE_XAUUSD_1751328000,14,52.5,57.5,27.5,SPREAD_PLUS_50,ALL,204,1691.6799999999957,1.6089166288721382,8.292549019607822
FIRST_TRIANGLE_GOLD_EVIDENCE_XAUUSD_1751328000,15,52.5,57.5,27.5,SLIPPAGE_BASE,DEVELOPMENT,88,180.58999999999787,1.1726944115059463,2.0521590909090666
FIRST_TRIANGLE_GOLD_EVIDENCE_XAUUSD_1751328000,15,52.5,57.5,27.5,SLIPPAGE_BASE,VALIDATION,51,874.3900000000003,2.1167605399951492,17.14490196078432
FIRST_TRIANGLE_GOLD_EVIDENCE_XAUUSD_1751328000,15,52.5,57.5,27.5,SLIPPAGE_BASE,LOCKED_OOS,65,636.6999999999975,1.6705705168037541,9.795384615384577
FIRST_TRIANGLE_GOLD_EVIDENCE_XAUUSD_1751328000,15,52.5,57.5,27.5,SLIPPAGE_BASE,H1,139,1054.9799999999982,1.5769047788307478,7.589784172661857
FIRST_TRIANGLE_GOLD_EVIDENCE_XAUUSD_1751328000,15,52.5,57.5,27.5,SLIPPAGE_BASE,H2,65,636.6999999999975,1.6705705168037541,9.795384615384577
FIRST_TRIANGLE_GOLD_EVIDENCE_XAUUSD_1751328000,15,52.5,57.5,27.5,SLIPPAGE_BASE,ALL,204,1691.6799999999957,1.6089166288721382,8.292549019607822
FIRST_TRIANGLE_GOLD_EVIDENCE_XAUUSD_1751328000,16,52.5,57.5,27.5,COMMISSION_PLUS_25,DEVELOPMENT,88,180.58999999999787,1.1726944115059463,2.0521590909090666
FIRST_TRIANGLE_GOLD_EVIDENCE_XAUUSD_1751328000,16,52.5,57.5,27.5,COMMISSION_PLUS_25,VALIDATION,51,874.3900000000003,2.1167605399951492,17.14490196078432
FIRST_TRIANGLE_GOLD_EVIDENCE_XAUUSD_1751328000,16,52.5,57.5,27.5,COMMISSION_PLUS_25,LOCKED_OOS,65,636.6999999999975,1.6705705168037541,9.795384615384577
FIRST_TRIANGLE_GOLD_EVIDENCE_XAUUSD_1751328000,16,52.5,57.5,27.5,COMMISSION_PLUS_25,H1,139,1054.9799999999982,1.5769047788307478,7.589784172661857
FIRST_TRIANGLE_GOLD_EVIDENCE_XAUUSD_1751328000,16,52.5,57.5,27.5,COMMISSION_PLUS_25,H2,65,636.6999999999975,1.6705705168037541,9.795384615384577
FIRST_TRIANGLE_GOLD_EVIDENCE_XAUUSD_1751328000,16,52.5,57.5,27.5,COMMISSION_PLUS_25,ALL,204,1691.6799999999957,1.6089166288721382,8.292549019607822
FIRST_TRIANGLE_GOLD_EVIDENCE_XAUUSD_1751328000,17,52.5,57.5,27.5,COMBINED_STRESS,DEVELOPMENT,88,180.58999999999787,1.1726944115059463,2.0521590909090666
FIRST_TRIANGLE_GOLD_EVIDENCE_XAUUSD_1751328000,17,52.5,57.5,27.5,COMBINED_STRESS,VALIDATION,51,874.3900000000003,2.1167605399951492,17.14490196078432
FIRST_TRIANGLE_GOLD_EVIDENCE_XAUUSD_1751328000,17,52.5,57.5,27.5,COMBINED_STRESS,LOCKED_OOS,65,636.6999999999975,1.6705705168037541,9.795384615384577
FIRST_TRIANGLE_GOLD_EVIDENCE_XAUUSD_1751328000,17,52.5,57.5,27.5,COMBINED_STRESS,H1,139,1054.9799999999982,1.5769047788307478,7.589784172661857
FIRST_TRIANGLE_GOLD_EVIDENCE_XAUUSD_1751328000,17,52.5,57.5,27.5,COMBINED_STRESS,H2,65,636.6999999999975,1.6705705168037541,9.795384615384577
FIRST_TRIANGLE_GOLD_EVIDENCE_XAUUSD_1751328000,17,52.5,57.5,27.5,COMBINED_STRESS,ALL,204,1691.6799999999957,1.6089166288721382,8.292549019607822
FIRST_TRIANGLE_GOLD_EVIDENCE_XAUUSD_1751328000,18,52.5,57.5,30.0,BASE,DEVELOPMENT,88,138.08999999999787,1.13205255708985,1.5692045454545214
FIRST_TRIANGLE_GOLD_EVIDENCE_XAUUSD_1751328000,18,52.5,57.5,30.0,BASE,VALIDATION,51,965.5500000000011,2.233189011073225,18.932352941176493
FIRST_TRIANGLE_GOLD_EVIDENCE_XAUUSD_1751328000,18,52.5,57.5,30.0,BASE,LOCKED_OOS,65,589.2699999999973,1.6206173840693385,9.065692307692265
FIRST_TRIANGLE_GOLD_EVIDENCE_XAUUSD_1751328000,18,52.5,57.5,30.0,BASE,H1,139,1103.639999999999,1.6035139908896536,7.939856115107906
FIRST_TRIANGLE_GOLD_EVIDENCE_XAUUSD_1751328000,18,52.5,57.5,30.0,BASE,H2,65,589.2699999999973,1.6206173840693385,9.065692307692265
FIRST_TRIANGLE_GOLD_EVIDENCE_XAUUSD_1751328000,18,52.5,57.5,30.0,BASE,ALL,204,1692.9099999999962,1.6093593647639814,8.29857843137253
FIRST_TRIANGLE_GOLD_EVIDENCE_XAUUSD_1751328000,19,52.5,57.5,30.0,SPREAD_PLUS_25,DEVELOPMENT,88,138.08999999999787,1.13205255708985,1.5692045454545214
FIRST_TRIANGLE_GOLD_EVIDENCE_XAUUSD_1751328000,19,52.5,57.5,30.0,SPREAD_PLUS_25,VALIDATION,51,965.5500000000011,2.233189011073225,18.932352941176493
FIRST_TRIANGLE_GOLD_EVIDENCE_XAUUSD_1751328000,19,52.5,57.5,30.0,SPREAD_PLUS_25,LOCKED_OOS,65,589.2699999999973,1.6206173840693385,9.065692307692265
FIRST_TRIANGLE_GOLD_EVIDENCE_XAUUSD_1751328000,19,52.5,57.5,30.0,SPREAD_PLUS_25,H1,139,1103.639999999999,1.6035139908896536,7.939856115107906
FIRST_TRIANGLE_GOLD_EVIDENCE_XAUUSD_1751328000,19,52.5,57.5,30.0,SPREAD_PLUS_25,H2,65,589.2699999999973,1.6206173840693385,9.065692307692265
FIRST_TRIANGLE_GOLD_EVIDENCE_XAUUSD_1751328000,19,52.5,57.5,30.0,SPREAD_PLUS_25,ALL,204,1692.9099999999962,1.6093593647639814,8.29857843137253
FIRST_TRIANGLE_GOLD_EVIDENCE_XAUUSD_1751328000,20,52.5,57.5,30.0,SPREAD_PLUS_50,DEVELOPMENT,88,138.08999999999787,1.13205255708985,1.5692045454545214
FIRST_TRIANGLE_GOLD_EVIDENCE_XAUUSD_1751328000,20,52.5,57.5,30.0,SPREAD_PLUS_50,VALIDATION,51,965.5500000000011,2.233189011073225,18.932352941176493
FIRST_TRIANGLE_GOLD_EVIDENCE_XAUUSD_1751328000,20,52.5,57.5,30.0,SPREAD_PLUS_50,LOCKED_OOS,65,589.2699999999973,1.6206173840693385,9.065692307692265
FIRST_TRIANGLE_GOLD_EVIDENCE_XAUUSD_1751328000,20,52.5,57.5,30.0,SPREAD_PLUS_50,H1,139,1103.639999999999,1.6035139908896536,7.939856115107906
FIRST_TRIANGLE_GOLD_EVIDENCE_XAUUSD_1751328000,20,52.5,57.5,30.0,SPREAD_PLUS_50,H2,65,589.2699999999973,1.6206173840693385,9.065692307692265
FIRST_TRIANGLE_GOLD_EVIDENCE_XAUUSD_1751328000,20,52.5,57.5,30.0,SPREAD_PLUS_50,ALL,204,1692.9099999999962,1.6093593647639814,8.29857843137253
FIRST_TRIANGLE_GOLD_EVIDENCE_XAUUSD_1751328000,21,52.5,57.5,30.0,SLIPPAGE_BASE,DEVELOPMENT,88,138.08999999999787,1.13205255708985,1.5692045454545214
FIRST_TRIANGLE_GOLD_EVIDENCE_XAUUSD_1751328000,21,52.5,57.5,30.0,SLIPPAGE_BASE,VALIDATION,51,965.5500000000011,2.233189011073225,18.932352941176493
FIRST_TRIANGLE_GOLD_EVIDENCE_XAUUSD_1751328000,21,52.5,57.5,30.0,SLIPPAGE_BASE,LOCKED_OOS,65,589.2699999999973,1.6206173840693385,9.065692307692265
FIRST_TRIANGLE_GOLD_EVIDENCE_XAUUSD_1751328000,21,52.5,57.5,30.0,SLIPPAGE_BASE,H1,139,1103.639999999999,1.6035139908896536,7.939856115107906
FIRST_TRIANGLE_GOLD_EVIDENCE_XAUUSD_1751328000,21,52.5,57.5,30.0,SLIPPAGE_BASE,H2,65,589.2699999999973,1.6206173840693385,9.065692307692265
FIRST_TRIANGLE_GOLD_EVIDENCE_XAUUSD_1751328000,21,52.5,57.5,30.0,SLIPPAGE_BASE,ALL,204,1692.9099999999962,1.6093593647639814,8.29857843137253
FIRST_TRIANGLE_GOLD_EVIDENCE_XAUUSD_1751328000,22,52.5,57.5,30.0,COMMISSION_PLUS_25,DEVELOPMENT,88,138.08999999999787,1.13205255708985,1.5692045454545214
FIRST_TRIANGLE_GOLD_EVIDENCE_XAUUSD_1751328000,22,52.5,57.5,30.0,COMMISSION_PLUS_25,VALIDATION,51,965.5500000000011,2.233189011073225,18.932352941176493
FIRST_TRIANGLE_GOLD_EVIDENCE_XAUUSD_1751328000,22,52.5,57.5,30.0,COMMISSION_PLUS_25,LOCKED_OOS,65,589.2699999999973,1.6206173840693385,9.065692307692265
FIRST_TRIANGLE_GOLD_EVIDENCE_XAUUSD_1751328000,22,52.5,57.5,30.0,COMMISSION_PLUS_25,H1,139,1103.639999999999,1.6035139908896536,7.939856115107906
FIRST_TRIANGLE_GOLD_EVIDENCE_XAUUSD_1751328000,22,52.5,57.5,30.0,COMMISSION_PLUS_25,H2,65,589.2699999999973,1.6206173840693385,9.065692307692265
FIRST_TRIANGLE_GOLD_EVIDENCE_XAUUSD_1751328000,22,52.5,57.5,30.0,COMMISSION_PLUS_25,ALL,204,1692.9099999999962,1.6093593647639814,8.29857843137253
FIRST_TRIANGLE_GOLD_EVIDENCE_XAUUSD_1751328000,23,52.5,57.5,30.0,COMBINED_STRESS,DEVELOPMENT,88,138.08999999999787,1.13205255708985,1.5692045454545214
FIRST_TRIANGLE_GOLD_EVIDENCE_XAUUSD_1751328000,23,52.5,57.5,30.0,COMBINED_STRESS,VALIDATION,51,965.5500000000011,2.233189011073225,18.932352941176493
FIRST_TRIANGLE_GOLD_EVIDENCE_XAUUSD_1751328000,23,52.5,57.5,30.0,COMBINED_STRESS,LOCKED_OOS,65,589.2699999999973,1.6206173840693385,9.065692307692265
FIRST_TRIANGLE_GOLD_EVIDENCE_XAUUSD_1751328000,23,52.5,57.5,30.0,COMBINED_STRESS,H1,139,1103.639999999999,1.6035139908896536,7.939856115107906
FIRST_TRIANGLE_GOLD_EVIDENCE_XAUUSD_1751328000,23,52.5,57.5,30.0,COMBINED_STRESS,H2,65,589.2699999999973,1.6206173840693385,9.065692307692265
FIRST_TRIANGLE_GOLD_EVIDENCE_XAUUSD_1751328000,23,52.5,57.5,30.0,COMBINED_STRESS,ALL,204,1692.9099999999962,1.6093593647639814,8.29857843137253
FIRST_TRIANGLE_GOLD_EVIDENCE_XAUUSD_1751328000,24,52.5,57.5,32.5,BASE,DEVELOPMENT,88,138.56999999999744,1.1325115709750198,1.5746590909090619
FIRST_TRIANGLE_GOLD_EVIDENCE_XAUUSD_1751328000,24,52.5,57.5,32.5,BASE,VALIDATION,51,906.460000000001,2.1577199637278603,17.773725490196096
FIRST_TRIANGLE_GOLD_EVIDENCE_XAUUSD_1751328000,24,52.5,57.5,32.5,BASE,LOCKED_OOS,65,581.2999999999979,1.6122234041432737,8.943076923076891
FIRST_TRIANGLE_GOLD_EVIDENCE_XAUUSD_1751328000,24,52.5,57.5,32.5,BASE,H1,139,1045.0299999999984,1.5714637253990562,7.51820143884891
FIRST_TRIANGLE_GOLD_EVIDENCE_XAUUSD_1751328000,24,52.5,57.5,32.5,BASE,H2,65,581.2999999999979,1.6122234041432737,8.943076923076891
FIRST_TRIANGLE_GOLD_EVIDENCE_XAUUSD_1751328000,24,52.5,57.5,32.5,BASE,ALL,204,1626.3299999999963,1.5853940349437394,7.972205882352923
FIRST_TRIANGLE_GOLD_EVIDENCE_XAUUSD_1751328000,25,52.5,57.5,32.5,SPREAD_PLUS_25,DEVELOPMENT,88,138.56999999999744,1.1325115709750198,1.5746590909090619
FIRST_TRIANGLE_GOLD_EVIDENCE_XAUUSD_1751328000,25,52.5,57.5,32.5,SPREAD_PLUS_25,VALIDATION,51,906.460000000001,2.1577199637278603,17.773725490196096
FIRST_TRIANGLE_GOLD_EVIDENCE_XAUUSD_1751328000,25,52.5,57.5,32.5,SPREAD_PLUS_25,LOCKED_OOS,65,581.2999999999979,1.6122234041432737,8.943076923076891
FIRST_TRIANGLE_GOLD_EVIDENCE_XAUUSD_1751328000,25,52.5,57.5,32.5,SPREAD_PLUS_25,H1,139,1045.0299999999984,1.5714637253990562,7.51820143884891
FIRST_TRIANGLE_GOLD_EVIDENCE_XAUUSD_1751328000,25,52.5,57.5,32.5,SPREAD_PLUS_25,H2,65,581.2999999999979,1.6122234041432737,8.943076923076891
FIRST_TRIANGLE_GOLD_EVIDENCE_XAUUSD_1751328000,25,52.5,57.5,32.5,SPREAD_PLUS_25,ALL,204,1626.3299999999963,1.5853940349437394,7.972205882352923
FIRST_TRIANGLE_GOLD_EVIDENCE_XAUUSD_1751328000,26,52.5,57.5,32.5,SPREAD_PLUS_50,DEVELOPMENT,88,138.56999999999744,1.1325115709750198,1.5746590909090619
FIRST_TRIANGLE_GOLD_EVIDENCE_XAUUSD_1751328000,26,52.5,57.5,32.5,SPREAD_PLUS_50,VALIDATION,51,906.460000000001,2.1577199637278603,17.773725490196096
FIRST_TRIANGLE_GOLD_EVIDENCE_XAUUSD_1751328000,26,52.5,57.5,32.5,SPREAD_PLUS_50,LOCKED_OOS,65,581.2999999999979,1.6122234041432737,8.943076923076891
FIRST_TRIANGLE_GOLD_EVIDENCE_XAUUSD_1751328000,26,52.5,57.5,32.5,SPREAD_PLUS_50,H1,139,1045.0299999999984,1.5714637253990562,7.51820143884891
FIRST_TRIANGLE_GOLD_EVIDENCE_XAUUSD_1751328000,26,52.5,57.5,32.5,SPREAD_PLUS_50,H2,65,581.2999999999979,1.6122234041432737,8.943076923076891
FIRST_TRIANGLE_GOLD_EVIDENCE_XAUUSD_1751328000,26,52.5,57.5,32.5,SPREAD_PLUS_50,ALL,204,1626.3299999999963,1.5853940349437394,7.972205882352923
FIRST_TRIANGLE_GOLD_EVIDENCE_XAUUSD_1751328000,27,52.5,57.5,32.5,SLIPPAGE_BASE,DEVELOPMENT,88,138.56999999999744,1.1325115709750198,1.5746590909090619
FIRST_TRIANGLE_GOLD_EVIDENCE_XAUUSD_1751328000,27,52.5,57.5,32.5,SLIPPAGE_BASE,VALIDATION,51,906.460000000001,2.1577199637278603,17.773725490196096
FIRST_TRIANGLE_GOLD_EVIDENCE_XAUUSD_1751328000,27,52.5,57.5,32.5,SLIPPAGE_BASE,LOCKED_OOS,65,581.2999999999979,1.6122234041432737,8.943076923076891
FIRST_TRIANGLE_GOLD_EVIDENCE_XAUUSD_1751328000,27,52.5,57.5,32.5,SLIPPAGE_BASE,H1,139,1045.0299999999984,1.5714637253990562,7.51820143884891
FIRST_TRIANGLE_GOLD_EVIDENCE_XAUUSD_1751328000,27,52.5,57.5,32.5,SLIPPAGE_BASE,H2,65,581.2999999999979,1.6122234041432737,8.943076923076891
FIRST_TRIANGLE_GOLD_EVIDENCE_XAUUSD_1751328000,27,52.5,57.5,32.5,SLIPPAGE_BASE,ALL,204,1626.3299999999963,1.5853940349437394,7.972205882352923
FIRST_TRIANGLE_GOLD_EVIDENCE_XAUUSD_1751328000,28,52.5,57.5,32.5,COMMISSION_PLUS_25,DEVELOPMENT,88,138.56999999999744,1.1325115709750198,1.5746590909090619
FIRST_TRIANGLE_GOLD_EVIDENCE_XAUUSD_1751328000,28,52.5,57.5,32.5,COMMISSION_PLUS_25,VALIDATION,51,906.460000000001,2.1577199637278603,17.773725490196096
FIRST_TRIANGLE_GOLD_EVIDENCE_XAUUSD_1751328000,28,52.5,57.5,32.5,COMMISSION_PLUS_25,LOCKED_OOS,65,581.2999999999979,1.6122234041432737,8.943076923076891
FIRST_TRIANGLE_GOLD_EVIDENCE_XAUUSD_1751328000,28,52.5,57.5,32.5,COMMISSION_PLUS_25,H1,139,1045.0299999999984,1.5714637253990562,7.51820143884891
FIRST_TRIANGLE_GOLD_EVIDENCE_XAUUSD_1751328000,28,52.5,57.5,32.5,COMMISSION_PLUS_25,H2,65,581.2999999999979,1.6122234041432737,8.943076923076891
FIRST_TRIANGLE_GOLD_EVIDENCE_XAUUSD_1751328000,28,52.5,57.5,32.5,COMMISSION_PLUS_25,ALL,204,1626.3299999999963,1.5853940349437394,7.972205882352923
FIRST_TRIANGLE_GOLD_EVIDENCE_XAUUSD_1751328000,29,52.5,57.5,32.5,COMBINED_STRESS,DEVELOPMENT,88,138.56999999999744,1.1325115709750198,1.5746590909090619
FIRST_TRIANGLE_GOLD_EVIDENCE_XAUUSD_1751328000,29,52.5,57.5,32.5,COMBINED_STRESS,VALIDATION,51,906.460000000001,2.1577199637278603,17.773725490196096
FIRST_TRIANGLE_GOLD_EVIDENCE_XAUUSD_1751328000,29,52.5,57.5,32.5,COMBINED_STRESS,LOCKED_OOS,65,581.2999999999979,1.6122234041432737,8.943076923076891
FIRST_TRIANGLE_GOLD_EVIDENCE_XAUUSD_1751328000,29,52.5,57.5,32.5,COMBINED_STRESS,H1,139,1045.0299999999984,1.5714637253990562,7.51820143884891
FIRST_TRIANGLE_GOLD_EVIDENCE_XAUUSD_1751328000,29,52.5,57.5,32.5,COMBINED_STRESS,H2,65,581.2999999999979,1.6122234041432737,8.943076923076891
FIRST_TRIANGLE_GOLD_EVIDENCE_XAUUSD_1751328000,29,52.5,57.5,32.5,COMBINED_STRESS,ALL,204,1626.3299999999963,1.5853940349437394,7.972205882352923
FIRST_TRIANGLE_GOLD_EVIDENCE_XAUUSD_1751328000,30,52.5,57.5,35.0,BASE,DEVELOPMENT,88,232.49999999999773,1.2298930132299701,2.642045454545429
FIRST_TRIANGLE_GOLD_EVIDENCE_XAUUSD_1751328000,30,52.5,57.5,35.0,BASE,VALIDATION,51,959.9700000000012,2.226062301237599,18.82294117647061
FIRST_TRIANGLE_GOLD_EVIDENCE_XAUUSD_1751328000,30,52.5,57.5,35.0,BASE,LOCKED_OOS,65,603.0299999999984,1.6351093745063112,9.277384615384591
FIRST_TRIANGLE_GOLD_EVIDENCE_XAUUSD_1751328000,30,52.5,57.5,35.0,BASE,H1,139,1192.469999999999,1.664584157698503,8.578920863309344
FIRST_TRIANGLE_GOLD_EVIDENCE_XAUUSD_1751328000,30,52.5,57.5,35.0,BASE,H2,65,603.0299999999984,1.6351093745063112,9.277384615384591
FIRST_TRIANGLE_GOLD_EVIDENCE_XAUUSD_1751328000,30,52.5,57.5,35.0,BASE,ALL,204,1795.4999999999973,1.6543844303520658,8.801470588235281
FIRST_TRIANGLE_GOLD_EVIDENCE_XAUUSD_1751328000,31,52.5,57.5,35.0,SPREAD_PLUS_25,DEVELOPMENT,88,232.49999999999773,1.2298930132299701,2.642045454545429
FIRST_TRIANGLE_GOLD_EVIDENCE_XAUUSD_1751328000,31,52.5,57.5,35.0,SPREAD_PLUS_25,VALIDATION,51,959.9700000000012,2.226062301237599,18.82294117647061
FIRST_TRIANGLE_GOLD_EVIDENCE_XAUUSD_1751328000,31,52.5,57.5,35.0,SPREAD_PLUS_25,LOCKED_OOS,65,603.0299999999984,1.6351093745063112,9.277384615384591
FIRST_TRIANGLE_GOLD_EVIDENCE_XAUUSD_1751328000,31,52.5,57.5,35.0,SPREAD_PLUS_25,H1,139,1192.469999999999,1.664584157698503,8.578920863309344
FIRST_TRIANGLE_GOLD_EVIDENCE_XAUUSD_1751328000,31,52.5,57.5,35.0,SPREAD_PLUS_25,H2,65,603.0299999999984,1.6351093745063112,9.277384615384591
FIRST_TRIANGLE_GOLD_EVIDENCE_XAUUSD_1751328000,31,52.5,57.5,35.0,SPREAD_PLUS_25,ALL,204,1795.4999999999973,1.6543844303520658,8.801470588235281
FIRST_TRIANGLE_GOLD_EVIDENCE_XAUUSD_1751328000,32,52.5,57.5,35.0,SPREAD_PLUS_50,DEVELOPMENT,88,232.49999999999773,1.2298930132299701,2.642045454545429
FIRST_TRIANGLE_GOLD_EVIDENCE_XAUUSD_1751328000,32,52.5,57.5,35.0,SPREAD_PLUS_50,VALIDATION,51,959.9700000000012,2.226062301237599,18.82294117647061
FIRST_TRIANGLE_GOLD_EVIDENCE_XAUUSD_1751328000,32,52.5,57.5,35.0,SPREAD_PLUS_50,LOCKED_OOS,65,603.0299999999984,1.6351093745063112,9.277384615384591
FIRST_TRIANGLE_GOLD_EVIDENCE_XAUUSD_1751328000,32,52.5,57.5,35.0,SPREAD_PLUS_50,H1,139,1192.469999999999,1.664584157698503,8.578920863309344
FIRST_TRIANGLE_GOLD_EVIDENCE_XAUUSD_1751328000,32,52.5,57.5,35.0,SPREAD_PLUS_50,H2,65,603.0299999999984,1.6351093745063112,9.277384615384591
FIRST_TRIANGLE_GOLD_EVIDENCE_XAUUSD_1751328000,32,52.5,57.5,35.0,SPREAD_PLUS_50,ALL,204,1795.4999999999973,1.6543844303520658,8.801470588235281
FIRST_TRIANGLE_GOLD_EVIDENCE_XAUUSD_1751328000,33,52.5,57.5,35.0,SLIPPAGE_BASE,DEVELOPMENT,88,232.49999999999773,1.2298930132299701,2.642045454545429
FIRST_TRIANGLE_GOLD_EVIDENCE_XAUUSD_1751328000,33,52.5,57.5,35.0,SLIPPAGE_BASE,VALIDATION,51,959.9700000000012,2.226062301237599,18.82294117647061
FIRST_TRIANGLE_GOLD_EVIDENCE_XAUUSD_1751328000,33,52.5,57.5,35.0,SLIPPAGE_BASE,LOCKED_OOS,65,603.0299999999984,1.6351093745063112,9.277384615384591
FIRST_TRIANGLE_GOLD_EVIDENCE_XAUUSD_1751328000,33,52.5,57.5,35.0,SLIPPAGE_BASE,H1,139,1192.469999999999,1.664584157698503,8.578920863309344
FIRST_TRIANGLE_GOLD_EVIDENCE_XAUUSD_1751328000,33,52.5,57.5,35.0,SLIPPAGE_BASE,H2,65,603.0299999999984,1.6351093745063112,9.277384615384591
FIRST_TRIANGLE_GOLD_EVIDENCE_XAUUSD_1751328000,33,52.5,57.5,35.0,SLIPPAGE_BASE,ALL,204,1795.4999999999973,1.6543844303520658,8.801470588235281
FIRST_TRIANGLE_GOLD_EVIDENCE_XAUUSD_1751328000,34,52.5,57.5,35.0,COMMISSION_PLUS_25,DEVELOPMENT,88,232.49999999999773,1.2298930132299701,2.642045454545429
FIRST_TRIANGLE_GOLD_EVIDENCE_XAUUSD_1751328000,34,52.5,57.5,35.0,COMMISSION_PLUS_25,VALIDATION,51,959.9700000000012,2.226062301237599,18.82294117647061
FIRST_TRIANGLE_GOLD_EVIDENCE_XAUUSD_1751328000,34,52.5,57.5,35.0,COMMISSION_PLUS_25,LOCKED_OOS,65,603.0299999999984,1.6351093745063112,9.277384615384591
FIRST_TRIANGLE_GOLD_EVIDENCE_XAUUSD_1751328000,34,52.5,57.5,35.0,COMMISSION_PLUS_25,H1,139,1192.469999999999,1.664584157698503,8.578920863309344
FIRST_TRIANGLE_GOLD_EVIDENCE_XAUUSD_1751328000,34,52.5,57.5,35.0,COMMISSION_PLUS_25,H2,65,603.0299999999984,1.6351093745063112,9.277384615384591
FIRST_TRIANGLE_GOLD_EVIDENCE_XAUUSD_1751328000,34,52.5,57.5,35.0,COMMISSION_PLUS_25,ALL,204,1795.4999999999973,1.6543844303520658,8.801470588235281
FIRST_TRIANGLE_GOLD_EVIDENCE_XAUUSD_1751328000,35,52.5,57.5,35.0,COMBINED_STRESS,DEVELOPMENT,88,232.49999999999773,1.2298930132299701,2.642045454545429
FIRST_TRIANGLE_GOLD_EVIDENCE_XAUUSD_1751328000,35,52.5,57.5,35.0,COMBINED_STRESS,VALIDATION,51,959.9700000000012,2.226062301237599,18.82294117647061
FIRST_TRIANGLE_GOLD_EVIDENCE_XAUUSD_1751328000,35,52.5,57.5,35.0,COMBINED_STRESS,LOCKED_OOS,65,603.0299999999984,1.6351093745063112,9.277384615384591
FIRST_TRIANGLE_GOLD_EVIDENCE_XAUUSD_1751328000,35,52.5,57.5,35.0,COMBINED_STRESS,H1,139,1192.469999999999,1.664584157698503,8.578920863309344
FIRST_TRIANGLE_GOLD_EVIDENCE_XAUUSD_1751328000,35,52.5,57.5,35.0,COMBINED_STRESS,H2,65,603.0299999999984,1.6351093745063112,9.277384615384591
FIRST_TRIANGLE_GOLD_EVIDENCE_XAUUSD_1751328000,35,52.5,57.5,35.0,COMBINED_STRESS,ALL,204,1795.4999999999973,1.6543844303520658,8.801470588235281
FIRST_TRIANGLE_GOLD_EVIDENCE_XAUUSD_1751328000,36,52.5,57.5,37.5,BASE,DEVELOPMENT,88,459.719999999998,1.4545652302885266,5.2240909090908865
FIRST_TRIANGLE_GOLD_EVIDENCE_XAUUSD_1751328000,36,52.5,57.5,37.5,BASE,VALIDATION,51,892.4700000000012,2.1398521016130925,17.499411764705904
FIRST_TRIANGLE_GOLD_EVIDENCE_XAUUSD_1751328000,36,52.5,57.5,37.5,BASE,LOCKED_OOS,65,607.8499999999981,1.6401857839471685,9.351538461538432
FIRST_TRIANGLE_GOLD_EVIDENCE_XAUUSD_1751328000,36,52.5,57.5,37.5,BASE,H1,139,1352.1899999999991,1.753598876448329,9.727985611510785
FIRST_TRIANGLE_GOLD_EVIDENCE_XAUUSD_1751328000,36,52.5,57.5,37.5,BASE,H2,65,607.8499999999981,1.6401857839471685,9.351538461538432
FIRST_TRIANGLE_GOLD_EVIDENCE_XAUUSD_1751328000,36,52.5,57.5,37.5,BASE,ALL,204,1960.0399999999972,1.7143523580435882,9.608039215686262
FIRST_TRIANGLE_GOLD_EVIDENCE_XAUUSD_1751328000,37,52.5,57.5,37.5,SPREAD_PLUS_25,DEVELOPMENT,88,459.719999999998,1.4545652302885266,5.2240909090908865
FIRST_TRIANGLE_GOLD_EVIDENCE_XAUUSD_1751328000,37,52.5,57.5,37.5,SPREAD_PLUS_25,VALIDATION,51,892.4700000000012,2.1398521016130925,17.499411764705904
FIRST_TRIANGLE_GOLD_EVIDENCE_XAUUSD_1751328000,37,52.5,57.5,37.5,SPREAD_PLUS_25,LOCKED_OOS,65,607.8499999999981,1.6401857839471685,9.351538461538432
FIRST_TRIANGLE_GOLD_EVIDENCE_XAUUSD_1751328000,37,52.5,57.5,37.5,SPREAD_PLUS_25,H1,139,1352.1899999999991,1.753598876448329,9.727985611510785
FIRST_TRIANGLE_GOLD_EVIDENCE_XAUUSD_1751328000,37,52.5,57.5,37.5,SPREAD_PLUS_25,H2,65,607.8499999999981,1.6401857839471685,9.351538461538432
FIRST_TRIANGLE_GOLD_EVIDENCE_XAUUSD_1751328000,37,52.5,57.5,37.5,SPREAD_PLUS_25,ALL,204,1960.0399999999972,1.7143523580435882,9.608039215686262
FIRST_TRIANGLE_GOLD_EVIDENCE_XAUUSD_1751328000,38,52.5,57.5,37.5,SPREAD_PLUS_50,DEVELOPMENT,88,459.719999999998,1.4545652302885266,5.2240909090908865
FIRST_TRIANGLE_GOLD_EVIDENCE_XAUUSD_1751328000,38,52.5,57.5,37.5,SPREAD_PLUS_50,VALIDATION,51,892.4700000000012,2.1398521016130925,17.499411764705904
FIRST_TRIANGLE_GOLD_EVIDENCE_XAUUSD_1751328000,38,52.5,57.5,37.5,SPREAD_PLUS_50,LOCKED_OOS,65,607.8499999999981,1.6401857839471685,9.351538461538432
FIRST_TRIANGLE_GOLD_EVIDENCE_XAUUSD_1751328000,38,52.5,57.5,37.5,SPREAD_PLUS_50,H1,139,1352.1899999999991,1.753598876448329,9.727985611510785
FIRST_TRIANGLE_GOLD_EVIDENCE_XAUUSD_1751328000,38,52.5,57.5,37.5,SPREAD_PLUS_50,H2,65,607.8499999999981,1.6401857839471685,9.351538461538432
FIRST_TRIANGLE_GOLD_EVIDENCE_XAUUSD_1751328000,38,52.5,57.5,37.5,SPREAD_PLUS_50,ALL,204,1960.0399999999972,1.7143523580435882,9.608039215686262
FIRST_TRIANGLE_GOLD_EVIDENCE_XAUUSD_1751328000,39,52.5,57.5,37.5,SLIPPAGE_BASE,DEVELOPMENT,88,459.719999999998,1.4545652302885266,5.2240909090908865
FIRST_TRIANGLE_GOLD_EVIDENCE_XAUUSD_1751328000,39,52.5,57.5,37.5,SLIPPAGE_BASE,VALIDATION,51,892.4700000000012,2.1398521016130925,17.499411764705904
FIRST_TRIANGLE_GOLD_EVIDENCE_XAUUSD_1751328000,39,52.5,57.5,37.5,SLIPPAGE_BASE,LOCKED_OOS,65,607.8499999999981,1.6401857839471685,9.351538461538432
FIRST_TRIANGLE_GOLD_EVIDENCE_XAUUSD_1751328000,39,52.5,57.5,37.5,SLIPPAGE_BASE,H1,139,1352.1899999999991,1.753598876448329,9.727985611510785
FIRST_TRIANGLE_GOLD_EVIDENCE_XAUUSD_1751328000,39,52.5,57.5,37.5,SLIPPAGE_BASE,H2,65,607.8499999999981,1.6401857839471685,9.351538461538432
FIRST_TRIANGLE_GOLD_EVIDENCE_XAUUSD_1751328000,39,52.5,57.5,37.5,SLIPPAGE_BASE,ALL,204,1960.0399999999972,1.7143523580435882,9.608039215686262
FIRST_TRIANGLE_GOLD_EVIDENCE_XAUUSD_1751328000,40,52.5,57.5,37.5,COMMISSION_PLUS_25,DEVELOPMENT,88,459.719999999998,1.4545652302885266,5.2240909090908865
FIRST_TRIANGLE_GOLD_EVIDENCE_XAUUSD_1751328000,40,52.5,57.5,37.5,COMMISSION_PLUS_25,VALIDATION,51,892.4700000000012,2.1398521016130925,17.499411764705904
FIRST_TRIANGLE_GOLD_EVIDENCE_XAUUSD_1751328000,40,52.5,57.5,37.5,COMMISSION_PLUS_25,LOCKED_OOS,65,607.8499999999981,1.6401857839471685,9.351538461538432
FIRST_TRIANGLE_GOLD_EVIDENCE_XAUUSD_1751328000,40,52.5,57.5,37.5,COMMISSION_PLUS_25,H1,139,1352.1899999999991,1.753598876448329,9.727985611510785
FIRST_TRIANGLE_GOLD_EVIDENCE_XAUUSD_1751328000,40,52.5,57.5,37.5,COMMISSION_PLUS_25,H2,65,607.8499999999981,1.6401857839471685,9.351538461538432
FIRST_TRIANGLE_GOLD_EVIDENCE_XAUUSD_1751328000,40,52.5,57.5,37.5,COMMISSION_PLUS_25,ALL,204,1960.0399999999972,1.7143523580435882,9.608039215686262
FIRST_TRIANGLE_GOLD_EVIDENCE_XAUUSD_1751328000,41,52.5,57.5,37.5,COMBINED_STRESS,DEVELOPMENT,88,459.719999999998,1.4545652302885266,5.2240909090908865
FIRST_TRIANGLE_GOLD_EVIDENCE_XAUUSD_1751328000,41,52.5,57.5,37.5,COMBINED_STRESS,VALIDATION,51,892.4700000000012,2.1398521016130925,17.499411764705904
FIRST_TRIANGLE_GOLD_EVIDENCE_XAUUSD_1751328000,41,52.5,57.5,37.5,COMBINED_STRESS,LOCKED_OOS,65,607.8499999999981,1.6401857839471685,9.351538461538432
FIRST_TRIANGLE_GOLD_EVIDENCE_XAUUSD_1751328000,41,52.5,57.5,37.5,COMBINED_STRESS,H1,139,1352.1899999999991,1.753598876448329,9.727985611510785
FIRST_TRIANGLE_GOLD_EVIDENCE_XAUUSD_1751328000,41,52.5,57.5,37.5,COMBINED_STRESS,H2,65,607.8499999999981,1.6401857839471685,9.351538461538432
FIRST_TRIANGLE_GOLD_EVIDENCE_XAUUSD_1751328000,41,52.5,57.5,37.5,COMBINED_STRESS,ALL,204,1960.0399999999972,1.7143523580435882,9.608039215686262
FIRST_TRIANGLE_GOLD_EVIDENCE_XAUUSD_1751328000,42,52.5,60.0,22.5,BASE,DEVELOPMENT,88,88.45999999999822,1.079973962806591,1.0052272727272524
FIRST_TRIANGLE_GOLD_EVIDENCE_XAUUSD_1751328000,42,52.5,60.0,22.5,BASE,VALIDATION,51,937.7499999999991,2.1976831807093515,18.387254901960766
FIRST_TRIANGLE_GOLD_EVIDENCE_XAUUSD_1751328000,42,52.5,60.0,22.5,BASE,LOCKED_OOS,65,639.9499999999975,1.6739934069869051,9.845384615384578
FIRST_TRIANGLE_GOLD_EVIDENCE_XAUUSD_1751328000,42,52.5,60.0,22.5,BASE,H1,139,1026.2099999999973,1.5432326846930777,7.3828057553956645
FIRST_TRIANGLE_GOLD_EVIDENCE_XAUUSD_1751328000,42,52.5,60.0,22.5,BASE,H2,65,639.9499999999975,1.6739934069869051,9.845384615384578
FIRST_TRIANGLE_GOLD_EVIDENCE_XAUUSD_1751328000,42,52.5,60.0,22.5,BASE,ALL,204,1666.1599999999949,1.5869716089439385,8.167450980392132
FIRST_TRIANGLE_GOLD_EVIDENCE_XAUUSD_1751328000,43,52.5,60.0,22.5,SPREAD_PLUS_25,DEVELOPMENT,88,88.45999999999822,1.079973962806591,1.0052272727272524
FIRST_TRIANGLE_GOLD_EVIDENCE_XAUUSD_1751328000,43,52.5,60.0,22.5,SPREAD_PLUS_25,VALIDATION,51,937.7499999999991,2.1976831807093515,18.387254901960766
FIRST_TRIANGLE_GOLD_EVIDENCE_XAUUSD_1751328000,43,52.5,60.0,22.5,SPREAD_PLUS_25,LOCKED_OOS,65,639.9499999999975,1.6739934069869051,9.845384615384578
FIRST_TRIANGLE_GOLD_EVIDENCE_XAUUSD_1751328000,43,52.5,60.0,22.5,SPREAD_PLUS_25,H1,139,1026.2099999999973,1.5432326846930777,7.3828057553956645
FIRST_TRIANGLE_GOLD_EVIDENCE_XAUUSD_1751328000,43,52.5,60.0,22.5,SPREAD_PLUS_25,H2,65,639.9499999999975,1.6739934069869051,9.845384615384578
FIRST_TRIANGLE_GOLD_EVIDENCE_XAUUSD_1751328000,43,52.5,60.0,22.5,SPREAD_PLUS_25,ALL,204,1666.1599999999949,1.5869716089439385,8.167450980392132
FIRST_TRIANGLE_GOLD_EVIDENCE_XAUUSD_1751328000,44,52.5,60.0,22.5,SPREAD_PLUS_50,DEVELOPMENT,88,88.45999999999822,1.079973962806591,1.0052272727272524
FIRST_TRIANGLE_GOLD_EVIDENCE_XAUUSD_1751328000,44,52.5,60.0,22.5,SPREAD_PLUS_50,VALIDATION,51,937.7499999999991,2.1976831807093515,18.387254901960766
FIRST_TRIANGLE_GOLD_EVIDENCE_XAUUSD_1751328000,44,52.5,60.0,22.5,SPREAD_PLUS_50,LOCKED_OOS,65,639.9499999999975,1.6739934069869051,9.845384615384578
FIRST_TRIANGLE_GOLD_EVIDENCE_XAUUSD_1751328000,44,52.5,60.0,22.5,SPREAD_PLUS_50,H1,139,1026.2099999999973,1.5432326846930777,7.3828057553956645
FIRST_TRIANGLE_GOLD_EVIDENCE_XAUUSD_1751328000,44,52.5,60.0,22.5,SPREAD_PLUS_50,H2,65,639.9499999999975,1.6739934069869051,9.845384615384578
FIRST_TRIANGLE_GOLD_EVIDENCE_XAUUSD_1751328000,44,52.5,60.0,22.5,SPREAD_PLUS_50,ALL,204,1666.1599999999949,1.5869716089439385,8.167450980392132
FIRST_TRIANGLE_GOLD_EVIDENCE_XAUUSD_1751328000,45,52.5,60.0,22.5,SLIPPAGE_BASE,DEVELOPMENT,88,88.45999999999822,1.079973962806591,1.0052272727272524
FIRST_TRIANGLE_GOLD_EVIDENCE_XAUUSD_1751328000,45,52.5,60.0,22.5,SLIPPAGE_BASE,VALIDATION,51,937.7499999999991,2.1976831807093515,18.387254901960766
FIRST_TRIANGLE_GOLD_EVIDENCE_XAUUSD_1751328000,45,52.5,60.0,22.5,SLIPPAGE_BASE,LOCKED_OOS,65,639.9499999999975,1.6739934069869051,9.845384615384578
FIRST_TRIANGLE_GOLD_EVIDENCE_XAUUSD_1751328000,45,52.5,60.0,22.5,SLIPPAGE_BASE,H1,139,1026.2099999999973,1.5432326846930777,7.3828057553956645
FIRST_TRIANGLE_GOLD_EVIDENCE_XAUUSD_1751328000,45,52.5,60.0,22.5,SLIPPAGE_BASE,H2,65,639.9499999999975,1.6739934069869051,9.845384615384578
FIRST_TRIANGLE_GOLD_EVIDENCE_XAUUSD_1751328000,45,52.5,60.0,22.5,SLIPPAGE_BASE,ALL,204,1666.1599999999949,1.5869716089439385,8.167450980392132
FIRST_TRIANGLE_GOLD_EVIDENCE_XAUUSD_1751328000,46,52.5,60.0,22.5,COMMISSION_PLUS_25,DEVELOPMENT,88,88.45999999999822,1.079973962806591,1.0052272727272524
FIRST_TRIANGLE_GOLD_EVIDENCE_XAUUSD_1751328000,46,52.5,60.0,22.5,COMMISSION_PLUS_25,VALIDATION,51,937.7499999999991,2.1976831807093515,18.387254901960766
FIRST_TRIANGLE_GOLD_EVIDENCE_XAUUSD_1751328000,46,52.5,60.0,22.5,COMMISSION_PLUS_25,LOCKED_OOS,65,639.9499999999975,1.6739934069869051,9.845384615384578
FIRST_TRIANGLE_GOLD_EVIDENCE_XAUUSD_1751328000,46,52.5,60.0,22.5,COMMISSION_PLUS_25,H1,139,1026.2099999999973,1.5432326846930777,7.3828057553956645
FIRST_TRIANGLE_GOLD_EVIDENCE_XAUUSD_1751328000,46,52.5,60.0,22.5,COMMISSION_PLUS_25,H2,65,639.9499999999975,1.6739934069869051,9.845384615384578
FIRST_TRIANGLE_GOLD_EVIDENCE_XAUUSD_1751328000,46,52.5,60.0,22.5,COMMISSION_PLUS_25,ALL,204,1666.1599999999949,1.5869716089439385,8.167450980392132
FIRST_TRIANGLE_GOLD_EVIDENCE_XAUUSD_1751328000,47,52.5,60.0,22.5,COMBINED_STRESS,DEVELOPMENT,88,88.45999999999822,1.079973962806591,1.0052272727272524
FIRST_TRIANGLE_GOLD_EVIDENCE_XAUUSD_1751328000,47,52.5,60.0,22.5,COMBINED_STRESS,VALIDATION,51,937.7499999999991,2.1976831807093515,18.387254901960766
FIRST_TRIANGLE_GOLD_EVIDENCE_XAUUSD_1751328000,47,52.5,60.0,22.5,COMBINED_STRESS,LOCKED_OOS,65,639.9499999999975,1.6739934069869051,9.845384615384578
FIRST_TRIANGLE_GOLD_EVIDENCE_XAUUSD_1751328000,47,52.5,60.0,22.5,COMBINED_STRESS,H1,139,1026.2099999999973,1.5432326846930777,7.3828057553956645
FIRST_TRIANGLE_GOLD_EVIDENCE_XAUUSD_1751328000,47,52.5,60.0,22.5,COMBINED_STRESS,H2,65,639.9499999999975,1.6739934069869051,9.845384615384578
FIRST_TRIANGLE_GOLD_EVIDENCE_XAUUSD_1751328000,47,52.5,60.0,22.5,COMBINED_STRESS,ALL,204,1666.1599999999949,1.5869716089439385,8.167450980392132
FIRST_TRIANGLE_GOLD_EVIDENCE_XAUUSD_1751328000,48,52.5,60.0,25.0,BASE,DEVELOPMENT,88,223.08999999999787,1.2133362659220424,2.535113636363612
FIRST_TRIANGLE_GOLD_EVIDENCE_XAUUSD_1751328000,48,52.5,60.0,25.0,BASE,VALIDATION,51,941.8900000000003,2.2029707396196563,18.468431372549027
FIRST_TRIANGLE_GOLD_EVIDENCE_XAUUSD_1751328000,48,52.5,60.0,25.0,BASE,LOCKED_OOS,65,641.9399999999973,1.6760892689759725,9.875999999999959
FIRST_TRIANGLE_GOLD_EVIDENCE_XAUUSD_1751328000,48,52.5,60.0,25.0,BASE,H1,139,1164.9799999999982,1.6370571283268351,8.381151079136679
FIRST_TRIANGLE_GOLD_EVIDENCE_XAUUSD_1751328000,48,52.5,60.0,25.0,BASE,H2,65,641.9399999999973,1.6760892689759725,9.875999999999959
FIRST_TRIANGLE_GOLD_EVIDENCE_XAUUSD_1751328000,48,52.5,60.0,25.0,BASE,ALL,204,1806.9199999999955,1.650397022511139,8.857450980392136
FIRST_TRIANGLE_GOLD_EVIDENCE_XAUUSD_1751328000,49,52.5,60.0,25.0,SPREAD_PLUS_25,DEVELOPMENT,88,223.08999999999787,1.2133362659220424,2.535113636363612
FIRST_TRIANGLE_GOLD_EVIDENCE_XAUUSD_1751328000,49,52.5,60.0,25.0,SPREAD_PLUS_25,VALIDATION,51,941.8900000000003,2.2029707396196563,18.468431372549027
FIRST_TRIANGLE_GOLD_EVIDENCE_XAUUSD_1751328000,49,52.5,60.0,25.0,SPREAD_PLUS_25,LOCKED_OOS,65,641.9399999999973,1.6760892689759725,9.875999999999959
FIRST_TRIANGLE_GOLD_EVIDENCE_XAUUSD_1751328000,49,52.5,60.0,25.0,SPREAD_PLUS_25,H1,139,1164.9799999999982,1.6370571283268351,8.381151079136679
FIRST_TRIANGLE_GOLD_EVIDENCE_XAUUSD_1751328000,49,52.5,60.0,25.0,SPREAD_PLUS_25,H2,65,641.9399999999973,1.6760892689759725,9.875999999999959
FIRST_TRIANGLE_GOLD_EVIDENCE_XAUUSD_1751328000,49,52.5,60.0,25.0,SPREAD_PLUS_25,ALL,204,1806.9199999999955,1.650397022511139,8.857450980392136
FIRST_TRIANGLE_GOLD_EVIDENCE_XAUUSD_1751328000,50,52.5,60.0,25.0,SPREAD_PLUS_50,DEVELOPMENT,88,223.08999999999787,1.2133362659220424,2.535113636363612
FIRST_TRIANGLE_GOLD_EVIDENCE_XAUUSD_1751328000,50,52.5,60.0,25.0,SPREAD_PLUS_50,VALIDATION,51,941.8900000000003,2.2029707396196563,18.468431372549027
FIRST_TRIANGLE_GOLD_EVIDENCE_XAUUSD_1751328000,50,52.5,60.0,25.0,SPREAD_PLUS_50,LOCKED_OOS,65,641.9399999999973,1.6760892689759725,9.875999999999959
FIRST_TRIANGLE_GOLD_EVIDENCE_XAUUSD_1751328000,50,52.5,60.0,25.0,SPREAD_PLUS_50,H1,139,1164.9799999999982,1.6370571283268351,8.381151079136679
FIRST_TRIANGLE_GOLD_EVIDENCE_XAUUSD_1751328000,50,52.5,60.0,25.0,SPREAD_PLUS_50,H2,65,641.9399999999973,1.6760892689759725,9.875999999999959
FIRST_TRIANGLE_GOLD_EVIDENCE_XAUUSD_1751328000,50,52.5,60.0,25.0,SPREAD_PLUS_50,ALL,204,1806.9199999999955,1.650397022511139,8.857450980392136
FIRST_TRIANGLE_GOLD_EVIDENCE_XAUUSD_1751328000,51,52.5,60.0,25.0,SLIPPAGE_BASE,DEVELOPMENT,88,223.08999999999787,1.2133362659220424,2.535113636363612
FIRST_TRIANGLE_GOLD_EVIDENCE_XAUUSD_1751328000,51,52.5,60.0,25.0,SLIPPAGE_BASE,VALIDATION,51,941.8900000000003,2.2029707396196563,18.468431372549027
FIRST_TRIANGLE_GOLD_EVIDENCE_XAUUSD_1751328000,51,52.5,60.0,25.0,SLIPPAGE_BASE,LOCKED_OOS,65,641.9399999999973,1.6760892689759725,9.875999999999959
FIRST_TRIANGLE_GOLD_EVIDENCE_XAUUSD_1751328000,51,52.5,60.0,25.0,SLIPPAGE_BASE,H1,139,1164.9799999999982,1.6370571283268351,8.381151079136679
FIRST_TRIANGLE_GOLD_EVIDENCE_XAUUSD_1751328000,51,52.5,60.0,25.0,SLIPPAGE_BASE,H2,65,641.9399999999973,1.6760892689759725,9.875999999999959
FIRST_TRIANGLE_GOLD_EVIDENCE_XAUUSD_1751328000,51,52.5,60.0,25.0,SLIPPAGE_BASE,ALL,204,1806.9199999999955,1.650397022511139,8.857450980392136
FIRST_TRIANGLE_GOLD_EVIDENCE_XAUUSD_1751328000,52,52.5,60.0,25.0,COMMISSION_PLUS_25,DEVELOPMENT,88,223.08999999999787,1.2133362659220424,2.535113636363612
FIRST_TRIANGLE_GOLD_EVIDENCE_XAUUSD_1751328000,52,52.5,60.0,25.0,COMMISSION_PLUS_25,VALIDATION,51,941.8900000000003,2.2029707396196563,18.468431372549027
FIRST_TRIANGLE_GOLD_EVIDENCE_XAUUSD_1751328000,52,52.5,60.0,25.0,COMMISSION_PLUS_25,LOCKED_OOS,65,641.9399999999973,1.6760892689759725,9.875999999999959
FIRST_TRIANGLE_GOLD_EVIDENCE_XAUUSD_1751328000,52,52.5,60.0,25.0,COMMISSION_PLUS_25,H1,139,1164.9799999999982,1.6370571283268351,8.381151079136679
FIRST_TRIANGLE_GOLD_EVIDENCE_XAUUSD_1751328000,52,52.5,60.0,25.0,COMMISSION_PLUS_25,H2,65,641.9399999999973,1.6760892689759725,9.875999999999959
FIRST_TRIANGLE_GOLD_EVIDENCE_XAUUSD_1751328000,52,52.5,60.0,25.0,COMMISSION_PLUS_25,ALL,204,1806.9199999999955,1.650397022511139,8.857450980392136
FIRST_TRIANGLE_GOLD_EVIDENCE_XAUUSD_1751328000,53,52.5,60.0,25.0,COMBINED_STRESS,DEVELOPMENT,88,223.08999999999787,1.2133362659220424,2.535113636363612
FIRST_TRIANGLE_GOLD_EVIDENCE_XAUUSD_1751328000,53,52.5,60.0,25.0,COMBINED_STRESS,VALIDATION,51,941.8900000000003,2.2029707396196563,18.468431372549027
FIRST_TRIANGLE_GOLD_EVIDENCE_XAUUSD_1751328000,53,52.5,60.0,25.0,COMBINED_STRESS,LOCKED_OOS,65,641.9399999999973,1.6760892689759725,9.875999999999959
FIRST_TRIANGLE_GOLD_EVIDENCE_XAUUSD_1751328000,53,52.5,60.0,25.0,COMBINED_STRESS,H1,139,1164.9799999999982,1.6370571283268351,8.381151079136679
FIRST_TRIANGLE_GOLD_EVIDENCE_XAUUSD_1751328000,53,52.5,60.0,25.0,COMBINED_STRESS,H2,65,641.9399999999973,1.6760892689759725,9.875999999999959
FIRST_TRIANGLE_GOLD_EVIDENCE_XAUUSD_1751328000,53,52.5,60.0,25.0,COMBINED_STRESS,ALL,204,1806.9199999999955,1.650397022511139,8.857450980392136
FIRST_TRIANGLE_GOLD_EVIDENCE_XAUUSD_1751328000,54,52.5,60.0,27.5,BASE,DEVELOPMENT,88,180.58999999999787,1.1726944115059463,2.0521590909090666
FIRST_TRIANGLE_GOLD_EVIDENCE_XAUUSD_1751328000,54,52.5,60.0,27.5,BASE,VALIDATION,51,874.3900000000003,2.1167605399951492,17.14490196078432
FIRST_TRIANGLE_GOLD_EVIDENCE_XAUUSD_1751328000,54,52.5,60.0,27.5,BASE,LOCKED_OOS,65,653.8399999999974,1.6886223130312024,10.059076923076884
FIRST_TRIANGLE_GOLD_EVIDENCE_XAUUSD_1751328000,54,52.5,60.0,27.5,BASE,H1,139,1054.9799999999982,1.5769047788307478,7.589784172661857
FIRST_TRIANGLE_GOLD_EVIDENCE_XAUUSD_1751328000,54,52.5,60.0,27.5,BASE,H2,65,653.8399999999974,1.6886223130312024,10.059076923076884
FIRST_TRIANGLE_GOLD_EVIDENCE_XAUUSD_1751328000,54,52.5,60.0,27.5,BASE,ALL,204,1708.8199999999956,1.615086135527575,8.37656862745096
FIRST_TRIANGLE_GOLD_EVIDENCE_XAUUSD_1751328000,55,52.5,60.0,27.5,SPREAD_PLUS_25,DEVELOPMENT,88,180.58999999999787,1.1726944115059463,2.0521590909090666
FIRST_TRIANGLE_GOLD_EVIDENCE_XAUUSD_1751328000,55,52.5,60.0,27.5,SPREAD_PLUS_25,VALIDATION,51,874.3900000000003,2.1167605399951492,17.14490196078432
FIRST_TRIANGLE_GOLD_EVIDENCE_XAUUSD_1751328000,55,52.5,60.0,27.5,SPREAD_PLUS_25,LOCKED_OOS,65,653.8399999999974,1.6886223130312024,10.059076923076884
FIRST_TRIANGLE_GOLD_EVIDENCE_XAUUSD_1751328000,55,52.5,60.0,27.5,SPREAD_PLUS_25,H1,139,1054.9799999999982,1.5769047788307478,7.589784172661857
FIRST_TRIANGLE_GOLD_EVIDENCE_XAUUSD_1751328000,55,52.5,60.0,27.5,SPREAD_PLUS_25,H2,65,653.8399999999974,1.6886223130312024,10.059076923076884
FIRST_TRIANGLE_GOLD_EVIDENCE_XAUUSD_1751328000,55,52.5,60.0,27.5,SPREAD_PLUS_25,ALL,204,1708.8199999999956,1.615086135527575,8.37656862745096
FIRST_TRIANGLE_GOLD_EVIDENCE_XAUUSD_1751328000,56,52.5,60.0,27.5,SPREAD_PLUS_50,DEVELOPMENT,88,180.58999999999787,1.1726944115059463,2.0521590909090666
FIRST_TRIANGLE_GOLD_EVIDENCE_XAUUSD_1751328000,56,52.5,60.0,27.5,SPREAD_PLUS_50,VALIDATION,51,874.3900000000003,2.1167605399951492,17.14490196078432
FIRST_TRIANGLE_GOLD_EVIDENCE_XAUUSD_1751328000,56,52.5,60.0,27.5,SPREAD_PLUS_50,LOCKED_OOS,65,653.8399999999974,1.6886223130312024,10.059076923076884
FIRST_TRIANGLE_GOLD_EVIDENCE_XAUUSD_1751328000,56,52.5,60.0,27.5,SPREAD_PLUS_50,H1,139,1054.9799999999982,1.5769047788307478,7.589784172661857
FIRST_TRIANGLE_GOLD_EVIDENCE_XAUUSD_1751328000,56,52.5,60.0,27.5,SPREAD_PLUS_50,H2,65,653.8399999999974,1.6886223130312024,10.059076923076884
FIRST_TRIANGLE_GOLD_EVIDENCE_XAUUSD_1751328000,56,52.5,60.0,27.5,SPREAD_PLUS_50,ALL,204,1708.8199999999956,1.615086135527575,8.37656862745096
FIRST_TRIANGLE_GOLD_EVIDENCE_XAUUSD_1751328000,57,52.5,60.0,27.5,SLIPPAGE_BASE,DEVELOPMENT,88,180.58999999999787,1.1726944115059463,2.0521590909090666
FIRST_TRIANGLE_GOLD_EVIDENCE_XAUUSD_1751328000,57,52.5,60.0,27.5,SLIPPAGE_BASE,VALIDATION,51,874.3900000000003,2.1167605399951492,17.14490196078432
FIRST_TRIANGLE_GOLD_EVIDENCE_XAUUSD_1751328000,57,52.5,60.0,27.5,SLIPPAGE_BASE,LOCKED_OOS,65,653.8399999999974,1.6886223130312024,10.059076923076884
FIRST_TRIANGLE_GOLD_EVIDENCE_XAUUSD_1751328000,57,52.5,60.0,27.5,SLIPPAGE_BASE,H1,139,1054.9799999999982,1.5769047788307478,7.589784172661857
FIRST_TRIANGLE_GOLD_EVIDENCE_XAUUSD_1751328000,57,52.5,60.0,27.5,SLIPPAGE_BASE,H2,65,653.8399999999974,1.6886223130312024,10.059076923076884
FIRST_TRIANGLE_GOLD_EVIDENCE_XAUUSD_1751328000,57,52.5,60.0,27.5,SLIPPAGE_BASE,ALL,204,1708.8199999999956,1.615086135527575,8.37656862745096
FIRST_TRIANGLE_GOLD_EVIDENCE_XAUUSD_1751328000,58,52.5,60.0,27.5,COMMISSION_PLUS_25,DEVELOPMENT,88,180.58999999999787,1.1726944115059463,2.0521590909090666
FIRST_TRIANGLE_GOLD_EVIDENCE_XAUUSD_1751328000,58,52.5,60.0,27.5,COMMISSION_PLUS_25,VALIDATION,51,874.3900000000003,2.1167605399951492,17.14490196078432
FIRST_TRIANGLE_GOLD_EVIDENCE_XAUUSD_1751328000,58,52.5,60.0,27.5,COMMISSION_PLUS_25,LOCKED_OOS,65,653.8399999999974,1.6886223130312024,10.059076923076884
FIRST_TRIANGLE_GOLD_EVIDENCE_XAUUSD_1751328000,58,52.5,60.0,27.5,COMMISSION_PLUS_25,H1,139,1054.9799999999982,1.5769047788307478,7.589784172661857
FIRST_TRIANGLE_GOLD_EVIDENCE_XAUUSD_1751328000,58,52.5,60.0,27.5,COMMISSION_PLUS_25,H2,65,653.8399999999974,1.6886223130312024,10.059076923076884
FIRST_TRIANGLE_GOLD_EVIDENCE_XAUUSD_1751328000,58,52.5,60.0,27.5,COMMISSION_PLUS_25,ALL,204,1708.8199999999956,1.615086135527575,8.37656862745096
FIRST_TRIANGLE_GOLD_EVIDENCE_XAUUSD_1751328000,59,52.5,60.0,27.5,COMBINED_STRESS,DEVELOPMENT,88,180.58999999999787,1.1726944115059463,2.0521590909090666
FIRST_TRIANGLE_GOLD_EVIDENCE_XAUUSD_1751328000,59,52.5,60.0,27.5,COMBINED_STRESS,VALIDATION,51,874.3900000000003,2.1167605399951492,17.14490196078432
FIRST_TRIANGLE_GOLD_EVIDENCE_XAUUSD_1751328000,59,52.5,60.0,27.5,COMBINED_STRESS,LOCKED_OOS,65,653.8399999999974,1.6886223130312024,10.059076923076884
FIRST_TRIANGLE_GOLD_EVIDENCE_XAUUSD_1751328000,59,52.5,60.0,27.5,COMBINED_STRESS,H1,139,1054.9799999999982,1.5769047788307478,7.589784172661857
FIRST_TRIANGLE_GOLD_EVIDENCE_XAUUSD_1751328000,59,52.5,60.0,27.5,COMBINED_STRESS,H2,65,653.8399999999974,1.6886223130312024,10.059076923076884
FIRST_TRIANGLE_GOLD_EVIDENCE_XAUUSD_1751328000,59,52.5,60.0,27.5,COMBINED_STRESS,ALL,204,1708.8199999999956,1.615086135527575,8.37656862745096
FIRST_TRIANGLE_GOLD_EVIDENCE_XAUUSD_1751328000,60,52.5,60.0,30.0,BASE,DEVELOPMENT,88,138.08999999999787,1.13205255708985,1.5692045454545214
FIRST_TRIANGLE_GOLD_EVIDENCE_XAUUSD_1751328000,60,52.5,60.0,30.0,BASE,VALIDATION,51,965.5500000000011,2.233189011073225,18.932352941176493
FIRST_TRIANGLE_GOLD_EVIDENCE_XAUUSD_1751328000,60,52.5,60.0,30.0,BASE,LOCKED_OOS,65,593.8399999999974,1.6254304942653386,9.13599999999996
FIRST_TRIANGLE_GOLD_EVIDENCE_XAUUSD_1751328000,60,52.5,60.0,30.0,BASE,H1,139,1103.639999999999,1.6035139908896536,7.939856115107906
FIRST_TRIANGLE_GOLD_EVIDENCE_XAUUSD_1751328000,60,52.5,60.0,30.0,BASE,H2,65,593.8399999999974,1.6254304942653386,9.13599999999996
FIRST_TRIANGLE_GOLD_EVIDENCE_XAUUSD_1751328000,60,52.5,60.0,30.0,BASE,ALL,204,1697.4799999999964,1.6110043265735114,8.320980392156844
FIRST_TRIANGLE_GOLD_EVIDENCE_XAUUSD_1751328000,61,52.5,60.0,30.0,SPREAD_PLUS_25,DEVELOPMENT,88,138.08999999999787,1.13205255708985,1.5692045454545214
FIRST_TRIANGLE_GOLD_EVIDENCE_XAUUSD_1751328000,61,52.5,60.0,30.0,SPREAD_PLUS_25,VALIDATION,51,965.5500000000011,2.233189011073225,18.932352941176493
FIRST_TRIANGLE_GOLD_EVIDENCE_XAUUSD_1751328000,61,52.5,60.0,30.0,SPREAD_PLUS_25,LOCKED_OOS,65,593.8399999999974,1.6254304942653386,9.13599999999996
FIRST_TRIANGLE_GOLD_EVIDENCE_XAUUSD_1751328000,61,52.5,60.0,30.0,SPREAD_PLUS_25,H1,139,1103.639999999999,1.6035139908896536,7.939856115107906
FIRST_TRIANGLE_GOLD_EVIDENCE_XAUUSD_1751328000,61,52.5,60.0,30.0,SPREAD_PLUS_25,H2,65,593.8399999999974,1.6254304942653386,9.13599999999996
FIRST_TRIANGLE_GOLD_EVIDENCE_XAUUSD_1751328000,61,52.5,60.0,30.0,SPREAD_PLUS_25,ALL,204,1697.4799999999964,1.6110043265735114,8.320980392156844
FIRST_TRIANGLE_GOLD_EVIDENCE_XAUUSD_1751328000,62,52.5,60.0,30.0,SPREAD_PLUS_50,DEVELOPMENT,88,138.08999999999787,1.13205255708985,1.5692045454545214
FIRST_TRIANGLE_GOLD_EVIDENCE_XAUUSD_1751328000,62,52.5,60.0,30.0,SPREAD_PLUS_50,VALIDATION,51,965.5500000000011,2.233189011073225,18.932352941176493
FIRST_TRIANGLE_GOLD_EVIDENCE_XAUUSD_1751328000,62,52.5,60.0,30.0,SPREAD_PLUS_50,LOCKED_OOS,65,593.8399999999974,1.6254304942653386,9.13599999999996
FIRST_TRIANGLE_GOLD_EVIDENCE_XAUUSD_1751328000,62,52.5,60.0,30.0,SPREAD_PLUS_50,H1,139,1103.639999999999,1.6035139908896536,7.939856115107906
FIRST_TRIANGLE_GOLD_EVIDENCE_XAUUSD_1751328000,62,52.5,60.0,30.0,SPREAD_PLUS_50,H2,65,593.8399999999974,1.6254304942653386,9.13599999999996
FIRST_TRIANGLE_GOLD_EVIDENCE_XAUUSD_1751328000,62,52.5,60.0,30.0,SPREAD_PLUS_50,ALL,204,1697.4799999999964,1.6110043265735114,8.320980392156844
FIRST_TRIANGLE_GOLD_EVIDENCE_XAUUSD_1751328000,63,52.5,60.0,30.0,SLIPPAGE_BASE,DEVELOPMENT,88,138.08999999999787,1.13205255708985,1.5692045454545214
FIRST_TRIANGLE_GOLD_EVIDENCE_XAUUSD_1751328000,63,52.5,60.0,30.0,SLIPPAGE_BASE,VALIDATION,51,965.5500000000011,2.233189011073225,18.932352941176493
FIRST_TRIANGLE_GOLD_EVIDENCE_XAUUSD_1751328000,63,52.5,60.0,30.0,SLIPPAGE_BASE,LOCKED_OOS,65,593.8399999999974,1.6254304942653386,9.13599999999996
FIRST_TRIANGLE_GOLD_EVIDENCE_XAUUSD_1751328000,63,52.5,60.0,30.0,SLIPPAGE_BASE,H1,139,1103.639999999999,1.6035139908896536,7.939856115107906
FIRST_TRIANGLE_GOLD_EVIDENCE_XAUUSD_1751328000,63,52.5,60.0,30.0,SLIPPAGE_BASE,H2,65,593.8399999999974,1.6254304942653386,9.13599999999996
FIRST_TRIANGLE_GOLD_EVIDENCE_XAUUSD_1751328000,63,52.5,60.0,30.0,SLIPPAGE_BASE,ALL,204,1697.4799999999964,1.6110043265735114,8.320980392156844
FIRST_TRIANGLE_GOLD_EVIDENCE_XAUUSD_1751328000,64,52.5,60.0,30.0,COMMISSION_PLUS_25,DEVELOPMENT,88,138.08999999999787,1.13205255708985,1.5692045454545214
FIRST_TRIANGLE_GOLD_EVIDENCE_XAUUSD_1751328000,64,52.5,60.0,30.0,COMMISSION_PLUS_25,VALIDATION,51,965.5500000000011,2.233189011073225,18.932352941176493
FIRST_TRIANGLE_GOLD_EVIDENCE_XAUUSD_1751328000,64,52.5,60.0,30.0,COMMISSION_PLUS_25,LOCKED_OOS,65,593.8399999999974,1.6254304942653386,9.13599999999996
FIRST_TRIANGLE_GOLD_EVIDENCE_XAUUSD_1751328000,64,52.5,60.0,30.0,COMMISSION_PLUS_25,H1,139,1103.639999999999,1.6035139908896536,7.939856115107906
FIRST_TRIANGLE_GOLD_EVIDENCE_XAUUSD_1751328000,64,52.5,60.0,30.0,COMMISSION_PLUS_25,H2,65,593.8399999999974,1.6254304942653386,9.13599999999996
FIRST_TRIANGLE_GOLD_EVIDENCE_XAUUSD_1751328000,64,52.5,60.0,30.0,COMMISSION_PLUS_25,ALL,204,1697.4799999999964,1.6110043265735114,8.320980392156844
FIRST_TRIANGLE_GOLD_EVIDENCE_XAUUSD_1751328000,65,52.5,60.0,30.0,COMBINED_STRESS,DEVELOPMENT,88,138.08999999999787,1.13205255708985,1.5692045454545214
FIRST_TRIANGLE_GOLD_EVIDENCE_XAUUSD_1751328000,65,52.5,60.0,30.0,COMBINED_STRESS,VALIDATION,51,965.5500000000011,2.233189011073225,18.932352941176493
FIRST_TRIANGLE_GOLD_EVIDENCE_XAUUSD_1751328000,65,52.5,60.0,30.0,COMBINED_STRESS,LOCKED_OOS,65,593.8399999999974,1.6254304942653386,9.13599999999996
FIRST_TRIANGLE_GOLD_EVIDENCE_XAUUSD_1751328000,65,52.5,60.0,30.0,COMBINED_STRESS,H1,139,1103.639999999999,1.6035139908896536,7.939856115107906
FIRST_TRIANGLE_GOLD_EVIDENCE_XAUUSD_1751328000,65,52.5,60.0,30.0,COMBINED_STRESS,H2,65,593.8399999999974,1.6254304942653386,9.13599999999996
FIRST_TRIANGLE_GOLD_EVIDENCE_XAUUSD_1751328000,65,52.5,60.0,30.0,COMBINED_STRESS,ALL,204,1697.4799999999964,1.6110043265735114,8.320980392156844
FIRST_TRIANGLE_GOLD_EVIDENCE_XAUUSD_1751328000,66,52.5,60.0,32.5,BASE,DEVELOPMENT,88,138.56999999999744,1.1325115709750198,1.5746590909090619
FIRST_TRIANGLE_GOLD_EVIDENCE_XAUUSD_1751328000,66,52.5,60.0,32.5,BASE,VALIDATION,51,906.460000000001,2.1577199637278603,17.773725490196096
FIRST_TRIANGLE_GOLD_EVIDENCE_XAUUSD_1751328000,66,52.5,60.0,32.5,BASE,LOCKED_OOS,65,585.8699999999981,1.6170365143392738,9.013384615384586
FIRST_TRIANGLE_GOLD_EVIDENCE_XAUUSD_1751328000,66,52.5,60.0,32.5,BASE,H1,139,1045.0299999999984,1.5714637253990562,7.51820143884891
FIRST_TRIANGLE_GOLD_EVIDENCE_XAUUSD_1751328000,66,52.5,60.0,32.5,BASE,H2,65,585.8699999999981,1.6170365143392738,9.013384615384586
FIRST_TRIANGLE_GOLD_EVIDENCE_XAUUSD_1751328000,66,52.5,60.0,32.5,BASE,ALL,204,1630.8999999999965,1.5870389967532694,7.994607843137238
FIRST_TRIANGLE_GOLD_EVIDENCE_XAUUSD_1751328000,67,52.5,60.0,32.5,SPREAD_PLUS_25,DEVELOPMENT,88,138.56999999999744,1.1325115709750198,1.5746590909090619
FIRST_TRIANGLE_GOLD_EVIDENCE_XAUUSD_1751328000,67,52.5,60.0,32.5,SPREAD_PLUS_25,VALIDATION,51,906.460000000001,2.1577199637278603,17.773725490196096
FIRST_TRIANGLE_GOLD_EVIDENCE_XAUUSD_1751328000,67,52.5,60.0,32.5,SPREAD_PLUS_25,LOCKED_OOS,65,585.8699999999981,1.6170365143392738,9.013384615384586
FIRST_TRIANGLE_GOLD_EVIDENCE_XAUUSD_1751328000,67,52.5,60.0,32.5,SPREAD_PLUS_25,H1,139,1045.0299999999984,1.5714637253990562,7.51820143884891
FIRST_TRIANGLE_GOLD_EVIDENCE_XAUUSD_1751328000,67,52.5,60.0,32.5,SPREAD_PLUS_25,H2,65,585.8699999999981,1.6170365143392738,9.013384615384586
FIRST_TRIANGLE_GOLD_EVIDENCE_XAUUSD_1751328000,67,52.5,60.0,32.5,SPREAD_PLUS_25,ALL,204,1630.8999999999965,1.5870389967532694,7.994607843137238
FIRST_TRIANGLE_GOLD_EVIDENCE_XAUUSD_1751328000,68,52.5,60.0,32.5,SPREAD_PLUS_50,DEVELOPMENT,88,138.56999999999744,1.1325115709750198,1.5746590909090619
FIRST_TRIANGLE_GOLD_EVIDENCE_XAUUSD_1751328000,68,52.5,60.0,32.5,SPREAD_PLUS_50,VALIDATION,51,906.460000000001,2.1577199637278603,17.773725490196096
FIRST_TRIANGLE_GOLD_EVIDENCE_XAUUSD_1751328000,68,52.5,60.0,32.5,SPREAD_PLUS_50,LOCKED_OOS,65,585.8699999999981,1.6170365143392738,9.013384615384586
FIRST_TRIANGLE_GOLD_EVIDENCE_XAUUSD_1751328000,68,52.5,60.0,32.5,SPREAD_PLUS_50,H1,139,1045.0299999999984,1.5714637253990562,7.51820143884891
FIRST_TRIANGLE_GOLD_EVIDENCE_XAUUSD_1751328000,68,52.5,60.0,32.5,SPREAD_PLUS_50,H2,65,585.8699999999981,1.6170365143392738,9.013384615384586
FIRST_TRIANGLE_GOLD_EVIDENCE_XAUUSD_1751328000,68,52.5,60.0,32.5,SPREAD_PLUS_50,ALL,204,1630.8999999999965,1.5870389967532694,7.994607843137238
FIRST_TRIANGLE_GOLD_EVIDENCE_XAUUSD_1751328000,69,52.5,60.0,32.5,SLIPPAGE_BASE,DEVELOPMENT,88,138.56999999999744,1.1325115709750198,1.5746590909090619
FIRST_TRIANGLE_GOLD_EVIDENCE_XAUUSD_1751328000,69,52.5,60.0,32.5,SLIPPAGE_BASE,VALIDATION,51,906.460000000001,2.1577199637278603,17.773725490196096
FIRST_TRIANGLE_GOLD_EVIDENCE_XAUUSD_1751328000,69,52.5,60.0,32.5,SLIPPAGE_BASE,LOCKED_OOS,65,585.8699999999981,1.6170365143392738,9.013384615384586
FIRST_TRIANGLE_GOLD_EVIDENCE_XAUUSD_1751328000,69,52.5,60.0,32.5,SLIPPAGE_BASE,H1,139,1045.0299999999984,1.5714637253990562,7.51820143884891
FIRST_TRIANGLE_GOLD_EVIDENCE_XAUUSD_1751328000,69,52.5,60.0,32.5,SLIPPAGE_BASE,H2,65,585.8699999999981,1.6170365143392738,9.013384615384586
FIRST_TRIANGLE_GOLD_EVIDENCE_XAUUSD_1751328000,69,52.5,60.0,32.5,SLIPPAGE_BASE,ALL,204,1630.8999999999965,1.5870389967532694,7.994607843137238
FIRST_TRIANGLE_GOLD_EVIDENCE_XAUUSD_1751328000,70,52.5,60.0,32.5,COMMISSION_PLUS_25,DEVELOPMENT,88,138.56999999999744,1.1325115709750198,1.5746590909090619
FIRST_TRIANGLE_GOLD_EVIDENCE_XAUUSD_1751328000,70,52.5,60.0,32.5,COMMISSION_PLUS_25,VALIDATION,51,906.460000000001,2.1577199637278603,17.773725490196096
FIRST_TRIANGLE_GOLD_EVIDENCE_XAUUSD_1751328000,70,52.5,60.0,32.5,COMMISSION_PLUS_25,LOCKED_OOS,65,585.8699999999981,1.6170365143392738,9.013384615384586
FIRST_TRIANGLE_GOLD_EVIDENCE_XAUUSD_1751328000,70,52.5,60.0,32.5,COMMISSION_PLUS_25,H1,139,1045.0299999999984,1.5714637253990562,7.51820143884891
FIRST_TRIANGLE_GOLD_EVIDENCE_XAUUSD_1751328000,70,52.5,60.0,32.5,COMMISSION_PLUS_25,H2,65,585.8699999999981,1.6170365143392738,9.013384615384586
FIRST_TRIANGLE_GOLD_EVIDENCE_XAUUSD_1751328000,70,52.5,60.0,32.5,COMMISSION_PLUS_25,ALL,204,1630.8999999999965,1.5870389967532694,7.994607843137238
FIRST_TRIANGLE_GOLD_EVIDENCE_XAUUSD_1751328000,71,52.5,60.0,32.5,COMBINED_STRESS,DEVELOPMENT,88,138.56999999999744,1.1325115709750198,1.5746590909090619
FIRST_TRIANGLE_GOLD_EVIDENCE_XAUUSD_1751328000,71,52.5,60.0,32.5,COMBINED_STRESS,VALIDATION,51,906.460000000001,2.1577199637278603,17.773725490196096
FIRST_TRIANGLE_GOLD_EVIDENCE_XAUUSD_1751328000,71,52.5,60.0,32.5,COMBINED_STRESS,LOCKED_OOS,65,585.8699999999981,1.6170365143392738,9.013384615384586
FIRST_TRIANGLE_GOLD_EVIDENCE_XAUUSD_1751328000,71,52.5,60.0,32.5,COMBINED_STRESS,H1,139,1045.0299999999984,1.5714637253990562,7.51820143884891
FIRST_TRIANGLE_GOLD_EVIDENCE_XAUUSD_1751328000,71,52.5,60.0,32.5,COMBINED_STRESS,H2,65,585.8699999999981,1.6170365143392738,9.013384615384586
FIRST_TRIANGLE_GOLD_EVIDENCE_XAUUSD_1751328000,71,52.5,60.0,32.5,COMBINED_STRESS,ALL,204,1630.8999999999965,1.5870389967532694,7.994607843137238
FIRST_TRIANGLE_GOLD_EVIDENCE_XAUUSD_1751328000,72,52.5,60.0,35.0,BASE,DEVELOPMENT,88,232.49999999999773,1.2298930132299701,2.642045454545429
FIRST_TRIANGLE_GOLD_EVIDENCE_XAUUSD_1751328000,72,52.5,60.0,35.0,BASE,VALIDATION,51,959.9700000000012,2.226062301237599,18.82294117647061
FIRST_TRIANGLE_GOLD_EVIDENCE_XAUUSD_1751328000,72,52.5,60.0,35.0,BASE,LOCKED_OOS,65,607.5999999999985,1.6399224847023113,9.347692307692284
FIRST_TRIANGLE_GOLD_EVIDENCE_XAUUSD_1751328000,72,52.5,60.0,35.0,BASE,H1,139,1192.469999999999,1.664584157698503,8.578920863309344
FIRST_TRIANGLE_GOLD_EVIDENCE_XAUUSD_1751328000,72,52.5,60.0,35.0,BASE,H2,65,607.5999999999985,1.6399224847023113,9.347692307692284
FIRST_TRIANGLE_GOLD_EVIDENCE_XAUUSD_1751328000,72,52.5,60.0,35.0,BASE,ALL,204,1800.0699999999974,1.6560500036445798,8.823872549019596
FIRST_TRIANGLE_GOLD_EVIDENCE_XAUUSD_1751328000,73,52.5,60.0,35.0,SPREAD_PLUS_25,DEVELOPMENT,88,232.49999999999773,1.2298930132299701,2.642045454545429
FIRST_TRIANGLE_GOLD_EVIDENCE_XAUUSD_1751328000,73,52.5,60.0,35.0,SPREAD_PLUS_25,VALIDATION,51,959.9700000000012,2.226062301237599,18.82294117647061
FIRST_TRIANGLE_GOLD_EVIDENCE_XAUUSD_1751328000,73,52.5,60.0,35.0,SPREAD_PLUS_25,LOCKED_OOS,65,607.5999999999985,1.6399224847023113,9.347692307692284
FIRST_TRIANGLE_GOLD_EVIDENCE_XAUUSD_1751328000,73,52.5,60.0,35.0,SPREAD_PLUS_25,H1,139,1192.469999999999,1.664584157698503,8.578920863309344
FIRST_TRIANGLE_GOLD_EVIDENCE_XAUUSD_1751328000,73,52.5,60.0,35.0,SPREAD_PLUS_25,H2,65,607.5999999999985,1.6399224847023113,9.347692307692284
FIRST_TRIANGLE_GOLD_EVIDENCE_XAUUSD_1751328000,73,52.5,60.0,35.0,SPREAD_PLUS_25,ALL,204,1800.0699999999974,1.6560500036445798,8.823872549019596
FIRST_TRIANGLE_GOLD_EVIDENCE_XAUUSD_1751328000,74,52.5,60.0,35.0,SPREAD_PLUS_50,DEVELOPMENT,88,232.49999999999773,1.2298930132299701,2.642045454545429
FIRST_TRIANGLE_GOLD_EVIDENCE_XAUUSD_1751328000,74,52.5,60.0,35.0,SPREAD_PLUS_50,VALIDATION,51,959.9700000000012,2.226062301237599,18.82294117647061
FIRST_TRIANGLE_GOLD_EVIDENCE_XAUUSD_1751328000,74,52.5,60.0,35.0,SPREAD_PLUS_50,LOCKED_OOS,65,607.5999999999985,1.6399224847023113,9.347692307692284
FIRST_TRIANGLE_GOLD_EVIDENCE_XAUUSD_1751328000,74,52.5,60.0,35.0,SPREAD_PLUS_50,H1,139,1192.469999999999,1.664584157698503,8.578920863309344
FIRST_TRIANGLE_GOLD_EVIDENCE_XAUUSD_1751328000,74,52.5,60.0,35.0,SPREAD_PLUS_50,H2,65,607.5999999999985,1.6399224847023113,9.347692307692284
FIRST_TRIANGLE_GOLD_EVIDENCE_XAUUSD_1751328000,74,52.5,60.0,35.0,SPREAD_PLUS_50,ALL,204,1800.0699999999974,1.6560500036445798,8.823872549019596
FIRST_TRIANGLE_GOLD_EVIDENCE_XAUUSD_1751328000,75,52.5,60.0,35.0,SLIPPAGE_BASE,DEVELOPMENT,88,232.49999999999773,1.2298930132299701,2.642045454545429
FIRST_TRIANGLE_GOLD_EVIDENCE_XAUUSD_1751328000,75,52.5,60.0,35.0,SLIPPAGE_BASE,VALIDATION,51,959.9700000000012,2.226062301237599,18.82294117647061
FIRST_TRIANGLE_GOLD_EVIDENCE_XAUUSD_1751328000,75,52.5,60.0,35.0,SLIPPAGE_BASE,LOCKED_OOS,65,607.5999999999985,1.6399224847023113,9.347692307692284
FIRST_TRIANGLE_GOLD_EVIDENCE_XAUUSD_1751328000,75,52.5,60.0,35.0,SLIPPAGE_BASE,H1,139,1192.469999999999,1.664584157698503,8.578920863309344
FIRST_TRIANGLE_GOLD_EVIDENCE_XAUUSD_1751328000,75,52.5,60.0,35.0,SLIPPAGE_BASE,H2,65,607.5999999999985,1.6399224847023113,9.347692307692284
FIRST_TRIANGLE_GOLD_EVIDENCE_XAUUSD_1751328000,75,52.5,60.0,35.0,SLIPPAGE_BASE,ALL,204,1800.0699999999974,1.6560500036445798,8.823872549019596
FIRST_TRIANGLE_GOLD_EVIDENCE_XAUUSD_1751328000,76,52.5,60.0,35.0,COMMISSION_PLUS_25,DEVELOPMENT,88,232.49999999999773,1.2298930132299701,2.642045454545429
FIRST_TRIANGLE_GOLD_EVIDENCE_XAUUSD_1751328000,76,52.5,60.0,35.0,COMMISSION_PLUS_25,VALIDATION,51,959.9700000000012,2.226062301237599,18.82294117647061
FIRST_TRIANGLE_GOLD_EVIDENCE_XAUUSD_1751328000,76,52.5,60.0,35.0,COMMISSION_PLUS_25,LOCKED_OOS,65,607.5999999999985,1.6399224847023113,9.347692307692284
FIRST_TRIANGLE_GOLD_EVIDENCE_XAUUSD_1751328000,76,52.5,60.0,35.0,COMMISSION_PLUS_25,H1,139,1192.469999999999,1.664584157698503,8.578920863309344
FIRST_TRIANGLE_GOLD_EVIDENCE_XAUUSD_1751328000,76,52.5,60.0,35.0,COMMISSION_PLUS_25,H2,65,607.5999999999985,1.6399224847023113,9.347692307692284
FIRST_TRIANGLE_GOLD_EVIDENCE_XAUUSD_1751328000,76,52.5,60.0,35.0,COMMISSION_PLUS_25,ALL,204,1800.0699999999974,1.6560500036445798,8.823872549019596
FIRST_TRIANGLE_GOLD_EVIDENCE_XAUUSD_1751328000,77,52.5,60.0,35.0,COMBINED_STRESS,DEVELOPMENT,88,232.49999999999773,1.2298930132299701,2.642045454545429
FIRST_TRIANGLE_GOLD_EVIDENCE_XAUUSD_1751328000,77,52.5,60.0,35.0,COMBINED_STRESS,VALIDATION,51,959.9700000000012,2.226062301237599,18.82294117647061
FIRST_TRIANGLE_GOLD_EVIDENCE_XAUUSD_1751328000,77,52.5,60.0,35.0,COMBINED_STRESS,LOCKED_OOS,65,607.5999999999985,1.6399224847023113,9.347692307692284
FIRST_TRIANGLE_GOLD_EVIDENCE_XAUUSD_1751328000,77,52.5,60.0,35.0,COMBINED_STRESS,H1,139,1192.469999999999,1.664584157698503,8.578920863309344
FIRST_TRIANGLE_GOLD_EVIDENCE_XAUUSD_1751328000,77,52.5,60.0,35.0,COMBINED_STRESS,H2,65,607.5999999999985,1.6399224847023113,9.347692307692284
FIRST_TRIANGLE_GOLD_EVIDENCE_XAUUSD_1751328000,77,52.5,60.0,35.0,COMBINED_STRESS,ALL,204,1800.0699999999974,1.6560500036445798,8.823872549019596
FIRST_TRIANGLE_GOLD_EVIDENCE_XAUUSD_1751328000,78,52.5,60.0,37.5,BASE,DEVELOPMENT,88,459.719999999998,1.4545652302885266,5.2240909090908865
FIRST_TRIANGLE_GOLD_EVIDENCE_XAUUSD_1751328000,78,52.5,60.0,37.5,BASE,VALIDATION,51,892.4700000000012,2.1398521016130925,17.499411764705904
FIRST_TRIANGLE_GOLD_EVIDENCE_XAUUSD_1751328000,78,52.5,60.0,37.5,BASE,LOCKED_OOS,65,612.4199999999983,1.6449988941431686,9.421846153846127
FIRST_TRIANGLE_GOLD_EVIDENCE_XAUUSD_1751328000,78,52.5,60.0,37.5,BASE,H1,139,1352.1899999999991,1.753598876448329,9.727985611510785
FIRST_TRIANGLE_GOLD_EVIDENCE_XAUUSD_1751328000,78,52.5,60.0,37.5,BASE,H2,65,612.4199999999983,1.6449988941431686,9.421846153846127
FIRST_TRIANGLE_GOLD_EVIDENCE_XAUUSD_1751328000,78,52.5,60.0,37.5,BASE,ALL,204,1964.6099999999974,1.7160179313361028,9.630441176470576
FIRST_TRIANGLE_GOLD_EVIDENCE_XAUUSD_1751328000,79,52.5,60.0,37.5,SPREAD_PLUS_25,DEVELOPMENT,88,459.719999999998,1.4545652302885266,5.2240909090908865
FIRST_TRIANGLE_GOLD_EVIDENCE_XAUUSD_1751328000,79,52.5,60.0,37.5,SPREAD_PLUS_25,VALIDATION,51,892.4700000000012,2.1398521016130925,17.499411764705904
FIRST_TRIANGLE_GOLD_EVIDENCE_XAUUSD_1751328000,79,52.5,60.0,37.5,SPREAD_PLUS_25,LOCKED_OOS,65,612.4199999999983,1.6449988941431686,9.421846153846127
FIRST_TRIANGLE_GOLD_EVIDENCE_XAUUSD_1751328000,79,52.5,60.0,37.5,SPREAD_PLUS_25,H1,139,1352.1899999999991,1.753598876448329,9.727985611510785
FIRST_TRIANGLE_GOLD_EVIDENCE_XAUUSD_1751328000,79,52.5,60.0,37.5,SPREAD_PLUS_25,H2,65,612.4199999999983,1.6449988941431686,9.421846153846127
FIRST_TRIANGLE_GOLD_EVIDENCE_XAUUSD_1751328000,79,52.5,60.0,37.5,SPREAD_PLUS_25,ALL,204,1964.6099999999974,1.7160179313361028,9.630441176470576
FIRST_TRIANGLE_GOLD_EVIDENCE_XAUUSD_1751328000,80,52.5,60.0,37.5,SPREAD_PLUS_50,DEVELOPMENT,88,459.719999999998,1.4545652302885266,5.2240909090908865
FIRST_TRIANGLE_GOLD_EVIDENCE_XAUUSD_1751328000,80,52.5,60.0,37.5,SPREAD_PLUS_50,VALIDATION,51,892.4700000000012,2.1398521016130925,17.499411764705904
FIRST_TRIANGLE_GOLD_EVIDENCE_XAUUSD_1751328000,80,52.5,60.0,37.5,SPREAD_PLUS_50,LOCKED_OOS,65,612.4199999999983,1.6449988941431686,9.421846153846127
FIRST_TRIANGLE_GOLD_EVIDENCE_XAUUSD_1751328000,80,52.5,60.0,37.5,SPREAD_PLUS_50,H1,139,1352.1899999999991,1.753598876448329,9.727985611510785
FIRST_TRIANGLE_GOLD_EVIDENCE_XAUUSD_1751328000,80,52.5,60.0,37.5,SPREAD_PLUS_50,H2,65,612.4199999999983,1.6449988941431686,9.421846153846127
FIRST_TRIANGLE_GOLD_EVIDENCE_XAUUSD_1751328000,80,52.5,60.0,37.5,SPREAD_PLUS_50,ALL,204,1964.6099999999974,1.7160179313361028,9.630441176470576
FIRST_TRIANGLE_GOLD_EVIDENCE_XAUUSD_1751328000,81,52.5,60.0,37.5,SLIPPAGE_BASE,DEVELOPMENT,88,459.719999999998,1.4545652302885266,5.2240909090908865
FIRST_TRIANGLE_GOLD_EVIDENCE_XAUUSD_1751328000,81,52.5,60.0,37.5,SLIPPAGE_BASE,VALIDATION,51,892.4700000000012,2.1398521016130925,17.499411764705904
FIRST_TRIANGLE_GOLD_EVIDENCE_XAUUSD_1751328000,81,52.5,60.0,37.5,SLIPPAGE_BASE,LOCKED_OOS,65,612.4199999999983,1.6449988941431686,9.421846153846127
FIRST_TRIANGLE_GOLD_EVIDENCE_XAUUSD_1751328000,81,52.5,60.0,37.5,SLIPPAGE_BASE,H1,139,1352.1899999999991,1.753598876448329,9.727985611510785
FIRST_TRIANGLE_GOLD_EVIDENCE_XAUUSD_1751328000,81,52.5,60.0,37.5,SLIPPAGE_BASE,H2,65,612.4199999999983,1.6449988941431686,9.421846153846127
FIRST_TRIANGLE_GOLD_EVIDENCE_XAUUSD_1751328000,81,52.5,60.0,37.5,SLIPPAGE_BASE,ALL,204,1964.6099999999974,1.7160179313361028,9.630441176470576
FIRST_TRIANGLE_GOLD_EVIDENCE_XAUUSD_1751328000,82,52.5,60.0,37.5,COMMISSION_PLUS_25,DEVELOPMENT,88,459.719999999998,1.4545652302885266,5.2240909090908865
FIRST_TRIANGLE_GOLD_EVIDENCE_XAUUSD_1751328000,82,52.5,60.0,37.5,COMMISSION_PLUS_25,VALIDATION,51,892.4700000000012,2.1398521016130925,17.499411764705904
FIRST_TRIANGLE_GOLD_EVIDENCE_XAUUSD_1751328000,82,52.5,60.0,37.5,COMMISSION_PLUS_25,LOCKED_OOS,65,612.4199999999983,1.6449988941431686,9.421846153846127
FIRST_TRIANGLE_GOLD_EVIDENCE_XAUUSD_1751328000,82,52.5,60.0,37.5,COMMISSION_PLUS_25,H1,139,1352.1899999999991,1.753598876448329,9.727985611510785
FIRST_TRIANGLE_GOLD_EVIDENCE_XAUUSD_1751328000,82,52.5,60.0,37.5,COMMISSION_PLUS_25,H2,65,612.4199999999983,1.6449988941431686,9.421846153846127
FIRST_TRIANGLE_GOLD_EVIDENCE_XAUUSD_1751328000,82,52.5,60.0,37.5,COMMISSION_PLUS_25,ALL,204,1964.6099999999974,1.7160179313361028,9.630441176470576
FIRST_TRIANGLE_GOLD_EVIDENCE_XAUUSD_1751328000,83,52.5,60.0,37.5,COMBINED_STRESS,DEVELOPMENT,88,459.719999999998,1.4545652302885266,5.2240909090908865
FIRST_TRIANGLE_GOLD_EVIDENCE_XAUUSD_1751328000,83,52.5,60.0,37.5,COMBINED_STRESS,VALIDATION,51,892.4700000000012,2.1398521016130925,17.499411764705904
FIRST_TRIANGLE_GOLD_EVIDENCE_XAUUSD_1751328000,83,52.5,60.0,37.5,COMBINED_STRESS,LOCKED_OOS,65,612.4199999999983,1.6449988941431686,9.421846153846127
FIRST_TRIANGLE_GOLD_EVIDENCE_XAUUSD_1751328000,83,52.5,60.0,37.5,COMBINED_STRESS,H1,139,1352.1899999999991,1.753598876448329,9.727985611510785
FIRST_TRIANGLE_GOLD_EVIDENCE_XAUUSD_1751328000,83,52.5,60.0,37.5,COMBINED_STRESS,H2,65,612.4199999999983,1.6449988941431686,9.421846153846127
FIRST_TRIANGLE_GOLD_EVIDENCE_XAUUSD_1751328000,83,52.5,60.0,37.5,COMBINED_STRESS,ALL,204,1964.6099999999974,1.7160179313361028,9.630441176470576
FIRST_TRIANGLE_GOLD_EVIDENCE_XAUUSD_1751328000,84,52.5,62.5,22.5,BASE,DEVELOPMENT,86,-31.640000000000782,0.9716477293092934,-0.36790697674419515
FIRST_TRIANGLE_GOLD_EVIDENCE_XAUUSD_1751328000,84,52.5,62.5,22.5,BASE,VALIDATION,50,789.3799999999992,1.9878610401962258,15.787599999999983
FIRST_TRIANGLE_GOLD_EVIDENCE_XAUUSD_1751328000,84,52.5,62.5,22.5,BASE,LOCKED_OOS,64,589.4399999999982,1.635535381198311,9.209999999999972
FIRST_TRIANGLE_GOLD_EVIDENCE_XAUUSD_1751328000,84,52.5,62.5,22.5,BASE,H1,136,757.7399999999984,1.3956784192497282,5.571617647058812
FIRST_TRIANGLE_GOLD_EVIDENCE_XAUUSD_1751328000,84,52.5,62.5,22.5,BASE,H2,64,589.4399999999982,1.635535381198311,9.209999999999972
FIRST_TRIANGLE_GOLD_EVIDENCE_XAUUSD_1751328000,84,52.5,62.5,22.5,BASE,ALL,200,1347.1799999999967,1.4739402851705,6.735899999999983
FIRST_TRIANGLE_GOLD_EVIDENCE_XAUUSD_1751328000,85,52.5,62.5,22.5,SPREAD_PLUS_25,DEVELOPMENT,86,-31.640000000000782,0.9716477293092934,-0.36790697674419515
FIRST_TRIANGLE_GOLD_EVIDENCE_XAUUSD_1751328000,85,52.5,62.5,22.5,SPREAD_PLUS_25,VALIDATION,50,789.3799999999992,1.9878610401962258,15.787599999999983
FIRST_TRIANGLE_GOLD_EVIDENCE_XAUUSD_1751328000,85,52.5,62.5,22.5,SPREAD_PLUS_25,LOCKED_OOS,64,589.4399999999982,1.635535381198311,9.209999999999972
FIRST_TRIANGLE_GOLD_EVIDENCE_XAUUSD_1751328000,85,52.5,62.5,22.5,SPREAD_PLUS_25,H1,136,757.7399999999984,1.3956784192497282,5.571617647058812
FIRST_TRIANGLE_GOLD_EVIDENCE_XAUUSD_1751328000,85,52.5,62.5,22.5,SPREAD_PLUS_25,H2,64,589.4399999999982,1.635535381198311,9.209999999999972
FIRST_TRIANGLE_GOLD_EVIDENCE_XAUUSD_1751328000,85,52.5,62.5,22.5,SPREAD_PLUS_25,ALL,200,1347.1799999999967,1.4739402851705,6.735899999999983
FIRST_TRIANGLE_GOLD_EVIDENCE_XAUUSD_1751328000,86,52.5,62.5,22.5,SPREAD_PLUS_50,DEVELOPMENT,86,-31.640000000000782,0.9716477293092934,-0.36790697674419515
FIRST_TRIANGLE_GOLD_EVIDENCE_XAUUSD_1751328000,86,52.5,62.5,22.5,SPREAD_PLUS_50,VALIDATION,50,789.3799999999992,1.9878610401962258,15.787599999999983
FIRST_TRIANGLE_GOLD_EVIDENCE_XAUUSD_1751328000,86,52.5,62.5,22.5,SPREAD_PLUS_50,LOCKED_OOS,64,589.4399999999982,1.635535381198311,9.209999999999972
FIRST_TRIANGLE_GOLD_EVIDENCE_XAUUSD_1751328000,86,52.5,62.5,22.5,SPREAD_PLUS_50,H1,136,757.7399999999984,1.3956784192497282,5.571617647058812
FIRST_TRIANGLE_GOLD_EVIDENCE_XAUUSD_1751328000,86,52.5,62.5,22.5,SPREAD_PLUS_50,H2,64,589.4399999999982,1.635535381198311,9.209999999999972
FIRST_TRIANGLE_GOLD_EVIDENCE_XAUUSD_1751328000,86,52.5,62.5,22.5,SPREAD_PLUS_50,ALL,200,1347.1799999999967,1.4739402851705,6.735899999999983
FIRST_TRIANGLE_GOLD_EVIDENCE_XAUUSD_1751328000,87,52.5,62.5,22.5,SLIPPAGE_BASE,DEVELOPMENT,86,-31.640000000000782,0.9716477293092934,-0.36790697674419515
FIRST_TRIANGLE_GOLD_EVIDENCE_XAUUSD_1751328000,87,52.5,62.5,22.5,SLIPPAGE_BASE,VALIDATION,50,789.3799999999992,1.9878610401962258,15.787599999999983
FIRST_TRIANGLE_GOLD_EVIDENCE_XAUUSD_1751328000,87,52.5,62.5,22.5,SLIPPAGE_BASE,LOCKED_OOS,64,589.4399999999982,1.635535381198311,9.209999999999972
FIRST_TRIANGLE_GOLD_EVIDENCE_XAUUSD_1751328000,87,52.5,62.5,22.5,SLIPPAGE_BASE,H1,136,757.7399999999984,1.3956784192497282,5.571617647058812
FIRST_TRIANGLE_GOLD_EVIDENCE_XAUUSD_1751328000,87,52.5,62.5,22.5,SLIPPAGE_BASE,H2,64,589.4399999999982,1.635535381198311,9.209999999999972
FIRST_TRIANGLE_GOLD_EVIDENCE_XAUUSD_1751328000,87,52.5,62.5,22.5,SLIPPAGE_BASE,ALL,200,1347.1799999999967,1.4739402851705,6.735899999999983
FIRST_TRIANGLE_GOLD_EVIDENCE_XAUUSD_1751328000,88,52.5,62.5,22.5,COMMISSION_PLUS_25,DEVELOPMENT,86,-31.640000000000782,0.9716477293092934,-0.36790697674419515
FIRST_TRIANGLE_GOLD_EVIDENCE_XAUUSD_1751328000,88,52.5,62.5,22.5,COMMISSION_PLUS_25,VALIDATION,50,789.3799999999992,1.9878610401962258,15.787599999999983
FIRST_TRIANGLE_GOLD_EVIDENCE_XAUUSD_1751328000,88,52.5,62.5,22.5,COMMISSION_PLUS_25,LOCKED_OOS,64,589.4399999999982,1.635535381198311,9.209999999999972
FIRST_TRIANGLE_GOLD_EVIDENCE_XAUUSD_1751328000,88,52.5,62.5,22.5,COMMISSION_PLUS_25,H1,136,757.7399999999984,1.3956784192497282,5.571617647058812
FIRST_TRIANGLE_GOLD_EVIDENCE_XAUUSD_1751328000,88,52.5,62.5,22.5,COMMISSION_PLUS_25,H2,64,589.4399999999982,1.635535381198311,9.209999999999972
FIRST_TRIANGLE_GOLD_EVIDENCE_XAUUSD_1751328000,88,52.5,62.5,22.5,COMMISSION_PLUS_25,ALL,200,1347.1799999999967,1.4739402851705,6.735899999999983
FIRST_TRIANGLE_GOLD_EVIDENCE_XAUUSD_1751328000,89,52.5,62.5,22.5,COMBINED_STRESS,DEVELOPMENT,86,-31.640000000000782,0.9716477293092934,-0.36790697674419515
FIRST_TRIANGLE_GOLD_EVIDENCE_XAUUSD_1751328000,89,52.5,62.5,22.5,COMBINED_STRESS,VALIDATION,50,789.3799999999992,1.9878610401962258,15.787599999999983
FIRST_TRIANGLE_GOLD_EVIDENCE_XAUUSD_1751328000,89,52.5,62.5,22.5,COMBINED_STRESS,LOCKED_OOS,64,589.4399999999982,1.635535381198311,9.209999999999972
FIRST_TRIANGLE_GOLD_EVIDENCE_XAUUSD_1751328000,89,52.5,62.5,22.5,COMBINED_STRESS,H1,136,757.7399999999984,1.3956784192497282,5.571617647058812
FIRST_TRIANGLE_GOLD_EVIDENCE_XAUUSD_1751328000,89,52.5,62.5,22.5,COMBINED_STRESS,H2,64,589.4399999999982,1.635535381198311,9.209999999999972
FIRST_TRIANGLE_GOLD_EVIDENCE_XAUUSD_1751328000,89,52.5,62.5,22.5,COMBINED_STRESS,ALL,200,1347.1799999999967,1.4739402851705,6.735899999999983
FIRST_TRIANGLE_GOLD_EVIDENCE_XAUUSD_1751328000,90,52.5,62.5,25.0,BASE,DEVELOPMENT,86,112.98999999999887,1.1070416931136722,1.3138372093023125
FIRST_TRIANGLE_GOLD_EVIDENCE_XAUUSD_1751328000,90,52.5,62.5,25.0,BASE,VALIDATION,50,798.5200000000004,1.999299194073186,15.970400000000009
FIRST_TRIANGLE_GOLD_EVIDENCE_XAUUSD_1751328000,90,52.5,62.5,25.0,BASE,LOCKED_OOS,64,596.429999999998,1.6430720131109333,9.319218749999969
FIRST_TRIANGLE_GOLD_EVIDENCE_XAUUSD_1751328000,90,52.5,62.5,25.0,BASE,H1,136,911.5099999999993,1.4914727846224358,6.7022794117647
FIRST_TRIANGLE_GOLD_EVIDENCE_XAUUSD_1751328000,90,52.5,62.5,25.0,BASE,H2,64,596.429999999998,1.6430720131109333,9.319218749999969
FIRST_TRIANGLE_GOLD_EVIDENCE_XAUUSD_1751328000,90,52.5,62.5,25.0,BASE,ALL,200,1507.9399999999973,1.5420111282043905,7.5396999999999865
FIRST_TRIANGLE_GOLD_EVIDENCE_XAUUSD_1751328000,91,52.5,62.5,25.0,SPREAD_PLUS_25,DEVELOPMENT,86,112.98999999999887,1.1070416931136722,1.3138372093023125
FIRST_TRIANGLE_GOLD_EVIDENCE_XAUUSD_1751328000,91,52.5,62.5,25.0,SPREAD_PLUS_25,VALIDATION,50,798.5200000000004,1.999299194073186,15.970400000000009
FIRST_TRIANGLE_GOLD_EVIDENCE_XAUUSD_1751328000,91,52.5,62.5,25.0,SPREAD_PLUS_25,LOCKED_OOS,64,596.429999999998,1.6430720131109333,9.319218749999969
FIRST_TRIANGLE_GOLD_EVIDENCE_XAUUSD_1751328000,91,52.5,62.5,25.0,SPREAD_PLUS_25,H1,136,911.5099999999993,1.4914727846224358,6.7022794117647
FIRST_TRIANGLE_GOLD_EVIDENCE_XAUUSD_1751328000,91,52.5,62.5,25.0,SPREAD_PLUS_25,H2,64,596.429999999998,1.6430720131109333,9.319218749999969
FIRST_TRIANGLE_GOLD_EVIDENCE_XAUUSD_1751328000,91,52.5,62.5,25.0,SPREAD_PLUS_25,ALL,200,1507.9399999999973,1.5420111282043905,7.5396999999999865
FIRST_TRIANGLE_GOLD_EVIDENCE_XAUUSD_1751328000,92,52.5,62.5,25.0,SPREAD_PLUS_50,DEVELOPMENT,86,112.98999999999887,1.1070416931136722,1.3138372093023125
FIRST_TRIANGLE_GOLD_EVIDENCE_XAUUSD_1751328000,92,52.5,62.5,25.0,SPREAD_PLUS_50,VALIDATION,50,798.5200000000004,1.999299194073186,15.970400000000009
FIRST_TRIANGLE_GOLD_EVIDENCE_XAUUSD_1751328000,92,52.5,62.5,25.0,SPREAD_PLUS_50,LOCKED_OOS,64,596.429999999998,1.6430720131109333,9.319218749999969
FIRST_TRIANGLE_GOLD_EVIDENCE_XAUUSD_1751328000,92,52.5,62.5,25.0,SPREAD_PLUS_50,H1,136,911.5099999999993,1.4914727846224358,6.7022794117647
FIRST_TRIANGLE_GOLD_EVIDENCE_XAUUSD_1751328000,92,52.5,62.5,25.0,SPREAD_PLUS_50,H2,64,596.429999999998,1.6430720131109333,9.319218749999969
FIRST_TRIANGLE_GOLD_EVIDENCE_XAUUSD_1751328000,92,52.5,62.5,25.0,SPREAD_PLUS_50,ALL,200,1507.9399999999973,1.5420111282043905,7.5396999999999865
FIRST_TRIANGLE_GOLD_EVIDENCE_XAUUSD_1751328000,93,52.5,62.5,25.0,SLIPPAGE_BASE,DEVELOPMENT,86,112.98999999999887,1.1070416931136722,1.3138372093023125
FIRST_TRIANGLE_GOLD_EVIDENCE_XAUUSD_1751328000,93,52.5,62.5,25.0,SLIPPAGE_BASE,VALIDATION,50,798.5200000000004,1.999299194073186,15.970400000000009
FIRST_TRIANGLE_GOLD_EVIDENCE_XAUUSD_1751328000,93,52.5,62.5,25.0,SLIPPAGE_BASE,LOCKED_OOS,64,596.429999999998,1.6430720131109333,9.319218749999969
FIRST_TRIANGLE_GOLD_EVIDENCE_XAUUSD_1751328000,93,52.5,62.5,25.0,SLIPPAGE_BASE,H1,136,911.5099999999993,1.4914727846224358,6.7022794117647
FIRST_TRIANGLE_GOLD_EVIDENCE_XAUUSD_1751328000,93,52.5,62.5,25.0,SLIPPAGE_BASE,H2,64,596.429999999998,1.6430720131109333,9.319218749999969
FIRST_TRIANGLE_GOLD_EVIDENCE_XAUUSD_1751328000,93,52.5,62.5,25.0,SLIPPAGE_BASE,ALL,200,1507.9399999999973,1.5420111282043905,7.5396999999999865
FIRST_TRIANGLE_GOLD_EVIDENCE_XAUUSD_1751328000,94,52.5,62.5,25.0,COMMISSION_PLUS_25,DEVELOPMENT,86,112.98999999999887,1.1070416931136722,1.3138372093023125
FIRST_TRIANGLE_GOLD_EVIDENCE_XAUUSD_1751328000,94,52.5,62.5,25.0,COMMISSION_PLUS_25,VALIDATION,50,798.5200000000004,1.999299194073186,15.970400000000009
FIRST_TRIANGLE_GOLD_EVIDENCE_XAUUSD_1751328000,94,52.5,62.5,25.0,COMMISSION_PLUS_25,LOCKED_OOS,64,596.429999999998,1.6430720131109333,9.319218749999969
FIRST_TRIANGLE_GOLD_EVIDENCE_XAUUSD_1751328000,94,52.5,62.5,25.0,COMMISSION_PLUS_25,H1,136,911.5099999999993,1.4914727846224358,6.7022794117647
FIRST_TRIANGLE_GOLD_EVIDENCE_XAUUSD_1751328000,94,52.5,62.5,25.0,COMMISSION_PLUS_25,H2,64,596.429999999998,1.6430720131109333,9.319218749999969
FIRST_TRIANGLE_GOLD_EVIDENCE_XAUUSD_1751328000,94,52.5,62.5,25.0,COMMISSION_PLUS_25,ALL,200,1507.9399999999973,1.5420111282043905,7.5396999999999865
FIRST_TRIANGLE_GOLD_EVIDENCE_XAUUSD_1751328000,95,52.5,62.5,25.0,COMBINED_STRESS,DEVELOPMENT,86,112.98999999999887,1.1070416931136722,1.3138372093023125
FIRST_TRIANGLE_GOLD_EVIDENCE_XAUUSD_1751328000,95,52.5,62.5,25.0,COMBINED_STRESS,VALIDATION,50,798.5200000000004,1.999299194073186,15.970400000000009
FIRST_TRIANGLE_GOLD_EVIDENCE_XAUUSD_1751328000,95,52.5,62.5,25.0,COMBINED_STRESS,LOCKED_OOS,64,596.429999999998,1.6430720131109333,9.319218749999969
FIRST_TRIANGLE_GOLD_EVIDENCE_XAUUSD_1751328000,95,52.5,62.5,25.0,COMBINED_STRESS,H1,136,911.5099999999993,1.4914727846224358,6.7022794117647
FIRST_TRIANGLE_GOLD_EVIDENCE_XAUUSD_1751328000,95,52.5,62.5,25.0,COMBINED_STRESS,H2,64,596.429999999998,1.6430720131109333,9.319218749999969
FIRST_TRIANGLE_GOLD_EVIDENCE_XAUUSD_1751328000,95,52.5,62.5,25.0,COMBINED_STRESS,ALL,200,1507.9399999999973,1.5420111282043905,7.5396999999999865
FIRST_TRIANGLE_GOLD_EVIDENCE_XAUUSD_1751328000,96,52.5,62.5,27.5,BASE,DEVELOPMENT,86,80.48999999999887,1.0762526407533362,0.9359302325581265
FIRST_TRIANGLE_GOLD_EVIDENCE_XAUUSD_1751328000,96,52.5,62.5,27.5,BASE,VALIDATION,50,736.0200000000004,1.9210842468839182,14.720400000000009
FIRST_TRIANGLE_GOLD_EVIDENCE_XAUUSD_1751328000,96,52.5,62.5,27.5,BASE,LOCKED_OOS,64,613.3299999999981,1.661293626748032,9.58328124999997
FIRST_TRIANGLE_GOLD_EVIDENCE_XAUUSD_1751328000,96,52.5,62.5,27.5,BASE,H1,136,816.5099999999993,1.440250181975036,6.003749999999995
FIRST_TRIANGLE_GOLD_EVIDENCE_XAUUSD_1751328000,96,52.5,62.5,27.5,BASE,H2,64,613.3299999999981,1.661293626748032,9.58328124999997
FIRST_TRIANGLE_GOLD_EVIDENCE_XAUUSD_1751328000,96,52.5,62.5,27.5,BASE,ALL,200,1429.8399999999974,1.5139390105387254,7.149199999999987
FIRST_TRIANGLE_GOLD_EVIDENCE_XAUUSD_1751328000,97,52.5,62.5,27.5,SPREAD_PLUS_25,DEVELOPMENT,86,80.48999999999887,1.0762526407533362,0.9359302325581265
FIRST_TRIANGLE_GOLD_EVIDENCE_XAUUSD_1751328000,97,52.5,62.5,27.5,SPREAD_PLUS_25,VALIDATION,50,736.0200000000004,1.9210842468839182,14.720400000000009
FIRST_TRIANGLE_GOLD_EVIDENCE_XAUUSD_1751328000,97,52.5,62.5,27.5,SPREAD_PLUS_25,LOCKED_OOS,64,613.3299999999981,1.661293626748032,9.58328124999997
FIRST_TRIANGLE_GOLD_EVIDENCE_XAUUSD_1751328000,97,52.5,62.5,27.5,SPREAD_PLUS_25,H1,136,816.5099999999993,1.440250181975036,6.003749999999995
FIRST_TRIANGLE_GOLD_EVIDENCE_XAUUSD_1751328000,97,52.5,62.5,27.5,SPREAD_PLUS_25,H2,64,613.3299999999981,1.661293626748032,9.58328124999997
FIRST_TRIANGLE_GOLD_EVIDENCE_XAUUSD_1751328000,97,52.5,62.5,27.5,SPREAD_PLUS_25,ALL,200,1429.8399999999974,1.5139390105387254,7.149199999999987
FIRST_TRIANGLE_GOLD_EVIDENCE_XAUUSD_1751328000,98,52.5,62.5,27.5,SPREAD_PLUS_50,DEVELOPMENT,86,80.48999999999887,1.0762526407533362,0.9359302325581265
FIRST_TRIANGLE_GOLD_EVIDENCE_XAUUSD_1751328000,98,52.5,62.5,27.5,SPREAD_PLUS_50,VALIDATION,50,736.0200000000004,1.9210842468839182,14.720400000000009
FIRST_TRIANGLE_GOLD_EVIDENCE_XAUUSD_1751328000,98,52.5,62.5,27.5,SPREAD_PLUS_50,LOCKED_OOS,64,613.3299999999981,1.661293626748032,9.58328124999997
FIRST_TRIANGLE_GOLD_EVIDENCE_XAUUSD_1751328000,98,52.5,62.5,27.5,SPREAD_PLUS_50,H1,136,816.5099999999993,1.440250181975036,6.003749999999995
FIRST_TRIANGLE_GOLD_EVIDENCE_XAUUSD_1751328000,98,52.5,62.5,27.5,SPREAD_PLUS_50,H2,64,613.3299999999981,1.661293626748032,9.58328124999997
FIRST_TRIANGLE_GOLD_EVIDENCE_XAUUSD_1751328000,98,52.5,62.5,27.5,SPREAD_PLUS_50,ALL,200,1429.8399999999974,1.5139390105387254,7.149199999999987
FIRST_TRIANGLE_GOLD_EVIDENCE_XAUUSD_1751328000,99,52.5,62.5,27.5,SLIPPAGE_BASE,DEVELOPMENT,86,80.48999999999887,1.0762526407533362,0.9359302325581265
FIRST_TRIANGLE_GOLD_EVIDENCE_XAUUSD_1751328000,99,52.5,62.5,27.5,SLIPPAGE_BASE,VALIDATION,50,736.0200000000004,1.9210842468839182,14.720400000000009
FIRST_TRIANGLE_GOLD_EVIDENCE_XAUUSD_1751328000,99,52.5,62.5,27.5,SLIPPAGE_BASE,LOCKED_OOS,64,613.3299999999981,1.661293626748032,9.58328124999997
FIRST_TRIANGLE_GOLD_EVIDENCE_XAUUSD_1751328000,99,52.5,62.5,27.5,SLIPPAGE_BASE,H1,136,816.5099999999993,1.440250181975036,6.003749999999995
FIRST_TRIANGLE_GOLD_EVIDENCE_XAUUSD_1751328000,99,52.5,62.5,27.5,SLIPPAGE_BASE,H2,64,613.3299999999981,1.661293626748032,9.58328124999997
FIRST_TRIANGLE_GOLD_EVIDENCE_XAUUSD_1751328000,99,52.5,62.5,27.5,SLIPPAGE_BASE,ALL,200,1429.8399999999974,1.5139390105387254,7.149199999999987
FIRST_TRIANGLE_GOLD_EVIDENCE_XAUUSD_1751328000,100,52.5,62.5,27.5,COMMISSION_PLUS_25,DEVELOPMENT,86,80.48999999999887,1.0762526407533362,0.9359302325581265
FIRST_TRIANGLE_GOLD_EVIDENCE_XAUUSD_1751328000,100,52.5,62.5,27.5,COMMISSION_PLUS_25,VALIDATION,50,736.0200000000004,1.9210842468839182,14.720400000000009
FIRST_TRIANGLE_GOLD_EVIDENCE_XAUUSD_1751328000,100,52.5,62.5,27.5,COMMISSION_PLUS_25,LOCKED_OOS,64,613.3299999999981,1.661293626748032,9.58328124999997
FIRST_TRIANGLE_GOLD_EVIDENCE_XAUUSD_1751328000,100,52.5,62.5,27.5,COMMISSION_PLUS_25,H1,136,816.5099999999993,1.440250181975036,6.003749999999995
FIRST_TRIANGLE_GOLD_EVIDENCE_XAUUSD_1751328000,100,52.5,62.5,27.5,COMMISSION_PLUS_25,H2,64,613.3299999999981,1.661293626748032,9.58328124999997
FIRST_TRIANGLE_GOLD_EVIDENCE_XAUUSD_1751328000,100,52.5,62.5,27.5,COMMISSION_PLUS_25,ALL,200,1429.8399999999974,1.5139390105387254,7.149199999999987
FIRST_TRIANGLE_GOLD_EVIDENCE_XAUUSD_1751328000,101,52.5,62.5,27.5,COMBINED_STRESS,DEVELOPMENT,86,80.48999999999887,1.0762526407533362,0.9359302325581265
FIRST_TRIANGLE_GOLD_EVIDENCE_XAUUSD_1751328000,101,52.5,62.5,27.5,COMBINED_STRESS,VALIDATION,50,736.0200000000004,1.9210842468839182,14.720400000000009
FIRST_TRIANGLE_GOLD_EVIDENCE_XAUUSD_1751328000,101,52.5,62.5,27.5,COMBINED_STRESS,LOCKED_OOS,64,613.3299999999981,1.661293626748032,9.58328124999997
FIRST_TRIANGLE_GOLD_EVIDENCE_XAUUSD_1751328000,101,52.5,62.5,27.5,COMBINED_STRESS,H1,136,816.5099999999993,1.440250181975036,6.003749999999995
FIRST_TRIANGLE_GOLD_EVIDENCE_XAUUSD_1751328000,101,52.5,62.5,27.5,COMBINED_STRESS,H2,64,613.3299999999981,1.661293626748032,9.58328124999997
FIRST_TRIANGLE_GOLD_EVIDENCE_XAUUSD_1751328000,101,52.5,62.5,27.5,COMBINED_STRESS,ALL,200,1429.8399999999974,1.5139390105387254,7.149199999999987
FIRST_TRIANGLE_GOLD_EVIDENCE_XAUUSD_1751328000,102,52.5,62.5,30.0,BASE,DEVELOPMENT,86,55.45999999999913,1.0525403336585912,0.6448837209302224
FIRST_TRIANGLE_GOLD_EVIDENCE_XAUUSD_1751328000,102,52.5,62.5,30.0,BASE,VALIDATION,50,832.1800000000012,2.041422636031439,16.643600000000024
FIRST_TRIANGLE_GOLD_EVIDENCE_XAUUSD_1751328000,102,52.5,62.5,30.0,BASE,LOCKED_OOS,64,558.3299999999981,1.6019925172781841,8.72390624999997
FIRST_TRIANGLE_GOLD_EVIDENCE_XAUUSD_1751328000,102,52.5,62.5,30.0,BASE,H1,136,887.6400000000003,1.4786024317256634,6.526764705882355
FIRST_TRIANGLE_GOLD_EVIDENCE_XAUUSD_1751328000,102,52.5,62.5,30.0,BASE,H2,64,558.3299999999981,1.6019925172781841,8.72390624999997
FIRST_TRIANGLE_GOLD_EVIDENCE_XAUUSD_1751328000,102,52.5,62.5,30.0,BASE,ALL,200,1445.9699999999984,1.5197367475162824,7.229849999999992
FIRST_TRIANGLE_GOLD_EVIDENCE_XAUUSD_1751328000,103,52.5,62.5,30.0,SPREAD_PLUS_25,DEVELOPMENT,86,55.45999999999913,1.0525403336585912,0.6448837209302224
FIRST_TRIANGLE_GOLD_EVIDENCE_XAUUSD_1751328000,103,52.5,62.5,30.0,SPREAD_PLUS_25,VALIDATION,50,832.1800000000012,2.041422636031439,16.643600000000024
FIRST_TRIANGLE_GOLD_EVIDENCE_XAUUSD_1751328000,103,52.5,62.5,30.0,SPREAD_PLUS_25,LOCKED_OOS,64,558.3299999999981,1.6019925172781841,8.72390624999997
FIRST_TRIANGLE_GOLD_EVIDENCE_XAUUSD_1751328000,103,52.5,62.5,30.0,SPREAD_PLUS_25,H1,136,887.6400000000003,1.4786024317256634,6.526764705882355
FIRST_TRIANGLE_GOLD_EVIDENCE_XAUUSD_1751328000,103,52.5,62.5,30.0,SPREAD_PLUS_25,H2,64,558.3299999999981,1.6019925172781841,8.72390624999997
FIRST_TRIANGLE_GOLD_EVIDENCE_XAUUSD_1751328000,103,52.5,62.5,30.0,SPREAD_PLUS_25,ALL,200,1445.9699999999984,1.5197367475162824,7.229849999999992
FIRST_TRIANGLE_GOLD_EVIDENCE_XAUUSD_1751328000,104,52.5,62.5,30.0,SPREAD_PLUS_50,DEVELOPMENT,86,55.45999999999913,1.0525403336585912,0.6448837209302224
FIRST_TRIANGLE_GOLD_EVIDENCE_XAUUSD_1751328000,104,52.5,62.5,30.0,SPREAD_PLUS_50,VALIDATION,50,832.1800000000012,2.041422636031439,16.643600000000024
FIRST_TRIANGLE_GOLD_EVIDENCE_XAUUSD_1751328000,104,52.5,62.5,30.0,SPREAD_PLUS_50,LOCKED_OOS,64,558.3299999999981,1.6019925172781841,8.72390624999997
FIRST_TRIANGLE_GOLD_EVIDENCE_XAUUSD_1751328000,104,52.5,62.5,30.0,SPREAD_PLUS_50,H1,136,887.6400000000003,1.4786024317256634,6.526764705882355
FIRST_TRIANGLE_GOLD_EVIDENCE_XAUUSD_1751328000,104,52.5,62.5,30.0,SPREAD_PLUS_50,H2,64,558.3299999999981,1.6019925172781841,8.72390624999997
FIRST_TRIANGLE_GOLD_EVIDENCE_XAUUSD_1751328000,104,52.5,62.5,30.0,SPREAD_PLUS_50,ALL,200,1445.9699999999984,1.5197367475162824,7.229849999999992
FIRST_TRIANGLE_GOLD_EVIDENCE_XAUUSD_1751328000,105,52.5,62.5,30.0,SLIPPAGE_BASE,DEVELOPMENT,86,55.45999999999913,1.0525403336585912,0.6448837209302224
FIRST_TRIANGLE_GOLD_EVIDENCE_XAUUSD_1751328000,105,52.5,62.5,30.0,SLIPPAGE_BASE,VALIDATION,50,832.1800000000012,2.041422636031439,16.643600000000024
FIRST_TRIANGLE_GOLD_EVIDENCE_XAUUSD_1751328000,105,52.5,62.5,30.0,SLIPPAGE_BASE,LOCKED_OOS,64,558.3299999999981,1.6019925172781841,8.72390624999997
FIRST_TRIANGLE_GOLD_EVIDENCE_XAUUSD_1751328000,105,52.5,62.5,30.0,SLIPPAGE_BASE,H1,136,887.6400000000003,1.4786024317256634,6.526764705882355
FIRST_TRIANGLE_GOLD_EVIDENCE_XAUUSD_1751328000,105,52.5,62.5,30.0,SLIPPAGE_BASE,H2,64,558.3299999999981,1.6019925172781841,8.72390624999997
FIRST_TRIANGLE_GOLD_EVIDENCE_XAUUSD_1751328000,105,52.5,62.5,30.0,SLIPPAGE_BASE,ALL,200,1445.9699999999984,1.5197367475162824,7.229849999999992
FIRST_TRIANGLE_GOLD_EVIDENCE_XAUUSD_1751328000,106,52.5,62.5,30.0,COMMISSION_PLUS_25,DEVELOPMENT,86,55.45999999999913,1.0525403336585912,0.6448837209302224
FIRST_TRIANGLE_GOLD_EVIDENCE_XAUUSD_1751328000,106,52.5,62.5,30.0,COMMISSION_PLUS_25,VALIDATION,50,832.1800000000012,2.041422636031439,16.643600000000024
FIRST_TRIANGLE_GOLD_EVIDENCE_XAUUSD_1751328000,106,52.5,62.5,30.0,COMMISSION_PLUS_25,LOCKED_OOS,64,558.3299999999981,1.6019925172781841,8.72390624999997
FIRST_TRIANGLE_GOLD_EVIDENCE_XAUUSD_1751328000,106,52.5,62.5,30.0,COMMISSION_PLUS_25,H1,136,887.6400000000003,1.4786024317256634,6.526764705882355
FIRST_TRIANGLE_GOLD_EVIDENCE_XAUUSD_1751328000,106,52.5,62.5,30.0,COMMISSION_PLUS_25,H2,64,558.3299999999981,1.6019925172781841,8.72390624999997
FIRST_TRIANGLE_GOLD_EVIDENCE_XAUUSD_1751328000,106,52.5,62.5,30.0,COMMISSION_PLUS_25,ALL,200,1445.9699999999984,1.5197367475162824,7.229849999999992
FIRST_TRIANGLE_GOLD_EVIDENCE_XAUUSD_1751328000,107,52.5,62.5,30.0,COMBINED_STRESS,DEVELOPMENT,86,55.45999999999913,1.0525403336585912,0.6448837209302224
FIRST_TRIANGLE_GOLD_EVIDENCE_XAUUSD_1751328000,107,52.5,62.5,30.0,COMBINED_STRESS,VALIDATION,50,832.1800000000012,2.041422636031439,16.643600000000024
FIRST_TRIANGLE_GOLD_EVIDENCE_XAUUSD_1751328000,107,52.5,62.5,30.0,COMBINED_STRESS,LOCKED_OOS,64,558.3299999999981,1.6019925172781841,8.72390624999997
FIRST_TRIANGLE_GOLD_EVIDENCE_XAUUSD_1751328000,107,52.5,62.5,30.0,COMBINED_STRESS,H1,136,887.6400000000003,1.4786024317256634,6.526764705882355
FIRST_TRIANGLE_GOLD_EVIDENCE_XAUUSD_1751328000,107,52.5,62.5,30.0,COMBINED_STRESS,H2,64,558.3299999999981,1.6019925172781841,8.72390624999997
FIRST_TRIANGLE_GOLD_EVIDENCE_XAUUSD_1751328000,107,52.5,62.5,30.0,COMBINED_STRESS,ALL,200,1445.9699999999984,1.5197367475162824,7.229849999999992
FIRST_TRIANGLE_GOLD_EVIDENCE_XAUUSD_1751328000,108,52.5,62.5,32.5,BASE,DEVELOPMENT,86,65.93999999999869,1.0624686188504777,0.7667441860464964
FIRST_TRIANGLE_GOLD_EVIDENCE_XAUUSD_1751328000,108,52.5,62.5,32.5,BASE,VALIDATION,50,778.090000000001,1.9737322921359588,15.561800000000021
FIRST_TRIANGLE_GOLD_EVIDENCE_XAUUSD_1751328000,108,52.5,62.5,32.5,BASE,LOCKED_OOS,64,555.3599999999988,1.598790257366813,8.67749999999998
FIRST_TRIANGLE_GOLD_EVIDENCE_XAUUSD_1751328000,108,52.5,62.5,32.5,BASE,H1,136,844.0299999999997,1.4550885611840514,6.206102941176469
FIRST_TRIANGLE_GOLD_EVIDENCE_XAUUSD_1751328000,108,52.5,62.5,32.5,BASE,H2,64,555.3599999999988,1.598790257366813,8.67749999999998
FIRST_TRIANGLE_GOLD_EVIDENCE_XAUUSD_1751328000,108,52.5,62.5,32.5,BASE,ALL,200,1399.3899999999985,1.5029941195922534,6.996949999999993
FIRST_TRIANGLE_GOLD_EVIDENCE_XAUUSD_1751328000,109,52.5,62.5,32.5,SPREAD_PLUS_25,DEVELOPMENT,86,65.93999999999869,1.0624686188504777,0.7667441860464964
FIRST_TRIANGLE_GOLD_EVIDENCE_XAUUSD_1751328000,109,52.5,62.5,32.5,SPREAD_PLUS_25,VALIDATION,50,778.090000000001,1.9737322921359588,15.561800000000021
FIRST_TRIANGLE_GOLD_EVIDENCE_XAUUSD_1751328000,109,52.5,62.5,32.5,SPREAD_PLUS_25,LOCKED_OOS,64,555.3599999999988,1.598790257366813,8.67749999999998
FIRST_TRIANGLE_GOLD_EVIDENCE_XAUUSD_1751328000,109,52.5,62.5,32.5,SPREAD_PLUS_25,H1,136,844.0299999999997,1.4550885611840514,6.206102941176469
FIRST_TRIANGLE_GOLD_EVIDENCE_XAUUSD_1751328000,109,52.5,62.5,32.5,SPREAD_PLUS_25,H2,64,555.3599999999988,1.598790257366813,8.67749999999998
FIRST_TRIANGLE_GOLD_EVIDENCE_XAUUSD_1751328000,109,52.5,62.5,32.5,SPREAD_PLUS_25,ALL,200,1399.3899999999985,1.5029941195922534,6.996949999999993
FIRST_TRIANGLE_GOLD_EVIDENCE_XAUUSD_1751328000,110,52.5,62.5,32.5,SPREAD_PLUS_50,DEVELOPMENT,86,65.93999999999869,1.0624686188504777,0.7667441860464964
FIRST_TRIANGLE_GOLD_EVIDENCE_XAUUSD_1751328000,110,52.5,62.5,32.5,SPREAD_PLUS_50,VALIDATION,50,778.090000000001,1.9737322921359588,15.561800000000021
FIRST_TRIANGLE_GOLD_EVIDENCE_XAUUSD_1751328000,110,52.5,62.5,32.5,SPREAD_PLUS_50,LOCKED_OOS,64,555.3599999999988,1.598790257366813,8.67749999999998
FIRST_TRIANGLE_GOLD_EVIDENCE_XAUUSD_1751328000,110,52.5,62.5,32.5,SPREAD_PLUS_50,H1,136,844.0299999999997,1.4550885611840514,6.206102941176469
FIRST_TRIANGLE_GOLD_EVIDENCE_XAUUSD_1751328000,110,52.5,62.5,32.5,SPREAD_PLUS_50,H2,64,555.3599999999988,1.598790257366813,8.67749999999998
FIRST_TRIANGLE_GOLD_EVIDENCE_XAUUSD_1751328000,110,52.5,62.5,32.5,SPREAD_PLUS_50,ALL,200,1399.3899999999985,1.5029941195922534,6.996949999999993
FIRST_TRIANGLE_GOLD_EVIDENCE_XAUUSD_1751328000,111,52.5,62.5,32.5,SLIPPAGE_BASE,DEVELOPMENT,86,65.93999999999869,1.0624686188504777,0.7667441860464964
FIRST_TRIANGLE_GOLD_EVIDENCE_XAUUSD_1751328000,111,52.5,62.5,32.5,SLIPPAGE_BASE,VALIDATION,50,778.090000000001,1.9737322921359588,15.561800000000021
FIRST_TRIANGLE_GOLD_EVIDENCE_XAUUSD_1751328000,111,52.5,62.5,32.5,SLIPPAGE_BASE,LOCKED_OOS,64,555.3599999999988,1.598790257366813,8.67749999999998
FIRST_TRIANGLE_GOLD_EVIDENCE_XAUUSD_1751328000,111,52.5,62.5,32.5,SLIPPAGE_BASE,H1,136,844.0299999999997,1.4550885611840514,6.206102941176469
FIRST_TRIANGLE_GOLD_EVIDENCE_XAUUSD_1751328000,111,52.5,62.5,32.5,SLIPPAGE_BASE,H2,64,555.3599999999988,1.598790257366813,8.67749999999998
FIRST_TRIANGLE_GOLD_EVIDENCE_XAUUSD_1751328000,111,52.5,62.5,32.5,SLIPPAGE_BASE,ALL,200,1399.3899999999985,1.5029941195922534,6.996949999999993
FIRST_TRIANGLE_GOLD_EVIDENCE_XAUUSD_1751328000,112,52.5,62.5,32.5,COMMISSION_PLUS_25,DEVELOPMENT,86,65.93999999999869,1.0624686188504777,0.7667441860464964
FIRST_TRIANGLE_GOLD_EVIDENCE_XAUUSD_1751328000,112,52.5,62.5,32.5,COMMISSION_PLUS_25,VALIDATION,50,778.090000000001,1.9737322921359588,15.561800000000021
FIRST_TRIANGLE_GOLD_EVIDENCE_XAUUSD_1751328000,112,52.5,62.5,32.5,COMMISSION_PLUS_25,LOCKED_OOS,64,555.3599999999988,1.598790257366813,8.67749999999998
FIRST_TRIANGLE_GOLD_EVIDENCE_XAUUSD_1751328000,112,52.5,62.5,32.5,COMMISSION_PLUS_25,H1,136,844.0299999999997,1.4550885611840514,6.206102941176469
FIRST_TRIANGLE_GOLD_EVIDENCE_XAUUSD_1751328000,112,52.5,62.5,32.5,COMMISSION_PLUS_25,H2,64,555.3599999999988,1.598790257366813,8.67749999999998
FIRST_TRIANGLE_GOLD_EVIDENCE_XAUUSD_1751328000,112,52.5,62.5,32.5,COMMISSION_PLUS_25,ALL,200,1399.3899999999985,1.5029941195922534,6.996949999999993
FIRST_TRIANGLE_GOLD_EVIDENCE_XAUUSD_1751328000,113,52.5,62.5,32.5,COMBINED_STRESS,DEVELOPMENT,86,65.93999999999869,1.0624686188504777,0.7667441860464964
FIRST_TRIANGLE_GOLD_EVIDENCE_XAUUSD_1751328000,113,52.5,62.5,32.5,COMBINED_STRESS,VALIDATION,50,778.090000000001,1.9737322921359588,15.561800000000021
FIRST_TRIANGLE_GOLD_EVIDENCE_XAUUSD_1751328000,113,52.5,62.5,32.5,COMBINED_STRESS,LOCKED_OOS,64,555.3599999999988,1.598790257366813,8.67749999999998
FIRST_TRIANGLE_GOLD_EVIDENCE_XAUUSD_1751328000,113,52.5,62.5,32.5,COMBINED_STRESS,H1,136,844.0299999999997,1.4550885611840514,6.206102941176469
FIRST_TRIANGLE_GOLD_EVIDENCE_XAUUSD_1751328000,113,52.5,62.5,32.5,COMBINED_STRESS,H2,64,555.3599999999988,1.598790257366813,8.67749999999998
FIRST_TRIANGLE_GOLD_EVIDENCE_XAUUSD_1751328000,113,52.5,62.5,32.5,COMBINED_STRESS,ALL,200,1399.3899999999985,1.5029941195922534,6.996949999999993
FIRST_TRIANGLE_GOLD_EVIDENCE_XAUUSD_1751328000,114,52.5,62.5,35.0,BASE,DEVELOPMENT,86,169.86999999999898,1.1663451463488668,1.9752325581395231
FIRST_TRIANGLE_GOLD_EVIDENCE_XAUUSD_1751328000,114,52.5,62.5,35.0,BASE,VALIDATION,50,836.6000000000013,2.046953997096664,16.732000000000024
FIRST_TRIANGLE_GOLD_EVIDENCE_XAUUSD_1751328000,114,52.5,62.5,35.0,BASE,LOCKED_OOS,64,582.0899999999992,1.6276105965691596,9.095156249999988
FIRST_TRIANGLE_GOLD_EVIDENCE_XAUUSD_1751328000,114,52.5,62.5,35.0,BASE,H1,136,1006.4700000000003,1.5529234673976946,7.400514705882355
FIRST_TRIANGLE_GOLD_EVIDENCE_XAUUSD_1751328000,114,52.5,62.5,35.0,BASE,H2,64,582.0899999999992,1.6276105965691596,9.095156249999988
FIRST_TRIANGLE_GOLD_EVIDENCE_XAUUSD_1751328000,114,52.5,62.5,35.0,BASE,ALL,200,1588.5599999999995,1.5781333022775081,7.942799999999997
FIRST_TRIANGLE_GOLD_EVIDENCE_XAUUSD_1751328000,115,52.5,62.5,35.0,SPREAD_PLUS_25,DEVELOPMENT,86,169.86999999999898,1.1663451463488668,1.9752325581395231
FIRST_TRIANGLE_GOLD_EVIDENCE_XAUUSD_1751328000,115,52.5,62.5,35.0,SPREAD_PLUS_25,VALIDATION,50,836.6000000000013,2.046953997096664,16.732000000000024
FIRST_TRIANGLE_GOLD_EVIDENCE_XAUUSD_1751328000,115,52.5,62.5,35.0,SPREAD_PLUS_25,LOCKED_OOS,64,582.0899999999992,1.6276105965691596,9.095156249999988
FIRST_TRIANGLE_GOLD_EVIDENCE_XAUUSD_1751328000,115,52.5,62.5,35.0,SPREAD_PLUS_25,H1,136,1006.4700000000003,1.5529234673976946,7.400514705882355
FIRST_TRIANGLE_GOLD_EVIDENCE_XAUUSD_1751328000,115,52.5,62.5,35.0,SPREAD_PLUS_25,H2,64,582.0899999999992,1.6276105965691596,9.095156249999988
FIRST_TRIANGLE_GOLD_EVIDENCE_XAUUSD_1751328000,115,52.5,62.5,35.0,SPREAD_PLUS_25,ALL,200,1588.5599999999995,1.5781333022775081,7.942799999999997
FIRST_TRIANGLE_GOLD_EVIDENCE_XAUUSD_1751328000,116,52.5,62.5,35.0,SPREAD_PLUS_50,DEVELOPMENT,86,169.86999999999898,1.1663451463488668,1.9752325581395231
FIRST_TRIANGLE_GOLD_EVIDENCE_XAUUSD_1751328000,116,52.5,62.5,35.0,SPREAD_PLUS_50,VALIDATION,50,836.6000000000013,2.046953997096664,16.732000000000024
FIRST_TRIANGLE_GOLD_EVIDENCE_XAUUSD_1751328000,116,52.5,62.5,35.0,SPREAD_PLUS_50,LOCKED_OOS,64,582.0899999999992,1.6276105965691596,9.095156249999988
FIRST_TRIANGLE_GOLD_EVIDENCE_XAUUSD_1751328000,116,52.5,62.5,35.0,SPREAD_PLUS_50,H1,136,1006.4700000000003,1.5529234673976946,7.400514705882355
FIRST_TRIANGLE_GOLD_EVIDENCE_XAUUSD_1751328000,116,52.5,62.5,35.0,SPREAD_PLUS_50,H2,64,582.0899999999992,1.6276105965691596,9.095156249999988
FIRST_TRIANGLE_GOLD_EVIDENCE_XAUUSD_1751328000,116,52.5,62.5,35.0,SPREAD_PLUS_50,ALL,200,1588.5599999999995,1.5781333022775081,7.942799999999997
FIRST_TRIANGLE_GOLD_EVIDENCE_XAUUSD_1751328000,117,52.5,62.5,35.0,SLIPPAGE_BASE,DEVELOPMENT,86,169.86999999999898,1.1663451463488668,1.9752325581395231
FIRST_TRIANGLE_GOLD_EVIDENCE_XAUUSD_1751328000,117,52.5,62.5,35.0,SLIPPAGE_BASE,VALIDATION,50,836.6000000000013,2.046953997096664,16.732000000000024
FIRST_TRIANGLE_GOLD_EVIDENCE_XAUUSD_1751328000,117,52.5,62.5,35.0,SLIPPAGE_BASE,LOCKED_OOS,64,582.0899999999992,1.6276105965691596,9.095156249999988
FIRST_TRIANGLE_GOLD_EVIDENCE_XAUUSD_1751328000,117,52.5,62.5,35.0,SLIPPAGE_BASE,H1,136,1006.4700000000003,1.5529234673976946,7.400514705882355
FIRST_TRIANGLE_GOLD_EVIDENCE_XAUUSD_1751328000,117,52.5,62.5,35.0,SLIPPAGE_BASE,H2,64,582.0899999999992,1.6276105965691596,9.095156249999988
FIRST_TRIANGLE_GOLD_EVIDENCE_XAUUSD_1751328000,117,52.5,62.5,35.0,SLIPPAGE_BASE,ALL,200,1588.5599999999995,1.5781333022775081,7.942799999999997
FIRST_TRIANGLE_GOLD_EVIDENCE_XAUUSD_1751328000,118,52.5,62.5,35.0,COMMISSION_PLUS_25,DEVELOPMENT,86,169.86999999999898,1.1663451463488668,1.9752325581395231
FIRST_TRIANGLE_GOLD_EVIDENCE_XAUUSD_1751328000,118,52.5,62.5,35.0,COMMISSION_PLUS_25,VALIDATION,50,836.6000000000013,2.046953997096664,16.732000000000024
FIRST_TRIANGLE_GOLD_EVIDENCE_XAUUSD_1751328000,118,52.5,62.5,35.0,COMMISSION_PLUS_25,LOCKED_OOS,64,582.0899999999992,1.6276105965691596,9.095156249999988
FIRST_TRIANGLE_GOLD_EVIDENCE_XAUUSD_1751328000,118,52.5,62.5,35.0,COMMISSION_PLUS_25,H1,136,1006.4700000000003,1.5529234673976946,7.400514705882355
FIRST_TRIANGLE_GOLD_EVIDENCE_XAUUSD_1751328000,118,52.5,62.5,35.0,COMMISSION_PLUS_25,H2,64,582.0899999999992,1.6276105965691596,9.095156249999988
FIRST_TRIANGLE_GOLD_EVIDENCE_XAUUSD_1751328000,118,52.5,62.5,35.0,COMMISSION_PLUS_25,ALL,200,1588.5599999999995,1.5781333022775081,7.942799999999997
FIRST_TRIANGLE_GOLD_EVIDENCE_XAUUSD_1751328000,119,52.5,62.5,35.0,COMBINED_STRESS,DEVELOPMENT,86,169.86999999999898,1.1663451463488668,1.9752325581395231
FIRST_TRIANGLE_GOLD_EVIDENCE_XAUUSD_1751328000,119,52.5,62.5,35.0,COMBINED_STRESS,VALIDATION,50,836.6000000000013,2.046953997096664,16.732000000000024
FIRST_TRIANGLE_GOLD_EVIDENCE_XAUUSD_1751328000,119,52.5,62.5,35.0,COMBINED_STRESS,LOCKED_OOS,64,582.0899999999992,1.6276105965691596,9.095156249999988
FIRST_TRIANGLE_GOLD_EVIDENCE_XAUUSD_1751328000,119,52.5,62.5,35.0,COMBINED_STRESS,H1,136,1006.4700000000003,1.5529234673976946,7.400514705882355
FIRST_TRIANGLE_GOLD_EVIDENCE_XAUUSD_1751328000,119,52.5,62.5,35.0,COMBINED_STRESS,H2,64,582.0899999999992,1.6276105965691596,9.095156249999988
FIRST_TRIANGLE_GOLD_EVIDENCE_XAUUSD_1751328000,119,52.5,62.5,35.0,COMBINED_STRESS,ALL,200,1588.5599999999995,1.5781333022775081,7.942799999999997
FIRST_TRIANGLE_GOLD_EVIDENCE_XAUUSD_1751328000,120,52.5,62.5,37.5,BASE,DEVELOPMENT,86,365.71999999999844,1.358131199874655,4.252558139534866
FIRST_TRIANGLE_GOLD_EVIDENCE_XAUUSD_1751328000,120,52.5,62.5,37.5,BASE,VALIDATION,50,774.1000000000013,1.9687390499073962,15.482000000000026
FIRST_TRIANGLE_GOLD_EVIDENCE_XAUUSD_1751328000,120,52.5,62.5,37.5,BASE,LOCKED_OOS,64,591.909999999999,1.6381985401145032,9.248593749999984
FIRST_TRIANGLE_GOLD_EVIDENCE_XAUUSD_1751328000,120,52.5,62.5,37.5,BASE,H1,136,1139.8199999999997,1.6261818301680526,8.381029411764704
FIRST_TRIANGLE_GOLD_EVIDENCE_XAUUSD_1751328000,120,52.5,62.5,37.5,BASE,H2,64,591.909999999999,1.6381985401145032,9.248593749999984
FIRST_TRIANGLE_GOLD_EVIDENCE_XAUUSD_1751328000,120,52.5,62.5,37.5,BASE,ALL,200,1731.7299999999987,1.6302379409987846,8.658649999999993
FIRST_TRIANGLE_GOLD_EVIDENCE_XAUUSD_1751328000,121,52.5,62.5,37.5,SPREAD_PLUS_25,DEVELOPMENT,86,365.71999999999844,1.358131199874655,4.252558139534866
FIRST_TRIANGLE_GOLD_EVIDENCE_XAUUSD_1751328000,121,52.5,62.5,37.5,SPREAD_PLUS_25,VALIDATION,50,774.1000000000013,1.9687390499073962,15.482000000000026
FIRST_TRIANGLE_GOLD_EVIDENCE_XAUUSD_1751328000,121,52.5,62.5,37.5,SPREAD_PLUS_25,LOCKED_OOS,64,591.909999999999,1.6381985401145032,9.248593749999984
FIRST_TRIANGLE_GOLD_EVIDENCE_XAUUSD_1751328000,121,52.5,62.5,37.5,SPREAD_PLUS_25,H1,136,1139.8199999999997,1.6261818301680526,8.381029411764704
FIRST_TRIANGLE_GOLD_EVIDENCE_XAUUSD_1751328000,121,52.5,62.5,37.5,SPREAD_PLUS_25,H2,64,591.909999999999,1.6381985401145032,9.248593749999984
FIRST_TRIANGLE_GOLD_EVIDENCE_XAUUSD_1751328000,121,52.5,62.5,37.5,SPREAD_PLUS_25,ALL,200,1731.7299999999987,1.6302379409987846,8.658649999999993
FIRST_TRIANGLE_GOLD_EVIDENCE_XAUUSD_1751328000,122,52.5,62.5,37.5,SPREAD_PLUS_50,DEVELOPMENT,86,365.71999999999844,1.358131199874655,4.252558139534866
FIRST_TRIANGLE_GOLD_EVIDENCE_XAUUSD_1751328000,122,52.5,62.5,37.5,SPREAD_PLUS_50,VALIDATION,50,774.1000000000013,1.9687390499073962,15.482000000000026
FIRST_TRIANGLE_GOLD_EVIDENCE_XAUUSD_1751328000,122,52.5,62.5,37.5,SPREAD_PLUS_50,LOCKED_OOS,64,591.909999999999,1.6381985401145032,9.248593749999984
FIRST_TRIANGLE_GOLD_EVIDENCE_XAUUSD_1751328000,122,52.5,62.5,37.5,SPREAD_PLUS_50,H1,136,1139.8199999999997,1.6261818301680526,8.381029411764704
FIRST_TRIANGLE_GOLD_EVIDENCE_XAUUSD_1751328000,122,52.5,62.5,37.5,SPREAD_PLUS_50,H2,64,591.909999999999,1.6381985401145032,9.248593749999984
FIRST_TRIANGLE_GOLD_EVIDENCE_XAUUSD_1751328000,122,52.5,62.5,37.5,SPREAD_PLUS_50,ALL,200,1731.7299999999987,1.6302379409987846,8.658649999999993
FIRST_TRIANGLE_GOLD_EVIDENCE_XAUUSD_1751328000,123,52.5,62.5,37.5,SLIPPAGE_BASE,DEVELOPMENT,86,365.71999999999844,1.358131199874655,4.252558139534866
FIRST_TRIANGLE_GOLD_EVIDENCE_XAUUSD_1751328000,123,52.5,62.5,37.5,SLIPPAGE_BASE,VALIDATION,50,774.1000000000013,1.9687390499073962,15.482000000000026
FIRST_TRIANGLE_GOLD_EVIDENCE_XAUUSD_1751328000,123,52.5,62.5,37.5,SLIPPAGE_BASE,LOCKED_OOS,64,591.909999999999,1.6381985401145032,9.248593749999984
FIRST_TRIANGLE_GOLD_EVIDENCE_XAUUSD_1751328000,123,52.5,62.5,37.5,SLIPPAGE_BASE,H1,136,1139.8199999999997,1.6261818301680526,8.381029411764704
FIRST_TRIANGLE_GOLD_EVIDENCE_XAUUSD_1751328000,123,52.5,62.5,37.5,SLIPPAGE_BASE,H2,64,591.909999999999,1.6381985401145032,9.248593749999984
FIRST_TRIANGLE_GOLD_EVIDENCE_XAUUSD_1751328000,123,52.5,62.5,37.5,SLIPPAGE_BASE,ALL,200,1731.7299999999987,1.6302379409987846,8.658649999999993
FIRST_TRIANGLE_GOLD_EVIDENCE_XAUUSD_1751328000,124,52.5,62.5,37.5,COMMISSION_PLUS_25,DEVELOPMENT,86,365.71999999999844,1.358131199874655,4.252558139534866
FIRST_TRIANGLE_GOLD_EVIDENCE_XAUUSD_1751328000,124,52.5,62.5,37.5,COMMISSION_PLUS_25,VALIDATION,50,774.1000000000013,1.9687390499073962,15.482000000000026
FIRST_TRIANGLE_GOLD_EVIDENCE_XAUUSD_1751328000,124,52.5,62.5,37.5,COMMISSION_PLUS_25,LOCKED_OOS,64,591.909999999999,1.6381985401145032,9.248593749999984
FIRST_TRIANGLE_GOLD_EVIDENCE_XAUUSD_1751328000,124,52.5,62.5,37.5,COMMISSION_PLUS_25,H1,136,1139.8199999999997,1.6261818301680526,8.381029411764704
FIRST_TRIANGLE_GOLD_EVIDENCE_XAUUSD_1751328000,124,52.5,62.5,37.5,COMMISSION_PLUS_25,H2,64,591.909999999999,1.6381985401145032,9.248593749999984
FIRST_TRIANGLE_GOLD_EVIDENCE_XAUUSD_1751328000,124,52.5,62.5,37.5,COMMISSION_PLUS_25,ALL,200,1731.7299999999987,1.6302379409987846,8.658649999999993
FIRST_TRIANGLE_GOLD_EVIDENCE_XAUUSD_1751328000,125,52.5,62.5,37.5,COMBINED_STRESS,DEVELOPMENT,86,365.71999999999844,1.358131199874655,4.252558139534866
FIRST_TRIANGLE_GOLD_EVIDENCE_XAUUSD_1751328000,125,52.5,62.5,37.5,COMBINED_STRESS,VALIDATION,50,774.1000000000013,1.9687390499073962,15.482000000000026
FIRST_TRIANGLE_GOLD_EVIDENCE_XAUUSD_1751328000,125,52.5,62.5,37.5,COMBINED_STRESS,LOCKED_OOS,64,591.909999999999,1.6381985401145032,9.248593749999984
FIRST_TRIANGLE_GOLD_EVIDENCE_XAUUSD_1751328000,125,52.5,62.5,37.5,COMBINED_STRESS,H1,136,1139.8199999999997,1.6261818301680526,8.381029411764704
FIRST_TRIANGLE_GOLD_EVIDENCE_XAUUSD_1751328000,125,52.5,62.5,37.5,COMBINED_STRESS,H2,64,591.909999999999,1.6381985401145032,9.248593749999984
FIRST_TRIANGLE_GOLD_EVIDENCE_XAUUSD_1751328000,125,52.5,62.5,37.5,COMBINED_STRESS,ALL,200,1731.7299999999987,1.6302379409987846,8.658649999999993
FIRST_TRIANGLE_GOLD_EVIDENCE_XAUUSD_1751328000,126,55.0,57.5,22.5,BASE,DEVELOPMENT,87,293.8999999999987,1.2824983659502471,3.3781609195402154
FIRST_TRIANGLE_GOLD_EVIDENCE_XAUUSD_1751328000,126,55.0,57.5,22.5,BASE,VALIDATION,51,1171.2699999999995,2.5900168331885345,22.96607843137254
FIRST_TRIANGLE_GOLD_EVIDENCE_XAUUSD_1751328000,126,55.0,57.5,22.5,BASE,LOCKED_OOS,65,736.1199999999981,1.7968909000368034,11.324923076923048
FIRST_TRIANGLE_GOLD_EVIDENCE_XAUUSD_1751328000,126,55.0,57.5,22.5,BASE,H1,138,1465.1699999999983,1.8245188519977495,10.617173913043466
FIRST_TRIANGLE_GOLD_EVIDENCE_XAUUSD_1751328000,126,55.0,57.5,22.5,BASE,H2,65,736.1199999999981,1.7968909000368034,11.324923076923048
FIRST_TRIANGLE_GOLD_EVIDENCE_XAUUSD_1751328000,126,55.0,57.5,22.5,BASE,ALL,203,2201.2899999999963,1.8150692032554034,10.843793103448258
FIRST_TRIANGLE_GOLD_EVIDENCE_XAUUSD_1751328000,127,55.0,57.5,22.5,SPREAD_PLUS_25,DEVELOPMENT,87,293.8999999999987,1.2824983659502471,3.3781609195402154
FIRST_TRIANGLE_GOLD_EVIDENCE_XAUUSD_1751328000,127,55.0,57.5,22.5,SPREAD_PLUS_25,VALIDATION,51,1171.2699999999995,2.5900168331885345,22.96607843137254
FIRST_TRIANGLE_GOLD_EVIDENCE_XAUUSD_1751328000,127,55.0,57.5,22.5,SPREAD_PLUS_25,LOCKED_OOS,65,736.1199999999981,1.7968909000368034,11.324923076923048
FIRST_TRIANGLE_GOLD_EVIDENCE_XAUUSD_1751328000,127,55.0,57.5,22.5,SPREAD_PLUS_25,H1,138,1465.1699999999983,1.8245188519977495,10.617173913043466
FIRST_TRIANGLE_GOLD_EVIDENCE_XAUUSD_1751328000,127,55.0,57.5,22.5,SPREAD_PLUS_25,H2,65,736.1199999999981,1.7968909000368034,11.324923076923048
FIRST_TRIANGLE_GOLD_EVIDENCE_XAUUSD_1751328000,127,55.0,57.5,22.5,SPREAD_PLUS_25,ALL,203,2201.2899999999963,1.8150692032554034,10.843793103448258
FIRST_TRIANGLE_GOLD_EVIDENCE_XAUUSD_1751328000,128,55.0,57.5,22.5,SPREAD_PLUS_50,DEVELOPMENT,87,293.8999999999987,1.2824983659502471,3.3781609195402154
FIRST_TRIANGLE_GOLD_EVIDENCE_XAUUSD_1751328000,128,55.0,57.5,22.5,SPREAD_PLUS_50,VALIDATION,51,1171.2699999999995,2.5900168331885345,22.96607843137254
FIRST_TRIANGLE_GOLD_EVIDENCE_XAUUSD_1751328000,128,55.0,57.5,22.5,SPREAD_PLUS_50,LOCKED_OOS,65,736.1199999999981,1.7968909000368034,11.324923076923048
FIRST_TRIANGLE_GOLD_EVIDENCE_XAUUSD_1751328000,128,55.0,57.5,22.5,SPREAD_PLUS_50,H1,138,1465.1699999999983,1.8245188519977495,10.617173913043466
FIRST_TRIANGLE_GOLD_EVIDENCE_XAUUSD_1751328000,128,55.0,57.5,22.5,SPREAD_PLUS_50,H2,65,736.1199999999981,1.7968909000368034,11.324923076923048
FIRST_TRIANGLE_GOLD_EVIDENCE_XAUUSD_1751328000,128,55.0,57.5,22.5,SPREAD_PLUS_50,ALL,203,2201.2899999999963,1.8150692032554034,10.843793103448258
FIRST_TRIANGLE_GOLD_EVIDENCE_XAUUSD_1751328000,129,55.0,57.5,22.5,SLIPPAGE_BASE,DEVELOPMENT,87,293.8999999999987,1.2824983659502471,3.3781609195402154
FIRST_TRIANGLE_GOLD_EVIDENCE_XAUUSD_1751328000,129,55.0,57.5,22.5,SLIPPAGE_BASE,VALIDATION,51,1171.2699999999995,2.5900168331885345,22.96607843137254
FIRST_TRIANGLE_GOLD_EVIDENCE_XAUUSD_1751328000,129,55.0,57.5,22.5,SLIPPAGE_BASE,LOCKED_OOS,65,736.1199999999981,1.7968909000368034,11.324923076923048
FIRST_TRIANGLE_GOLD_EVIDENCE_XAUUSD_1751328000,129,55.0,57.5,22.5,SLIPPAGE_BASE,H1,138,1465.1699999999983,1.8245188519977495,10.617173913043466
FIRST_TRIANGLE_GOLD_EVIDENCE_XAUUSD_1751328000,129,55.0,57.5,22.5,SLIPPAGE_BASE,H2,65,736.1199999999981,1.7968909000368034,11.324923076923048
FIRST_TRIANGLE_GOLD_EVIDENCE_XAUUSD_1751328000,129,55.0,57.5,22.5,SLIPPAGE_BASE,ALL,203,2201.2899999999963,1.8150692032554034,10.843793103448258
FIRST_TRIANGLE_GOLD_EVIDENCE_XAUUSD_1751328000,130,55.0,57.5,22.5,COMMISSION_PLUS_25,DEVELOPMENT,87,293.8999999999987,1.2824983659502471,3.3781609195402154
FIRST_TRIANGLE_GOLD_EVIDENCE_XAUUSD_1751328000,130,55.0,57.5,22.5,COMMISSION_PLUS_25,VALIDATION,51,1171.2699999999995,2.5900168331885345,22.96607843137254
FIRST_TRIANGLE_GOLD_EVIDENCE_XAUUSD_1751328000,130,55.0,57.5,22.5,COMMISSION_PLUS_25,LOCKED_OOS,65,736.1199999999981,1.7968909000368034,11.324923076923048
FIRST_TRIANGLE_GOLD_EVIDENCE_XAUUSD_1751328000,130,55.0,57.5,22.5,COMMISSION_PLUS_25,H1,138,1465.1699999999983,1.8245188519977495,10.617173913043466
FIRST_TRIANGLE_GOLD_EVIDENCE_XAUUSD_1751328000,130,55.0,57.5,22.5,COMMISSION_PLUS_25,H2,65,736.1199999999981,1.7968909000368034,11.324923076923048
FIRST_TRIANGLE_GOLD_EVIDENCE_XAUUSD_1751328000,130,55.0,57.5,22.5,COMMISSION_PLUS_25,ALL,203,2201.2899999999963,1.8150692032554034,10.843793103448258
FIRST_TRIANGLE_GOLD_EVIDENCE_XAUUSD_1751328000,131,55.0,57.5,22.5,COMBINED_STRESS,DEVELOPMENT,87,293.8999999999987,1.2824983659502471,3.3781609195402154
FIRST_TRIANGLE_GOLD_EVIDENCE_XAUUSD_1751328000,131,55.0,57.5,22.5,COMBINED_STRESS,VALIDATION,51,1171.2699999999995,2.5900168331885345,22.96607843137254
FIRST_TRIANGLE_GOLD_EVIDENCE_XAUUSD_1751328000,131,55.0,57.5,22.5,COMBINED_STRESS,LOCKED_OOS,65,736.1199999999981,1.7968909000368034,11.324923076923048
FIRST_TRIANGLE_GOLD_EVIDENCE_XAUUSD_1751328000,131,55.0,57.5,22.5,COMBINED_STRESS,H1,138,1465.1699999999983,1.8245188519977495,10.617173913043466
FIRST_TRIANGLE_GOLD_EVIDENCE_XAUUSD_1751328000,131,55.0,57.5,22.5,COMBINED_STRESS,H2,65,736.1199999999981,1.7968909000368034,11.324923076923048
FIRST_TRIANGLE_GOLD_EVIDENCE_XAUUSD_1751328000,131,55.0,57.5,22.5,COMBINED_STRESS,ALL,203,2201.2899999999963,1.8150692032554034,10.843793103448258
FIRST_TRIANGLE_GOLD_EVIDENCE_XAUUSD_1751328000,132,55.0,57.5,25.0,BASE,DEVELOPMENT,87,426.0299999999984,1.434737798095859,4.89689655172412
FIRST_TRIANGLE_GOLD_EVIDENCE_XAUUSD_1751328000,132,55.0,57.5,25.0,BASE,VALIDATION,51,1186.7200000000003,2.6109904430929665,23.26901960784314
FIRST_TRIANGLE_GOLD_EVIDENCE_XAUUSD_1751328000,132,55.0,57.5,25.0,BASE,LOCKED_OOS,65,735.6099999999979,1.7963387966310829,11.31707692307689
FIRST_TRIANGLE_GOLD_EVIDENCE_XAUUSD_1751328000,132,55.0,57.5,25.0,BASE,H1,138,1612.7499999999986,1.939497031940861,11.68659420289854
FIRST_TRIANGLE_GOLD_EVIDENCE_XAUUSD_1751328000,132,55.0,57.5,25.0,BASE,H2,65,735.6099999999979,1.7963387966310829,11.31707692307689
FIRST_TRIANGLE_GOLD_EVIDENCE_XAUUSD_1751328000,132,55.0,57.5,25.0,BASE,ALL,203,2348.3599999999965,1.8894123885090979,11.568275862068948
FIRST_TRIANGLE_GOLD_EVIDENCE_XAUUSD_1751328000,133,55.0,57.5,25.0,SPREAD_PLUS_25,DEVELOPMENT,87,426.0299999999984,1.434737798095859,4.89689655172412
FIRST_TRIANGLE_GOLD_EVIDENCE_XAUUSD_1751328000,133,55.0,57.5,25.0,SPREAD_PLUS_25,VALIDATION,51,1186.7200000000003,2.6109904430929665,23.26901960784314
FIRST_TRIANGLE_GOLD_EVIDENCE_XAUUSD_1751328000,133,55.0,57.5,25.0,SPREAD_PLUS_25,LOCKED_OOS,65,735.6099999999979,1.7963387966310829,11.31707692307689
FIRST_TRIANGLE_GOLD_EVIDENCE_XAUUSD_1751328000,133,55.0,57.5,25.0,SPREAD_PLUS_25,H1,138,1612.7499999999986,1.939497031940861,11.68659420289854
FIRST_TRIANGLE_GOLD_EVIDENCE_XAUUSD_1751328000,133,55.0,57.5,25.0,SPREAD_PLUS_25,H2,65,735.6099999999979,1.7963387966310829,11.31707692307689
FIRST_TRIANGLE_GOLD_EVIDENCE_XAUUSD_1751328000,133,55.0,57.5,25.0,SPREAD_PLUS_25,ALL,203,2348.3599999999965,1.8894123885090979,11.568275862068948
FIRST_TRIANGLE_GOLD_EVIDENCE_XAUUSD_1751328000,134,55.0,57.5,25.0,SPREAD_PLUS_50,DEVELOPMENT,87,426.0299999999984,1.434737798095859,4.89689655172412
FIRST_TRIANGLE_GOLD_EVIDENCE_XAUUSD_1751328000,134,55.0,57.5,25.0,SPREAD_PLUS_50,VALIDATION,51,1186.7200000000003,2.6109904430929665,23.26901960784314
FIRST_TRIANGLE_GOLD_EVIDENCE_XAUUSD_1751328000,134,55.0,57.5,25.0,SPREAD_PLUS_50,LOCKED_OOS,65,735.6099999999979,1.7963387966310829,11.31707692307689
FIRST_TRIANGLE_GOLD_EVIDENCE_XAUUSD_1751328000,134,55.0,57.5,25.0,SPREAD_PLUS_50,H1,138,1612.7499999999986,1.939497031940861,11.68659420289854
FIRST_TRIANGLE_GOLD_EVIDENCE_XAUUSD_1751328000,134,55.0,57.5,25.0,SPREAD_PLUS_50,H2,65,735.6099999999979,1.7963387966310829,11.31707692307689
FIRST_TRIANGLE_GOLD_EVIDENCE_XAUUSD_1751328000,134,55.0,57.5,25.0,SPREAD_PLUS_50,ALL,203,2348.3599999999965,1.8894123885090979,11.568275862068948
FIRST_TRIANGLE_GOLD_EVIDENCE_XAUUSD_1751328000,135,55.0,57.5,25.0,SLIPPAGE_BASE,DEVELOPMENT,87,426.0299999999984,1.434737798095859,4.89689655172412
FIRST_TRIANGLE_GOLD_EVIDENCE_XAUUSD_1751328000,135,55.0,57.5,25.0,SLIPPAGE_BASE,VALIDATION,51,1186.7200000000003,2.6109904430929665,23.26901960784314
FIRST_TRIANGLE_GOLD_EVIDENCE_XAUUSD_1751328000,135,55.0,57.5,25.0,SLIPPAGE_BASE,LOCKED_OOS,65,735.6099999999979,1.7963387966310829,11.31707692307689
FIRST_TRIANGLE_GOLD_EVIDENCE_XAUUSD_1751328000,135,55.0,57.5,25.0,SLIPPAGE_BASE,H1,138,1612.7499999999986,1.939497031940861,11.68659420289854
FIRST_TRIANGLE_GOLD_EVIDENCE_XAUUSD_1751328000,135,55.0,57.5,25.0,SLIPPAGE_BASE,H2,65,735.6099999999979,1.7963387966310829,11.31707692307689
FIRST_TRIANGLE_GOLD_EVIDENCE_XAUUSD_1751328000,135,55.0,57.5,25.0,SLIPPAGE_BASE,ALL,203,2348.3599999999965,1.8894123885090979,11.568275862068948
FIRST_TRIANGLE_GOLD_EVIDENCE_XAUUSD_1751328000,136,55.0,57.5,25.0,COMMISSION_PLUS_25,DEVELOPMENT,87,426.0299999999984,1.434737798095859,4.89689655172412
FIRST_TRIANGLE_GOLD_EVIDENCE_XAUUSD_1751328000,136,55.0,57.5,25.0,COMMISSION_PLUS_25,VALIDATION,51,1186.7200000000003,2.6109904430929665,23.26901960784314
FIRST_TRIANGLE_GOLD_EVIDENCE_XAUUSD_1751328000,136,55.0,57.5,25.0,COMMISSION_PLUS_25,LOCKED_OOS,65,735.6099999999979,1.7963387966310829,11.31707692307689
FIRST_TRIANGLE_GOLD_EVIDENCE_XAUUSD_1751328000,136,55.0,57.5,25.0,COMMISSION_PLUS_25,H1,138,1612.7499999999986,1.939497031940861,11.68659420289854
FIRST_TRIANGLE_GOLD_EVIDENCE_XAUUSD_1751328000,136,55.0,57.5,25.0,COMMISSION_PLUS_25,H2,65,735.6099999999979,1.7963387966310829,11.31707692307689
FIRST_TRIANGLE_GOLD_EVIDENCE_XAUUSD_1751328000,136,55.0,57.5,25.0,COMMISSION_PLUS_25,ALL,203,2348.3599999999965,1.8894123885090979,11.568275862068948
FIRST_TRIANGLE_GOLD_EVIDENCE_XAUUSD_1751328000,137,55.0,57.5,25.0,COMBINED_STRESS,DEVELOPMENT,87,426.0299999999984,1.434737798095859,4.89689655172412
FIRST_TRIANGLE_GOLD_EVIDENCE_XAUUSD_1751328000,137,55.0,57.5,25.0,COMBINED_STRESS,VALIDATION,51,1186.7200000000003,2.6109904430929665,23.26901960784314
FIRST_TRIANGLE_GOLD_EVIDENCE_XAUUSD_1751328000,137,55.0,57.5,25.0,COMBINED_STRESS,LOCKED_OOS,65,735.6099999999979,1.7963387966310829,11.31707692307689
FIRST_TRIANGLE_GOLD_EVIDENCE_XAUUSD_1751328000,137,55.0,57.5,25.0,COMBINED_STRESS,H1,138,1612.7499999999986,1.939497031940861,11.68659420289854
FIRST_TRIANGLE_GOLD_EVIDENCE_XAUUSD_1751328000,137,55.0,57.5,25.0,COMBINED_STRESS,H2,65,735.6099999999979,1.7963387966310829,11.31707692307689
FIRST_TRIANGLE_GOLD_EVIDENCE_XAUUSD_1751328000,137,55.0,57.5,25.0,COMBINED_STRESS,ALL,203,2348.3599999999965,1.8894123885090979,11.568275862068948
FIRST_TRIANGLE_GOLD_EVIDENCE_XAUUSD_1751328000,138,55.0,57.5,27.5,BASE,DEVELOPMENT,87,384.2799999999984,1.392134453095502,4.417011494252855
FIRST_TRIANGLE_GOLD_EVIDENCE_XAUUSD_1751328000,138,55.0,57.5,27.5,BASE,VALIDATION,51,1114.2200000000003,2.51257059079062,21.84745098039216
FIRST_TRIANGLE_GOLD_EVIDENCE_XAUUSD_1751328000,138,55.0,57.5,27.5,BASE,LOCKED_OOS,65,745.009999999998,1.806514820187495,11.461692307692276
FIRST_TRIANGLE_GOLD_EVIDENCE_XAUUSD_1751328000,138,55.0,57.5,27.5,BASE,H1,138,1498.4999999999986,1.8729414369018014,10.858695652173903
FIRST_TRIANGLE_GOLD_EVIDENCE_XAUUSD_1751328000,138,55.0,57.5,27.5,BASE,H2,65,745.009999999998,1.806514820187495,11.461692307692276
FIRST_TRIANGLE_GOLD_EVIDENCE_XAUUSD_1751328000,138,55.0,57.5,27.5,BASE,ALL,203,2243.5099999999966,1.8497017440869574,11.051773399014762
FIRST_TRIANGLE_GOLD_EVIDENCE_XAUUSD_1751328000,139,55.0,57.5,27.5,SPREAD_PLUS_25,DEVELOPMENT,87,384.2799999999984,1.392134453095502,4.417011494252855
FIRST_TRIANGLE_GOLD_EVIDENCE_XAUUSD_1751328000,139,55.0,57.5,27.5,SPREAD_PLUS_25,VALIDATION,51,1114.2200000000003,2.51257059079062,21.84745098039216
FIRST_TRIANGLE_GOLD_EVIDENCE_XAUUSD_1751328000,139,55.0,57.5,27.5,SPREAD_PLUS_25,LOCKED_OOS,65,745.009999999998,1.806514820187495,11.461692307692276
FIRST_TRIANGLE_GOLD_EVIDENCE_XAUUSD_1751328000,139,55.0,57.5,27.5,SPREAD_PLUS_25,H1,138,1498.4999999999986,1.8729414369018014,10.858695652173903
FIRST_TRIANGLE_GOLD_EVIDENCE_XAUUSD_1751328000,139,55.0,57.5,27.5,SPREAD_PLUS_25,H2,65,745.009999999998,1.806514820187495,11.461692307692276
FIRST_TRIANGLE_GOLD_EVIDENCE_XAUUSD_1751328000,139,55.0,57.5,27.5,SPREAD_PLUS_25,ALL,203,2243.5099999999966,1.8497017440869574,11.051773399014762
FIRST_TRIANGLE_GOLD_EVIDENCE_XAUUSD_1751328000,140,55.0,57.5,27.5,SPREAD_PLUS_50,DEVELOPMENT,87,384.2799999999984,1.392134453095502,4.417011494252855
FIRST_TRIANGLE_GOLD_EVIDENCE_XAUUSD_1751328000,140,55.0,57.5,27.5,SPREAD_PLUS_50,VALIDATION,51,1114.2200000000003,2.51257059079062,21.84745098039216
FIRST_TRIANGLE_GOLD_EVIDENCE_XAUUSD_1751328000,140,55.0,57.5,27.5,SPREAD_PLUS_50,LOCKED_OOS,65,745.009999999998,1.806514820187495,11.461692307692276
FIRST_TRIANGLE_GOLD_EVIDENCE_XAUUSD_1751328000,140,55.0,57.5,27.5,SPREAD_PLUS_50,H1,138,1498.4999999999986,1.8729414369018014,10.858695652173903
FIRST_TRIANGLE_GOLD_EVIDENCE_XAUUSD_1751328000,140,55.0,57.5,27.5,SPREAD_PLUS_50,H2,65,745.009999999998,1.806514820187495,11.461692307692276
FIRST_TRIANGLE_GOLD_EVIDENCE_XAUUSD_1751328000,140,55.0,57.5,27.5,SPREAD_PLUS_50,ALL,203,2243.5099999999966,1.8497017440869574,11.051773399014762
FIRST_TRIANGLE_GOLD_EVIDENCE_XAUUSD_1751328000,141,55.0,57.5,27.5,SLIPPAGE_BASE,DEVELOPMENT,87,384.2799999999984,1.392134453095502,4.417011494252855
FIRST_TRIANGLE_GOLD_EVIDENCE_XAUUSD_1751328000,141,55.0,57.5,27.5,SLIPPAGE_BASE,VALIDATION,51,1114.2200000000003,2.51257059079062,21.84745098039216
FIRST_TRIANGLE_GOLD_EVIDENCE_XAUUSD_1751328000,141,55.0,57.5,27.5,SLIPPAGE_BASE,LOCKED_OOS,65,745.009999999998,1.806514820187495,11.461692307692276
FIRST_TRIANGLE_GOLD_EVIDENCE_XAUUSD_1751328000,141,55.0,57.5,27.5,SLIPPAGE_BASE,H1,138,1498.4999999999986,1.8729414369018014,10.858695652173903
FIRST_TRIANGLE_GOLD_EVIDENCE_XAUUSD_1751328000,141,55.0,57.5,27.5,SLIPPAGE_BASE,H2,65,745.009999999998,1.806514820187495,11.461692307692276
FIRST_TRIANGLE_GOLD_EVIDENCE_XAUUSD_1751328000,141,55.0,57.5,27.5,SLIPPAGE_BASE,ALL,203,2243.5099999999966,1.8497017440869574,11.051773399014762
FIRST_TRIANGLE_GOLD_EVIDENCE_XAUUSD_1751328000,142,55.0,57.5,27.5,COMMISSION_PLUS_25,DEVELOPMENT,87,384.2799999999984,1.392134453095502,4.417011494252855
FIRST_TRIANGLE_GOLD_EVIDENCE_XAUUSD_1751328000,142,55.0,57.5,27.5,COMMISSION_PLUS_25,VALIDATION,51,1114.2200000000003,2.51257059079062,21.84745098039216
FIRST_TRIANGLE_GOLD_EVIDENCE_XAUUSD_1751328000,142,55.0,57.5,27.5,COMMISSION_PLUS_25,LOCKED_OOS,65,745.009999999998,1.806514820187495,11.461692307692276
FIRST_TRIANGLE_GOLD_EVIDENCE_XAUUSD_1751328000,142,55.0,57.5,27.5,COMMISSION_PLUS_25,H1,138,1498.4999999999986,1.8729414369018014,10.858695652173903
FIRST_TRIANGLE_GOLD_EVIDENCE_XAUUSD_1751328000,142,55.0,57.5,27.5,COMMISSION_PLUS_25,H2,65,745.009999999998,1.806514820187495,11.461692307692276
FIRST_TRIANGLE_GOLD_EVIDENCE_XAUUSD_1751328000,142,55.0,57.5,27.5,COMMISSION_PLUS_25,ALL,203,2243.5099999999966,1.8497017440869574,11.051773399014762
FIRST_TRIANGLE_GOLD_EVIDENCE_XAUUSD_1751328000,143,55.0,57.5,27.5,COMBINED_STRESS,DEVELOPMENT,87,384.2799999999984,1.392134453095502,4.417011494252855
FIRST_TRIANGLE_GOLD_EVIDENCE_XAUUSD_1751328000,143,55.0,57.5,27.5,COMBINED_STRESS,VALIDATION,51,1114.2200000000003,2.51257059079062,21.84745098039216
FIRST_TRIANGLE_GOLD_EVIDENCE_XAUUSD_1751328000,143,55.0,57.5,27.5,COMBINED_STRESS,LOCKED_OOS,65,745.009999999998,1.806514820187495,11.461692307692276
FIRST_TRIANGLE_GOLD_EVIDENCE_XAUUSD_1751328000,143,55.0,57.5,27.5,COMBINED_STRESS,H1,138,1498.4999999999986,1.8729414369018014,10.858695652173903
FIRST_TRIANGLE_GOLD_EVIDENCE_XAUUSD_1751328000,143,55.0,57.5,27.5,COMBINED_STRESS,H2,65,745.009999999998,1.806514820187495,11.461692307692276
FIRST_TRIANGLE_GOLD_EVIDENCE_XAUUSD_1751328000,143,55.0,57.5,27.5,COMBINED_STRESS,ALL,203,2243.5099999999966,1.8497017440869574,11.051773399014762
FIRST_TRIANGLE_GOLD_EVIDENCE_XAUUSD_1751328000,144,55.0,57.5,30.0,BASE,DEVELOPMENT,87,339.2799999999984,1.3462146800412247,3.89977011494251
FIRST_TRIANGLE_GOLD_EVIDENCE_XAUUSD_1751328000,144,55.0,57.5,30.0,BASE,VALIDATION,51,1235.7000000000016,2.677481537793229,24.229411764705915
FIRST_TRIANGLE_GOLD_EVIDENCE_XAUUSD_1751328000,144,55.0,57.5,30.0,BASE,LOCKED_OOS,65,729.0399999999977,1.7892264056985694,11.215999999999964
FIRST_TRIANGLE_GOLD_EVIDENCE_XAUUSD_1751328000,144,55.0,57.5,30.0,BASE,H1,138,1574.98,1.9174943638916253,11.412898550724638
FIRST_TRIANGLE_GOLD_EVIDENCE_XAUUSD_1751328000,144,55.0,57.5,30.0,BASE,H2,65,729.0399999999977,1.7892264056985694,11.215999999999964
FIRST_TRIANGLE_GOLD_EVIDENCE_XAUUSD_1751328000,144,55.0,57.5,30.0,BASE,ALL,203,2304.0199999999977,1.872619160338591,11.349852216748758
FIRST_TRIANGLE_GOLD_EVIDENCE_XAUUSD_1751328000,145,55.0,57.5,30.0,SPREAD_PLUS_25,DEVELOPMENT,87,339.2799999999984,1.3462146800412247,3.89977011494251
FIRST_TRIANGLE_GOLD_EVIDENCE_XAUUSD_1751328000,145,55.0,57.5,30.0,SPREAD_PLUS_25,VALIDATION,51,1235.7000000000016,2.677481537793229,24.229411764705915
FIRST_TRIANGLE_GOLD_EVIDENCE_XAUUSD_1751328000,145,55.0,57.5,30.0,SPREAD_PLUS_25,LOCKED_OOS,65,729.0399999999977,1.7892264056985694,11.215999999999964
FIRST_TRIANGLE_GOLD_EVIDENCE_XAUUSD_1751328000,145,55.0,57.5,30.0,SPREAD_PLUS_25,H1,138,1574.98,1.9174943638916253,11.412898550724638
FIRST_TRIANGLE_GOLD_EVIDENCE_XAUUSD_1751328000,145,55.0,57.5,30.0,SPREAD_PLUS_25,H2,65,729.0399999999977,1.7892264056985694,11.215999999999964
FIRST_TRIANGLE_GOLD_EVIDENCE_XAUUSD_1751328000,145,55.0,57.5,30.0,SPREAD_PLUS_25,ALL,203,2304.0199999999977,1.872619160338591,11.349852216748758
FIRST_TRIANGLE_GOLD_EVIDENCE_XAUUSD_1751328000,146,55.0,57.5,30.0,SPREAD_PLUS_50,DEVELOPMENT,87,339.2799999999984,1.3462146800412247,3.89977011494251
FIRST_TRIANGLE_GOLD_EVIDENCE_XAUUSD_1751328000,146,55.0,57.5,30.0,SPREAD_PLUS_50,VALIDATION,51,1235.7000000000016,2.677481537793229,24.229411764705915
FIRST_TRIANGLE_GOLD_EVIDENCE_XAUUSD_1751328000,146,55.0,57.5,30.0,SPREAD_PLUS_50,LOCKED_OOS,65,729.0399999999977,1.7892264056985694,11.215999999999964
FIRST_TRIANGLE_GOLD_EVIDENCE_XAUUSD_1751328000,146,55.0,57.5,30.0,SPREAD_PLUS_50,H1,138,1574.98,1.9174943638916253,11.412898550724638
FIRST_TRIANGLE_GOLD_EVIDENCE_XAUUSD_1751328000,146,55.0,57.5,30.0,SPREAD_PLUS_50,H2,65,729.0399999999977,1.7892264056985694,11.215999999999964
FIRST_TRIANGLE_GOLD_EVIDENCE_XAUUSD_1751328000,146,55.0,57.5,30.0,SPREAD_PLUS_50,ALL,203,2304.0199999999977,1.872619160338591,11.349852216748758
FIRST_TRIANGLE_GOLD_EVIDENCE_XAUUSD_1751328000,147,55.0,57.5,30.0,SLIPPAGE_BASE,DEVELOPMENT,87,339.2799999999984,1.3462146800412247,3.89977011494251
FIRST_TRIANGLE_GOLD_EVIDENCE_XAUUSD_1751328000,147,55.0,57.5,30.0,SLIPPAGE_BASE,VALIDATION,51,1235.7000000000016,2.677481537793229,24.229411764705915
FIRST_TRIANGLE_GOLD_EVIDENCE_XAUUSD_1751328000,147,55.0,57.5,30.0,SLIPPAGE_BASE,LOCKED_OOS,65,729.0399999999977,1.7892264056985694,11.215999999999964
FIRST_TRIANGLE_GOLD_EVIDENCE_XAUUSD_1751328000,147,55.0,57.5,30.0,SLIPPAGE_BASE,H1,138,1574.98,1.9174943638916253,11.412898550724638
FIRST_TRIANGLE_GOLD_EVIDENCE_XAUUSD_1751328000,147,55.0,57.5,30.0,SLIPPAGE_BASE,H2,65,729.0399999999977,1.7892264056985694,11.215999999999964
FIRST_TRIANGLE_GOLD_EVIDENCE_XAUUSD_1751328000,147,55.0,57.5,30.0,SLIPPAGE_BASE,ALL,203,2304.0199999999977,1.872619160338591,11.349852216748758
FIRST_TRIANGLE_GOLD_EVIDENCE_XAUUSD_1751328000,148,55.0,57.5,30.0,COMMISSION_PLUS_25,DEVELOPMENT,87,339.2799999999984,1.3462146800412247,3.89977011494251
FIRST_TRIANGLE_GOLD_EVIDENCE_XAUUSD_1751328000,148,55.0,57.5,30.0,COMMISSION_PLUS_25,VALIDATION,51,1235.7000000000016,2.677481537793229,24.229411764705915
FIRST_TRIANGLE_GOLD_EVIDENCE_XAUUSD_1751328000,148,55.0,57.5,30.0,COMMISSION_PLUS_25,LOCKED_OOS,65,729.0399999999977,1.7892264056985694,11.215999999999964
FIRST_TRIANGLE_GOLD_EVIDENCE_XAUUSD_1751328000,148,55.0,57.5,30.0,COMMISSION_PLUS_25,H1,138,1574.98,1.9174943638916253,11.412898550724638
FIRST_TRIANGLE_GOLD_EVIDENCE_XAUUSD_1751328000,148,55.0,57.5,30.0,COMMISSION_PLUS_25,H2,65,729.0399999999977,1.7892264056985694,11.215999999999964
FIRST_TRIANGLE_GOLD_EVIDENCE_XAUUSD_1751328000,148,55.0,57.5,30.0,COMMISSION_PLUS_25,ALL,203,2304.0199999999977,1.872619160338591,11.349852216748758
FIRST_TRIANGLE_GOLD_EVIDENCE_XAUUSD_1751328000,149,55.0,57.5,30.0,COMBINED_STRESS,DEVELOPMENT,87,339.2799999999984,1.3462146800412247,3.89977011494251
FIRST_TRIANGLE_GOLD_EVIDENCE_XAUUSD_1751328000,149,55.0,57.5,30.0,COMBINED_STRESS,VALIDATION,51,1235.7000000000016,2.677481537793229,24.229411764705915
FIRST_TRIANGLE_GOLD_EVIDENCE_XAUUSD_1751328000,149,55.0,57.5,30.0,COMBINED_STRESS,LOCKED_OOS,65,729.0399999999977,1.7892264056985694,11.215999999999964
FIRST_TRIANGLE_GOLD_EVIDENCE_XAUUSD_1751328000,149,55.0,57.5,30.0,COMBINED_STRESS,H1,138,1574.98,1.9174943638916253,11.412898550724638
FIRST_TRIANGLE_GOLD_EVIDENCE_XAUUSD_1751328000,149,55.0,57.5,30.0,COMBINED_STRESS,H2,65,729.0399999999977,1.7892264056985694,11.215999999999964
FIRST_TRIANGLE_GOLD_EVIDENCE_XAUUSD_1751328000,149,55.0,57.5,30.0,COMBINED_STRESS,ALL,203,2304.0199999999977,1.872619160338591,11.349852216748758
FIRST_TRIANGLE_GOLD_EVIDENCE_XAUUSD_1751328000,150,55.0,57.5,32.5,BASE,DEVELOPMENT,87,337.25999999999794,1.3441533924507878,3.8765517241379075
FIRST_TRIANGLE_GOLD_EVIDENCE_XAUUSD_1751328000,150,55.0,57.5,32.5,BASE,VALIDATION,51,1171.6100000000015,2.5904783883579547,22.972745098039244
FIRST_TRIANGLE_GOLD_EVIDENCE_XAUUSD_1751328000,150,55.0,57.5,32.5,BASE,LOCKED_OOS,65,770.2899999999977,1.833881828220058,11.850615384615349
FIRST_TRIANGLE_GOLD_EVIDENCE_XAUUSD_1751328000,150,55.0,57.5,32.5,BASE,H1,138,1508.8699999999994,1.8789824130116928,10.933840579710141
FIRST_TRIANGLE_GOLD_EVIDENCE_XAUUSD_1751328000,150,55.0,57.5,32.5,BASE,H2,65,770.2899999999977,1.833881828220058,11.850615384615349
FIRST_TRIANGLE_GOLD_EVIDENCE_XAUUSD_1751328000,150,55.0,57.5,32.5,BASE,ALL,203,2279.159999999997,1.8632037419281529,11.227389162561563
FIRST_TRIANGLE_GOLD_EVIDENCE_XAUUSD_1751328000,151,55.0,57.5,32.5,SPREAD_PLUS_25,DEVELOPMENT,87,337.25999999999794,1.3441533924507878,3.8765517241379075
FIRST_TRIANGLE_GOLD_EVIDENCE_XAUUSD_1751328000,151,55.0,57.5,32.5,SPREAD_PLUS_25,VALIDATION,51,1171.6100000000015,2.5904783883579547,22.972745098039244
FIRST_TRIANGLE_GOLD_EVIDENCE_XAUUSD_1751328000,151,55.0,57.5,32.5,SPREAD_PLUS_25,LOCKED_OOS,65,770.2899999999977,1.833881828220058,11.850615384615349
FIRST_TRIANGLE_GOLD_EVIDENCE_XAUUSD_1751328000,151,55.0,57.5,32.5,SPREAD_PLUS_25,H1,138,1508.8699999999994,1.8789824130116928,10.933840579710141
FIRST_TRIANGLE_GOLD_EVIDENCE_XAUUSD_1751328000,151,55.0,57.5,32.5,SPREAD_PLUS_25,H2,65,770.2899999999977,1.833881828220058,11.850615384615349
FIRST_TRIANGLE_GOLD_EVIDENCE_XAUUSD_1751328000,151,55.0,57.5,32.5,SPREAD_PLUS_25,ALL,203,2279.159999999997,1.8632037419281529,11.227389162561563
FIRST_TRIANGLE_GOLD_EVIDENCE_XAUUSD_1751328000,152,55.0,57.5,32.5,SPREAD_PLUS_50,DEVELOPMENT,87,337.25999999999794,1.3441533924507878,3.8765517241379075
FIRST_TRIANGLE_GOLD_EVIDENCE_XAUUSD_1751328000,152,55.0,57.5,32.5,SPREAD_PLUS_50,VALIDATION,51,1171.6100000000015,2.5904783883579547,22.972745098039244
FIRST_TRIANGLE_GOLD_EVIDENCE_XAUUSD_1751328000,152,55.0,57.5,32.5,SPREAD_PLUS_50,LOCKED_OOS,65,770.2899999999977,1.833881828220058,11.850615384615349
FIRST_TRIANGLE_GOLD_EVIDENCE_XAUUSD_1751328000,152,55.0,57.5,32.5,SPREAD_PLUS_50,H1,138,1508.8699999999994,1.8789824130116928,10.933840579710141
FIRST_TRIANGLE_GOLD_EVIDENCE_XAUUSD_1751328000,152,55.0,57.5,32.5,SPREAD_PLUS_50,H2,65,770.2899999999977,1.833881828220058,11.850615384615349
FIRST_TRIANGLE_GOLD_EVIDENCE_XAUUSD_1751328000,152,55.0,57.5,32.5,SPREAD_PLUS_50,ALL,203,2279.159999999997,1.8632037419281529,11.227389162561563
FIRST_TRIANGLE_GOLD_EVIDENCE_XAUUSD_1751328000,153,55.0,57.5,32.5,SLIPPAGE_BASE,DEVELOPMENT,87,337.25999999999794,1.3441533924507878,3.8765517241379075
FIRST_TRIANGLE_GOLD_EVIDENCE_XAUUSD_1751328000,153,55.0,57.5,32.5,SLIPPAGE_BASE,VALIDATION,51,1171.6100000000015,2.5904783883579547,22.972745098039244
FIRST_TRIANGLE_GOLD_EVIDENCE_XAUUSD_1751328000,153,55.0,57.5,32.5,SLIPPAGE_BASE,LOCKED_OOS,65,770.2899999999977,1.833881828220058,11.850615384615349
FIRST_TRIANGLE_GOLD_EVIDENCE_XAUUSD_1751328000,153,55.0,57.5,32.5,SLIPPAGE_BASE,H1,138,1508.8699999999994,1.8789824130116928,10.933840579710141
FIRST_TRIANGLE_GOLD_EVIDENCE_XAUUSD_1751328000,153,55.0,57.5,32.5,SLIPPAGE_BASE,H2,65,770.2899999999977,1.833881828220058,11.850615384615349
FIRST_TRIANGLE_GOLD_EVIDENCE_XAUUSD_1751328000,153,55.0,57.5,32.5,SLIPPAGE_BASE,ALL,203,2279.159999999997,1.8632037419281529,11.227389162561563
FIRST_TRIANGLE_GOLD_EVIDENCE_XAUUSD_1751328000,154,55.0,57.5,32.5,COMMISSION_PLUS_25,DEVELOPMENT,87,337.25999999999794,1.3441533924507878,3.8765517241379075
FIRST_TRIANGLE_GOLD_EVIDENCE_XAUUSD_1751328000,154,55.0,57.5,32.5,COMMISSION_PLUS_25,VALIDATION,51,1171.6100000000015,2.5904783883579547,22.972745098039244
FIRST_TRIANGLE_GOLD_EVIDENCE_XAUUSD_1751328000,154,55.0,57.5,32.5,COMMISSION_PLUS_25,LOCKED_OOS,65,770.2899999999977,1.833881828220058,11.850615384615349
FIRST_TRIANGLE_GOLD_EVIDENCE_XAUUSD_1751328000,154,55.0,57.5,32.5,COMMISSION_PLUS_25,H1,138,1508.8699999999994,1.8789824130116928,10.933840579710141
FIRST_TRIANGLE_GOLD_EVIDENCE_XAUUSD_1751328000,154,55.0,57.5,32.5,COMMISSION_PLUS_25,H2,65,770.2899999999977,1.833881828220058,11.850615384615349
FIRST_TRIANGLE_GOLD_EVIDENCE_XAUUSD_1751328000,154,55.0,57.5,32.5,COMMISSION_PLUS_25,ALL,203,2279.159999999997,1.8632037419281529,11.227389162561563
FIRST_TRIANGLE_GOLD_EVIDENCE_XAUUSD_1751328000,155,55.0,57.5,32.5,COMBINED_STRESS,DEVELOPMENT,87,337.25999999999794,1.3441533924507878,3.8765517241379075
FIRST_TRIANGLE_GOLD_EVIDENCE_XAUUSD_1751328000,155,55.0,57.5,32.5,COMBINED_STRESS,VALIDATION,51,1171.6100000000015,2.5904783883579547,22.972745098039244
FIRST_TRIANGLE_GOLD_EVIDENCE_XAUUSD_1751328000,155,55.0,57.5,32.5,COMBINED_STRESS,LOCKED_OOS,65,770.2899999999977,1.833881828220058,11.850615384615349
FIRST_TRIANGLE_GOLD_EVIDENCE_XAUUSD_1751328000,155,55.0,57.5,32.5,COMBINED_STRESS,H1,138,1508.8699999999994,1.8789824130116928,10.933840579710141
FIRST_TRIANGLE_GOLD_EVIDENCE_XAUUSD_1751328000,155,55.0,57.5,32.5,COMBINED_STRESS,H2,65,770.2899999999977,1.833881828220058,11.850615384615349
FIRST_TRIANGLE_GOLD_EVIDENCE_XAUUSD_1751328000,155,55.0,57.5,32.5,COMBINED_STRESS,ALL,203,2279.159999999997,1.8632037419281529,11.227389162561563
FIRST_TRIANGLE_GOLD_EVIDENCE_XAUUSD_1751328000,156,55.0,57.5,35.0,BASE,DEVELOPMENT,87,428.68999999999824,1.4533571632525712,4.927471264367796
FIRST_TRIANGLE_GOLD_EVIDENCE_XAUUSD_1751328000,156,55.0,57.5,35.0,BASE,VALIDATION,51,1247.840000000002,2.6939617723718565,24.467450980392197
FIRST_TRIANGLE_GOLD_EVIDENCE_XAUUSD_1751328000,156,55.0,57.5,35.0,BASE,LOCKED_OOS,65,789.5199999999982,1.8546993742828033,12.14646153846151
FIRST_TRIANGLE_GOLD_EVIDENCE_XAUUSD_1751328000,156,55.0,57.5,35.0,BASE,H1,138,1676.5300000000002,1.9966116405010035,12.14876811594203
FIRST_TRIANGLE_GOLD_EVIDENCE_XAUUSD_1751328000,156,55.0,57.5,35.0,BASE,H2,65,789.5199999999982,1.8546993742828033,12.14646153846151
FIRST_TRIANGLE_GOLD_EVIDENCE_XAUUSD_1751328000,156,55.0,57.5,35.0,BASE,ALL,203,2466.0499999999984,1.9463079007049198,12.148029556650238
FIRST_TRIANGLE_GOLD_EVIDENCE_XAUUSD_1751328000,157,55.0,57.5,35.0,SPREAD_PLUS_25,DEVELOPMENT,87,428.68999999999824,1.4533571632525712,4.927471264367796
FIRST_TRIANGLE_GOLD_EVIDENCE_XAUUSD_1751328000,157,55.0,57.5,35.0,SPREAD_PLUS_25,VALIDATION,51,1247.840000000002,2.6939617723718565,24.467450980392197
FIRST_TRIANGLE_GOLD_EVIDENCE_XAUUSD_1751328000,157,55.0,57.5,35.0,SPREAD_PLUS_25,LOCKED_OOS,65,789.5199999999982,1.8546993742828033,12.14646153846151
FIRST_TRIANGLE_GOLD_EVIDENCE_XAUUSD_1751328000,157,55.0,57.5,35.0,SPREAD_PLUS_25,H1,138,1676.5300000000002,1.9966116405010035,12.14876811594203
FIRST_TRIANGLE_GOLD_EVIDENCE_XAUUSD_1751328000,157,55.0,57.5,35.0,SPREAD_PLUS_25,H2,65,789.5199999999982,1.8546993742828033,12.14646153846151
FIRST_TRIANGLE_GOLD_EVIDENCE_XAUUSD_1751328000,157,55.0,57.5,35.0,SPREAD_PLUS_25,ALL,203,2466.0499999999984,1.9463079007049198,12.148029556650238
FIRST_TRIANGLE_GOLD_EVIDENCE_XAUUSD_1751328000,158,55.0,57.5,35.0,SPREAD_PLUS_50,DEVELOPMENT,87,428.68999999999824,1.4533571632525712,4.927471264367796
FIRST_TRIANGLE_GOLD_EVIDENCE_XAUUSD_1751328000,158,55.0,57.5,35.0,SPREAD_PLUS_50,VALIDATION,51,1247.840000000002,2.6939617723718565,24.467450980392197
FIRST_TRIANGLE_GOLD_EVIDENCE_XAUUSD_1751328000,158,55.0,57.5,35.0,SPREAD_PLUS_50,LOCKED_OOS,65,789.5199999999982,1.8546993742828033,12.14646153846151
FIRST_TRIANGLE_GOLD_EVIDENCE_XAUUSD_1751328000,158,55.0,57.5,35.0,SPREAD_PLUS_50,H1,138,1676.5300000000002,1.9966116405010035,12.14876811594203
FIRST_TRIANGLE_GOLD_EVIDENCE_XAUUSD_1751328000,158,55.0,57.5,35.0,SPREAD_PLUS_50,H2,65,789.5199999999982,1.8546993742828033,12.14646153846151
FIRST_TRIANGLE_GOLD_EVIDENCE_XAUUSD_1751328000,158,55.0,57.5,35.0,SPREAD_PLUS_50,ALL,203,2466.0499999999984,1.9463079007049198,12.148029556650238
FIRST_TRIANGLE_GOLD_EVIDENCE_XAUUSD_1751328000,159,55.0,57.5,35.0,SLIPPAGE_BASE,DEVELOPMENT,87,428.68999999999824,1.4533571632525712,4.927471264367796
FIRST_TRIANGLE_GOLD_EVIDENCE_XAUUSD_1751328000,159,55.0,57.5,35.0,SLIPPAGE_BASE,VALIDATION,51,1247.840000000002,2.6939617723718565,24.467450980392197
FIRST_TRIANGLE_GOLD_EVIDENCE_XAUUSD_1751328000,159,55.0,57.5,35.0,SLIPPAGE_BASE,LOCKED_OOS,65,789.5199999999982,1.8546993742828033,12.14646153846151
FIRST_TRIANGLE_GOLD_EVIDENCE_XAUUSD_1751328000,159,55.0,57.5,35.0,SLIPPAGE_BASE,H1,138,1676.5300000000002,1.9966116405010035,12.14876811594203
FIRST_TRIANGLE_GOLD_EVIDENCE_XAUUSD_1751328000,159,55.0,57.5,35.0,SLIPPAGE_BASE,H2,65,789.5199999999982,1.8546993742828033,12.14646153846151
FIRST_TRIANGLE_GOLD_EVIDENCE_XAUUSD_1751328000,159,55.0,57.5,35.0,SLIPPAGE_BASE,ALL,203,2466.0499999999984,1.9463079007049198,12.148029556650238
FIRST_TRIANGLE_GOLD_EVIDENCE_XAUUSD_1751328000,160,55.0,57.5,35.0,COMMISSION_PLUS_25,DEVELOPMENT,87,428.68999999999824,1.4533571632525712,4.927471264367796
FIRST_TRIANGLE_GOLD_EVIDENCE_XAUUSD_1751328000,160,55.0,57.5,35.0,COMMISSION_PLUS_25,VALIDATION,51,1247.840000000002,2.6939617723718565,24.467450980392197
FIRST_TRIANGLE_GOLD_EVIDENCE_XAUUSD_1751328000,160,55.0,57.5,35.0,COMMISSION_PLUS_25,LOCKED_OOS,65,789.5199999999982,1.8546993742828033,12.14646153846151
FIRST_TRIANGLE_GOLD_EVIDENCE_XAUUSD_1751328000,160,55.0,57.5,35.0,COMMISSION_PLUS_25,H1,138,1676.5300000000002,1.9966116405010035,12.14876811594203
FIRST_TRIANGLE_GOLD_EVIDENCE_XAUUSD_1751328000,160,55.0,57.5,35.0,COMMISSION_PLUS_25,H2,65,789.5199999999982,1.8546993742828033,12.14646153846151
FIRST_TRIANGLE_GOLD_EVIDENCE_XAUUSD_1751328000,160,55.0,57.5,35.0,COMMISSION_PLUS_25,ALL,203,2466.0499999999984,1.9463079007049198,12.148029556650238
FIRST_TRIANGLE_GOLD_EVIDENCE_XAUUSD_1751328000,161,55.0,57.5,35.0,COMBINED_STRESS,DEVELOPMENT,87,428.68999999999824,1.4533571632525712,4.927471264367796
FIRST_TRIANGLE_GOLD_EVIDENCE_XAUUSD_1751328000,161,55.0,57.5,35.0,COMBINED_STRESS,VALIDATION,51,1247.840000000002,2.6939617723718565,24.467450980392197
FIRST_TRIANGLE_GOLD_EVIDENCE_XAUUSD_1751328000,161,55.0,57.5,35.0,COMBINED_STRESS,LOCKED_OOS,65,789.5199999999982,1.8546993742828033,12.14646153846151
FIRST_TRIANGLE_GOLD_EVIDENCE_XAUUSD_1751328000,161,55.0,57.5,35.0,COMBINED_STRESS,H1,138,1676.5300000000002,1.9966116405010035,12.14876811594203
FIRST_TRIANGLE_GOLD_EVIDENCE_XAUUSD_1751328000,161,55.0,57.5,35.0,COMBINED_STRESS,H2,65,789.5199999999982,1.8546993742828033,12.14646153846151
FIRST_TRIANGLE_GOLD_EVIDENCE_XAUUSD_1751328000,161,55.0,57.5,35.0,COMBINED_STRESS,ALL,203,2466.0499999999984,1.9463079007049198,12.148029556650238
FIRST_TRIANGLE_GOLD_EVIDENCE_XAUUSD_1751328000,162,55.0,57.5,37.5,BASE,DEVELOPMENT,87,653.4099999999985,1.691007730623208,7.510459770114926
FIRST_TRIANGLE_GOLD_EVIDENCE_XAUUSD_1751328000,162,55.0,57.5,37.5,BASE,VALIDATION,51,1175.340000000002,2.5955419200695107,23.045882352941216
FIRST_TRIANGLE_GOLD_EVIDENCE_XAUUSD_1751328000,162,55.0,57.5,37.5,BASE,LOCKED_OOS,65,791.8399999999979,1.8572109035009814,12.182153846153813
FIRST_TRIANGLE_GOLD_EVIDENCE_XAUUSD_1751328000,162,55.0,57.5,37.5,BASE,H1,138,1828.7500000000005,2.087098672595307,13.251811594202902
FIRST_TRIANGLE_GOLD_EVIDENCE_XAUUSD_1751328000,162,55.0,57.5,37.5,BASE,H2,65,791.8399999999979,1.8572109035009814,12.182153846153813
FIRST_TRIANGLE_GOLD_EVIDENCE_XAUUSD_1751328000,162,55.0,57.5,37.5,BASE,ALL,203,2620.5899999999983,2.00561019505213,12.909310344827578
FIRST_TRIANGLE_GOLD_EVIDENCE_XAUUSD_1751328000,163,55.0,57.5,37.5,SPREAD_PLUS_25,DEVELOPMENT,87,653.4099999999985,1.691007730623208,7.510459770114926
FIRST_TRIANGLE_GOLD_EVIDENCE_XAUUSD_1751328000,163,55.0,57.5,37.5,SPREAD_PLUS_25,VALIDATION,51,1175.340000000002,2.5955419200695107,23.045882352941216
FIRST_TRIANGLE_GOLD_EVIDENCE_XAUUSD_1751328000,163,55.0,57.5,37.5,SPREAD_PLUS_25,LOCKED_OOS,65,791.8399999999979,1.8572109035009814,12.182153846153813
FIRST_TRIANGLE_GOLD_EVIDENCE_XAUUSD_1751328000,163,55.0,57.5,37.5,SPREAD_PLUS_25,H1,138,1828.7500000000005,2.087098672595307,13.251811594202902
FIRST_TRIANGLE_GOLD_EVIDENCE_XAUUSD_1751328000,163,55.0,57.5,37.5,SPREAD_PLUS_25,H2,65,791.8399999999979,1.8572109035009814,12.182153846153813
FIRST_TRIANGLE_GOLD_EVIDENCE_XAUUSD_1751328000,163,55.0,57.5,37.5,SPREAD_PLUS_25,ALL,203,2620.5899999999983,2.00561019505213,12.909310344827578
FIRST_TRIANGLE_GOLD_EVIDENCE_XAUUSD_1751328000,164,55.0,57.5,37.5,SPREAD_PLUS_50,DEVELOPMENT,87,653.4099999999985,1.691007730623208,7.510459770114926
FIRST_TRIANGLE_GOLD_EVIDENCE_XAUUSD_1751328000,164,55.0,57.5,37.5,SPREAD_PLUS_50,VALIDATION,51,1175.340000000002,2.5955419200695107,23.045882352941216
FIRST_TRIANGLE_GOLD_EVIDENCE_XAUUSD_1751328000,164,55.0,57.5,37.5,SPREAD_PLUS_50,LOCKED_OOS,65,791.8399999999979,1.8572109035009814,12.182153846153813
FIRST_TRIANGLE_GOLD_EVIDENCE_XAUUSD_1751328000,164,55.0,57.5,37.5,SPREAD_PLUS_50,H1,138,1828.7500000000005,2.087098672595307,13.251811594202902
FIRST_TRIANGLE_GOLD_EVIDENCE_XAUUSD_1751328000,164,55.0,57.5,37.5,SPREAD_PLUS_50,H2,65,791.8399999999979,1.8572109035009814,12.182153846153813
FIRST_TRIANGLE_GOLD_EVIDENCE_XAUUSD_1751328000,164,55.0,57.5,37.5,SPREAD_PLUS_50,ALL,203,2620.5899999999983,2.00561019505213,12.909310344827578
FIRST_TRIANGLE_GOLD_EVIDENCE_XAUUSD_1751328000,165,55.0,57.5,37.5,SLIPPAGE_BASE,DEVELOPMENT,87,653.4099999999985,1.691007730623208,7.510459770114926
FIRST_TRIANGLE_GOLD_EVIDENCE_XAUUSD_1751328000,165,55.0,57.5,37.5,SLIPPAGE_BASE,VALIDATION,51,1175.340000000002,2.5955419200695107,23.045882352941216
FIRST_TRIANGLE_GOLD_EVIDENCE_XAUUSD_1751328000,165,55.0,57.5,37.5,SLIPPAGE_BASE,LOCKED_OOS,65,791.8399999999979,1.8572109035009814,12.182153846153813
FIRST_TRIANGLE_GOLD_EVIDENCE_XAUUSD_1751328000,165,55.0,57.5,37.5,SLIPPAGE_BASE,H1,138,1828.7500000000005,2.087098672595307,13.251811594202902
FIRST_TRIANGLE_GOLD_EVIDENCE_XAUUSD_1751328000,165,55.0,57.5,37.5,SLIPPAGE_BASE,H2,65,791.8399999999979,1.8572109035009814,12.182153846153813
FIRST_TRIANGLE_GOLD_EVIDENCE_XAUUSD_1751328000,165,55.0,57.5,37.5,SLIPPAGE_BASE,ALL,203,2620.5899999999983,2.00561019505213,12.909310344827578
FIRST_TRIANGLE_GOLD_EVIDENCE_XAUUSD_1751328000,166,55.0,57.5,37.5,COMMISSION_PLUS_25,DEVELOPMENT,87,653.4099999999985,1.691007730623208,7.510459770114926
FIRST_TRIANGLE_GOLD_EVIDENCE_XAUUSD_1751328000,166,55.0,57.5,37.5,COMMISSION_PLUS_25,VALIDATION,51,1175.340000000002,2.5955419200695107,23.045882352941216
FIRST_TRIANGLE_GOLD_EVIDENCE_XAUUSD_1751328000,166,55.0,57.5,37.5,COMMISSION_PLUS_25,LOCKED_OOS,65,791.8399999999979,1.8572109035009814,12.182153846153813
FIRST_TRIANGLE_GOLD_EVIDENCE_XAUUSD_1751328000,166,55.0,57.5,37.5,COMMISSION_PLUS_25,H1,138,1828.7500000000005,2.087098672595307,13.251811594202902
FIRST_TRIANGLE_GOLD_EVIDENCE_XAUUSD_1751328000,166,55.0,57.5,37.5,COMMISSION_PLUS_25,H2,65,791.8399999999979,1.8572109035009814,12.182153846153813
FIRST_TRIANGLE_GOLD_EVIDENCE_XAUUSD_1751328000,166,55.0,57.5,37.5,COMMISSION_PLUS_25,ALL,203,2620.5899999999983,2.00561019505213,12.909310344827578
FIRST_TRIANGLE_GOLD_EVIDENCE_XAUUSD_1751328000,167,55.0,57.5,37.5,COMBINED_STRESS,DEVELOPMENT,87,653.4099999999985,1.691007730623208,7.510459770114926
FIRST_TRIANGLE_GOLD_EVIDENCE_XAUUSD_1751328000,167,55.0,57.5,37.5,COMBINED_STRESS,VALIDATION,51,1175.340000000002,2.5955419200695107,23.045882352941216
FIRST_TRIANGLE_GOLD_EVIDENCE_XAUUSD_1751328000,167,55.0,57.5,37.5,COMBINED_STRESS,LOCKED_OOS,65,791.8399999999979,1.8572109035009814,12.182153846153813
FIRST_TRIANGLE_GOLD_EVIDENCE_XAUUSD_1751328000,167,55.0,57.5,37.5,COMBINED_STRESS,H1,138,1828.7500000000005,2.087098672595307,13.251811594202902
FIRST_TRIANGLE_GOLD_EVIDENCE_XAUUSD_1751328000,167,55.0,57.5,37.5,COMBINED_STRESS,H2,65,791.8399999999979,1.8572109035009814,12.182153846153813
FIRST_TRIANGLE_GOLD_EVIDENCE_XAUUSD_1751328000,167,55.0,57.5,37.5,COMBINED_STRESS,ALL,203,2620.5899999999983,2.00561019505213,12.909310344827578
FIRST_TRIANGLE_GOLD_EVIDENCE_XAUUSD_1751328000,168,55.0,60.0,22.5,BASE,DEVELOPMENT,87,297.1499999999987,1.2856222845937937,3.4155172413792956
FIRST_TRIANGLE_GOLD_EVIDENCE_XAUUSD_1751328000,168,55.0,60.0,22.5,BASE,VALIDATION,51,1178.2599999999993,2.599505864465684,23.10313725490195
FIRST_TRIANGLE_GOLD_EVIDENCE_XAUUSD_1751328000,168,55.0,60.0,22.5,BASE,LOCKED_OOS,65,753.259999999998,1.8154459046917928,11.588615384615354
FIRST_TRIANGLE_GOLD_EVIDENCE_XAUUSD_1751328000,168,55.0,60.0,22.5,BASE,H1,138,1475.409999999998,1.830281373100732,10.69137681159419
FIRST_TRIANGLE_GOLD_EVIDENCE_XAUUSD_1751328000,168,55.0,60.0,22.5,BASE,H2,65,753.259999999998,1.8154459046917928,11.588615384615354
FIRST_TRIANGLE_GOLD_EVIDENCE_XAUUSD_1751328000,168,55.0,60.0,22.5,BASE,ALL,203,2228.669999999996,1.8252071654435447,10.978669950738896
FIRST_TRIANGLE_GOLD_EVIDENCE_XAUUSD_1751328000,169,55.0,60.0,22.5,SPREAD_PLUS_25,DEVELOPMENT,87,297.1499999999987,1.2856222845937937,3.4155172413792956
FIRST_TRIANGLE_GOLD_EVIDENCE_XAUUSD_1751328000,169,55.0,60.0,22.5,SPREAD_PLUS_25,VALIDATION,51,1178.2599999999993,2.599505864465684,23.10313725490195
FIRST_TRIANGLE_GOLD_EVIDENCE_XAUUSD_1751328000,169,55.0,60.0,22.5,SPREAD_PLUS_25,LOCKED_OOS,65,753.259999999998,1.8154459046917928,11.588615384615354
FIRST_TRIANGLE_GOLD_EVIDENCE_XAUUSD_1751328000,169,55.0,60.0,22.5,SPREAD_PLUS_25,H1,138,1475.409999999998,1.830281373100732,10.69137681159419
FIRST_TRIANGLE_GOLD_EVIDENCE_XAUUSD_1751328000,169,55.0,60.0,22.5,SPREAD_PLUS_25,H2,65,753.259999999998,1.8154459046917928,11.588615384615354
FIRST_TRIANGLE_GOLD_EVIDENCE_XAUUSD_1751328000,169,55.0,60.0,22.5,SPREAD_PLUS_25,ALL,203,2228.669999999996,1.8252071654435447,10.978669950738896
FIRST_TRIANGLE_GOLD_EVIDENCE_XAUUSD_1751328000,170,55.0,60.0,22.5,SPREAD_PLUS_50,DEVELOPMENT,87,297.1499999999987,1.2856222845937937,3.4155172413792956
FIRST_TRIANGLE_GOLD_EVIDENCE_XAUUSD_1751328000,170,55.0,60.0,22.5,SPREAD_PLUS_50,VALIDATION,51,1178.2599999999993,2.599505864465684,23.10313725490195
FIRST_TRIANGLE_GOLD_EVIDENCE_XAUUSD_1751328000,170,55.0,60.0,22.5,SPREAD_PLUS_50,LOCKED_OOS,65,753.259999999998,1.8154459046917928,11.588615384615354
FIRST_TRIANGLE_GOLD_EVIDENCE_XAUUSD_1751328000,170,55.0,60.0,22.5,SPREAD_PLUS_50,H1,138,1475.409999999998,1.830281373100732,10.69137681159419
FIRST_TRIANGLE_GOLD_EVIDENCE_XAUUSD_1751328000,170,55.0,60.0,22.5,SPREAD_PLUS_50,H2,65,753.259999999998,1.8154459046917928,11.588615384615354
FIRST_TRIANGLE_GOLD_EVIDENCE_XAUUSD_1751328000,170,55.0,60.0,22.5,SPREAD_PLUS_50,ALL,203,2228.669999999996,1.8252071654435447,10.978669950738896
FIRST_TRIANGLE_GOLD_EVIDENCE_XAUUSD_1751328000,171,55.0,60.0,22.5,SLIPPAGE_BASE,DEVELOPMENT,87,297.1499999999987,1.2856222845937937,3.4155172413792956
FIRST_TRIANGLE_GOLD_EVIDENCE_XAUUSD_1751328000,171,55.0,60.0,22.5,SLIPPAGE_BASE,VALIDATION,51,1178.2599999999993,2.599505864465684,23.10313725490195
FIRST_TRIANGLE_GOLD_EVIDENCE_XAUUSD_1751328000,171,55.0,60.0,22.5,SLIPPAGE_BASE,LOCKED_OOS,65,753.259999999998,1.8154459046917928,11.588615384615354
FIRST_TRIANGLE_GOLD_EVIDENCE_XAUUSD_1751328000,171,55.0,60.0,22.5,SLIPPAGE_BASE,H1,138,1475.409999999998,1.830281373100732,10.69137681159419
FIRST_TRIANGLE_GOLD_EVIDENCE_XAUUSD_1751328000,171,55.0,60.0,22.5,SLIPPAGE_BASE,H2,65,753.259999999998,1.8154459046917928,11.588615384615354
FIRST_TRIANGLE_GOLD_EVIDENCE_XAUUSD_1751328000,171,55.0,60.0,22.5,SLIPPAGE_BASE,ALL,203,2228.669999999996,1.8252071654435447,10.978669950738896
FIRST_TRIANGLE_GOLD_EVIDENCE_XAUUSD_1751328000,172,55.0,60.0,22.5,COMMISSION_PLUS_25,DEVELOPMENT,87,297.1499999999987,1.2856222845937937,3.4155172413792956
FIRST_TRIANGLE_GOLD_EVIDENCE_XAUUSD_1751328000,172,55.0,60.0,22.5,COMMISSION_PLUS_25,VALIDATION,51,1178.2599999999993,2.599505864465684,23.10313725490195
FIRST_TRIANGLE_GOLD_EVIDENCE_XAUUSD_1751328000,172,55.0,60.0,22.5,COMMISSION_PLUS_25,LOCKED_OOS,65,753.259999999998,1.8154459046917928,11.588615384615354
FIRST_TRIANGLE_GOLD_EVIDENCE_XAUUSD_1751328000,172,55.0,60.0,22.5,COMMISSION_PLUS_25,H1,138,1475.409999999998,1.830281373100732,10.69137681159419
FIRST_TRIANGLE_GOLD_EVIDENCE_XAUUSD_1751328000,172,55.0,60.0,22.5,COMMISSION_PLUS_25,H2,65,753.259999999998,1.8154459046917928,11.588615384615354
FIRST_TRIANGLE_GOLD_EVIDENCE_XAUUSD_1751328000,172,55.0,60.0,22.5,COMMISSION_PLUS_25,ALL,203,2228.669999999996,1.8252071654435447,10.978669950738896
FIRST_TRIANGLE_GOLD_EVIDENCE_XAUUSD_1751328000,173,55.0,60.0,22.5,COMBINED_STRESS,DEVELOPMENT,87,297.1499999999987,1.2856222845937937,3.4155172413792956
FIRST_TRIANGLE_GOLD_EVIDENCE_XAUUSD_1751328000,173,55.0,60.0,22.5,COMBINED_STRESS,VALIDATION,51,1178.2599999999993,2.599505864465684,23.10313725490195
FIRST_TRIANGLE_GOLD_EVIDENCE_XAUUSD_1751328000,173,55.0,60.0,22.5,COMBINED_STRESS,LOCKED_OOS,65,753.259999999998,1.8154459046917928,11.588615384615354
FIRST_TRIANGLE_GOLD_EVIDENCE_XAUUSD_1751328000,173,55.0,60.0,22.5,COMBINED_STRESS,H1,138,1475.409999999998,1.830281373100732,10.69137681159419
FIRST_TRIANGLE_GOLD_EVIDENCE_XAUUSD_1751328000,173,55.0,60.0,22.5,COMBINED_STRESS,H2,65,753.259999999998,1.8154459046917928,11.588615384615354
FIRST_TRIANGLE_GOLD_EVIDENCE_XAUUSD_1751328000,173,55.0,60.0,22.5,COMBINED_STRESS,ALL,203,2228.669999999996,1.8252071654435447,10.978669950738896
FIRST_TRIANGLE_GOLD_EVIDENCE_XAUUSD_1751328000,174,55.0,60.0,25.0,BASE,DEVELOPMENT,87,429.2799999999984,1.438054226149779,4.934252873563199
FIRST_TRIANGLE_GOLD_EVIDENCE_XAUUSD_1751328000,174,55.0,60.0,25.0,BASE,VALIDATION,51,1186.7200000000003,2.6109904430929665,23.26901960784314
FIRST_TRIANGLE_GOLD_EVIDENCE_XAUUSD_1751328000,174,55.0,60.0,25.0,BASE,LOCKED_OOS,65,752.7499999999977,1.8148938012860723,11.580769230769196
FIRST_TRIANGLE_GOLD_EVIDENCE_XAUUSD_1751328000,174,55.0,60.0,25.0,BASE,H1,138,1615.9999999999986,1.941390298320528,11.710144927536222
FIRST_TRIANGLE_GOLD_EVIDENCE_XAUUSD_1751328000,174,55.0,60.0,25.0,BASE,H2,65,752.7499999999977,1.8148938012860723,11.580769230769196
FIRST_TRIANGLE_GOLD_EVIDENCE_XAUUSD_1751328000,174,55.0,60.0,25.0,BASE,ALL,203,2368.7499999999964,1.8971348495464608,11.668719211822642
FIRST_TRIANGLE_GOLD_EVIDENCE_XAUUSD_1751328000,175,55.0,60.0,25.0,SPREAD_PLUS_25,DEVELOPMENT,87,429.2799999999984,1.438054226149779,4.934252873563199
FIRST_TRIANGLE_GOLD_EVIDENCE_XAUUSD_1751328000,175,55.0,60.0,25.0,SPREAD_PLUS_25,VALIDATION,51,1186.7200000000003,2.6109904430929665,23.26901960784314
FIRST_TRIANGLE_GOLD_EVIDENCE_XAUUSD_1751328000,175,55.0,60.0,25.0,SPREAD_PLUS_25,LOCKED_OOS,65,752.7499999999977,1.8148938012860723,11.580769230769196
FIRST_TRIANGLE_GOLD_EVIDENCE_XAUUSD_1751328000,175,55.0,60.0,25.0,SPREAD_PLUS_25,H1,138,1615.9999999999986,1.941390298320528,11.710144927536222
FIRST_TRIANGLE_GOLD_EVIDENCE_XAUUSD_1751328000,175,55.0,60.0,25.0,SPREAD_PLUS_25,H2,65,752.7499999999977,1.8148938012860723,11.580769230769196
FIRST_TRIANGLE_GOLD_EVIDENCE_XAUUSD_1751328000,175,55.0,60.0,25.0,SPREAD_PLUS_25,ALL,203,2368.7499999999964,1.8971348495464608,11.668719211822642
FIRST_TRIANGLE_GOLD_EVIDENCE_XAUUSD_1751328000,176,55.0,60.0,25.0,SPREAD_PLUS_50,DEVELOPMENT,87,429.2799999999984,1.438054226149779,4.934252873563199
FIRST_TRIANGLE_GOLD_EVIDENCE_XAUUSD_1751328000,176,55.0,60.0,25.0,SPREAD_PLUS_50,VALIDATION,51,1186.7200000000003,2.6109904430929665,23.26901960784314
FIRST_TRIANGLE_GOLD_EVIDENCE_XAUUSD_1751328000,176,55.0,60.0,25.0,SPREAD_PLUS_50,LOCKED_OOS,65,752.7499999999977,1.8148938012860723,11.580769230769196
FIRST_TRIANGLE_GOLD_EVIDENCE_XAUUSD_1751328000,176,55.0,60.0,25.0,SPREAD_PLUS_50,H1,138,1615.9999999999986,1.941390298320528,11.710144927536222
FIRST_TRIANGLE_GOLD_EVIDENCE_XAUUSD_1751328000,176,55.0,60.0,25.0,SPREAD_PLUS_50,H2,65,752.7499999999977,1.8148938012860723,11.580769230769196
FIRST_TRIANGLE_GOLD_EVIDENCE_XAUUSD_1751328000,176,55.0,60.0,25.0,SPREAD_PLUS_50,ALL,203,2368.7499999999964,1.8971348495464608,11.668719211822642
FIRST_TRIANGLE_GOLD_EVIDENCE_XAUUSD_1751328000,177,55.0,60.0,25.0,SLIPPAGE_BASE,DEVELOPMENT,87,429.2799999999984,1.438054226149779,4.934252873563199
FIRST_TRIANGLE_GOLD_EVIDENCE_XAUUSD_1751328000,177,55.0,60.0,25.0,SLIPPAGE_BASE,VALIDATION,51,1186.7200000000003,2.6109904430929665,23.26901960784314
FIRST_TRIANGLE_GOLD_EVIDENCE_XAUUSD_1751328000,177,55.0,60.0,25.0,SLIPPAGE_BASE,LOCKED_OOS,65,752.7499999999977,1.8148938012860723,11.580769230769196
FIRST_TRIANGLE_GOLD_EVIDENCE_XAUUSD_1751328000,177,55.0,60.0,25.0,SLIPPAGE_BASE,H1,138,1615.9999999999986,1.941390298320528,11.710144927536222
FIRST_TRIANGLE_GOLD_EVIDENCE_XAUUSD_1751328000,177,55.0,60.0,25.0,SLIPPAGE_BASE,H2,65,752.7499999999977,1.8148938012860723,11.580769230769196
FIRST_TRIANGLE_GOLD_EVIDENCE_XAUUSD_1751328000,177,55.0,60.0,25.0,SLIPPAGE_BASE,ALL,203,2368.7499999999964,1.8971348495464608,11.668719211822642
FIRST_TRIANGLE_GOLD_EVIDENCE_XAUUSD_1751328000,178,55.0,60.0,25.0,COMMISSION_PLUS_25,DEVELOPMENT,87,429.2799999999984,1.438054226149779,4.934252873563199
FIRST_TRIANGLE_GOLD_EVIDENCE_XAUUSD_1751328000,178,55.0,60.0,25.0,COMMISSION_PLUS_25,VALIDATION,51,1186.7200000000003,2.6109904430929665,23.26901960784314
FIRST_TRIANGLE_GOLD_EVIDENCE_XAUUSD_1751328000,178,55.0,60.0,25.0,COMMISSION_PLUS_25,LOCKED_OOS,65,752.7499999999977,1.8148938012860723,11.580769230769196
FIRST_TRIANGLE_GOLD_EVIDENCE_XAUUSD_1751328000,178,55.0,60.0,25.0,COMMISSION_PLUS_25,H1,138,1615.9999999999986,1.941390298320528,11.710144927536222
FIRST_TRIANGLE_GOLD_EVIDENCE_XAUUSD_1751328000,178,55.0,60.0,25.0,COMMISSION_PLUS_25,H2,65,752.7499999999977,1.8148938012860723,11.580769230769196
FIRST_TRIANGLE_GOLD_EVIDENCE_XAUUSD_1751328000,178,55.0,60.0,25.0,COMMISSION_PLUS_25,ALL,203,2368.7499999999964,1.8971348495464608,11.668719211822642
FIRST_TRIANGLE_GOLD_EVIDENCE_XAUUSD_1751328000,179,55.0,60.0,25.0,COMBINED_STRESS,DEVELOPMENT,87,429.2799999999984,1.438054226149779,4.934252873563199
FIRST_TRIANGLE_GOLD_EVIDENCE_XAUUSD_1751328000,179,55.0,60.0,25.0,COMBINED_STRESS,VALIDATION,51,1186.7200000000003,2.6109904430929665,23.26901960784314
FIRST_TRIANGLE_GOLD_EVIDENCE_XAUUSD_1751328000,179,55.0,60.0,25.0,COMBINED_STRESS,LOCKED_OOS,65,752.7499999999977,1.8148938012860723,11.580769230769196
FIRST_TRIANGLE_GOLD_EVIDENCE_XAUUSD_1751328000,179,55.0,60.0,25.0,COMBINED_STRESS,H1,138,1615.9999999999986,1.941390298320528,11.710144927536222
FIRST_TRIANGLE_GOLD_EVIDENCE_XAUUSD_1751328000,179,55.0,60.0,25.0,COMBINED_STRESS,H2,65,752.7499999999977,1.8148938012860723,11.580769230769196
FIRST_TRIANGLE_GOLD_EVIDENCE_XAUUSD_1751328000,179,55.0,60.0,25.0,COMBINED_STRESS,ALL,203,2368.7499999999964,1.8971348495464608,11.668719211822642
FIRST_TRIANGLE_GOLD_EVIDENCE_XAUUSD_1751328000,180,55.0,60.0,27.5,BASE,DEVELOPMENT,87,384.2799999999984,1.392134453095502,4.417011494252855
FIRST_TRIANGLE_GOLD_EVIDENCE_XAUUSD_1751328000,180,55.0,60.0,27.5,BASE,VALIDATION,51,1114.2200000000003,2.51257059079062,21.84745098039216
FIRST_TRIANGLE_GOLD_EVIDENCE_XAUUSD_1751328000,180,55.0,60.0,27.5,BASE,LOCKED_OOS,65,762.1499999999978,1.8250698248424844,11.725384615384582
FIRST_TRIANGLE_GOLD_EVIDENCE_XAUUSD_1751328000,180,55.0,60.0,27.5,BASE,H1,138,1498.4999999999986,1.8729414369018014,10.858695652173903
FIRST_TRIANGLE_GOLD_EVIDENCE_XAUUSD_1751328000,180,55.0,60.0,27.5,BASE,H2,65,762.1499999999978,1.8250698248424844,11.725384615384582
FIRST_TRIANGLE_GOLD_EVIDENCE_XAUUSD_1751328000,180,55.0,60.0,27.5,BASE,ALL,203,2260.6499999999965,1.8561933077054176,11.136206896551707
FIRST_TRIANGLE_GOLD_EVIDENCE_XAUUSD_1751328000,181,55.0,60.0,27.5,SPREAD_PLUS_25,DEVELOPMENT,87,384.2799999999984,1.392134453095502,4.417011494252855
FIRST_TRIANGLE_GOLD_EVIDENCE_XAUUSD_1751328000,181,55.0,60.0,27.5,SPREAD_PLUS_25,VALIDATION,51,1114.2200000000003,2.51257059079062,21.84745098039216
FIRST_TRIANGLE_GOLD_EVIDENCE_XAUUSD_1751328000,181,55.0,60.0,27.5,SPREAD_PLUS_25,LOCKED_OOS,65,762.1499999999978,1.8250698248424844,11.725384615384582
FIRST_TRIANGLE_GOLD_EVIDENCE_XAUUSD_1751328000,181,55.0,60.0,27.5,SPREAD_PLUS_25,H1,138,1498.4999999999986,1.8729414369018014,10.858695652173903
FIRST_TRIANGLE_GOLD_EVIDENCE_XAUUSD_1751328000,181,55.0,60.0,27.5,SPREAD_PLUS_25,H2,65,762.1499999999978,1.8250698248424844,11.725384615384582
FIRST_TRIANGLE_GOLD_EVIDENCE_XAUUSD_1751328000,181,55.0,60.0,27.5,SPREAD_PLUS_25,ALL,203,2260.6499999999965,1.8561933077054176,11.136206896551707
FIRST_TRIANGLE_GOLD_EVIDENCE_XAUUSD_1751328000,182,55.0,60.0,27.5,SPREAD_PLUS_50,DEVELOPMENT,87,384.2799999999984,1.392134453095502,4.417011494252855
FIRST_TRIANGLE_GOLD_EVIDENCE_XAUUSD_1751328000,182,55.0,60.0,27.5,SPREAD_PLUS_50,VALIDATION,51,1114.2200000000003,2.51257059079062,21.84745098039216
FIRST_TRIANGLE_GOLD_EVIDENCE_XAUUSD_1751328000,182,55.0,60.0,27.5,SPREAD_PLUS_50,LOCKED_OOS,65,762.1499999999978,1.8250698248424844,11.725384615384582
FIRST_TRIANGLE_GOLD_EVIDENCE_XAUUSD_1751328000,182,55.0,60.0,27.5,SPREAD_PLUS_50,H1,138,1498.4999999999986,1.8729414369018014,10.858695652173903
FIRST_TRIANGLE_GOLD_EVIDENCE_XAUUSD_1751328000,182,55.0,60.0,27.5,SPREAD_PLUS_50,H2,65,762.1499999999978,1.8250698248424844,11.725384615384582
FIRST_TRIANGLE_GOLD_EVIDENCE_XAUUSD_1751328000,182,55.0,60.0,27.5,SPREAD_PLUS_50,ALL,203,2260.6499999999965,1.8561933077054176,11.136206896551707
FIRST_TRIANGLE_GOLD_EVIDENCE_XAUUSD_1751328000,183,55.0,60.0,27.5,SLIPPAGE_BASE,DEVELOPMENT,87,384.2799999999984,1.392134453095502,4.417011494252855
FIRST_TRIANGLE_GOLD_EVIDENCE_XAUUSD_1751328000,183,55.0,60.0,27.5,SLIPPAGE_BASE,VALIDATION,51,1114.2200000000003,2.51257059079062,21.84745098039216
FIRST_TRIANGLE_GOLD_EVIDENCE_XAUUSD_1751328000,183,55.0,60.0,27.5,SLIPPAGE_BASE,LOCKED_OOS,65,762.1499999999978,1.8250698248424844,11.725384615384582
FIRST_TRIANGLE_GOLD_EVIDENCE_XAUUSD_1751328000,183,55.0,60.0,27.5,SLIPPAGE_BASE,H1,138,1498.4999999999986,1.8729414369018014,10.858695652173903
FIRST_TRIANGLE_GOLD_EVIDENCE_XAUUSD_1751328000,183,55.0,60.0,27.5,SLIPPAGE_BASE,H2,65,762.1499999999978,1.8250698248424844,11.725384615384582
FIRST_TRIANGLE_GOLD_EVIDENCE_XAUUSD_1751328000,183,55.0,60.0,27.5,SLIPPAGE_BASE,ALL,203,2260.6499999999965,1.8561933077054176,11.136206896551707
FIRST_TRIANGLE_GOLD_EVIDENCE_XAUUSD_1751328000,184,55.0,60.0,27.5,COMMISSION_PLUS_25,DEVELOPMENT,87,384.2799999999984,1.392134453095502,4.417011494252855
FIRST_TRIANGLE_GOLD_EVIDENCE_XAUUSD_1751328000,184,55.0,60.0,27.5,COMMISSION_PLUS_25,VALIDATION,51,1114.2200000000003,2.51257059079062,21.84745098039216
FIRST_TRIANGLE_GOLD_EVIDENCE_XAUUSD_1751328000,184,55.0,60.0,27.5,COMMISSION_PLUS_25,LOCKED_OOS,65,762.1499999999978,1.8250698248424844,11.725384615384582
FIRST_TRIANGLE_GOLD_EVIDENCE_XAUUSD_1751328000,184,55.0,60.0,27.5,COMMISSION_PLUS_25,H1,138,1498.4999999999986,1.8729414369018014,10.858695652173903
FIRST_TRIANGLE_GOLD_EVIDENCE_XAUUSD_1751328000,184,55.0,60.0,27.5,COMMISSION_PLUS_25,H2,65,762.1499999999978,1.8250698248424844,11.725384615384582
FIRST_TRIANGLE_GOLD_EVIDENCE_XAUUSD_1751328000,184,55.0,60.0,27.5,COMMISSION_PLUS_25,ALL,203,2260.6499999999965,1.8561933077054176,11.136206896551707
FIRST_TRIANGLE_GOLD_EVIDENCE_XAUUSD_1751328000,185,55.0,60.0,27.5,COMBINED_STRESS,DEVELOPMENT,87,384.2799999999984,1.392134453095502,4.417011494252855
FIRST_TRIANGLE_GOLD_EVIDENCE_XAUUSD_1751328000,185,55.0,60.0,27.5,COMBINED_STRESS,VALIDATION,51,1114.2200000000003,2.51257059079062,21.84745098039216
FIRST_TRIANGLE_GOLD_EVIDENCE_XAUUSD_1751328000,185,55.0,60.0,27.5,COMBINED_STRESS,LOCKED_OOS,65,762.1499999999978,1.8250698248424844,11.725384615384582
FIRST_TRIANGLE_GOLD_EVIDENCE_XAUUSD_1751328000,185,55.0,60.0,27.5,COMBINED_STRESS,H1,138,1498.4999999999986,1.8729414369018014,10.858695652173903
FIRST_TRIANGLE_GOLD_EVIDENCE_XAUUSD_1751328000,185,55.0,60.0,27.5,COMBINED_STRESS,H2,65,762.1499999999978,1.8250698248424844,11.725384615384582
FIRST_TRIANGLE_GOLD_EVIDENCE_XAUUSD_1751328000,185,55.0,60.0,27.5,COMBINED_STRESS,ALL,203,2260.6499999999965,1.8561933077054176,11.136206896551707
FIRST_TRIANGLE_GOLD_EVIDENCE_XAUUSD_1751328000,186,55.0,60.0,30.0,BASE,DEVELOPMENT,87,339.2799999999984,1.3462146800412247,3.89977011494251
FIRST_TRIANGLE_GOLD_EVIDENCE_XAUUSD_1751328000,186,55.0,60.0,30.0,BASE,VALIDATION,51,1235.7000000000016,2.677481537793229,24.229411764705915
FIRST_TRIANGLE_GOLD_EVIDENCE_XAUUSD_1751328000,186,55.0,60.0,30.0,BASE,LOCKED_OOS,65,733.6099999999979,1.7941736852361017,11.286307692307659
FIRST_TRIANGLE_GOLD_EVIDENCE_XAUUSD_1751328000,186,55.0,60.0,30.0,BASE,H1,138,1574.98,1.9174943638916253,11.412898550724638
FIRST_TRIANGLE_GOLD_EVIDENCE_XAUUSD_1751328000,186,55.0,60.0,30.0,BASE,H2,65,733.6099999999979,1.7941736852361017,11.286307692307659
FIRST_TRIANGLE_GOLD_EVIDENCE_XAUUSD_1751328000,186,55.0,60.0,30.0,BASE,ALL,203,2308.589999999998,1.8743499914784028,11.372364532019693
FIRST_TRIANGLE_GOLD_EVIDENCE_XAUUSD_1751328000,187,55.0,60.0,30.0,SPREAD_PLUS_25,DEVELOPMENT,87,339.2799999999984,1.3462146800412247,3.89977011494251
FIRST_TRIANGLE_GOLD_EVIDENCE_XAUUSD_1751328000,187,55.0,60.0,30.0,SPREAD_PLUS_25,VALIDATION,51,1235.7000000000016,2.677481537793229,24.229411764705915
FIRST_TRIANGLE_GOLD_EVIDENCE_XAUUSD_1751328000,187,55.0,60.0,30.0,SPREAD_PLUS_25,LOCKED_OOS,65,733.6099999999979,1.7941736852361017,11.286307692307659
FIRST_TRIANGLE_GOLD_EVIDENCE_XAUUSD_1751328000,187,55.0,60.0,30.0,SPREAD_PLUS_25,H1,138,1574.98,1.9174943638916253,11.412898550724638
FIRST_TRIANGLE_GOLD_EVIDENCE_XAUUSD_1751328000,187,55.0,60.0,30.0,SPREAD_PLUS_25,H2,65,733.6099999999979,1.7941736852361017,11.286307692307659
FIRST_TRIANGLE_GOLD_EVIDENCE_XAUUSD_1751328000,187,55.0,60.0,30.0,SPREAD_PLUS_25,ALL,203,2308.589999999998,1.8743499914784028,11.372364532019693
FIRST_TRIANGLE_GOLD_EVIDENCE_XAUUSD_1751328000,188,55.0,60.0,30.0,SPREAD_PLUS_50,DEVELOPMENT,87,339.2799999999984,1.3462146800412247,3.89977011494251
FIRST_TRIANGLE_GOLD_EVIDENCE_XAUUSD_1751328000,188,55.0,60.0,30.0,SPREAD_PLUS_50,VALIDATION,51,1235.7000000000016,2.677481537793229,24.229411764705915
FIRST_TRIANGLE_GOLD_EVIDENCE_XAUUSD_1751328000,188,55.0,60.0,30.0,SPREAD_PLUS_50,LOCKED_OOS,65,733.6099999999979,1.7941736852361017,11.286307692307659
FIRST_TRIANGLE_GOLD_EVIDENCE_XAUUSD_1751328000,188,55.0,60.0,30.0,SPREAD_PLUS_50,H1,138,1574.98,1.9174943638916253,11.412898550724638
FIRST_TRIANGLE_GOLD_EVIDENCE_XAUUSD_1751328000,188,55.0,60.0,30.0,SPREAD_PLUS_50,H2,65,733.6099999999979,1.7941736852361017,11.286307692307659
FIRST_TRIANGLE_GOLD_EVIDENCE_XAUUSD_1751328000,188,55.0,60.0,30.0,SPREAD_PLUS_50,ALL,203,2308.589999999998,1.8743499914784028,11.372364532019693
FIRST_TRIANGLE_GOLD_EVIDENCE_XAUUSD_1751328000,189,55.0,60.0,30.0,SLIPPAGE_BASE,DEVELOPMENT,87,339.2799999999984,1.3462146800412247,3.89977011494251
FIRST_TRIANGLE_GOLD_EVIDENCE_XAUUSD_1751328000,189,55.0,60.0,30.0,SLIPPAGE_BASE,VALIDATION,51,1235.7000000000016,2.677481537793229,24.229411764705915
FIRST_TRIANGLE_GOLD_EVIDENCE_XAUUSD_1751328000,189,55.0,60.0,30.0,SLIPPAGE_BASE,LOCKED_OOS,65,733.6099999999979,1.7941736852361017,11.286307692307659
FIRST_TRIANGLE_GOLD_EVIDENCE_XAUUSD_1751328000,189,55.0,60.0,30.0,SLIPPAGE_BASE,H1,138,1574.98,1.9174943638916253,11.412898550724638
FIRST_TRIANGLE_GOLD_EVIDENCE_XAUUSD_1751328000,189,55.0,60.0,30.0,SLIPPAGE_BASE,H2,65,733.6099999999979,1.7941736852361017,11.286307692307659
FIRST_TRIANGLE_GOLD_EVIDENCE_XAUUSD_1751328000,189,55.0,60.0,30.0,SLIPPAGE_BASE,ALL,203,2308.589999999998,1.8743499914784028,11.372364532019693
FIRST_TRIANGLE_GOLD_EVIDENCE_XAUUSD_1751328000,190,55.0,60.0,30.0,COMMISSION_PLUS_25,DEVELOPMENT,87,339.2799999999984,1.3462146800412247,3.89977011494251
FIRST_TRIANGLE_GOLD_EVIDENCE_XAUUSD_1751328000,190,55.0,60.0,30.0,COMMISSION_PLUS_25,VALIDATION,51,1235.7000000000016,2.677481537793229,24.229411764705915
FIRST_TRIANGLE_GOLD_EVIDENCE_XAUUSD_1751328000,190,55.0,60.0,30.0,COMMISSION_PLUS_25,LOCKED_OOS,65,733.6099999999979,1.7941736852361017,11.286307692307659
FIRST_TRIANGLE_GOLD_EVIDENCE_XAUUSD_1751328000,190,55.0,60.0,30.0,COMMISSION_PLUS_25,H1,138,1574.98,1.9174943638916253,11.412898550724638
FIRST_TRIANGLE_GOLD_EVIDENCE_XAUUSD_1751328000,190,55.0,60.0,30.0,COMMISSION_PLUS_25,H2,65,733.6099999999979,1.7941736852361017,11.286307692307659
FIRST_TRIANGLE_GOLD_EVIDENCE_XAUUSD_1751328000,190,55.0,60.0,30.0,COMMISSION_PLUS_25,ALL,203,2308.589999999998,1.8743499914784028,11.372364532019693
FIRST_TRIANGLE_GOLD_EVIDENCE_XAUUSD_1751328000,191,55.0,60.0,30.0,COMBINED_STRESS,DEVELOPMENT,87,339.2799999999984,1.3462146800412247,3.89977011494251
FIRST_TRIANGLE_GOLD_EVIDENCE_XAUUSD_1751328000,191,55.0,60.0,30.0,COMBINED_STRESS,VALIDATION,51,1235.7000000000016,2.677481537793229,24.229411764705915
FIRST_TRIANGLE_GOLD_EVIDENCE_XAUUSD_1751328000,191,55.0,60.0,30.0,COMBINED_STRESS,LOCKED_OOS,65,733.6099999999979,1.7941736852361017,11.286307692307659
FIRST_TRIANGLE_GOLD_EVIDENCE_XAUUSD_1751328000,191,55.0,60.0,30.0,COMBINED_STRESS,H1,138,1574.98,1.9174943638916253,11.412898550724638
FIRST_TRIANGLE_GOLD_EVIDENCE_XAUUSD_1751328000,191,55.0,60.0,30.0,COMBINED_STRESS,H2,65,733.6099999999979,1.7941736852361017,11.286307692307659
FIRST_TRIANGLE_GOLD_EVIDENCE_XAUUSD_1751328000,191,55.0,60.0,30.0,COMBINED_STRESS,ALL,203,2308.589999999998,1.8743499914784028,11.372364532019693
FIRST_TRIANGLE_GOLD_EVIDENCE_XAUUSD_1751328000,192,55.0,60.0,32.5,BASE,DEVELOPMENT,87,337.25999999999794,1.3441533924507878,3.8765517241379075
FIRST_TRIANGLE_GOLD_EVIDENCE_XAUUSD_1751328000,192,55.0,60.0,32.5,BASE,VALIDATION,51,1171.6100000000015,2.5904783883579547,22.972745098039244
FIRST_TRIANGLE_GOLD_EVIDENCE_XAUUSD_1751328000,192,55.0,60.0,32.5,BASE,LOCKED_OOS,65,774.8599999999979,1.8388291077575905,11.920923076923044
FIRST_TRIANGLE_GOLD_EVIDENCE_XAUUSD_1751328000,192,55.0,60.0,32.5,BASE,H1,138,1508.8699999999994,1.8789824130116928,10.933840579710141
FIRST_TRIANGLE_GOLD_EVIDENCE_XAUUSD_1751328000,192,55.0,60.0,32.5,BASE,H2,65,774.8599999999979,1.8388291077575905,11.920923076923044
FIRST_TRIANGLE_GOLD_EVIDENCE_XAUUSD_1751328000,192,55.0,60.0,32.5,BASE,ALL,203,2283.7299999999973,1.8649345730679645,11.249901477832498
FIRST_TRIANGLE_GOLD_EVIDENCE_XAUUSD_1751328000,193,55.0,60.0,32.5,SPREAD_PLUS_25,DEVELOPMENT,87,337.25999999999794,1.3441533924507878,3.8765517241379075
FIRST_TRIANGLE_GOLD_EVIDENCE_XAUUSD_1751328000,193,55.0,60.0,32.5,SPREAD_PLUS_25,VALIDATION,51,1171.6100000000015,2.5904783883579547,22.972745098039244
FIRST_TRIANGLE_GOLD_EVIDENCE_XAUUSD_1751328000,193,55.0,60.0,32.5,SPREAD_PLUS_25,LOCKED_OOS,65,774.8599999999979,1.8388291077575905,11.920923076923044
FIRST_TRIANGLE_GOLD_EVIDENCE_XAUUSD_1751328000,193,55.0,60.0,32.5,SPREAD_PLUS_25,H1,138,1508.8699999999994,1.8789824130116928,10.933840579710141
FIRST_TRIANGLE_GOLD_EVIDENCE_XAUUSD_1751328000,193,55.0,60.0,32.5,SPREAD_PLUS_25,H2,65,774.8599999999979,1.8388291077575905,11.920923076923044
FIRST_TRIANGLE_GOLD_EVIDENCE_XAUUSD_1751328000,193,55.0,60.0,32.5,SPREAD_PLUS_25,ALL,203,2283.7299999999973,1.8649345730679645,11.249901477832498
FIRST_TRIANGLE_GOLD_EVIDENCE_XAUUSD_1751328000,194,55.0,60.0,32.5,SPREAD_PLUS_50,DEVELOPMENT,87,337.25999999999794,1.3441533924507878,3.8765517241379075
FIRST_TRIANGLE_GOLD_EVIDENCE_XAUUSD_1751328000,194,55.0,60.0,32.5,SPREAD_PLUS_50,VALIDATION,51,1171.6100000000015,2.5904783883579547,22.972745098039244
FIRST_TRIANGLE_GOLD_EVIDENCE_XAUUSD_1751328000,194,55.0,60.0,32.5,SPREAD_PLUS_50,LOCKED_OOS,65,774.8599999999979,1.8388291077575905,11.920923076923044
FIRST_TRIANGLE_GOLD_EVIDENCE_XAUUSD_1751328000,194,55.0,60.0,32.5,SPREAD_PLUS_50,H1,138,1508.8699999999994,1.8789824130116928,10.933840579710141
FIRST_TRIANGLE_GOLD_EVIDENCE_XAUUSD_1751328000,194,55.0,60.0,32.5,SPREAD_PLUS_50,H2,65,774.8599999999979,1.8388291077575905,11.920923076923044
FIRST_TRIANGLE_GOLD_EVIDENCE_XAUUSD_1751328000,194,55.0,60.0,32.5,SPREAD_PLUS_50,ALL,203,2283.7299999999973,1.8649345730679645,11.249901477832498
FIRST_TRIANGLE_GOLD_EVIDENCE_XAUUSD_1751328000,195,55.0,60.0,32.5,SLIPPAGE_BASE,DEVELOPMENT,87,337.25999999999794,1.3441533924507878,3.8765517241379075
FIRST_TRIANGLE_GOLD_EVIDENCE_XAUUSD_1751328000,195,55.0,60.0,32.5,SLIPPAGE_BASE,VALIDATION,51,1171.6100000000015,2.5904783883579547,22.972745098039244
FIRST_TRIANGLE_GOLD_EVIDENCE_XAUUSD_1751328000,195,55.0,60.0,32.5,SLIPPAGE_BASE,LOCKED_OOS,65,774.8599999999979,1.8388291077575905,11.920923076923044
FIRST_TRIANGLE_GOLD_EVIDENCE_XAUUSD_1751328000,195,55.0,60.0,32.5,SLIPPAGE_BASE,H1,138,1508.8699999999994,1.8789824130116928,10.933840579710141
FIRST_TRIANGLE_GOLD_EVIDENCE_XAUUSD_1751328000,195,55.0,60.0,32.5,SLIPPAGE_BASE,H2,65,774.8599999999979,1.8388291077575905,11.920923076923044
FIRST_TRIANGLE_GOLD_EVIDENCE_XAUUSD_1751328000,195,55.0,60.0,32.5,SLIPPAGE_BASE,ALL,203,2283.7299999999973,1.8649345730679645,11.249901477832498
FIRST_TRIANGLE_GOLD_EVIDENCE_XAUUSD_1751328000,196,55.0,60.0,32.5,COMMISSION_PLUS_25,DEVELOPMENT,87,337.25999999999794,1.3441533924507878,3.8765517241379075
FIRST_TRIANGLE_GOLD_EVIDENCE_XAUUSD_1751328000,196,55.0,60.0,32.5,COMMISSION_PLUS_25,VALIDATION,51,1171.6100000000015,2.5904783883579547,22.972745098039244
FIRST_TRIANGLE_GOLD_EVIDENCE_XAUUSD_1751328000,196,55.0,60.0,32.5,COMMISSION_PLUS_25,LOCKED_OOS,65,774.8599999999979,1.8388291077575905,11.920923076923044
FIRST_TRIANGLE_GOLD_EVIDENCE_XAUUSD_1751328000,196,55.0,60.0,32.5,COMMISSION_PLUS_25,H1,138,1508.8699999999994,1.8789824130116928,10.933840579710141
FIRST_TRIANGLE_GOLD_EVIDENCE_XAUUSD_1751328000,196,55.0,60.0,32.5,COMMISSION_PLUS_25,H2,65,774.8599999999979,1.8388291077575905,11.920923076923044
FIRST_TRIANGLE_GOLD_EVIDENCE_XAUUSD_1751328000,196,55.0,60.0,32.5,COMMISSION_PLUS_25,ALL,203,2283.7299999999973,1.8649345730679645,11.249901477832498
FIRST_TRIANGLE_GOLD_EVIDENCE_XAUUSD_1751328000,197,55.0,60.0,32.5,COMBINED_STRESS,DEVELOPMENT,87,337.25999999999794,1.3441533924507878,3.8765517241379075
FIRST_TRIANGLE_GOLD_EVIDENCE_XAUUSD_1751328000,197,55.0,60.0,32.5,COMBINED_STRESS,VALIDATION,51,1171.6100000000015,2.5904783883579547,22.972745098039244
FIRST_TRIANGLE_GOLD_EVIDENCE_XAUUSD_1751328000,197,55.0,60.0,32.5,COMBINED_STRESS,LOCKED_OOS,65,774.8599999999979,1.8388291077575905,11.920923076923044
FIRST_TRIANGLE_GOLD_EVIDENCE_XAUUSD_1751328000,197,55.0,60.0,32.5,COMBINED_STRESS,H1,138,1508.8699999999994,1.8789824130116928,10.933840579710141
FIRST_TRIANGLE_GOLD_EVIDENCE_XAUUSD_1751328000,197,55.0,60.0,32.5,COMBINED_STRESS,H2,65,774.8599999999979,1.8388291077575905,11.920923076923044
FIRST_TRIANGLE_GOLD_EVIDENCE_XAUUSD_1751328000,197,55.0,60.0,32.5,COMBINED_STRESS,ALL,203,2283.7299999999973,1.8649345730679645,11.249901477832498
FIRST_TRIANGLE_GOLD_EVIDENCE_XAUUSD_1751328000,198,55.0,60.0,35.0,BASE,DEVELOPMENT,87,428.68999999999824,1.4533571632525712,4.927471264367796
FIRST_TRIANGLE_GOLD_EVIDENCE_XAUUSD_1751328000,198,55.0,60.0,35.0,BASE,VALIDATION,51,1247.840000000002,2.6939617723718565,24.467450980392197
FIRST_TRIANGLE_GOLD_EVIDENCE_XAUUSD_1751328000,198,55.0,60.0,35.0,BASE,LOCKED_OOS,65,794.0899999999983,1.8596466538203358,12.216769230769206
FIRST_TRIANGLE_GOLD_EVIDENCE_XAUUSD_1751328000,198,55.0,60.0,35.0,BASE,H1,138,1676.5300000000002,1.9966116405010035,12.14876811594203
FIRST_TRIANGLE_GOLD_EVIDENCE_XAUUSD_1751328000,198,55.0,60.0,35.0,BASE,H2,65,794.0899999999983,1.8596466538203358,12.216769230769206
FIRST_TRIANGLE_GOLD_EVIDENCE_XAUUSD_1751328000,198,55.0,60.0,35.0,BASE,ALL,203,2470.6199999999985,1.9480615663265508,12.170541871921175
FIRST_TRIANGLE_GOLD_EVIDENCE_XAUUSD_1751328000,199,55.0,60.0,35.0,SPREAD_PLUS_25,DEVELOPMENT,87,428.68999999999824,1.4533571632525712,4.927471264367796
FIRST_TRIANGLE_GOLD_EVIDENCE_XAUUSD_1751328000,199,55.0,60.0,35.0,SPREAD_PLUS_25,VALIDATION,51,1247.840000000002,2.6939617723718565,24.467450980392197
FIRST_TRIANGLE_GOLD_EVIDENCE_XAUUSD_1751328000,199,55.0,60.0,35.0,SPREAD_PLUS_25,LOCKED_OOS,65,794.0899999999983,1.8596466538203358,12.216769230769206
FIRST_TRIANGLE_GOLD_EVIDENCE_XAUUSD_1751328000,199,55.0,60.0,35.0,SPREAD_PLUS_25,H1,138,1676.5300000000002,1.9966116405010035,12.14876811594203
FIRST_TRIANGLE_GOLD_EVIDENCE_XAUUSD_1751328000,199,55.0,60.0,35.0,SPREAD_PLUS_25,H2,65,794.0899999999983,1.8596466538203358,12.216769230769206
FIRST_TRIANGLE_GOLD_EVIDENCE_XAUUSD_1751328000,199,55.0,60.0,35.0,SPREAD_PLUS_25,ALL,203,2470.6199999999985,1.9480615663265508,12.170541871921175
FIRST_TRIANGLE_GOLD_EVIDENCE_XAUUSD_1751328000,200,55.0,60.0,35.0,SPREAD_PLUS_50,DEVELOPMENT,87,428.68999999999824,1.4533571632525712,4.927471264367796
FIRST_TRIANGLE_GOLD_EVIDENCE_XAUUSD_1751328000,200,55.0,60.0,35.0,SPREAD_PLUS_50,VALIDATION,51,1247.840000000002,2.6939617723718565,24.467450980392197
FIRST_TRIANGLE_GOLD_EVIDENCE_XAUUSD_1751328000,200,55.0,60.0,35.0,SPREAD_PLUS_50,LOCKED_OOS,65,794.0899999999983,1.8596466538203358,12.216769230769206
FIRST_TRIANGLE_GOLD_EVIDENCE_XAUUSD_1751328000,200,55.0,60.0,35.0,SPREAD_PLUS_50,H1,138,1676.5300000000002,1.9966116405010035,12.14876811594203
FIRST_TRIANGLE_GOLD_EVIDENCE_XAUUSD_1751328000,200,55.0,60.0,35.0,SPREAD_PLUS_50,H2,65,794.0899999999983,1.8596466538203358,12.216769230769206
FIRST_TRIANGLE_GOLD_EVIDENCE_XAUUSD_1751328000,200,55.0,60.0,35.0,SPREAD_PLUS_50,ALL,203,2470.6199999999985,1.9480615663265508,12.170541871921175
FIRST_TRIANGLE_GOLD_EVIDENCE_XAUUSD_1751328000,201,55.0,60.0,35.0,SLIPPAGE_BASE,DEVELOPMENT,87,428.68999999999824,1.4533571632525712,4.927471264367796
FIRST_TRIANGLE_GOLD_EVIDENCE_XAUUSD_1751328000,201,55.0,60.0,35.0,SLIPPAGE_BASE,VALIDATION,51,1247.840000000002,2.6939617723718565,24.467450980392197
FIRST_TRIANGLE_GOLD_EVIDENCE_XAUUSD_1751328000,201,55.0,60.0,35.0,SLIPPAGE_BASE,LOCKED_OOS,65,794.0899999999983,1.8596466538203358,12.216769230769206
FIRST_TRIANGLE_GOLD_EVIDENCE_XAUUSD_1751328000,201,55.0,60.0,35.0,SLIPPAGE_BASE,H1,138,1676.5300000000002,1.9966116405010035,12.14876811594203
FIRST_TRIANGLE_GOLD_EVIDENCE_XAUUSD_1751328000,201,55.0,60.0,35.0,SLIPPAGE_BASE,H2,65,794.0899999999983,1.8596466538203358,12.216769230769206
FIRST_TRIANGLE_GOLD_EVIDENCE_XAUUSD_1751328000,201,55.0,60.0,35.0,SLIPPAGE_BASE,ALL,203,2470.6199999999985,1.9480615663265508,12.170541871921175
FIRST_TRIANGLE_GOLD_EVIDENCE_XAUUSD_1751328000,202,55.0,60.0,35.0,COMMISSION_PLUS_25,DEVELOPMENT,87,428.68999999999824,1.4533571632525712,4.927471264367796
FIRST_TRIANGLE_GOLD_EVIDENCE_XAUUSD_1751328000,202,55.0,60.0,35.0,COMMISSION_PLUS_25,VALIDATION,51,1247.840000000002,2.6939617723718565,24.467450980392197
FIRST_TRIANGLE_GOLD_EVIDENCE_XAUUSD_1751328000,202,55.0,60.0,35.0,COMMISSION_PLUS_25,LOCKED_OOS,65,794.0899999999983,1.8596466538203358,12.216769230769206
FIRST_TRIANGLE_GOLD_EVIDENCE_XAUUSD_1751328000,202,55.0,60.0,35.0,COMMISSION_PLUS_25,H1,138,1676.5300000000002,1.9966116405010035,12.14876811594203
FIRST_TRIANGLE_GOLD_EVIDENCE_XAUUSD_1751328000,202,55.0,60.0,35.0,COMMISSION_PLUS_25,H2,65,794.0899999999983,1.8596466538203358,12.216769230769206
FIRST_TRIANGLE_GOLD_EVIDENCE_XAUUSD_1751328000,202,55.0,60.0,35.0,COMMISSION_PLUS_25,ALL,203,2470.6199999999985,1.9480615663265508,12.170541871921175
FIRST_TRIANGLE_GOLD_EVIDENCE_XAUUSD_1751328000,203,55.0,60.0,35.0,COMBINED_STRESS,DEVELOPMENT,87,428.68999999999824,1.4533571632525712,4.927471264367796
FIRST_TRIANGLE_GOLD_EVIDENCE_XAUUSD_1751328000,203,55.0,60.0,35.0,COMBINED_STRESS,VALIDATION,51,1247.840000000002,2.6939617723718565,24.467450980392197
FIRST_TRIANGLE_GOLD_EVIDENCE_XAUUSD_1751328000,203,55.0,60.0,35.0,COMBINED_STRESS,LOCKED_OOS,65,794.0899999999983,1.8596466538203358,12.216769230769206
FIRST_TRIANGLE_GOLD_EVIDENCE_XAUUSD_1751328000,203,55.0,60.0,35.0,COMBINED_STRESS,H1,138,1676.5300000000002,1.9966116405010035,12.14876811594203
FIRST_TRIANGLE_GOLD_EVIDENCE_XAUUSD_1751328000,203,55.0,60.0,35.0,COMBINED_STRESS,H2,65,794.0899999999983,1.8596466538203358,12.216769230769206
FIRST_TRIANGLE_GOLD_EVIDENCE_XAUUSD_1751328000,203,55.0,60.0,35.0,COMBINED_STRESS,ALL,203,2470.6199999999985,1.9480615663265508,12.170541871921175
FIRST_TRIANGLE_GOLD_EVIDENCE_XAUUSD_1751328000,204,55.0,60.0,37.5,BASE,DEVELOPMENT,87,653.4099999999985,1.691007730623208,7.510459770114926
FIRST_TRIANGLE_GOLD_EVIDENCE_XAUUSD_1751328000,204,55.0,60.0,37.5,BASE,VALIDATION,51,1175.340000000002,2.5955419200695107,23.045882352941216
FIRST_TRIANGLE_GOLD_EVIDENCE_XAUUSD_1751328000,204,55.0,60.0,37.5,BASE,LOCKED_OOS,65,796.409999999998,1.8621581830385137,12.252461538461509
FIRST_TRIANGLE_GOLD_EVIDENCE_XAUUSD_1751328000,204,55.0,60.0,37.5,BASE,H1,138,1828.7500000000005,2.087098672595307,13.251811594202902
FIRST_TRIANGLE_GOLD_EVIDENCE_XAUUSD_1751328000,204,55.0,60.0,37.5,BASE,H2,65,796.409999999998,1.8621581830385137,12.252461538461509
FIRST_TRIANGLE_GOLD_EVIDENCE_XAUUSD_1751328000,204,55.0,60.0,37.5,BASE,ALL,203,2625.1599999999985,2.007363860673761,12.931822660098515
FIRST_TRIANGLE_GOLD_EVIDENCE_XAUUSD_1751328000,205,55.0,60.0,37.5,SPREAD_PLUS_25,DEVELOPMENT,87,653.4099999999985,1.691007730623208,7.510459770114926
FIRST_TRIANGLE_GOLD_EVIDENCE_XAUUSD_1751328000,205,55.0,60.0,37.5,SPREAD_PLUS_25,VALIDATION,51,1175.340000000002,2.5955419200695107,23.045882352941216
FIRST_TRIANGLE_GOLD_EVIDENCE_XAUUSD_1751328000,205,55.0,60.0,37.5,SPREAD_PLUS_25,LOCKED_OOS,65,796.409999999998,1.8621581830385137,12.252461538461509
FIRST_TRIANGLE_GOLD_EVIDENCE_XAUUSD_1751328000,205,55.0,60.0,37.5,SPREAD_PLUS_25,H1,138,1828.7500000000005,2.087098672595307,13.251811594202902
FIRST_TRIANGLE_GOLD_EVIDENCE_XAUUSD_1751328000,205,55.0,60.0,37.5,SPREAD_PLUS_25,H2,65,796.409999999998,1.8621581830385137,12.252461538461509
FIRST_TRIANGLE_GOLD_EVIDENCE_XAUUSD_1751328000,205,55.0,60.0,37.5,SPREAD_PLUS_25,ALL,203,2625.1599999999985,2.007363860673761,12.931822660098515
FIRST_TRIANGLE_GOLD_EVIDENCE_XAUUSD_1751328000,206,55.0,60.0,37.5,SPREAD_PLUS_50,DEVELOPMENT,87,653.4099999999985,1.691007730623208,7.510459770114926
FIRST_TRIANGLE_GOLD_EVIDENCE_XAUUSD_1751328000,206,55.0,60.0,37.5,SPREAD_PLUS_50,VALIDATION,51,1175.340000000002,2.5955419200695107,23.045882352941216
FIRST_TRIANGLE_GOLD_EVIDENCE_XAUUSD_1751328000,206,55.0,60.0,37.5,SPREAD_PLUS_50,LOCKED_OOS,65,796.409999999998,1.8621581830385137,12.252461538461509
FIRST_TRIANGLE_GOLD_EVIDENCE_XAUUSD_1751328000,206,55.0,60.0,37.5,SPREAD_PLUS_50,H1,138,1828.7500000000005,2.087098672595307,13.251811594202902
FIRST_TRIANGLE_GOLD_EVIDENCE_XAUUSD_1751328000,206,55.0,60.0,37.5,SPREAD_PLUS_50,H2,65,796.409999999998,1.8621581830385137,12.252461538461509
FIRST_TRIANGLE_GOLD_EVIDENCE_XAUUSD_1751328000,206,55.0,60.0,37.5,SPREAD_PLUS_50,ALL,203,2625.1599999999985,2.007363860673761,12.931822660098515
FIRST_TRIANGLE_GOLD_EVIDENCE_XAUUSD_1751328000,207,55.0,60.0,37.5,SLIPPAGE_BASE,DEVELOPMENT,87,653.4099999999985,1.691007730623208,7.510459770114926
FIRST_TRIANGLE_GOLD_EVIDENCE_XAUUSD_1751328000,207,55.0,60.0,37.5,SLIPPAGE_BASE,VALIDATION,51,1175.340000000002,2.5955419200695107,23.045882352941216
FIRST_TRIANGLE_GOLD_EVIDENCE_XAUUSD_1751328000,207,55.0,60.0,37.5,SLIPPAGE_BASE,LOCKED_OOS,65,796.409999999998,1.8621581830385137,12.252461538461509
FIRST_TRIANGLE_GOLD_EVIDENCE_XAUUSD_1751328000,207,55.0,60.0,37.5,SLIPPAGE_BASE,H1,138,1828.7500000000005,2.087098672595307,13.251811594202902
FIRST_TRIANGLE_GOLD_EVIDENCE_XAUUSD_1751328000,207,55.0,60.0,37.5,SLIPPAGE_BASE,H2,65,796.409999999998,1.8621581830385137,12.252461538461509
FIRST_TRIANGLE_GOLD_EVIDENCE_XAUUSD_1751328000,207,55.0,60.0,37.5,SLIPPAGE_BASE,ALL,203,2625.1599999999985,2.007363860673761,12.931822660098515
FIRST_TRIANGLE_GOLD_EVIDENCE_XAUUSD_1751328000,208,55.0,60.0,37.5,COMMISSION_PLUS_25,DEVELOPMENT,87,653.4099999999985,1.691007730623208,7.510459770114926
FIRST_TRIANGLE_GOLD_EVIDENCE_XAUUSD_1751328000,208,55.0,60.0,37.5,COMMISSION_PLUS_25,VALIDATION,51,1175.340000000002,2.5955419200695107,23.045882352941216
FIRST_TRIANGLE_GOLD_EVIDENCE_XAUUSD_1751328000,208,55.0,60.0,37.5,COMMISSION_PLUS_25,LOCKED_OOS,65,796.409999999998,1.8621581830385137,12.252461538461509
FIRST_TRIANGLE_GOLD_EVIDENCE_XAUUSD_1751328000,208,55.0,60.0,37.5,COMMISSION_PLUS_25,H1,138,1828.7500000000005,2.087098672595307,13.251811594202902
FIRST_TRIANGLE_GOLD_EVIDENCE_XAUUSD_1751328000,208,55.0,60.0,37.5,COMMISSION_PLUS_25,H2,65,796.409999999998,1.8621581830385137,12.252461538461509
FIRST_TRIANGLE_GOLD_EVIDENCE_XAUUSD_1751328000,208,55.0,60.0,37.5,COMMISSION_PLUS_25,ALL,203,2625.1599999999985,2.007363860673761,12.931822660098515
FIRST_TRIANGLE_GOLD_EVIDENCE_XAUUSD_1751328000,209,55.0,60.0,37.5,COMBINED_STRESS,DEVELOPMENT,87,653.4099999999985,1.691007730623208,7.510459770114926
FIRST_TRIANGLE_GOLD_EVIDENCE_XAUUSD_1751328000,209,55.0,60.0,37.5,COMBINED_STRESS,VALIDATION,51,1175.340000000002,2.5955419200695107,23.045882352941216
FIRST_TRIANGLE_GOLD_EVIDENCE_XAUUSD_1751328000,209,55.0,60.0,37.5,COMBINED_STRESS,LOCKED_OOS,65,796.409999999998,1.8621581830385137,12.252461538461509
FIRST_TRIANGLE_GOLD_EVIDENCE_XAUUSD_1751328000,209,55.0,60.0,37.5,COMBINED_STRESS,H1,138,1828.7500000000005,2.087098672595307,13.251811594202902
FIRST_TRIANGLE_GOLD_EVIDENCE_XAUUSD_1751328000,209,55.0,60.0,37.5,COMBINED_STRESS,H2,65,796.409999999998,1.8621581830385137,12.252461538461509
FIRST_TRIANGLE_GOLD_EVIDENCE_XAUUSD_1751328000,209,55.0,60.0,37.5,COMBINED_STRESS,ALL,203,2625.1599999999985,2.007363860673761,12.931822660098515
FIRST_TRIANGLE_GOLD_EVIDENCE_XAUUSD_1751328000,210,55.0,62.5,22.5,BASE,DEVELOPMENT,85,177.04999999999973,1.168585330552937,2.082941176470585
FIRST_TRIANGLE_GOLD_EVIDENCE_XAUUSD_1751328000,210,55.0,62.5,22.5,BASE,VALIDATION,50,1029.8899999999994,2.368170043175026,20.59779999999999
FIRST_TRIANGLE_GOLD_EVIDENCE_XAUUSD_1751328000,210,55.0,62.5,22.5,BASE,LOCKED_OOS,64,702.7499999999986,1.7793439205074721,10.980468749999979
FIRST_TRIANGLE_GOLD_EVIDENCE_XAUUSD_1751328000,210,55.0,62.5,22.5,BASE,H1,135,1206.9399999999991,1.6694213959266988,8.94029629629629
FIRST_TRIANGLE_GOLD_EVIDENCE_XAUUSD_1751328000,210,55.0,62.5,22.5,BASE,H2,64,702.7499999999986,1.7793439205074721,10.980468749999979
FIRST_TRIANGLE_GOLD_EVIDENCE_XAUUSD_1751328000,210,55.0,62.5,22.5,BASE,ALL,199,1909.6899999999978,1.7060687401097356,9.596432160804008
FIRST_TRIANGLE_GOLD_EVIDENCE_XAUUSD_1751328000,211,55.0,62.5,22.5,SPREAD_PLUS_25,DEVELOPMENT,85,177.04999999999973,1.168585330552937,2.082941176470585
FIRST_TRIANGLE_GOLD_EVIDENCE_XAUUSD_1751328000,211,55.0,62.5,22.5,SPREAD_PLUS_25,VALIDATION,50,1029.8899999999994,2.368170043175026,20.59779999999999
FIRST_TRIANGLE_GOLD_EVIDENCE_XAUUSD_1751328000,211,55.0,62.5,22.5,SPREAD_PLUS_25,LOCKED_OOS,64,702.7499999999986,1.7793439205074721,10.980468749999979
FIRST_TRIANGLE_GOLD_EVIDENCE_XAUUSD_1751328000,211,55.0,62.5,22.5,SPREAD_PLUS_25,H1,135,1206.9399999999991,1.6694213959266988,8.94029629629629
FIRST_TRIANGLE_GOLD_EVIDENCE_XAUUSD_1751328000,211,55.0,62.5,22.5,SPREAD_PLUS_25,H2,64,702.7499999999986,1.7793439205074721,10.980468749999979
FIRST_TRIANGLE_GOLD_EVIDENCE_XAUUSD_1751328000,211,55.0,62.5,22.5,SPREAD_PLUS_25,ALL,199,1909.6899999999978,1.7060687401097356,9.596432160804008
FIRST_TRIANGLE_GOLD_EVIDENCE_XAUUSD_1751328000,212,55.0,62.5,22.5,SPREAD_PLUS_50,DEVELOPMENT,85,177.04999999999973,1.168585330552937,2.082941176470585
FIRST_TRIANGLE_GOLD_EVIDENCE_XAUUSD_1751328000,212,55.0,62.5,22.5,SPREAD_PLUS_50,VALIDATION,50,1029.8899999999994,2.368170043175026,20.59779999999999
FIRST_TRIANGLE_GOLD_EVIDENCE_XAUUSD_1751328000,212,55.0,62.5,22.5,SPREAD_PLUS_50,LOCKED_OOS,64,702.7499999999986,1.7793439205074721,10.980468749999979
FIRST_TRIANGLE_GOLD_EVIDENCE_XAUUSD_1751328000,212,55.0,62.5,22.5,SPREAD_PLUS_50,H1,135,1206.9399999999991,1.6694213959266988,8.94029629629629
FIRST_TRIANGLE_GOLD_EVIDENCE_XAUUSD_1751328000,212,55.0,62.5,22.5,SPREAD_PLUS_50,H2,64,702.7499999999986,1.7793439205074721,10.980468749999979
FIRST_TRIANGLE_GOLD_EVIDENCE_XAUUSD_1751328000,212,55.0,62.5,22.5,SPREAD_PLUS_50,ALL,199,1909.6899999999978,1.7060687401097356,9.596432160804008
FIRST_TRIANGLE_GOLD_EVIDENCE_XAUUSD_1751328000,213,55.0,62.5,22.5,SLIPPAGE_BASE,DEVELOPMENT,85,177.04999999999973,1.168585330552937,2.082941176470585
FIRST_TRIANGLE_GOLD_EVIDENCE_XAUUSD_1751328000,213,55.0,62.5,22.5,SLIPPAGE_BASE,VALIDATION,50,1029.8899999999994,2.368170043175026,20.59779999999999
FIRST_TRIANGLE_GOLD_EVIDENCE_XAUUSD_1751328000,213,55.0,62.5,22.5,SLIPPAGE_BASE,LOCKED_OOS,64,702.7499999999986,1.7793439205074721,10.980468749999979
FIRST_TRIANGLE_GOLD_EVIDENCE_XAUUSD_1751328000,213,55.0,62.5,22.5,SLIPPAGE_BASE,H1,135,1206.9399999999991,1.6694213959266988,8.94029629629629
FIRST_TRIANGLE_GOLD_EVIDENCE_XAUUSD_1751328000,213,55.0,62.5,22.5,SLIPPAGE_BASE,H2,64,702.7499999999986,1.7793439205074721,10.980468749999979
FIRST_TRIANGLE_GOLD_EVIDENCE_XAUUSD_1751328000,213,55.0,62.5,22.5,SLIPPAGE_BASE,ALL,199,1909.6899999999978,1.7060687401097356,9.596432160804008
FIRST_TRIANGLE_GOLD_EVIDENCE_XAUUSD_1751328000,214,55.0,62.5,22.5,COMMISSION_PLUS_25,DEVELOPMENT,85,177.04999999999973,1.168585330552937,2.082941176470585
FIRST_TRIANGLE_GOLD_EVIDENCE_XAUUSD_1751328000,214,55.0,62.5,22.5,COMMISSION_PLUS_25,VALIDATION,50,1029.8899999999994,2.368170043175026,20.59779999999999
FIRST_TRIANGLE_GOLD_EVIDENCE_XAUUSD_1751328000,214,55.0,62.5,22.5,COMMISSION_PLUS_25,LOCKED_OOS,64,702.7499999999986,1.7793439205074721,10.980468749999979
FIRST_TRIANGLE_GOLD_EVIDENCE_XAUUSD_1751328000,214,55.0,62.5,22.5,COMMISSION_PLUS_25,H1,135,1206.9399999999991,1.6694213959266988,8.94029629629629
FIRST_TRIANGLE_GOLD_EVIDENCE_XAUUSD_1751328000,214,55.0,62.5,22.5,COMMISSION_PLUS_25,H2,64,702.7499999999986,1.7793439205074721,10.980468749999979
FIRST_TRIANGLE_GOLD_EVIDENCE_XAUUSD_1751328000,214,55.0,62.5,22.5,COMMISSION_PLUS_25,ALL,199,1909.6899999999978,1.7060687401097356,9.596432160804008
FIRST_TRIANGLE_GOLD_EVIDENCE_XAUUSD_1751328000,215,55.0,62.5,22.5,COMBINED_STRESS,DEVELOPMENT,85,177.04999999999973,1.168585330552937,2.082941176470585
FIRST_TRIANGLE_GOLD_EVIDENCE_XAUUSD_1751328000,215,55.0,62.5,22.5,COMBINED_STRESS,VALIDATION,50,1029.8899999999994,2.368170043175026,20.59779999999999
FIRST_TRIANGLE_GOLD_EVIDENCE_XAUUSD_1751328000,215,55.0,62.5,22.5,COMBINED_STRESS,LOCKED_OOS,64,702.7499999999986,1.7793439205074721,10.980468749999979
FIRST_TRIANGLE_GOLD_EVIDENCE_XAUUSD_1751328000,215,55.0,62.5,22.5,COMBINED_STRESS,H1,135,1206.9399999999991,1.6694213959266988,8.94029629629629
FIRST_TRIANGLE_GOLD_EVIDENCE_XAUUSD_1751328000,215,55.0,62.5,22.5,COMBINED_STRESS,H2,64,702.7499999999986,1.7793439205074721,10.980468749999979
FIRST_TRIANGLE_GOLD_EVIDENCE_XAUUSD_1751328000,215,55.0,62.5,22.5,COMBINED_STRESS,ALL,199,1909.6899999999978,1.7060687401097356,9.596432160804008
FIRST_TRIANGLE_GOLD_EVIDENCE_XAUUSD_1751328000,216,55.0,62.5,25.0,BASE,DEVELOPMENT,85,319.1799999999994,1.3224626699804003,3.7550588235294047
FIRST_TRIANGLE_GOLD_EVIDENCE_XAUUSD_1751328000,216,55.0,62.5,25.0,BASE,VALIDATION,50,1043.3500000000004,2.3860511457987403,20.867000000000008
FIRST_TRIANGLE_GOLD_EVIDENCE_XAUUSD_1751328000,216,55.0,62.5,25.0,BASE,LOCKED_OOS,64,707.2399999999984,1.7843232932617636,11.050624999999975
FIRST_TRIANGLE_GOLD_EVIDENCE_XAUUSD_1751328000,216,55.0,62.5,25.0,BASE,H1,135,1362.5299999999997,1.7819083307987638,10.092814814814814
FIRST_TRIANGLE_GOLD_EVIDENCE_XAUUSD_1751328000,216,55.0,62.5,25.0,BASE,H2,64,707.2399999999984,1.7843232932617636,11.050624999999975
FIRST_TRIANGLE_GOLD_EVIDENCE_XAUUSD_1751328000,216,55.0,62.5,25.0,BASE,ALL,199,2069.769999999998,1.7827318486247727,10.400854271356774
FIRST_TRIANGLE_GOLD_EVIDENCE_XAUUSD_1751328000,217,55.0,62.5,25.0,SPREAD_PLUS_25,DEVELOPMENT,85,319.1799999999994,1.3224626699804003,3.7550588235294047
FIRST_TRIANGLE_GOLD_EVIDENCE_XAUUSD_1751328000,217,55.0,62.5,25.0,SPREAD_PLUS_25,VALIDATION,50,1043.3500000000004,2.3860511457987403,20.867000000000008
FIRST_TRIANGLE_GOLD_EVIDENCE_XAUUSD_1751328000,217,55.0,62.5,25.0,SPREAD_PLUS_25,LOCKED_OOS,64,707.2399999999984,1.7843232932617636,11.050624999999975
FIRST_TRIANGLE_GOLD_EVIDENCE_XAUUSD_1751328000,217,55.0,62.5,25.0,SPREAD_PLUS_25,H1,135,1362.5299999999997,1.7819083307987638,10.092814814814814
FIRST_TRIANGLE_GOLD_EVIDENCE_XAUUSD_1751328000,217,55.0,62.5,25.0,SPREAD_PLUS_25,H2,64,707.2399999999984,1.7843232932617636,11.050624999999975
FIRST_TRIANGLE_GOLD_EVIDENCE_XAUUSD_1751328000,217,55.0,62.5,25.0,SPREAD_PLUS_25,ALL,199,2069.769999999998,1.7827318486247727,10.400854271356774
FIRST_TRIANGLE_GOLD_EVIDENCE_XAUUSD_1751328000,218,55.0,62.5,25.0,SPREAD_PLUS_50,DEVELOPMENT,85,319.1799999999994,1.3224626699804003,3.7550588235294047
FIRST_TRIANGLE_GOLD_EVIDENCE_XAUUSD_1751328000,218,55.0,62.5,25.0,SPREAD_PLUS_50,VALIDATION,50,1043.3500000000004,2.3860511457987403,20.867000000000008
FIRST_TRIANGLE_GOLD_EVIDENCE_XAUUSD_1751328000,218,55.0,62.5,25.0,SPREAD_PLUS_50,LOCKED_OOS,64,707.2399999999984,1.7843232932617636,11.050624999999975
FIRST_TRIANGLE_GOLD_EVIDENCE_XAUUSD_1751328000,218,55.0,62.5,25.0,SPREAD_PLUS_50,H1,135,1362.5299999999997,1.7819083307987638,10.092814814814814
FIRST_TRIANGLE_GOLD_EVIDENCE_XAUUSD_1751328000,218,55.0,62.5,25.0,SPREAD_PLUS_50,H2,64,707.2399999999984,1.7843232932617636,11.050624999999975
FIRST_TRIANGLE_GOLD_EVIDENCE_XAUUSD_1751328000,218,55.0,62.5,25.0,SPREAD_PLUS_50,ALL,199,2069.769999999998,1.7827318486247727,10.400854271356774
FIRST_TRIANGLE_GOLD_EVIDENCE_XAUUSD_1751328000,219,55.0,62.5,25.0,SLIPPAGE_BASE,DEVELOPMENT,85,319.1799999999994,1.3224626699804003,3.7550588235294047
FIRST_TRIANGLE_GOLD_EVIDENCE_XAUUSD_1751328000,219,55.0,62.5,25.0,SLIPPAGE_BASE,VALIDATION,50,1043.3500000000004,2.3860511457987403,20.867000000000008
FIRST_TRIANGLE_GOLD_EVIDENCE_XAUUSD_1751328000,219,55.0,62.5,25.0,SLIPPAGE_BASE,LOCKED_OOS,64,707.2399999999984,1.7843232932617636,11.050624999999975
FIRST_TRIANGLE_GOLD_EVIDENCE_XAUUSD_1751328000,219,55.0,62.5,25.0,SLIPPAGE_BASE,H1,135,1362.5299999999997,1.7819083307987638,10.092814814814814
FIRST_TRIANGLE_GOLD_EVIDENCE_XAUUSD_1751328000,219,55.0,62.5,25.0,SLIPPAGE_BASE,H2,64,707.2399999999984,1.7843232932617636,11.050624999999975
FIRST_TRIANGLE_GOLD_EVIDENCE_XAUUSD_1751328000,219,55.0,62.5,25.0,SLIPPAGE_BASE,ALL,199,2069.769999999998,1.7827318486247727,10.400854271356774
FIRST_TRIANGLE_GOLD_EVIDENCE_XAUUSD_1751328000,220,55.0,62.5,25.0,COMMISSION_PLUS_25,DEVELOPMENT,85,319.1799999999994,1.3224626699804003,3.7550588235294047
FIRST_TRIANGLE_GOLD_EVIDENCE_XAUUSD_1751328000,220,55.0,62.5,25.0,COMMISSION_PLUS_25,VALIDATION,50,1043.3500000000004,2.3860511457987403,20.867000000000008
FIRST_TRIANGLE_GOLD_EVIDENCE_XAUUSD_1751328000,220,55.0,62.5,25.0,COMMISSION_PLUS_25,LOCKED_OOS,64,707.2399999999984,1.7843232932617636,11.050624999999975
FIRST_TRIANGLE_GOLD_EVIDENCE_XAUUSD_1751328000,220,55.0,62.5,25.0,COMMISSION_PLUS_25,H1,135,1362.5299999999997,1.7819083307987638,10.092814814814814
FIRST_TRIANGLE_GOLD_EVIDENCE_XAUUSD_1751328000,220,55.0,62.5,25.0,COMMISSION_PLUS_25,H2,64,707.2399999999984,1.7843232932617636,11.050624999999975
FIRST_TRIANGLE_GOLD_EVIDENCE_XAUUSD_1751328000,220,55.0,62.5,25.0,COMMISSION_PLUS_25,ALL,199,2069.769999999998,1.7827318486247727,10.400854271356774
FIRST_TRIANGLE_GOLD_EVIDENCE_XAUUSD_1751328000,221,55.0,62.5,25.0,COMBINED_STRESS,DEVELOPMENT,85,319.1799999999994,1.3224626699804003,3.7550588235294047
FIRST_TRIANGLE_GOLD_EVIDENCE_XAUUSD_1751328000,221,55.0,62.5,25.0,COMBINED_STRESS,VALIDATION,50,1043.3500000000004,2.3860511457987403,20.867000000000008
FIRST_TRIANGLE_GOLD_EVIDENCE_XAUUSD_1751328000,221,55.0,62.5,25.0,COMBINED_STRESS,LOCKED_OOS,64,707.2399999999984,1.7843232932617636,11.050624999999975
FIRST_TRIANGLE_GOLD_EVIDENCE_XAUUSD_1751328000,221,55.0,62.5,25.0,COMBINED_STRESS,H1,135,1362.5299999999997,1.7819083307987638,10.092814814814814
FIRST_TRIANGLE_GOLD_EVIDENCE_XAUUSD_1751328000,221,55.0,62.5,25.0,COMBINED_STRESS,H2,64,707.2399999999984,1.7843232932617636,11.050624999999975
FIRST_TRIANGLE_GOLD_EVIDENCE_XAUUSD_1751328000,221,55.0,62.5,25.0,COMBINED_STRESS,ALL,199,2069.769999999998,1.7827318486247727,10.400854271356774
FIRST_TRIANGLE_GOLD_EVIDENCE_XAUUSD_1751328000,222,55.0,62.5,27.5,BASE,DEVELOPMENT,85,284.1799999999994,1.2871027055424218,3.3432941176470514
FIRST_TRIANGLE_GOLD_EVIDENCE_XAUUSD_1751328000,222,55.0,62.5,27.5,BASE,VALIDATION,50,975.8500000000004,2.2963799402191984,19.517000000000007
FIRST_TRIANGLE_GOLD_EVIDENCE_XAUUSD_1751328000,222,55.0,62.5,27.5,BASE,LOCKED_OOS,64,721.6399999999985,1.8002927738100492,11.275624999999977
FIRST_TRIANGLE_GOLD_EVIDENCE_XAUUSD_1751328000,222,55.0,62.5,27.5,BASE,H1,135,1260.0299999999997,1.7230871643606867,9.333555555555554
FIRST_TRIANGLE_GOLD_EVIDENCE_XAUUSD_1751328000,222,55.0,62.5,27.5,BASE,H2,64,721.6399999999985,1.8002927738100492,11.275624999999977
FIRST_TRIANGLE_GOLD_EVIDENCE_XAUUSD_1751328000,222,55.0,62.5,27.5,BASE,ALL,199,1981.6699999999983,1.7494147767453645,9.958140703517579
FIRST_TRIANGLE_GOLD_EVIDENCE_XAUUSD_1751328000,223,55.0,62.5,27.5,SPREAD_PLUS_25,DEVELOPMENT,85,284.1799999999994,1.2871027055424218,3.3432941176470514
FIRST_TRIANGLE_GOLD_EVIDENCE_XAUUSD_1751328000,223,55.0,62.5,27.5,SPREAD_PLUS_25,VALIDATION,50,975.8500000000004,2.2963799402191984,19.517000000000007
FIRST_TRIANGLE_GOLD_EVIDENCE_XAUUSD_1751328000,223,55.0,62.5,27.5,SPREAD_PLUS_25,LOCKED_OOS,64,721.6399999999985,1.8002927738100492,11.275624999999977
FIRST_TRIANGLE_GOLD_EVIDENCE_XAUUSD_1751328000,223,55.0,62.5,27.5,SPREAD_PLUS_25,H1,135,1260.0299999999997,1.7230871643606867,9.333555555555554
FIRST_TRIANGLE_GOLD_EVIDENCE_XAUUSD_1751328000,223,55.0,62.5,27.5,SPREAD_PLUS_25,H2,64,721.6399999999985,1.8002927738100492,11.275624999999977
FIRST_TRIANGLE_GOLD_EVIDENCE_XAUUSD_1751328000,223,55.0,62.5,27.5,SPREAD_PLUS_25,ALL,199,1981.6699999999983,1.7494147767453645,9.958140703517579
FIRST_TRIANGLE_GOLD_EVIDENCE_XAUUSD_1751328000,224,55.0,62.5,27.5,SPREAD_PLUS_50,DEVELOPMENT,85,284.1799999999994,1.2871027055424218,3.3432941176470514
FIRST_TRIANGLE_GOLD_EVIDENCE_XAUUSD_1751328000,224,55.0,62.5,27.5,SPREAD_PLUS_50,VALIDATION,50,975.8500000000004,2.2963799402191984,19.517000000000007
FIRST_TRIANGLE_GOLD_EVIDENCE_XAUUSD_1751328000,224,55.0,62.5,27.5,SPREAD_PLUS_50,LOCKED_OOS,64,721.6399999999985,1.8002927738100492,11.275624999999977
FIRST_TRIANGLE_GOLD_EVIDENCE_XAUUSD_1751328000,224,55.0,62.5,27.5,SPREAD_PLUS_50,H1,135,1260.0299999999997,1.7230871643606867,9.333555555555554
FIRST_TRIANGLE_GOLD_EVIDENCE_XAUUSD_1751328000,224,55.0,62.5,27.5,SPREAD_PLUS_50,H2,64,721.6399999999985,1.8002927738100492,11.275624999999977
FIRST_TRIANGLE_GOLD_EVIDENCE_XAUUSD_1751328000,224,55.0,62.5,27.5,SPREAD_PLUS_50,ALL,199,1981.6699999999983,1.7494147767453645,9.958140703517579
FIRST_TRIANGLE_GOLD_EVIDENCE_XAUUSD_1751328000,225,55.0,62.5,27.5,SLIPPAGE_BASE,DEVELOPMENT,85,284.1799999999994,1.2871027055424218,3.3432941176470514
FIRST_TRIANGLE_GOLD_EVIDENCE_XAUUSD_1751328000,225,55.0,62.5,27.5,SLIPPAGE_BASE,VALIDATION,50,975.8500000000004,2.2963799402191984,19.517000000000007
FIRST_TRIANGLE_GOLD_EVIDENCE_XAUUSD_1751328000,225,55.0,62.5,27.5,SLIPPAGE_BASE,LOCKED_OOS,64,721.6399999999985,1.8002927738100492,11.275624999999977
FIRST_TRIANGLE_GOLD_EVIDENCE_XAUUSD_1751328000,225,55.0,62.5,27.5,SLIPPAGE_BASE,H1,135,1260.0299999999997,1.7230871643606867,9.333555555555554
FIRST_TRIANGLE_GOLD_EVIDENCE_XAUUSD_1751328000,225,55.0,62.5,27.5,SLIPPAGE_BASE,H2,64,721.6399999999985,1.8002927738100492,11.275624999999977
FIRST_TRIANGLE_GOLD_EVIDENCE_XAUUSD_1751328000,225,55.0,62.5,27.5,SLIPPAGE_BASE,ALL,199,1981.6699999999983,1.7494147767453645,9.958140703517579
FIRST_TRIANGLE_GOLD_EVIDENCE_XAUUSD_1751328000,226,55.0,62.5,27.5,COMMISSION_PLUS_25,DEVELOPMENT,85,284.1799999999994,1.2871027055424218,3.3432941176470514
FIRST_TRIANGLE_GOLD_EVIDENCE_XAUUSD_1751328000,226,55.0,62.5,27.5,COMMISSION_PLUS_25,VALIDATION,50,975.8500000000004,2.2963799402191984,19.517000000000007
FIRST_TRIANGLE_GOLD_EVIDENCE_XAUUSD_1751328000,226,55.0,62.5,27.5,COMMISSION_PLUS_25,LOCKED_OOS,64,721.6399999999985,1.8002927738100492,11.275624999999977
FIRST_TRIANGLE_GOLD_EVIDENCE_XAUUSD_1751328000,226,55.0,62.5,27.5,COMMISSION_PLUS_25,H1,135,1260.0299999999997,1.7230871643606867,9.333555555555554
FIRST_TRIANGLE_GOLD_EVIDENCE_XAUUSD_1751328000,226,55.0,62.5,27.5,COMMISSION_PLUS_25,H2,64,721.6399999999985,1.8002927738100492,11.275624999999977
FIRST_TRIANGLE_GOLD_EVIDENCE_XAUUSD_1751328000,226,55.0,62.5,27.5,COMMISSION_PLUS_25,ALL,199,1981.6699999999983,1.7494147767453645,9.958140703517579
FIRST_TRIANGLE_GOLD_EVIDENCE_XAUUSD_1751328000,227,55.0,62.5,27.5,COMBINED_STRESS,DEVELOPMENT,85,284.1799999999994,1.2871027055424218,3.3432941176470514
FIRST_TRIANGLE_GOLD_EVIDENCE_XAUUSD_1751328000,227,55.0,62.5,27.5,COMBINED_STRESS,VALIDATION,50,975.8500000000004,2.2963799402191984,19.517000000000007
FIRST_TRIANGLE_GOLD_EVIDENCE_XAUUSD_1751328000,227,55.0,62.5,27.5,COMBINED_STRESS,LOCKED_OOS,64,721.6399999999985,1.8002927738100492,11.275624999999977
FIRST_TRIANGLE_GOLD_EVIDENCE_XAUUSD_1751328000,227,55.0,62.5,27.5,COMBINED_STRESS,H1,135,1260.0299999999997,1.7230871643606867,9.333555555555554
FIRST_TRIANGLE_GOLD_EVIDENCE_XAUUSD_1751328000,227,55.0,62.5,27.5,COMBINED_STRESS,H2,64,721.6399999999985,1.8002927738100492,11.275624999999977
FIRST_TRIANGLE_GOLD_EVIDENCE_XAUUSD_1751328000,227,55.0,62.5,27.5,COMBINED_STRESS,ALL,199,1981.6699999999983,1.7494147767453645,9.958140703517579
FIRST_TRIANGLE_GOLD_EVIDENCE_XAUUSD_1751328000,228,55.0,62.5,30.0,BASE,DEVELOPMENT,85,256.64999999999964,1.259289567800206,3.019411764705878
FIRST_TRIANGLE_GOLD_EVIDENCE_XAUUSD_1751328000,228,55.0,62.5,30.0,BASE,VALIDATION,50,1102.3300000000017,2.464403852540688,22.046600000000034
FIRST_TRIANGLE_GOLD_EVIDENCE_XAUUSD_1751328000,228,55.0,62.5,30.0,BASE,LOCKED_OOS,64,698.0999999999985,1.7741871090804215,10.907812499999977
FIRST_TRIANGLE_GOLD_EVIDENCE_XAUUSD_1751328000,228,55.0,62.5,30.0,BASE,H1,135,1358.9800000000014,1.7798711099123727,10.066518518518528
FIRST_TRIANGLE_GOLD_EVIDENCE_XAUUSD_1751328000,228,55.0,62.5,30.0,BASE,H2,64,698.0999999999985,1.7741871090804215,10.907812499999977
FIRST_TRIANGLE_GOLD_EVIDENCE_XAUUSD_1751328000,228,55.0,62.5,30.0,BASE,ALL,199,2057.08,1.7779328288500893,10.337085427135678
FIRST_TRIANGLE_GOLD_EVIDENCE_XAUUSD_1751328000,229,55.0,62.5,30.0,SPREAD_PLUS_25,DEVELOPMENT,85,256.64999999999964,1.259289567800206,3.019411764705878
FIRST_TRIANGLE_GOLD_EVIDENCE_XAUUSD_1751328000,229,55.0,62.5,30.0,SPREAD_PLUS_25,VALIDATION,50,1102.3300000000017,2.464403852540688,22.046600000000034
FIRST_TRIANGLE_GOLD_EVIDENCE_XAUUSD_1751328000,229,55.0,62.5,30.0,SPREAD_PLUS_25,LOCKED_OOS,64,698.0999999999985,1.7741871090804215,10.907812499999977
FIRST_TRIANGLE_GOLD_EVIDENCE_XAUUSD_1751328000,229,55.0,62.5,30.0,SPREAD_PLUS_25,H1,135,1358.9800000000014,1.7798711099123727,10.066518518518528
FIRST_TRIANGLE_GOLD_EVIDENCE_XAUUSD_1751328000,229,55.0,62.5,30.0,SPREAD_PLUS_25,H2,64,698.0999999999985,1.7741871090804215,10.907812499999977
FIRST_TRIANGLE_GOLD_EVIDENCE_XAUUSD_1751328000,229,55.0,62.5,30.0,SPREAD_PLUS_25,ALL,199,2057.08,1.7779328288500893,10.337085427135678
FIRST_TRIANGLE_GOLD_EVIDENCE_XAUUSD_1751328000,230,55.0,62.5,30.0,SPREAD_PLUS_50,DEVELOPMENT,85,256.64999999999964,1.259289567800206,3.019411764705878
FIRST_TRIANGLE_GOLD_EVIDENCE_XAUUSD_1751328000,230,55.0,62.5,30.0,SPREAD_PLUS_50,VALIDATION,50,1102.3300000000017,2.464403852540688,22.046600000000034
FIRST_TRIANGLE_GOLD_EVIDENCE_XAUUSD_1751328000,230,55.0,62.5,30.0,SPREAD_PLUS_50,LOCKED_OOS,64,698.0999999999985,1.7741871090804215,10.907812499999977
FIRST_TRIANGLE_GOLD_EVIDENCE_XAUUSD_1751328000,230,55.0,62.5,30.0,SPREAD_PLUS_50,H1,135,1358.9800000000014,1.7798711099123727,10.066518518518528
FIRST_TRIANGLE_GOLD_EVIDENCE_XAUUSD_1751328000,230,55.0,62.5,30.0,SPREAD_PLUS_50,H2,64,698.0999999999985,1.7741871090804215,10.907812499999977
FIRST_TRIANGLE_GOLD_EVIDENCE_XAUUSD_1751328000,230,55.0,62.5,30.0,SPREAD_PLUS_50,ALL,199,2057.08,1.7779328288500893,10.337085427135678
FIRST_TRIANGLE_GOLD_EVIDENCE_XAUUSD_1751328000,231,55.0,62.5,30.0,SLIPPAGE_BASE,DEVELOPMENT,85,256.64999999999964,1.259289567800206,3.019411764705878
FIRST_TRIANGLE_GOLD_EVIDENCE_XAUUSD_1751328000,231,55.0,62.5,30.0,SLIPPAGE_BASE,VALIDATION,50,1102.3300000000017,2.464403852540688,22.046600000000034
FIRST_TRIANGLE_GOLD_EVIDENCE_XAUUSD_1751328000,231,55.0,62.5,30.0,SLIPPAGE_BASE,LOCKED_OOS,64,698.0999999999985,1.7741871090804215,10.907812499999977
FIRST_TRIANGLE_GOLD_EVIDENCE_XAUUSD_1751328000,231,55.0,62.5,30.0,SLIPPAGE_BASE,H1,135,1358.9800000000014,1.7798711099123727,10.066518518518528
FIRST_TRIANGLE_GOLD_EVIDENCE_XAUUSD_1751328000,231,55.0,62.5,30.0,SLIPPAGE_BASE,H2,64,698.0999999999985,1.7741871090804215,10.907812499999977
FIRST_TRIANGLE_GOLD_EVIDENCE_XAUUSD_1751328000,231,55.0,62.5,30.0,SLIPPAGE_BASE,ALL,199,2057.08,1.7779328288500893,10.337085427135678
FIRST_TRIANGLE_GOLD_EVIDENCE_XAUUSD_1751328000,232,55.0,62.5,30.0,COMMISSION_PLUS_25,DEVELOPMENT,85,256.64999999999964,1.259289567800206,3.019411764705878
FIRST_TRIANGLE_GOLD_EVIDENCE_XAUUSD_1751328000,232,55.0,62.5,30.0,COMMISSION_PLUS_25,VALIDATION,50,1102.3300000000017,2.464403852540688,22.046600000000034
FIRST_TRIANGLE_GOLD_EVIDENCE_XAUUSD_1751328000,232,55.0,62.5,30.0,COMMISSION_PLUS_25,LOCKED_OOS,64,698.0999999999985,1.7741871090804215,10.907812499999977
FIRST_TRIANGLE_GOLD_EVIDENCE_XAUUSD_1751328000,232,55.0,62.5,30.0,COMMISSION_PLUS_25,H1,135,1358.9800000000014,1.7798711099123727,10.066518518518528
FIRST_TRIANGLE_GOLD_EVIDENCE_XAUUSD_1751328000,232,55.0,62.5,30.0,COMMISSION_PLUS_25,H2,64,698.0999999999985,1.7741871090804215,10.907812499999977
FIRST_TRIANGLE_GOLD_EVIDENCE_XAUUSD_1751328000,232,55.0,62.5,30.0,COMMISSION_PLUS_25,ALL,199,2057.08,1.7779328288500893,10.337085427135678
FIRST_TRIANGLE_GOLD_EVIDENCE_XAUUSD_1751328000,233,55.0,62.5,30.0,COMBINED_STRESS,DEVELOPMENT,85,256.64999999999964,1.259289567800206,3.019411764705878
FIRST_TRIANGLE_GOLD_EVIDENCE_XAUUSD_1751328000,233,55.0,62.5,30.0,COMBINED_STRESS,VALIDATION,50,1102.3300000000017,2.464403852540688,22.046600000000034
FIRST_TRIANGLE_GOLD_EVIDENCE_XAUUSD_1751328000,233,55.0,62.5,30.0,COMBINED_STRESS,LOCKED_OOS,64,698.0999999999985,1.7741871090804215,10.907812499999977
FIRST_TRIANGLE_GOLD_EVIDENCE_XAUUSD_1751328000,233,55.0,62.5,30.0,COMBINED_STRESS,H1,135,1358.9800000000014,1.7798711099123727,10.066518518518528
FIRST_TRIANGLE_GOLD_EVIDENCE_XAUUSD_1751328000,233,55.0,62.5,30.0,COMBINED_STRESS,H2,64,698.0999999999985,1.7741871090804215,10.907812499999977
FIRST_TRIANGLE_GOLD_EVIDENCE_XAUUSD_1751328000,233,55.0,62.5,30.0,COMBINED_STRESS,ALL,199,2057.08,1.7779328288500893,10.337085427135678
FIRST_TRIANGLE_GOLD_EVIDENCE_XAUUSD_1751328000,234,55.0,62.5,32.5,BASE,DEVELOPMENT,85,264.6299999999992,1.2673516396920648,3.113294117647049
FIRST_TRIANGLE_GOLD_EVIDENCE_XAUUSD_1751328000,234,55.0,62.5,32.5,BASE,VALIDATION,50,1043.2400000000016,2.385905014945205,20.86480000000003
FIRST_TRIANGLE_GOLD_EVIDENCE_XAUUSD_1751328000,234,55.0,62.5,32.5,BASE,LOCKED_OOS,64,744.3499999999985,1.8254779754247412,11.630468749999977
FIRST_TRIANGLE_GOLD_EVIDENCE_XAUUSD_1751328000,234,55.0,62.5,32.5,BASE,H1,135,1307.8700000000008,1.7505408677987127,9.687925925925931
FIRST_TRIANGLE_GOLD_EVIDENCE_XAUUSD_1751328000,234,55.0,62.5,32.5,BASE,H2,64,744.3499999999985,1.8254779754247412,11.630468749999977
FIRST_TRIANGLE_GOLD_EVIDENCE_XAUUSD_1751328000,234,55.0,62.5,32.5,BASE,ALL,199,2052.2199999999993,1.7760949063831886,10.312663316582912
FIRST_TRIANGLE_GOLD_EVIDENCE_XAUUSD_1751328000,235,55.0,62.5,32.5,SPREAD_PLUS_25,DEVELOPMENT,85,264.6299999999992,1.2673516396920648,3.113294117647049
FIRST_TRIANGLE_GOLD_EVIDENCE_XAUUSD_1751328000,235,55.0,62.5,32.5,SPREAD_PLUS_25,VALIDATION,50,1043.2400000000016,2.385905014945205,20.86480000000003
FIRST_TRIANGLE_GOLD_EVIDENCE_XAUUSD_1751328000,235,55.0,62.5,32.5,SPREAD_PLUS_25,LOCKED_OOS,64,744.3499999999985,1.8254779754247412,11.630468749999977
FIRST_TRIANGLE_GOLD_EVIDENCE_XAUUSD_1751328000,235,55.0,62.5,32.5,SPREAD_PLUS_25,H1,135,1307.8700000000008,1.7505408677987127,9.687925925925931
FIRST_TRIANGLE_GOLD_EVIDENCE_XAUUSD_1751328000,235,55.0,62.5,32.5,SPREAD_PLUS_25,H2,64,744.3499999999985,1.8254779754247412,11.630468749999977
FIRST_TRIANGLE_GOLD_EVIDENCE_XAUUSD_1751328000,235,55.0,62.5,32.5,SPREAD_PLUS_25,ALL,199,2052.2199999999993,1.7760949063831886,10.312663316582912
FIRST_TRIANGLE_GOLD_EVIDENCE_XAUUSD_1751328000,236,55.0,62.5,32.5,SPREAD_PLUS_50,DEVELOPMENT,85,264.6299999999992,1.2673516396920648,3.113294117647049
FIRST_TRIANGLE_GOLD_EVIDENCE_XAUUSD_1751328000,236,55.0,62.5,32.5,SPREAD_PLUS_50,VALIDATION,50,1043.2400000000016,2.385905014945205,20.86480000000003
FIRST_TRIANGLE_GOLD_EVIDENCE_XAUUSD_1751328000,236,55.0,62.5,32.5,SPREAD_PLUS_50,LOCKED_OOS,64,744.3499999999985,1.8254779754247412,11.630468749999977
FIRST_TRIANGLE_GOLD_EVIDENCE_XAUUSD_1751328000,236,55.0,62.5,32.5,SPREAD_PLUS_50,H1,135,1307.8700000000008,1.7505408677987127,9.687925925925931
FIRST_TRIANGLE_GOLD_EVIDENCE_XAUUSD_1751328000,236,55.0,62.5,32.5,SPREAD_PLUS_50,H2,64,744.3499999999985,1.8254779754247412,11.630468749999977
FIRST_TRIANGLE_GOLD_EVIDENCE_XAUUSD_1751328000,236,55.0,62.5,32.5,SPREAD_PLUS_50,ALL,199,2052.2199999999993,1.7760949063831886,10.312663316582912
FIRST_TRIANGLE_GOLD_EVIDENCE_XAUUSD_1751328000,237,55.0,62.5,32.5,SLIPPAGE_BASE,DEVELOPMENT,85,264.6299999999992,1.2673516396920648,3.113294117647049
FIRST_TRIANGLE_GOLD_EVIDENCE_XAUUSD_1751328000,237,55.0,62.5,32.5,SLIPPAGE_BASE,VALIDATION,50,1043.2400000000016,2.385905014945205,20.86480000000003
FIRST_TRIANGLE_GOLD_EVIDENCE_XAUUSD_1751328000,237,55.0,62.5,32.5,SLIPPAGE_BASE,LOCKED_OOS,64,744.3499999999985,1.8254779754247412,11.630468749999977
FIRST_TRIANGLE_GOLD_EVIDENCE_XAUUSD_1751328000,237,55.0,62.5,32.5,SLIPPAGE_BASE,H1,135,1307.8700000000008,1.7505408677987127,9.687925925925931
FIRST_TRIANGLE_GOLD_EVIDENCE_XAUUSD_1751328000,237,55.0,62.5,32.5,SLIPPAGE_BASE,H2,64,744.3499999999985,1.8254779754247412,11.630468749999977
FIRST_TRIANGLE_GOLD_EVIDENCE_XAUUSD_1751328000,237,55.0,62.5,32.5,SLIPPAGE_BASE,ALL,199,2052.2199999999993,1.7760949063831886,10.312663316582912
FIRST_TRIANGLE_GOLD_EVIDENCE_XAUUSD_1751328000,238,55.0,62.5,32.5,COMMISSION_PLUS_25,DEVELOPMENT,85,264.6299999999992,1.2673516396920648,3.113294117647049
FIRST_TRIANGLE_GOLD_EVIDENCE_XAUUSD_1751328000,238,55.0,62.5,32.5,COMMISSION_PLUS_25,VALIDATION,50,1043.2400000000016,2.385905014945205,20.86480000000003
FIRST_TRIANGLE_GOLD_EVIDENCE_XAUUSD_1751328000,238,55.0,62.5,32.5,COMMISSION_PLUS_25,LOCKED_OOS,64,744.3499999999985,1.8254779754247412,11.630468749999977
FIRST_TRIANGLE_GOLD_EVIDENCE_XAUUSD_1751328000,238,55.0,62.5,32.5,COMMISSION_PLUS_25,H1,135,1307.8700000000008,1.7505408677987127,9.687925925925931
FIRST_TRIANGLE_GOLD_EVIDENCE_XAUUSD_1751328000,238,55.0,62.5,32.5,COMMISSION_PLUS_25,H2,64,744.3499999999985,1.8254779754247412,11.630468749999977
FIRST_TRIANGLE_GOLD_EVIDENCE_XAUUSD_1751328000,238,55.0,62.5,32.5,COMMISSION_PLUS_25,ALL,199,2052.2199999999993,1.7760949063831886,10.312663316582912
FIRST_TRIANGLE_GOLD_EVIDENCE_XAUUSD_1751328000,239,55.0,62.5,32.5,COMBINED_STRESS,DEVELOPMENT,85,264.6299999999992,1.2673516396920648,3.113294117647049
FIRST_TRIANGLE_GOLD_EVIDENCE_XAUUSD_1751328000,239,55.0,62.5,32.5,COMBINED_STRESS,VALIDATION,50,1043.2400000000016,2.385905014945205,20.86480000000003
FIRST_TRIANGLE_GOLD_EVIDENCE_XAUUSD_1751328000,239,55.0,62.5,32.5,COMBINED_STRESS,LOCKED_OOS,64,744.3499999999985,1.8254779754247412,11.630468749999977
FIRST_TRIANGLE_GOLD_EVIDENCE_XAUUSD_1751328000,239,55.0,62.5,32.5,COMBINED_STRESS,H1,135,1307.8700000000008,1.7505408677987127,9.687925925925931
FIRST_TRIANGLE_GOLD_EVIDENCE_XAUUSD_1751328000,239,55.0,62.5,32.5,COMBINED_STRESS,H2,64,744.3499999999985,1.8254779754247412,11.630468749999977
FIRST_TRIANGLE_GOLD_EVIDENCE_XAUUSD_1751328000,239,55.0,62.5,32.5,COMBINED_STRESS,ALL,199,2052.2199999999993,1.7760949063831886,10.312663316582912
FIRST_TRIANGLE_GOLD_EVIDENCE_XAUUSD_1751328000,240,55.0,62.5,35.0,BASE,DEVELOPMENT,85,366.0599999999995,1.3831323787992966,4.306588235294112
FIRST_TRIANGLE_GOLD_EVIDENCE_XAUUSD_1751328000,240,55.0,62.5,35.0,BASE,VALIDATION,50,1124.470000000002,2.4938160079707785,22.489400000000042
FIRST_TRIANGLE_GOLD_EVIDENCE_XAUUSD_1751328000,240,55.0,62.5,35.0,BASE,LOCKED_OOS,64,768.579999999999,1.8523488444306415,12.009062499999985
FIRST_TRIANGLE_GOLD_EVIDENCE_XAUUSD_1751328000,240,55.0,62.5,35.0,BASE,H1,135,1490.5300000000016,1.8725785773245385,11.040962962962974
FIRST_TRIANGLE_GOLD_EVIDENCE_XAUUSD_1751328000,240,55.0,62.5,35.0,BASE,H2,64,768.579999999999,1.8523488444306415,12.009062499999985
FIRST_TRIANGLE_GOLD_EVIDENCE_XAUUSD_1751328000,240,55.0,62.5,35.0,BASE,ALL,199,2259.1100000000006,1.8655892348778322,11.352311557788948
FIRST_TRIANGLE_GOLD_EVIDENCE_XAUUSD_1751328000,241,55.0,62.5,35.0,SPREAD_PLUS_25,DEVELOPMENT,85,366.0599999999995,1.3831323787992966,4.306588235294112
FIRST_TRIANGLE_GOLD_EVIDENCE_XAUUSD_1751328000,241,55.0,62.5,35.0,SPREAD_PLUS_25,VALIDATION,50,1124.470000000002,2.4938160079707785,22.489400000000042
FIRST_TRIANGLE_GOLD_EVIDENCE_XAUUSD_1751328000,241,55.0,62.5,35.0,SPREAD_PLUS_25,LOCKED_OOS,64,768.579999999999,1.8523488444306415,12.009062499999985
FIRST_TRIANGLE_GOLD_EVIDENCE_XAUUSD_1751328000,241,55.0,62.5,35.0,SPREAD_PLUS_25,H1,135,1490.5300000000016,1.8725785773245385,11.040962962962974
FIRST_TRIANGLE_GOLD_EVIDENCE_XAUUSD_1751328000,241,55.0,62.5,35.0,SPREAD_PLUS_25,H2,64,768.579999999999,1.8523488444306415,12.009062499999985
FIRST_TRIANGLE_GOLD_EVIDENCE_XAUUSD_1751328000,241,55.0,62.5,35.0,SPREAD_PLUS_25,ALL,199,2259.1100000000006,1.8655892348778322,11.352311557788948
FIRST_TRIANGLE_GOLD_EVIDENCE_XAUUSD_1751328000,242,55.0,62.5,35.0,SPREAD_PLUS_50,DEVELOPMENT,85,366.0599999999995,1.3831323787992966,4.306588235294112
FIRST_TRIANGLE_GOLD_EVIDENCE_XAUUSD_1751328000,242,55.0,62.5,35.0,SPREAD_PLUS_50,VALIDATION,50,1124.470000000002,2.4938160079707785,22.489400000000042
FIRST_TRIANGLE_GOLD_EVIDENCE_XAUUSD_1751328000,242,55.0,62.5,35.0,SPREAD_PLUS_50,LOCKED_OOS,64,768.579999999999,1.8523488444306415,12.009062499999985
FIRST_TRIANGLE_GOLD_EVIDENCE_XAUUSD_1751328000,242,55.0,62.5,35.0,SPREAD_PLUS_50,H1,135,1490.5300000000016,1.8725785773245385,11.040962962962974
FIRST_TRIANGLE_GOLD_EVIDENCE_XAUUSD_1751328000,242,55.0,62.5,35.0,SPREAD_PLUS_50,H2,64,768.579999999999,1.8523488444306415,12.009062499999985
FIRST_TRIANGLE_GOLD_EVIDENCE_XAUUSD_1751328000,242,55.0,62.5,35.0,SPREAD_PLUS_50,ALL,199,2259.1100000000006,1.8655892348778322,11.352311557788948
FIRST_TRIANGLE_GOLD_EVIDENCE_XAUUSD_1751328000,243,55.0,62.5,35.0,SLIPPAGE_BASE,DEVELOPMENT,85,366.0599999999995,1.3831323787992966,4.306588235294112
FIRST_TRIANGLE_GOLD_EVIDENCE_XAUUSD_1751328000,243,55.0,62.5,35.0,SLIPPAGE_BASE,VALIDATION,50,1124.470000000002,2.4938160079707785,22.489400000000042
FIRST_TRIANGLE_GOLD_EVIDENCE_XAUUSD_1751328000,243,55.0,62.5,35.0,SLIPPAGE_BASE,LOCKED_OOS,64,768.579999999999,1.8523488444306415,12.009062499999985
FIRST_TRIANGLE_GOLD_EVIDENCE_XAUUSD_1751328000,243,55.0,62.5,35.0,SLIPPAGE_BASE,H1,135,1490.5300000000016,1.8725785773245385,11.040962962962974
FIRST_TRIANGLE_GOLD_EVIDENCE_XAUUSD_1751328000,243,55.0,62.5,35.0,SLIPPAGE_BASE,H2,64,768.579999999999,1.8523488444306415,12.009062499999985
FIRST_TRIANGLE_GOLD_EVIDENCE_XAUUSD_1751328000,243,55.0,62.5,35.0,SLIPPAGE_BASE,ALL,199,2259.1100000000006,1.8655892348778322,11.352311557788948
FIRST_TRIANGLE_GOLD_EVIDENCE_XAUUSD_1751328000,244,55.0,62.5,35.0,COMMISSION_PLUS_25,DEVELOPMENT,85,366.0599999999995,1.3831323787992966,4.306588235294112
FIRST_TRIANGLE_GOLD_EVIDENCE_XAUUSD_1751328000,244,55.0,62.5,35.0,COMMISSION_PLUS_25,VALIDATION,50,1124.470000000002,2.4938160079707785,22.489400000000042
FIRST_TRIANGLE_GOLD_EVIDENCE_XAUUSD_1751328000,244,55.0,62.5,35.0,COMMISSION_PLUS_25,LOCKED_OOS,64,768.579999999999,1.8523488444306415,12.009062499999985
FIRST_TRIANGLE_GOLD_EVIDENCE_XAUUSD_1751328000,244,55.0,62.5,35.0,COMMISSION_PLUS_25,H1,135,1490.5300000000016,1.8725785773245385,11.040962962962974
FIRST_TRIANGLE_GOLD_EVIDENCE_XAUUSD_1751328000,244,55.0,62.5,35.0,COMMISSION_PLUS_25,H2,64,768.579999999999,1.8523488444306415,12.009062499999985
FIRST_TRIANGLE_GOLD_EVIDENCE_XAUUSD_1751328000,244,55.0,62.5,35.0,COMMISSION_PLUS_25,ALL,199,2259.1100000000006,1.8655892348778322,11.352311557788948
FIRST_TRIANGLE_GOLD_EVIDENCE_XAUUSD_1751328000,245,55.0,62.5,35.0,COMBINED_STRESS,DEVELOPMENT,85,366.0599999999995,1.3831323787992966,4.306588235294112
FIRST_TRIANGLE_GOLD_EVIDENCE_XAUUSD_1751328000,245,55.0,62.5,35.0,COMBINED_STRESS,VALIDATION,50,1124.470000000002,2.4938160079707785,22.489400000000042
FIRST_TRIANGLE_GOLD_EVIDENCE_XAUUSD_1751328000,245,55.0,62.5,35.0,COMBINED_STRESS,LOCKED_OOS,64,768.579999999999,1.8523488444306415,12.009062499999985
FIRST_TRIANGLE_GOLD_EVIDENCE_XAUUSD_1751328000,245,55.0,62.5,35.0,COMBINED_STRESS,H1,135,1490.5300000000016,1.8725785773245385,11.040962962962974
FIRST_TRIANGLE_GOLD_EVIDENCE_XAUUSD_1751328000,245,55.0,62.5,35.0,COMBINED_STRESS,H2,64,768.579999999999,1.8523488444306415,12.009062499999985
FIRST_TRIANGLE_GOLD_EVIDENCE_XAUUSD_1751328000,245,55.0,62.5,35.0,COMBINED_STRESS,ALL,199,2259.1100000000006,1.8655892348778322,11.352311557788948
FIRST_TRIANGLE_GOLD_EVIDENCE_XAUUSD_1751328000,246,55.0,62.5,37.5,BASE,DEVELOPMENT,85,559.409999999999,1.5854998744034159,6.5812941176470465
FIRST_TRIANGLE_GOLD_EVIDENCE_XAUUSD_1751328000,246,55.0,62.5,37.5,BASE,VALIDATION,50,1056.970000000002,2.4041448023912366,21.13940000000004
FIRST_TRIANGLE_GOLD_EVIDENCE_XAUUSD_1751328000,246,55.0,62.5,37.5,BASE,LOCKED_OOS,64,775.8999999999987,1.860466663709353,12.12343749999998
FIRST_TRIANGLE_GOLD_EVIDENCE_XAUUSD_1751328000,246,55.0,62.5,37.5,BASE,H1,135,1616.380000000001,1.9462530514755403,11.973185185185192
FIRST_TRIANGLE_GOLD_EVIDENCE_XAUUSD_1751328000,246,55.0,62.5,37.5,BASE,H2,64,775.8999999999987,1.860466663709353,12.12343749999998
FIRST_TRIANGLE_GOLD_EVIDENCE_XAUUSD_1751328000,246,55.0,62.5,37.5,BASE,ALL,199,2392.2799999999997,1.916613982857647,12.021507537688441
FIRST_TRIANGLE_GOLD_EVIDENCE_XAUUSD_1751328000,247,55.0,62.5,37.5,SPREAD_PLUS_25,DEVELOPMENT,85,559.409999999999,1.5854998744034159,6.5812941176470465
FIRST_TRIANGLE_GOLD_EVIDENCE_XAUUSD_1751328000,247,55.0,62.5,37.5,SPREAD_PLUS_25,VALIDATION,50,1056.970000000002,2.4041448023912366,21.13940000000004
FIRST_TRIANGLE_GOLD_EVIDENCE_XAUUSD_1751328000,247,55.0,62.5,37.5,SPREAD_PLUS_25,LOCKED_OOS,64,775.8999999999987,1.860466663709353,12.12343749999998
FIRST_TRIANGLE_GOLD_EVIDENCE_XAUUSD_1751328000,247,55.0,62.5,37.5,SPREAD_PLUS_25,H1,135,1616.380000000001,1.9462530514755403,11.973185185185192
FIRST_TRIANGLE_GOLD_EVIDENCE_XAUUSD_1751328000,247,55.0,62.5,37.5,SPREAD_PLUS_25,H2,64,775.8999999999987,1.860466663709353,12.12343749999998
FIRST_TRIANGLE_GOLD_EVIDENCE_XAUUSD_1751328000,247,55.0,62.5,37.5,SPREAD_PLUS_25,ALL,199,2392.2799999999997,1.916613982857647,12.021507537688441
FIRST_TRIANGLE_GOLD_EVIDENCE_XAUUSD_1751328000,248,55.0,62.5,37.5,SPREAD_PLUS_50,DEVELOPMENT,85,559.409999999999,1.5854998744034159,6.5812941176470465
FIRST_TRIANGLE_GOLD_EVIDENCE_XAUUSD_1751328000,248,55.0,62.5,37.5,SPREAD_PLUS_50,VALIDATION,50,1056.970000000002,2.4041448023912366,21.13940000000004
FIRST_TRIANGLE_GOLD_EVIDENCE_XAUUSD_1751328000,248,55.0,62.5,37.5,SPREAD_PLUS_50,LOCKED_OOS,64,775.8999999999987,1.860466663709353,12.12343749999998
FIRST_TRIANGLE_GOLD_EVIDENCE_XAUUSD_1751328000,248,55.0,62.5,37.5,SPREAD_PLUS_50,H1,135,1616.380000000001,1.9462530514755403,11.973185185185192
FIRST_TRIANGLE_GOLD_EVIDENCE_XAUUSD_1751328000,248,55.0,62.5,37.5,SPREAD_PLUS_50,H2,64,775.8999999999987,1.860466663709353,12.12343749999998
FIRST_TRIANGLE_GOLD_EVIDENCE_XAUUSD_1751328000,248,55.0,62.5,37.5,SPREAD_PLUS_50,ALL,199,2392.2799999999997,1.916613982857647,12.021507537688441
FIRST_TRIANGLE_GOLD_EVIDENCE_XAUUSD_1751328000,249,55.0,62.5,37.5,SLIPPAGE_BASE,DEVELOPMENT,85,559.409999999999,1.5854998744034159,6.5812941176470465
FIRST_TRIANGLE_GOLD_EVIDENCE_XAUUSD_1751328000,249,55.0,62.5,37.5,SLIPPAGE_BASE,VALIDATION,50,1056.970000000002,2.4041448023912366,21.13940000000004
FIRST_TRIANGLE_GOLD_EVIDENCE_XAUUSD_1751328000,249,55.0,62.5,37.5,SLIPPAGE_BASE,LOCKED_OOS,64,775.8999999999987,1.860466663709353,12.12343749999998
FIRST_TRIANGLE_GOLD_EVIDENCE_XAUUSD_1751328000,249,55.0,62.5,37.5,SLIPPAGE_BASE,H1,135,1616.380000000001,1.9462530514755403,11.973185185185192
FIRST_TRIANGLE_GOLD_EVIDENCE_XAUUSD_1751328000,249,55.0,62.5,37.5,SLIPPAGE_BASE,H2,64,775.8999999999987,1.860466663709353,12.12343749999998
FIRST_TRIANGLE_GOLD_EVIDENCE_XAUUSD_1751328000,249,55.0,62.5,37.5,SLIPPAGE_BASE,ALL,199,2392.2799999999997,1.916613982857647,12.021507537688441
FIRST_TRIANGLE_GOLD_EVIDENCE_XAUUSD_1751328000,250,55.0,62.5,37.5,COMMISSION_PLUS_25,DEVELOPMENT,85,559.409999999999,1.5854998744034159,6.5812941176470465
FIRST_TRIANGLE_GOLD_EVIDENCE_XAUUSD_1751328000,250,55.0,62.5,37.5,COMMISSION_PLUS_25,VALIDATION,50,1056.970000000002,2.4041448023912366,21.13940000000004
FIRST_TRIANGLE_GOLD_EVIDENCE_XAUUSD_1751328000,250,55.0,62.5,37.5,COMMISSION_PLUS_25,LOCKED_OOS,64,775.8999999999987,1.860466663709353,12.12343749999998
FIRST_TRIANGLE_GOLD_EVIDENCE_XAUUSD_1751328000,250,55.0,62.5,37.5,COMMISSION_PLUS_25,H1,135,1616.380000000001,1.9462530514755403,11.973185185185192
FIRST_TRIANGLE_GOLD_EVIDENCE_XAUUSD_1751328000,250,55.0,62.5,37.5,COMMISSION_PLUS_25,H2,64,775.8999999999987,1.860466663709353,12.12343749999998
FIRST_TRIANGLE_GOLD_EVIDENCE_XAUUSD_1751328000,250,55.0,62.5,37.5,COMMISSION_PLUS_25,ALL,199,2392.2799999999997,1.916613982857647,12.021507537688441
FIRST_TRIANGLE_GOLD_EVIDENCE_XAUUSD_1751328000,251,55.0,62.5,37.5,COMBINED_STRESS,DEVELOPMENT,85,559.409999999999,1.5854998744034159,6.5812941176470465
FIRST_TRIANGLE_GOLD_EVIDENCE_XAUUSD_1751328000,251,55.0,62.5,37.5,COMBINED_STRESS,VALIDATION,50,1056.970000000002,2.4041448023912366,21.13940000000004
FIRST_TRIANGLE_GOLD_EVIDENCE_XAUUSD_1751328000,251,55.0,62.5,37.5,COMBINED_STRESS,LOCKED_OOS,64,775.8999999999987,1.860466663709353,12.12343749999998
FIRST_TRIANGLE_GOLD_EVIDENCE_XAUUSD_1751328000,251,55.0,62.5,37.5,COMBINED_STRESS,H1,135,1616.380000000001,1.9462530514755403,11.973185185185192
FIRST_TRIANGLE_GOLD_EVIDENCE_XAUUSD_1751328000,251,55.0,62.5,37.5,COMBINED_STRESS,H2,64,775.8999999999987,1.860466663709353,12.12343749999998
FIRST_TRIANGLE_GOLD_EVIDENCE_XAUUSD_1751328000,251,55.0,62.5,37.5,COMBINED_STRESS,ALL,199,2392.2799999999997,1.916613982857647,12.021507537688441
FIRST_TRIANGLE_GOLD_EVIDENCE_XAUUSD_1751328000,252,57.5,57.5,22.5,BASE,DEVELOPMENT,87,283.8999999999987,1.2702882821127985,3.263218390804583
FIRST_TRIANGLE_GOLD_EVIDENCE_XAUUSD_1751328000,252,57.5,57.5,22.5,BASE,VALIDATION,51,1151.2699999999995,2.5215558257559763,22.57392156862744
FIRST_TRIANGLE_GOLD_EVIDENCE_XAUUSD_1751328000,252,57.5,57.5,22.5,BASE,LOCKED_OOS,65,721.1199999999981,1.7681786224087572,11.094153846153816
FIRST_TRIANGLE_GOLD_EVIDENCE_XAUUSD_1751328000,252,57.5,57.5,22.5,BASE,H1,138,1435.1699999999983,1.7942280022136141,10.39978260869564
FIRST_TRIANGLE_GOLD_EVIDENCE_XAUUSD_1751328000,252,57.5,57.5,22.5,BASE,H2,65,721.1199999999981,1.7681786224087572,11.094153846153816
FIRST_TRIANGLE_GOLD_EVIDENCE_XAUUSD_1751328000,252,57.5,57.5,22.5,BASE,ALL,203,2156.2899999999963,1.785321989700408,10.622118226600968
FIRST_TRIANGLE_GOLD_EVIDENCE_XAUUSD_1751328000,253,57.5,57.5,22.5,SPREAD_PLUS_25,DEVELOPMENT,87,283.8999999999987,1.2702882821127985,3.263218390804583
FIRST_TRIANGLE_GOLD_EVIDENCE_XAUUSD_1751328000,253,57.5,57.5,22.5,SPREAD_PLUS_25,VALIDATION,51,1151.2699999999995,2.5215558257559763,22.57392156862744
FIRST_TRIANGLE_GOLD_EVIDENCE_XAUUSD_1751328000,253,57.5,57.5,22.5,SPREAD_PLUS_25,LOCKED_OOS,65,721.1199999999981,1.7681786224087572,11.094153846153816
FIRST_TRIANGLE_GOLD_EVIDENCE_XAUUSD_1751328000,253,57.5,57.5,22.5,SPREAD_PLUS_25,H1,138,1435.1699999999983,1.7942280022136141,10.39978260869564
FIRST_TRIANGLE_GOLD_EVIDENCE_XAUUSD_1751328000,253,57.5,57.5,22.5,SPREAD_PLUS_25,H2,65,721.1199999999981,1.7681786224087572,11.094153846153816
FIRST_TRIANGLE_GOLD_EVIDENCE_XAUUSD_1751328000,253,57.5,57.5,22.5,SPREAD_PLUS_25,ALL,203,2156.2899999999963,1.785321989700408,10.622118226600968
FIRST_TRIANGLE_GOLD_EVIDENCE_XAUUSD_1751328000,254,57.5,57.5,22.5,SPREAD_PLUS_50,DEVELOPMENT,87,283.8999999999987,1.2702882821127985,3.263218390804583
FIRST_TRIANGLE_GOLD_EVIDENCE_XAUUSD_1751328000,254,57.5,57.5,22.5,SPREAD_PLUS_50,VALIDATION,51,1151.2699999999995,2.5215558257559763,22.57392156862744
FIRST_TRIANGLE_GOLD_EVIDENCE_XAUUSD_1751328000,254,57.5,57.5,22.5,SPREAD_PLUS_50,LOCKED_OOS,65,721.1199999999981,1.7681786224087572,11.094153846153816
FIRST_TRIANGLE_GOLD_EVIDENCE_XAUUSD_1751328000,254,57.5,57.5,22.5,SPREAD_PLUS_50,H1,138,1435.1699999999983,1.7942280022136141,10.39978260869564
FIRST_TRIANGLE_GOLD_EVIDENCE_XAUUSD_1751328000,254,57.5,57.5,22.5,SPREAD_PLUS_50,H2,65,721.1199999999981,1.7681786224087572,11.094153846153816
FIRST_TRIANGLE_GOLD_EVIDENCE_XAUUSD_1751328000,254,57.5,57.5,22.5,SPREAD_PLUS_50,ALL,203,2156.2899999999963,1.785321989700408,10.622118226600968
FIRST_TRIANGLE_GOLD_EVIDENCE_XAUUSD_1751328000,255,57.5,57.5,22.5,SLIPPAGE_BASE,DEVELOPMENT,87,283.8999999999987,1.2702882821127985,3.263218390804583
FIRST_TRIANGLE_GOLD_EVIDENCE_XAUUSD_1751328000,255,57.5,57.5,22.5,SLIPPAGE_BASE,VALIDATION,51,1151.2699999999995,2.5215558257559763,22.57392156862744
FIRST_TRIANGLE_GOLD_EVIDENCE_XAUUSD_1751328000,255,57.5,57.5,22.5,SLIPPAGE_BASE,LOCKED_OOS,65,721.1199999999981,1.7681786224087572,11.094153846153816
FIRST_TRIANGLE_GOLD_EVIDENCE_XAUUSD_1751328000,255,57.5,57.5,22.5,SLIPPAGE_BASE,H1,138,1435.1699999999983,1.7942280022136141,10.39978260869564
FIRST_TRIANGLE_GOLD_EVIDENCE_XAUUSD_1751328000,255,57.5,57.5,22.5,SLIPPAGE_BASE,H2,65,721.1199999999981,1.7681786224087572,11.094153846153816
FIRST_TRIANGLE_GOLD_EVIDENCE_XAUUSD_1751328000,255,57.5,57.5,22.5,SLIPPAGE_BASE,ALL,203,2156.2899999999963,1.785321989700408,10.622118226600968
FIRST_TRIANGLE_GOLD_EVIDENCE_XAUUSD_1751328000,256,57.5,57.5,22.5,COMMISSION_PLUS_25,DEVELOPMENT,87,283.8999999999987,1.2702882821127985,3.263218390804583
FIRST_TRIANGLE_GOLD_EVIDENCE_XAUUSD_1751328000,256,57.5,57.5,22.5,COMMISSION_PLUS_25,VALIDATION,51,1151.2699999999995,2.5215558257559763,22.57392156862744
FIRST_TRIANGLE_GOLD_EVIDENCE_XAUUSD_1751328000,256,57.5,57.5,22.5,COMMISSION_PLUS_25,LOCKED_OOS,65,721.1199999999981,1.7681786224087572,11.094153846153816
FIRST_TRIANGLE_GOLD_EVIDENCE_XAUUSD_1751328000,256,57.5,57.5,22.5,COMMISSION_PLUS_25,H1,138,1435.1699999999983,1.7942280022136141,10.39978260869564
FIRST_TRIANGLE_GOLD_EVIDENCE_XAUUSD_1751328000,256,57.5,57.5,22.5,COMMISSION_PLUS_25,H2,65,721.1199999999981,1.7681786224087572,11.094153846153816
FIRST_TRIANGLE_GOLD_EVIDENCE_XAUUSD_1751328000,256,57.5,57.5,22.5,COMMISSION_PLUS_25,ALL,203,2156.2899999999963,1.785321989700408,10.622118226600968
FIRST_TRIANGLE_GOLD_EVIDENCE_XAUUSD_1751328000,257,57.5,57.5,22.5,COMBINED_STRESS,DEVELOPMENT,87,283.8999999999987,1.2702882821127985,3.263218390804583
FIRST_TRIANGLE_GOLD_EVIDENCE_XAUUSD_1751328000,257,57.5,57.5,22.5,COMBINED_STRESS,VALIDATION,51,1151.2699999999995,2.5215558257559763,22.57392156862744
FIRST_TRIANGLE_GOLD_EVIDENCE_XAUUSD_1751328000,257,57.5,57.5,22.5,COMBINED_STRESS,LOCKED_OOS,65,721.1199999999981,1.7681786224087572,11.094153846153816
FIRST_TRIANGLE_GOLD_EVIDENCE_XAUUSD_1751328000,257,57.5,57.5,22.5,COMBINED_STRESS,H1,138,1435.1699999999983,1.7942280022136141,10.39978260869564
FIRST_TRIANGLE_GOLD_EVIDENCE_XAUUSD_1751328000,257,57.5,57.5,22.5,COMBINED_STRESS,H2,65,721.1199999999981,1.7681786224087572,11.094153846153816
FIRST_TRIANGLE_GOLD_EVIDENCE_XAUUSD_1751328000,257,57.5,57.5,22.5,COMBINED_STRESS,ALL,203,2156.2899999999963,1.785321989700408,10.622118226600968
FIRST_TRIANGLE_GOLD_EVIDENCE_XAUUSD_1751328000,258,57.5,57.5,25.0,BASE,DEVELOPMENT,87,416.0299999999984,1.4202450579310475,4.781954022988487
FIRST_TRIANGLE_GOLD_EVIDENCE_XAUUSD_1751328000,258,57.5,57.5,25.0,BASE,VALIDATION,51,1166.7200000000003,2.541975047578773,22.876862745098045
FIRST_TRIANGLE_GOLD_EVIDENCE_XAUUSD_1751328000,258,57.5,57.5,25.0,BASE,LOCKED_OOS,65,720.6099999999979,1.7676353409889816,11.08630769230766
FIRST_TRIANGLE_GOLD_EVIDENCE_XAUUSD_1751328000,258,57.5,57.5,25.0,BASE,H1,138,1582.7499999999986,1.906183979251236,11.469202898550714
FIRST_TRIANGLE_GOLD_EVIDENCE_XAUUSD_1751328000,258,57.5,57.5,25.0,BASE,H2,65,720.6099999999979,1.7676353409889816,11.08630769230766
FIRST_TRIANGLE_GOLD_EVIDENCE_XAUUSD_1751328000,258,57.5,57.5,25.0,BASE,ALL,203,2303.3599999999965,1.8577503863555949,11.346600985221658
FIRST_TRIANGLE_GOLD_EVIDENCE_XAUUSD_1751328000,259,57.5,57.5,25.0,SPREAD_PLUS_25,DEVELOPMENT,87,416.0299999999984,1.4202450579310475,4.781954022988487
FIRST_TRIANGLE_GOLD_EVIDENCE_XAUUSD_1751328000,259,57.5,57.5,25.0,SPREAD_PLUS_25,VALIDATION,51,1166.7200000000003,2.541975047578773,22.876862745098045
FIRST_TRIANGLE_GOLD_EVIDENCE_XAUUSD_1751328000,259,57.5,57.5,25.0,SPREAD_PLUS_25,LOCKED_OOS,65,720.6099999999979,1.7676353409889816,11.08630769230766
FIRST_TRIANGLE_GOLD_EVIDENCE_XAUUSD_1751328000,259,57.5,57.5,25.0,SPREAD_PLUS_25,H1,138,1582.7499999999986,1.906183979251236,11.469202898550714
FIRST_TRIANGLE_GOLD_EVIDENCE_XAUUSD_1751328000,259,57.5,57.5,25.0,SPREAD_PLUS_25,H2,65,720.6099999999979,1.7676353409889816,11.08630769230766
FIRST_TRIANGLE_GOLD_EVIDENCE_XAUUSD_1751328000,259,57.5,57.5,25.0,SPREAD_PLUS_25,ALL,203,2303.3599999999965,1.8577503863555949,11.346600985221658
FIRST_TRIANGLE_GOLD_EVIDENCE_XAUUSD_1751328000,260,57.5,57.5,25.0,SPREAD_PLUS_50,DEVELOPMENT,87,416.0299999999984,1.4202450579310475,4.781954022988487
FIRST_TRIANGLE_GOLD_EVIDENCE_XAUUSD_1751328000,260,57.5,57.5,25.0,SPREAD_PLUS_50,VALIDATION,51,1166.7200000000003,2.541975047578773,22.876862745098045
FIRST_TRIANGLE_GOLD_EVIDENCE_XAUUSD_1751328000,260,57.5,57.5,25.0,SPREAD_PLUS_50,LOCKED_OOS,65,720.6099999999979,1.7676353409889816,11.08630769230766
FIRST_TRIANGLE_GOLD_EVIDENCE_XAUUSD_1751328000,260,57.5,57.5,25.0,SPREAD_PLUS_50,H1,138,1582.7499999999986,1.906183979251236,11.469202898550714
FIRST_TRIANGLE_GOLD_EVIDENCE_XAUUSD_1751328000,260,57.5,57.5,25.0,SPREAD_PLUS_50,H2,65,720.6099999999979,1.7676353409889816,11.08630769230766
FIRST_TRIANGLE_GOLD_EVIDENCE_XAUUSD_1751328000,260,57.5,57.5,25.0,SPREAD_PLUS_50,ALL,203,2303.3599999999965,1.8577503863555949,11.346600985221658
FIRST_TRIANGLE_GOLD_EVIDENCE_XAUUSD_1751328000,261,57.5,57.5,25.0,SLIPPAGE_BASE,DEVELOPMENT,87,416.0299999999984,1.4202450579310475,4.781954022988487
FIRST_TRIANGLE_GOLD_EVIDENCE_XAUUSD_1751328000,261,57.5,57.5,25.0,SLIPPAGE_BASE,VALIDATION,51,1166.7200000000003,2.541975047578773,22.876862745098045
FIRST_TRIANGLE_GOLD_EVIDENCE_XAUUSD_1751328000,261,57.5,57.5,25.0,SLIPPAGE_BASE,LOCKED_OOS,65,720.6099999999979,1.7676353409889816,11.08630769230766
FIRST_TRIANGLE_GOLD_EVIDENCE_XAUUSD_1751328000,261,57.5,57.5,25.0,SLIPPAGE_BASE,H1,138,1582.7499999999986,1.906183979251236,11.469202898550714
FIRST_TRIANGLE_GOLD_EVIDENCE_XAUUSD_1751328000,261,57.5,57.5,25.0,SLIPPAGE_BASE,H2,65,720.6099999999979,1.7676353409889816,11.08630769230766
FIRST_TRIANGLE_GOLD_EVIDENCE_XAUUSD_1751328000,261,57.5,57.5,25.0,SLIPPAGE_BASE,ALL,203,2303.3599999999965,1.8577503863555949,11.346600985221658
FIRST_TRIANGLE_GOLD_EVIDENCE_XAUUSD_1751328000,262,57.5,57.5,25.0,COMMISSION_PLUS_25,DEVELOPMENT,87,416.0299999999984,1.4202450579310475,4.781954022988487
FIRST_TRIANGLE_GOLD_EVIDENCE_XAUUSD_1751328000,262,57.5,57.5,25.0,COMMISSION_PLUS_25,VALIDATION,51,1166.7200000000003,2.541975047578773,22.876862745098045
FIRST_TRIANGLE_GOLD_EVIDENCE_XAUUSD_1751328000,262,57.5,57.5,25.0,COMMISSION_PLUS_25,LOCKED_OOS,65,720.6099999999979,1.7676353409889816,11.08630769230766
FIRST_TRIANGLE_GOLD_EVIDENCE_XAUUSD_1751328000,262,57.5,57.5,25.0,COMMISSION_PLUS_25,H1,138,1582.7499999999986,1.906183979251236,11.469202898550714
FIRST_TRIANGLE_GOLD_EVIDENCE_XAUUSD_1751328000,262,57.5,57.5,25.0,COMMISSION_PLUS_25,H2,65,720.6099999999979,1.7676353409889816,11.08630769230766
FIRST_TRIANGLE_GOLD_EVIDENCE_XAUUSD_1751328000,262,57.5,57.5,25.0,COMMISSION_PLUS_25,ALL,203,2303.3599999999965,1.8577503863555949,11.346600985221658
FIRST_TRIANGLE_GOLD_EVIDENCE_XAUUSD_1751328000,263,57.5,57.5,25.0,COMBINED_STRESS,DEVELOPMENT,87,416.0299999999984,1.4202450579310475,4.781954022988487
FIRST_TRIANGLE_GOLD_EVIDENCE_XAUUSD_1751328000,263,57.5,57.5,25.0,COMBINED_STRESS,VALIDATION,51,1166.7200000000003,2.541975047578773,22.876862745098045
FIRST_TRIANGLE_GOLD_EVIDENCE_XAUUSD_1751328000,263,57.5,57.5,25.0,COMBINED_STRESS,LOCKED_OOS,65,720.6099999999979,1.7676353409889816,11.08630769230766
FIRST_TRIANGLE_GOLD_EVIDENCE_XAUUSD_1751328000,263,57.5,57.5,25.0,COMBINED_STRESS,H1,138,1582.7499999999986,1.906183979251236,11.469202898550714
FIRST_TRIANGLE_GOLD_EVIDENCE_XAUUSD_1751328000,263,57.5,57.5,25.0,COMBINED_STRESS,H2,65,720.6099999999979,1.7676353409889816,11.08630769230766
FIRST_TRIANGLE_GOLD_EVIDENCE_XAUUSD_1751328000,263,57.5,57.5,25.0,COMBINED_STRESS,ALL,203,2303.3599999999965,1.8577503863555949,11.346600985221658
FIRST_TRIANGLE_GOLD_EVIDENCE_XAUUSD_1751328000,264,57.5,57.5,27.5,BASE,DEVELOPMENT,87,374.2799999999984,1.3780720627897804,4.302068965517223
FIRST_TRIANGLE_GOLD_EVIDENCE_XAUUSD_1751328000,264,57.5,57.5,27.5,BASE,VALIDATION,51,1094.2200000000003,2.446156692746884,21.455294117647064
FIRST_TRIANGLE_GOLD_EVIDENCE_XAUUSD_1751328000,264,57.5,57.5,27.5,BASE,LOCKED_OOS,65,730.009999999998,1.7776487632358233,11.230923076923045
FIRST_TRIANGLE_GOLD_EVIDENCE_XAUUSD_1751328000,264,57.5,57.5,27.5,BASE,H1,138,1468.4999999999986,1.840771551748817,10.641304347826077
FIRST_TRIANGLE_GOLD_EVIDENCE_XAUUSD_1751328000,264,57.5,57.5,27.5,BASE,H2,65,730.009999999998,1.7776487632358233,11.230923076923045
FIRST_TRIANGLE_GOLD_EVIDENCE_XAUUSD_1751328000,264,57.5,57.5,27.5,BASE,ALL,203,2198.5099999999966,1.818705196715511,10.830098522167471
FIRST_TRIANGLE_GOLD_EVIDENCE_XAUUSD_1751328000,265,57.5,57.5,27.5,SPREAD_PLUS_25,DEVELOPMENT,87,374.2799999999984,1.3780720627897804,4.302068965517223
FIRST_TRIANGLE_GOLD_EVIDENCE_XAUUSD_1751328000,265,57.5,57.5,27.5,SPREAD_PLUS_25,VALIDATION,51,1094.2200000000003,2.446156692746884,21.455294117647064
FIRST_TRIANGLE_GOLD_EVIDENCE_XAUUSD_1751328000,265,57.5,57.5,27.5,SPREAD_PLUS_25,LOCKED_OOS,65,730.009999999998,1.7776487632358233,11.230923076923045
FIRST_TRIANGLE_GOLD_EVIDENCE_XAUUSD_1751328000,265,57.5,57.5,27.5,SPREAD_PLUS_25,H1,138,1468.4999999999986,1.840771551748817,10.641304347826077
FIRST_TRIANGLE_GOLD_EVIDENCE_XAUUSD_1751328000,265,57.5,57.5,27.5,SPREAD_PLUS_25,H2,65,730.009999999998,1.7776487632358233,11.230923076923045
FIRST_TRIANGLE_GOLD_EVIDENCE_XAUUSD_1751328000,265,57.5,57.5,27.5,SPREAD_PLUS_25,ALL,203,2198.5099999999966,1.818705196715511,10.830098522167471
FIRST_TRIANGLE_GOLD_EVIDENCE_XAUUSD_1751328000,266,57.5,57.5,27.5,SPREAD_PLUS_50,DEVELOPMENT,87,374.2799999999984,1.3780720627897804,4.302068965517223
FIRST_TRIANGLE_GOLD_EVIDENCE_XAUUSD_1751328000,266,57.5,57.5,27.5,SPREAD_PLUS_50,VALIDATION,51,1094.2200000000003,2.446156692746884,21.455294117647064
FIRST_TRIANGLE_GOLD_EVIDENCE_XAUUSD_1751328000,266,57.5,57.5,27.5,SPREAD_PLUS_50,LOCKED_OOS,65,730.009999999998,1.7776487632358233,11.230923076923045
FIRST_TRIANGLE_GOLD_EVIDENCE_XAUUSD_1751328000,266,57.5,57.5,27.5,SPREAD_PLUS_50,H1,138,1468.4999999999986,1.840771551748817,10.641304347826077
FIRST_TRIANGLE_GOLD_EVIDENCE_XAUUSD_1751328000,266,57.5,57.5,27.5,SPREAD_PLUS_50,H2,65,730.009999999998,1.7776487632358233,11.230923076923045
FIRST_TRIANGLE_GOLD_EVIDENCE_XAUUSD_1751328000,266,57.5,57.5,27.5,SPREAD_PLUS_50,ALL,203,2198.5099999999966,1.818705196715511,10.830098522167471
FIRST_TRIANGLE_GOLD_EVIDENCE_XAUUSD_1751328000,267,57.5,57.5,27.5,SLIPPAGE_BASE,DEVELOPMENT,87,374.2799999999984,1.3780720627897804,4.302068965517223
FIRST_TRIANGLE_GOLD_EVIDENCE_XAUUSD_1751328000,267,57.5,57.5,27.5,SLIPPAGE_BASE,VALIDATION,51,1094.2200000000003,2.446156692746884,21.455294117647064
FIRST_TRIANGLE_GOLD_EVIDENCE_XAUUSD_1751328000,267,57.5,57.5,27.5,SLIPPAGE_BASE,LOCKED_OOS,65,730.009999999998,1.7776487632358233,11.230923076923045
FIRST_TRIANGLE_GOLD_EVIDENCE_XAUUSD_1751328000,267,57.5,57.5,27.5,SLIPPAGE_BASE,H1,138,1468.4999999999986,1.840771551748817,10.641304347826077
FIRST_TRIANGLE_GOLD_EVIDENCE_XAUUSD_1751328000,267,57.5,57.5,27.5,SLIPPAGE_BASE,H2,65,730.009999999998,1.7776487632358233,11.230923076923045
FIRST_TRIANGLE_GOLD_EVIDENCE_XAUUSD_1751328000,267,57.5,57.5,27.5,SLIPPAGE_BASE,ALL,203,2198.5099999999966,1.818705196715511,10.830098522167471
FIRST_TRIANGLE_GOLD_EVIDENCE_XAUUSD_1751328000,268,57.5,57.5,27.5,COMMISSION_PLUS_25,DEVELOPMENT,87,374.2799999999984,1.3780720627897804,4.302068965517223
FIRST_TRIANGLE_GOLD_EVIDENCE_XAUUSD_1751328000,268,57.5,57.5,27.5,COMMISSION_PLUS_25,VALIDATION,51,1094.2200000000003,2.446156692746884,21.455294117647064
FIRST_TRIANGLE_GOLD_EVIDENCE_XAUUSD_1751328000,268,57.5,57.5,27.5,COMMISSION_PLUS_25,LOCKED_OOS,65,730.009999999998,1.7776487632358233,11.230923076923045
FIRST_TRIANGLE_GOLD_EVIDENCE_XAUUSD_1751328000,268,57.5,57.5,27.5,COMMISSION_PLUS_25,H1,138,1468.4999999999986,1.840771551748817,10.641304347826077
FIRST_TRIANGLE_GOLD_EVIDENCE_XAUUSD_1751328000,268,57.5,57.5,27.5,COMMISSION_PLUS_25,H2,65,730.009999999998,1.7776487632358233,11.230923076923045
FIRST_TRIANGLE_GOLD_EVIDENCE_XAUUSD_1751328000,268,57.5,57.5,27.5,COMMISSION_PLUS_25,ALL,203,2198.5099999999966,1.818705196715511,10.830098522167471
FIRST_TRIANGLE_GOLD_EVIDENCE_XAUUSD_1751328000,269,57.5,57.5,27.5,COMBINED_STRESS,DEVELOPMENT,87,374.2799999999984,1.3780720627897804,4.302068965517223
FIRST_TRIANGLE_GOLD_EVIDENCE_XAUUSD_1751328000,269,57.5,57.5,27.5,COMBINED_STRESS,VALIDATION,51,1094.2200000000003,2.446156692746884,21.455294117647064
FIRST_TRIANGLE_GOLD_EVIDENCE_XAUUSD_1751328000,269,57.5,57.5,27.5,COMBINED_STRESS,LOCKED_OOS,65,730.009999999998,1.7776487632358233,11.230923076923045
FIRST_TRIANGLE_GOLD_EVIDENCE_XAUUSD_1751328000,269,57.5,57.5,27.5,COMBINED_STRESS,H1,138,1468.4999999999986,1.840771551748817,10.641304347826077
FIRST_TRIANGLE_GOLD_EVIDENCE_XAUUSD_1751328000,269,57.5,57.5,27.5,COMBINED_STRESS,H2,65,730.009999999998,1.7776487632358233,11.230923076923045
FIRST_TRIANGLE_GOLD_EVIDENCE_XAUUSD_1751328000,269,57.5,57.5,27.5,COMBINED_STRESS,ALL,203,2198.5099999999966,1.818705196715511,10.830098522167471
FIRST_TRIANGLE_GOLD_EVIDENCE_XAUUSD_1751328000,270,57.5,57.5,30.0,BASE,DEVELOPMENT,87,329.2799999999984,1.3326161398830256,3.784827586206878
FIRST_TRIANGLE_GOLD_EVIDENCE_XAUUSD_1751328000,270,57.5,57.5,30.0,BASE,VALIDATION,51,1215.7000000000016,2.606708606470718,23.837254901960815
FIRST_TRIANGLE_GOLD_EVIDENCE_XAUUSD_1751328000,270,57.5,57.5,30.0,BASE,LOCKED_OOS,65,714.0399999999977,1.7606365979930507,10.985230769230734
FIRST_TRIANGLE_GOLD_EVIDENCE_XAUUSD_1751328000,270,57.5,57.5,30.0,BASE,H1,138,1544.98,1.8845592318834787,11.195507246376811
FIRST_TRIANGLE_GOLD_EVIDENCE_XAUUSD_1751328000,270,57.5,57.5,30.0,BASE,H2,65,714.0399999999977,1.7606365979930507,10.985230769230734
FIRST_TRIANGLE_GOLD_EVIDENCE_XAUUSD_1751328000,270,57.5,57.5,30.0,BASE,ALL,203,2259.0199999999977,1.841238572253151,11.128177339901466
FIRST_TRIANGLE_GOLD_EVIDENCE_XAUUSD_1751328000,271,57.5,57.5,30.0,SPREAD_PLUS_25,DEVELOPMENT,87,329.2799999999984,1.3326161398830256,3.784827586206878
FIRST_TRIANGLE_GOLD_EVIDENCE_XAUUSD_1751328000,271,57.5,57.5,30.0,SPREAD_PLUS_25,VALIDATION,51,1215.7000000000016,2.606708606470718,23.837254901960815
FIRST_TRIANGLE_GOLD_EVIDENCE_XAUUSD_1751328000,271,57.5,57.5,30.0,SPREAD_PLUS_25,LOCKED_OOS,65,714.0399999999977,1.7606365979930507,10.985230769230734
FIRST_TRIANGLE_GOLD_EVIDENCE_XAUUSD_1751328000,271,57.5,57.5,30.0,SPREAD_PLUS_25,H1,138,1544.98,1.8845592318834787,11.195507246376811
FIRST_TRIANGLE_GOLD_EVIDENCE_XAUUSD_1751328000,271,57.5,57.5,30.0,SPREAD_PLUS_25,H2,65,714.0399999999977,1.7606365979930507,10.985230769230734
FIRST_TRIANGLE_GOLD_EVIDENCE_XAUUSD_1751328000,271,57.5,57.5,30.0,SPREAD_PLUS_25,ALL,203,2259.0199999999977,1.841238572253151,11.128177339901466
FIRST_TRIANGLE_GOLD_EVIDENCE_XAUUSD_1751328000,272,57.5,57.5,30.0,SPREAD_PLUS_50,DEVELOPMENT,87,329.2799999999984,1.3326161398830256,3.784827586206878
FIRST_TRIANGLE_GOLD_EVIDENCE_XAUUSD_1751328000,272,57.5,57.5,30.0,SPREAD_PLUS_50,VALIDATION,51,1215.7000000000016,2.606708606470718,23.837254901960815
FIRST_TRIANGLE_GOLD_EVIDENCE_XAUUSD_1751328000,272,57.5,57.5,30.0,SPREAD_PLUS_50,LOCKED_OOS,65,714.0399999999977,1.7606365979930507,10.985230769230734
FIRST_TRIANGLE_GOLD_EVIDENCE_XAUUSD_1751328000,272,57.5,57.5,30.0,SPREAD_PLUS_50,H1,138,1544.98,1.8845592318834787,11.195507246376811
FIRST_TRIANGLE_GOLD_EVIDENCE_XAUUSD_1751328000,272,57.5,57.5,30.0,SPREAD_PLUS_50,H2,65,714.0399999999977,1.7606365979930507,10.985230769230734
FIRST_TRIANGLE_GOLD_EVIDENCE_XAUUSD_1751328000,272,57.5,57.5,30.0,SPREAD_PLUS_50,ALL,203,2259.0199999999977,1.841238572253151,11.128177339901466
FIRST_TRIANGLE_GOLD_EVIDENCE_XAUUSD_1751328000,273,57.5,57.5,30.0,SLIPPAGE_BASE,DEVELOPMENT,87,329.2799999999984,1.3326161398830256,3.784827586206878
FIRST_TRIANGLE_GOLD_EVIDENCE_XAUUSD_1751328000,273,57.5,57.5,30.0,SLIPPAGE_BASE,VALIDATION,51,1215.7000000000016,2.606708606470718,23.837254901960815
FIRST_TRIANGLE_GOLD_EVIDENCE_XAUUSD_1751328000,273,57.5,57.5,30.0,SLIPPAGE_BASE,LOCKED_OOS,65,714.0399999999977,1.7606365979930507,10.985230769230734
FIRST_TRIANGLE_GOLD_EVIDENCE_XAUUSD_1751328000,273,57.5,57.5,30.0,SLIPPAGE_BASE,H1,138,1544.98,1.8845592318834787,11.195507246376811
FIRST_TRIANGLE_GOLD_EVIDENCE_XAUUSD_1751328000,273,57.5,57.5,30.0,SLIPPAGE_BASE,H2,65,714.0399999999977,1.7606365979930507,10.985230769230734
FIRST_TRIANGLE_GOLD_EVIDENCE_XAUUSD_1751328000,273,57.5,57.5,30.0,SLIPPAGE_BASE,ALL,203,2259.0199999999977,1.841238572253151,11.128177339901466
FIRST_TRIANGLE_GOLD_EVIDENCE_XAUUSD_1751328000,274,57.5,57.5,30.0,COMMISSION_PLUS_25,DEVELOPMENT,87,329.2799999999984,1.3326161398830256,3.784827586206878
FIRST_TRIANGLE_GOLD_EVIDENCE_XAUUSD_1751328000,274,57.5,57.5,30.0,COMMISSION_PLUS_25,VALIDATION,51,1215.7000000000016,2.606708606470718,23.837254901960815
FIRST_TRIANGLE_GOLD_EVIDENCE_XAUUSD_1751328000,274,57.5,57.5,30.0,COMMISSION_PLUS_25,LOCKED_OOS,65,714.0399999999977,1.7606365979930507,10.985230769230734
FIRST_TRIANGLE_GOLD_EVIDENCE_XAUUSD_1751328000,274,57.5,57.5,30.0,COMMISSION_PLUS_25,H1,138,1544.98,1.8845592318834787,11.195507246376811
FIRST_TRIANGLE_GOLD_EVIDENCE_XAUUSD_1751328000,274,57.5,57.5,30.0,COMMISSION_PLUS_25,H2,65,714.0399999999977,1.7606365979930507,10.985230769230734
FIRST_TRIANGLE_GOLD_EVIDENCE_XAUUSD_1751328000,274,57.5,57.5,30.0,COMMISSION_PLUS_25,ALL,203,2259.0199999999977,1.841238572253151,11.128177339901466
FIRST_TRIANGLE_GOLD_EVIDENCE_XAUUSD_1751328000,275,57.5,57.5,30.0,COMBINED_STRESS,DEVELOPMENT,87,329.2799999999984,1.3326161398830256,3.784827586206878
FIRST_TRIANGLE_GOLD_EVIDENCE_XAUUSD_1751328000,275,57.5,57.5,30.0,COMBINED_STRESS,VALIDATION,51,1215.7000000000016,2.606708606470718,23.837254901960815
FIRST_TRIANGLE_GOLD_EVIDENCE_XAUUSD_1751328000,275,57.5,57.5,30.0,COMBINED_STRESS,LOCKED_OOS,65,714.0399999999977,1.7606365979930507,10.985230769230734
FIRST_TRIANGLE_GOLD_EVIDENCE_XAUUSD_1751328000,275,57.5,57.5,30.0,COMBINED_STRESS,H1,138,1544.98,1.8845592318834787,11.195507246376811
FIRST_TRIANGLE_GOLD_EVIDENCE_XAUUSD_1751328000,275,57.5,57.5,30.0,COMBINED_STRESS,H2,65,714.0399999999977,1.7606365979930507,10.985230769230734
FIRST_TRIANGLE_GOLD_EVIDENCE_XAUUSD_1751328000,275,57.5,57.5,30.0,COMBINED_STRESS,ALL,203,2259.0199999999977,1.841238572253151,11.128177339901466
FIRST_TRIANGLE_GOLD_EVIDENCE_XAUUSD_1751328000,276,57.5,57.5,32.5,BASE,DEVELOPMENT,87,327.25999999999794,1.330575674010322,3.7616091954022752
FIRST_TRIANGLE_GOLD_EVIDENCE_XAUUSD_1751328000,276,57.5,57.5,32.5,BASE,VALIDATION,51,1151.6100000000015,2.5220051807993284,22.580588235294147
FIRST_TRIANGLE_GOLD_EVIDENCE_XAUUSD_1751328000,276,57.5,57.5,32.5,BASE,LOCKED_OOS,65,755.2899999999977,1.8045784775337115,11.619846153846119
FIRST_TRIANGLE_GOLD_EVIDENCE_XAUUSD_1751328000,276,57.5,57.5,32.5,BASE,H1,138,1478.8699999999994,1.8467087672691682,10.716449275362315
FIRST_TRIANGLE_GOLD_EVIDENCE_XAUUSD_1751328000,276,57.5,57.5,32.5,BASE,H2,65,755.2899999999977,1.8045784775337115,11.619846153846119
FIRST_TRIANGLE_GOLD_EVIDENCE_XAUUSD_1751328000,276,57.5,57.5,32.5,BASE,ALL,203,2234.159999999997,1.831980933584076,11.005714285714271
FIRST_TRIANGLE_GOLD_EVIDENCE_XAUUSD_1751328000,277,57.5,57.5,32.5,SPREAD_PLUS_25,DEVELOPMENT,87,327.25999999999794,1.330575674010322,3.7616091954022752
FIRST_TRIANGLE_GOLD_EVIDENCE_XAUUSD_1751328000,277,57.5,57.5,32.5,SPREAD_PLUS_25,VALIDATION,51,1151.6100000000015,2.5220051807993284,22.580588235294147
FIRST_TRIANGLE_GOLD_EVIDENCE_XAUUSD_1751328000,277,57.5,57.5,32.5,SPREAD_PLUS_25,LOCKED_OOS,65,755.2899999999977,1.8045784775337115,11.619846153846119
FIRST_TRIANGLE_GOLD_EVIDENCE_XAUUSD_1751328000,277,57.5,57.5,32.5,SPREAD_PLUS_25,H1,138,1478.8699999999994,1.8467087672691682,10.716449275362315
FIRST_TRIANGLE_GOLD_EVIDENCE_XAUUSD_1751328000,277,57.5,57.5,32.5,SPREAD_PLUS_25,H2,65,755.2899999999977,1.8045784775337115,11.619846153846119
FIRST_TRIANGLE_GOLD_EVIDENCE_XAUUSD_1751328000,277,57.5,57.5,32.5,SPREAD_PLUS_25,ALL,203,2234.159999999997,1.831980933584076,11.005714285714271
FIRST_TRIANGLE_GOLD_EVIDENCE_XAUUSD_1751328000,278,57.5,57.5,32.5,SPREAD_PLUS_50,DEVELOPMENT,87,327.25999999999794,1.330575674010322,3.7616091954022752
FIRST_TRIANGLE_GOLD_EVIDENCE_XAUUSD_1751328000,278,57.5,57.5,32.5,SPREAD_PLUS_50,VALIDATION,51,1151.6100000000015,2.5220051807993284,22.580588235294147
FIRST_TRIANGLE_GOLD_EVIDENCE_XAUUSD_1751328000,278,57.5,57.5,32.5,SPREAD_PLUS_50,LOCKED_OOS,65,755.2899999999977,1.8045784775337115,11.619846153846119
FIRST_TRIANGLE_GOLD_EVIDENCE_XAUUSD_1751328000,278,57.5,57.5,32.5,SPREAD_PLUS_50,H1,138,1478.8699999999994,1.8467087672691682,10.716449275362315
FIRST_TRIANGLE_GOLD_EVIDENCE_XAUUSD_1751328000,278,57.5,57.5,32.5,SPREAD_PLUS_50,H2,65,755.2899999999977,1.8045784775337115,11.619846153846119
FIRST_TRIANGLE_GOLD_EVIDENCE_XAUUSD_1751328000,278,57.5,57.5,32.5,SPREAD_PLUS_50,ALL,203,2234.159999999997,1.831980933584076,11.005714285714271
FIRST_TRIANGLE_GOLD_EVIDENCE_XAUUSD_1751328000,279,57.5,57.5,32.5,SLIPPAGE_BASE,DEVELOPMENT,87,327.25999999999794,1.330575674010322,3.7616091954022752
FIRST_TRIANGLE_GOLD_EVIDENCE_XAUUSD_1751328000,279,57.5,57.5,32.5,SLIPPAGE_BASE,VALIDATION,51,1151.6100000000015,2.5220051807993284,22.580588235294147
FIRST_TRIANGLE_GOLD_EVIDENCE_XAUUSD_1751328000,279,57.5,57.5,32.5,SLIPPAGE_BASE,LOCKED_OOS,65,755.2899999999977,1.8045784775337115,11.619846153846119
FIRST_TRIANGLE_GOLD_EVIDENCE_XAUUSD_1751328000,279,57.5,57.5,32.5,SLIPPAGE_BASE,H1,138,1478.8699999999994,1.8467087672691682,10.716449275362315
FIRST_TRIANGLE_GOLD_EVIDENCE_XAUUSD_1751328000,279,57.5,57.5,32.5,SLIPPAGE_BASE,H2,65,755.2899999999977,1.8045784775337115,11.619846153846119
FIRST_TRIANGLE_GOLD_EVIDENCE_XAUUSD_1751328000,279,57.5,57.5,32.5,SLIPPAGE_BASE,ALL,203,2234.159999999997,1.831980933584076,11.005714285714271
FIRST_TRIANGLE_GOLD_EVIDENCE_XAUUSD_1751328000,280,57.5,57.5,32.5,COMMISSION_PLUS_25,DEVELOPMENT,87,327.25999999999794,1.330575674010322,3.7616091954022752
FIRST_TRIANGLE_GOLD_EVIDENCE_XAUUSD_1751328000,280,57.5,57.5,32.5,COMMISSION_PLUS_25,VALIDATION,51,1151.6100000000015,2.5220051807993284,22.580588235294147
FIRST_TRIANGLE_GOLD_EVIDENCE_XAUUSD_1751328000,280,57.5,57.5,32.5,COMMISSION_PLUS_25,LOCKED_OOS,65,755.2899999999977,1.8045784775337115,11.619846153846119
FIRST_TRIANGLE_GOLD_EVIDENCE_XAUUSD_1751328000,280,57.5,57.5,32.5,COMMISSION_PLUS_25,H1,138,1478.8699999999994,1.8467087672691682,10.716449275362315
FIRST_TRIANGLE_GOLD_EVIDENCE_XAUUSD_1751328000,280,57.5,57.5,32.5,COMMISSION_PLUS_25,H2,65,755.2899999999977,1.8045784775337115,11.619846153846119
FIRST_TRIANGLE_GOLD_EVIDENCE_XAUUSD_1751328000,280,57.5,57.5,32.5,COMMISSION_PLUS_25,ALL,203,2234.159999999997,1.831980933584076,11.005714285714271
FIRST_TRIANGLE_GOLD_EVIDENCE_XAUUSD_1751328000,281,57.5,57.5,32.5,COMBINED_STRESS,DEVELOPMENT,87,327.25999999999794,1.330575674010322,3.7616091954022752
FIRST_TRIANGLE_GOLD_EVIDENCE_XAUUSD_1751328000,281,57.5,57.5,32.5,COMBINED_STRESS,VALIDATION,51,1151.6100000000015,2.5220051807993284,22.580588235294147
FIRST_TRIANGLE_GOLD_EVIDENCE_XAUUSD_1751328000,281,57.5,57.5,32.5,COMBINED_STRESS,LOCKED_OOS,65,755.2899999999977,1.8045784775337115,11.619846153846119
FIRST_TRIANGLE_GOLD_EVIDENCE_XAUUSD_1751328000,281,57.5,57.5,32.5,COMBINED_STRESS,H1,138,1478.8699999999994,1.8467087672691682,10.716449275362315
FIRST_TRIANGLE_GOLD_EVIDENCE_XAUUSD_1751328000,281,57.5,57.5,32.5,COMBINED_STRESS,H2,65,755.2899999999977,1.8045784775337115,11.619846153846119
FIRST_TRIANGLE_GOLD_EVIDENCE_XAUUSD_1751328000,281,57.5,57.5,32.5,COMBINED_STRESS,ALL,203,2234.159999999997,1.831980933584076,11.005714285714271
FIRST_TRIANGLE_GOLD_EVIDENCE_XAUUSD_1751328000,282,57.5,57.5,35.0,BASE,DEVELOPMENT,87,418.68999999999824,1.4381481597756347,4.8125287356321635
FIRST_TRIANGLE_GOLD_EVIDENCE_XAUUSD_1751328000,282,57.5,57.5,35.0,BASE,VALIDATION,51,1227.840000000002,2.622753224783258,24.075294117647097
FIRST_TRIANGLE_GOLD_EVIDENCE_XAUUSD_1751328000,282,57.5,57.5,35.0,BASE,LOCKED_OOS,65,774.5199999999982,1.8250633828323037,11.915692307692279
FIRST_TRIANGLE_GOLD_EVIDENCE_XAUUSD_1751328000,282,57.5,57.5,35.0,BASE,H1,138,1646.5300000000002,1.961628986759958,11.931376811594204
FIRST_TRIANGLE_GOLD_EVIDENCE_XAUUSD_1751328000,282,57.5,57.5,35.0,BASE,H2,65,774.5199999999982,1.8250633828323037,11.915692307692279
FIRST_TRIANGLE_GOLD_EVIDENCE_XAUUSD_1751328000,282,57.5,57.5,35.0,BASE,ALL,203,2421.0499999999984,1.9132694824913143,11.926354679802948
FIRST_TRIANGLE_GOLD_EVIDENCE_XAUUSD_1751328000,283,57.5,57.5,35.0,SPREAD_PLUS_25,DEVELOPMENT,87,418.68999999999824,1.4381481597756347,4.8125287356321635
FIRST_TRIANGLE_GOLD_EVIDENCE_XAUUSD_1751328000,283,57.5,57.5,35.0,SPREAD_PLUS_25,VALIDATION,51,1227.840000000002,2.622753224783258,24.075294117647097
FIRST_TRIANGLE_GOLD_EVIDENCE_XAUUSD_1751328000,283,57.5,57.5,35.0,SPREAD_PLUS_25,LOCKED_OOS,65,774.5199999999982,1.8250633828323037,11.915692307692279
FIRST_TRIANGLE_GOLD_EVIDENCE_XAUUSD_1751328000,283,57.5,57.5,35.0,SPREAD_PLUS_25,H1,138,1646.5300000000002,1.961628986759958,11.931376811594204
FIRST_TRIANGLE_GOLD_EVIDENCE_XAUUSD_1751328000,283,57.5,57.5,35.0,SPREAD_PLUS_25,H2,65,774.5199999999982,1.8250633828323037,11.915692307692279
FIRST_TRIANGLE_GOLD_EVIDENCE_XAUUSD_1751328000,283,57.5,57.5,35.0,SPREAD_PLUS_25,ALL,203,2421.0499999999984,1.9132694824913143,11.926354679802948
FIRST_TRIANGLE_GOLD_EVIDENCE_XAUUSD_1751328000,284,57.5,57.5,35.0,SPREAD_PLUS_50,DEVELOPMENT,87,418.68999999999824,1.4381481597756347,4.8125287356321635
FIRST_TRIANGLE_GOLD_EVIDENCE_XAUUSD_1751328000,284,57.5,57.5,35.0,SPREAD_PLUS_50,VALIDATION,51,1227.840000000002,2.622753224783258,24.075294117647097
FIRST_TRIANGLE_GOLD_EVIDENCE_XAUUSD_1751328000,284,57.5,57.5,35.0,SPREAD_PLUS_50,LOCKED_OOS,65,774.5199999999982,1.8250633828323037,11.915692307692279
FIRST_TRIANGLE_GOLD_EVIDENCE_XAUUSD_1751328000,284,57.5,57.5,35.0,SPREAD_PLUS_50,H1,138,1646.5300000000002,1.961628986759958,11.931376811594204
FIRST_TRIANGLE_GOLD_EVIDENCE_XAUUSD_1751328000,284,57.5,57.5,35.0,SPREAD_PLUS_50,H2,65,774.5199999999982,1.8250633828323037,11.915692307692279
FIRST_TRIANGLE_GOLD_EVIDENCE_XAUUSD_1751328000,284,57.5,57.5,35.0,SPREAD_PLUS_50,ALL,203,2421.0499999999984,1.9132694824913143,11.926354679802948
FIRST_TRIANGLE_GOLD_EVIDENCE_XAUUSD_1751328000,285,57.5,57.5,35.0,SLIPPAGE_BASE,DEVELOPMENT,87,418.68999999999824,1.4381481597756347,4.8125287356321635
FIRST_TRIANGLE_GOLD_EVIDENCE_XAUUSD_1751328000,285,57.5,57.5,35.0,SLIPPAGE_BASE,VALIDATION,51,1227.840000000002,2.622753224783258,24.075294117647097
FIRST_TRIANGLE_GOLD_EVIDENCE_XAUUSD_1751328000,285,57.5,57.5,35.0,SLIPPAGE_BASE,LOCKED_OOS,65,774.5199999999982,1.8250633828323037,11.915692307692279
FIRST_TRIANGLE_GOLD_EVIDENCE_XAUUSD_1751328000,285,57.5,57.5,35.0,SLIPPAGE_BASE,H1,138,1646.5300000000002,1.961628986759958,11.931376811594204
FIRST_TRIANGLE_GOLD_EVIDENCE_XAUUSD_1751328000,285,57.5,57.5,35.0,SLIPPAGE_BASE,H2,65,774.5199999999982,1.8250633828323037,11.915692307692279
FIRST_TRIANGLE_GOLD_EVIDENCE_XAUUSD_1751328000,285,57.5,57.5,35.0,SLIPPAGE_BASE,ALL,203,2421.0499999999984,1.9132694824913143,11.926354679802948
FIRST_TRIANGLE_GOLD_EVIDENCE_XAUUSD_1751328000,286,57.5,57.5,35.0,COMMISSION_PLUS_25,DEVELOPMENT,87,418.68999999999824,1.4381481597756347,4.8125287356321635
FIRST_TRIANGLE_GOLD_EVIDENCE_XAUUSD_1751328000,286,57.5,57.5,35.0,COMMISSION_PLUS_25,VALIDATION,51,1227.840000000002,2.622753224783258,24.075294117647097
FIRST_TRIANGLE_GOLD_EVIDENCE_XAUUSD_1751328000,286,57.5,57.5,35.0,COMMISSION_PLUS_25,LOCKED_OOS,65,774.5199999999982,1.8250633828323037,11.915692307692279
FIRST_TRIANGLE_GOLD_EVIDENCE_XAUUSD_1751328000,286,57.5,57.5,35.0,COMMISSION_PLUS_25,H1,138,1646.5300000000002,1.961628986759958,11.931376811594204
FIRST_TRIANGLE_GOLD_EVIDENCE_XAUUSD_1751328000,286,57.5,57.5,35.0,COMMISSION_PLUS_25,H2,65,774.5199999999982,1.8250633828323037,11.915692307692279
FIRST_TRIANGLE_GOLD_EVIDENCE_XAUUSD_1751328000,286,57.5,57.5,35.0,COMMISSION_PLUS_25,ALL,203,2421.0499999999984,1.9132694824913143,11.926354679802948
FIRST_TRIANGLE_GOLD_EVIDENCE_XAUUSD_1751328000,287,57.5,57.5,35.0,COMBINED_STRESS,DEVELOPMENT,87,418.68999999999824,1.4381481597756347,4.8125287356321635
FIRST_TRIANGLE_GOLD_EVIDENCE_XAUUSD_1751328000,287,57.5,57.5,35.0,COMBINED_STRESS,VALIDATION,51,1227.840000000002,2.622753224783258,24.075294117647097
FIRST_TRIANGLE_GOLD_EVIDENCE_XAUUSD_1751328000,287,57.5,57.5,35.0,COMBINED_STRESS,LOCKED_OOS,65,774.5199999999982,1.8250633828323037,11.915692307692279
FIRST_TRIANGLE_GOLD_EVIDENCE_XAUUSD_1751328000,287,57.5,57.5,35.0,COMBINED_STRESS,H1,138,1646.5300000000002,1.961628986759958,11.931376811594204
FIRST_TRIANGLE_GOLD_EVIDENCE_XAUUSD_1751328000,287,57.5,57.5,35.0,COMBINED_STRESS,H2,65,774.5199999999982,1.8250633828323037,11.915692307692279
FIRST_TRIANGLE_GOLD_EVIDENCE_XAUUSD_1751328000,287,57.5,57.5,35.0,COMBINED_STRESS,ALL,203,2421.0499999999984,1.9132694824913143,11.926354679802948
FIRST_TRIANGLE_GOLD_EVIDENCE_XAUUSD_1751328000,288,57.5,57.5,37.5,BASE,DEVELOPMENT,87,643.4099999999985,1.6733117759708656,7.395517241379293
FIRST_TRIANGLE_GOLD_EVIDENCE_XAUUSD_1751328000,288,57.5,57.5,37.5,BASE,VALIDATION,51,1155.340000000002,2.5269348699513694,22.653725490196116
FIRST_TRIANGLE_GOLD_EVIDENCE_XAUUSD_1751328000,288,57.5,57.5,37.5,BASE,LOCKED_OOS,65,776.8399999999979,1.8275347806634388,11.951384615384583
FIRST_TRIANGLE_GOLD_EVIDENCE_XAUUSD_1751328000,288,57.5,57.5,37.5,BASE,H1,138,1798.7500000000005,2.0505305946046986,13.034420289855076
FIRST_TRIANGLE_GOLD_EVIDENCE_XAUUSD_1751328000,288,57.5,57.5,37.5,BASE,H2,65,776.8399999999979,1.8275347806634388,11.951384615384583
FIRST_TRIANGLE_GOLD_EVIDENCE_XAUUSD_1751328000,288,57.5,57.5,37.5,BASE,ALL,203,2575.5899999999983,1.971565125218316,12.687635467980288
FIRST_TRIANGLE_GOLD_EVIDENCE_XAUUSD_1751328000,289,57.5,57.5,37.5,SPREAD_PLUS_25,DEVELOPMENT,87,643.4099999999985,1.6733117759708656,7.395517241379293
FIRST_TRIANGLE_GOLD_EVIDENCE_XAUUSD_1751328000,289,57.5,57.5,37.5,SPREAD_PLUS_25,VALIDATION,51,1155.340000000002,2.5269348699513694,22.653725490196116
FIRST_TRIANGLE_GOLD_EVIDENCE_XAUUSD_1751328000,289,57.5,57.5,37.5,SPREAD_PLUS_25,LOCKED_OOS,65,776.8399999999979,1.8275347806634388,11.951384615384583
FIRST_TRIANGLE_GOLD_EVIDENCE_XAUUSD_1751328000,289,57.5,57.5,37.5,SPREAD_PLUS_25,H1,138,1798.7500000000005,2.0505305946046986,13.034420289855076
FIRST_TRIANGLE_GOLD_EVIDENCE_XAUUSD_1751328000,289,57.5,57.5,37.5,SPREAD_PLUS_25,H2,65,776.8399999999979,1.8275347806634388,11.951384615384583
FIRST_TRIANGLE_GOLD_EVIDENCE_XAUUSD_1751328000,289,57.5,57.5,37.5,SPREAD_PLUS_25,ALL,203,2575.5899999999983,1.971565125218316,12.687635467980288
FIRST_TRIANGLE_GOLD_EVIDENCE_XAUUSD_1751328000,290,57.5,57.5,37.5,SPREAD_PLUS_50,DEVELOPMENT,87,643.4099999999985,1.6733117759708656,7.395517241379293
FIRST_TRIANGLE_GOLD_EVIDENCE_XAUUSD_1751328000,290,57.5,57.5,37.5,SPREAD_PLUS_50,VALIDATION,51,1155.340000000002,2.5269348699513694,22.653725490196116
FIRST_TRIANGLE_GOLD_EVIDENCE_XAUUSD_1751328000,290,57.5,57.5,37.5,SPREAD_PLUS_50,LOCKED_OOS,65,776.8399999999979,1.8275347806634388,11.951384615384583
FIRST_TRIANGLE_GOLD_EVIDENCE_XAUUSD_1751328000,290,57.5,57.5,37.5,SPREAD_PLUS_50,H1,138,1798.7500000000005,2.0505305946046986,13.034420289855076
FIRST_TRIANGLE_GOLD_EVIDENCE_XAUUSD_1751328000,290,57.5,57.5,37.5,SPREAD_PLUS_50,H2,65,776.8399999999979,1.8275347806634388,11.951384615384583
FIRST_TRIANGLE_GOLD_EVIDENCE_XAUUSD_1751328000,290,57.5,57.5,37.5,SPREAD_PLUS_50,ALL,203,2575.5899999999983,1.971565125218316,12.687635467980288
FIRST_TRIANGLE_GOLD_EVIDENCE_XAUUSD_1751328000,291,57.5,57.5,37.5,SLIPPAGE_BASE,DEVELOPMENT,87,643.4099999999985,1.6733117759708656,7.395517241379293
FIRST_TRIANGLE_GOLD_EVIDENCE_XAUUSD_1751328000,291,57.5,57.5,37.5,SLIPPAGE_BASE,VALIDATION,51,1155.340000000002,2.5269348699513694,22.653725490196116
FIRST_TRIANGLE_GOLD_EVIDENCE_XAUUSD_1751328000,291,57.5,57.5,37.5,SLIPPAGE_BASE,LOCKED_OOS,65,776.8399999999979,1.8275347806634388,11.951384615384583
FIRST_TRIANGLE_GOLD_EVIDENCE_XAUUSD_1751328000,291,57.5,57.5,37.5,SLIPPAGE_BASE,H1,138,1798.7500000000005,2.0505305946046986,13.034420289855076
FIRST_TRIANGLE_GOLD_EVIDENCE_XAUUSD_1751328000,291,57.5,57.5,37.5,SLIPPAGE_BASE,H2,65,776.8399999999979,1.8275347806634388,11.951384615384583
FIRST_TRIANGLE_GOLD_EVIDENCE_XAUUSD_1751328000,291,57.5,57.5,37.5,SLIPPAGE_BASE,ALL,203,2575.5899999999983,1.971565125218316,12.687635467980288
FIRST_TRIANGLE_GOLD_EVIDENCE_XAUUSD_1751328000,292,57.5,57.5,37.5,COMMISSION_PLUS_25,DEVELOPMENT,87,643.4099999999985,1.6733117759708656,7.395517241379293
FIRST_TRIANGLE_GOLD_EVIDENCE_XAUUSD_1751328000,292,57.5,57.5,37.5,COMMISSION_PLUS_25,VALIDATION,51,1155.340000000002,2.5269348699513694,22.653725490196116
FIRST_TRIANGLE_GOLD_EVIDENCE_XAUUSD_1751328000,292,57.5,57.5,37.5,COMMISSION_PLUS_25,LOCKED_OOS,65,776.8399999999979,1.8275347806634388,11.951384615384583
FIRST_TRIANGLE_GOLD_EVIDENCE_XAUUSD_1751328000,292,57.5,57.5,37.5,COMMISSION_PLUS_25,H1,138,1798.7500000000005,2.0505305946046986,13.034420289855076
FIRST_TRIANGLE_GOLD_EVIDENCE_XAUUSD_1751328000,292,57.5,57.5,37.5,COMMISSION_PLUS_25,H2,65,776.8399999999979,1.8275347806634388,11.951384615384583
FIRST_TRIANGLE_GOLD_EVIDENCE_XAUUSD_1751328000,292,57.5,57.5,37.5,COMMISSION_PLUS_25,ALL,203,2575.5899999999983,1.971565125218316,12.687635467980288
FIRST_TRIANGLE_GOLD_EVIDENCE_XAUUSD_1751328000,293,57.5,57.5,37.5,COMBINED_STRESS,DEVELOPMENT,87,643.4099999999985,1.6733117759708656,7.395517241379293
FIRST_TRIANGLE_GOLD_EVIDENCE_XAUUSD_1751328000,293,57.5,57.5,37.5,COMBINED_STRESS,VALIDATION,51,1155.340000000002,2.5269348699513694,22.653725490196116
FIRST_TRIANGLE_GOLD_EVIDENCE_XAUUSD_1751328000,293,57.5,57.5,37.5,COMBINED_STRESS,LOCKED_OOS,65,776.8399999999979,1.8275347806634388,11.951384615384583
FIRST_TRIANGLE_GOLD_EVIDENCE_XAUUSD_1751328000,293,57.5,57.5,37.5,COMBINED_STRESS,H1,138,1798.7500000000005,2.0505305946046986,13.034420289855076
FIRST_TRIANGLE_GOLD_EVIDENCE_XAUUSD_1751328000,293,57.5,57.5,37.5,COMBINED_STRESS,H2,65,776.8399999999979,1.8275347806634388,11.951384615384583
FIRST_TRIANGLE_GOLD_EVIDENCE_XAUUSD_1751328000,293,57.5,57.5,37.5,COMBINED_STRESS,ALL,203,2575.5899999999983,1.971565125218316,12.687635467980288
FIRST_TRIANGLE_GOLD_EVIDENCE_XAUUSD_1751328000,294,57.5,60.0,22.5,BASE,DEVELOPMENT,87,287.1499999999987,1.2733824593472707,3.3005747126436633
FIRST_TRIANGLE_GOLD_EVIDENCE_XAUUSD_1751328000,294,57.5,60.0,22.5,BASE,VALIDATION,51,1158.2599999999993,2.5307940367942505,22.71098039215685
FIRST_TRIANGLE_GOLD_EVIDENCE_XAUUSD_1751328000,294,57.5,60.0,22.5,BASE,LOCKED_OOS,65,738.259999999998,1.7864371391439553,11.357846153846122
FIRST_TRIANGLE_GOLD_EVIDENCE_XAUUSD_1751328000,294,57.5,60.0,22.5,BASE,H1,138,1445.409999999998,1.7998948533480912,10.473985507246363
FIRST_TRIANGLE_GOLD_EVIDENCE_XAUUSD_1751328000,294,57.5,60.0,22.5,BASE,H2,65,738.259999999998,1.7864371391439553,11.357846153846122
FIRST_TRIANGLE_GOLD_EVIDENCE_XAUUSD_1751328000,294,57.5,60.0,22.5,BASE,ALL,203,2183.669999999996,1.79529380057835,10.756995073891606
FIRST_TRIANGLE_GOLD_EVIDENCE_XAUUSD_1751328000,295,57.5,60.0,22.5,SPREAD_PLUS_25,DEVELOPMENT,87,287.1499999999987,1.2733824593472707,3.3005747126436633
FIRST_TRIANGLE_GOLD_EVIDENCE_XAUUSD_1751328000,295,57.5,60.0,22.5,SPREAD_PLUS_25,VALIDATION,51,1158.2599999999993,2.5307940367942505,22.71098039215685
FIRST_TRIANGLE_GOLD_EVIDENCE_XAUUSD_1751328000,295,57.5,60.0,22.5,SPREAD_PLUS_25,LOCKED_OOS,65,738.259999999998,1.7864371391439553,11.357846153846122
FIRST_TRIANGLE_GOLD_EVIDENCE_XAUUSD_1751328000,295,57.5,60.0,22.5,SPREAD_PLUS_25,H1,138,1445.409999999998,1.7998948533480912,10.473985507246363
FIRST_TRIANGLE_GOLD_EVIDENCE_XAUUSD_1751328000,295,57.5,60.0,22.5,SPREAD_PLUS_25,H2,65,738.259999999998,1.7864371391439553,11.357846153846122
FIRST_TRIANGLE_GOLD_EVIDENCE_XAUUSD_1751328000,295,57.5,60.0,22.5,SPREAD_PLUS_25,ALL,203,2183.669999999996,1.79529380057835,10.756995073891606
FIRST_TRIANGLE_GOLD_EVIDENCE_XAUUSD_1751328000,296,57.5,60.0,22.5,SPREAD_PLUS_50,DEVELOPMENT,87,287.1499999999987,1.2733824593472707,3.3005747126436633
FIRST_TRIANGLE_GOLD_EVIDENCE_XAUUSD_1751328000,296,57.5,60.0,22.5,SPREAD_PLUS_50,VALIDATION,51,1158.2599999999993,2.5307940367942505,22.71098039215685
FIRST_TRIANGLE_GOLD_EVIDENCE_XAUUSD_1751328000,296,57.5,60.0,22.5,SPREAD_PLUS_50,LOCKED_OOS,65,738.259999999998,1.7864371391439553,11.357846153846122
FIRST_TRIANGLE_GOLD_EVIDENCE_XAUUSD_1751328000,296,57.5,60.0,22.5,SPREAD_PLUS_50,H1,138,1445.409999999998,1.7998948533480912,10.473985507246363
FIRST_TRIANGLE_GOLD_EVIDENCE_XAUUSD_1751328000,296,57.5,60.0,22.5,SPREAD_PLUS_50,H2,65,738.259999999998,1.7864371391439553,11.357846153846122
FIRST_TRIANGLE_GOLD_EVIDENCE_XAUUSD_1751328000,296,57.5,60.0,22.5,SPREAD_PLUS_50,ALL,203,2183.669999999996,1.79529380057835,10.756995073891606
FIRST_TRIANGLE_GOLD_EVIDENCE_XAUUSD_1751328000,297,57.5,60.0,22.5,SLIPPAGE_BASE,DEVELOPMENT,87,287.1499999999987,1.2733824593472707,3.3005747126436633
FIRST_TRIANGLE_GOLD_EVIDENCE_XAUUSD_1751328000,297,57.5,60.0,22.5,SLIPPAGE_BASE,VALIDATION,51,1158.2599999999993,2.5307940367942505,22.71098039215685
FIRST_TRIANGLE_GOLD_EVIDENCE_XAUUSD_1751328000,297,57.5,60.0,22.5,SLIPPAGE_BASE,LOCKED_OOS,65,738.259999999998,1.7864371391439553,11.357846153846122
FIRST_TRIANGLE_GOLD_EVIDENCE_XAUUSD_1751328000,297,57.5,60.0,22.5,SLIPPAGE_BASE,H1,138,1445.409999999998,1.7998948533480912,10.473985507246363
FIRST_TRIANGLE_GOLD_EVIDENCE_XAUUSD_1751328000,297,57.5,60.0,22.5,SLIPPAGE_BASE,H2,65,738.259999999998,1.7864371391439553,11.357846153846122
FIRST_TRIANGLE_GOLD_EVIDENCE_XAUUSD_1751328000,297,57.5,60.0,22.5,SLIPPAGE_BASE,ALL,203,2183.669999999996,1.79529380057835,10.756995073891606
FIRST_TRIANGLE_GOLD_EVIDENCE_XAUUSD_1751328000,298,57.5,60.0,22.5,COMMISSION_PLUS_25,DEVELOPMENT,87,287.1499999999987,1.2733824593472707,3.3005747126436633
FIRST_TRIANGLE_GOLD_EVIDENCE_XAUUSD_1751328000,298,57.5,60.0,22.5,COMMISSION_PLUS_25,VALIDATION,51,1158.2599999999993,2.5307940367942505,22.71098039215685
FIRST_TRIANGLE_GOLD_EVIDENCE_XAUUSD_1751328000,298,57.5,60.0,22.5,COMMISSION_PLUS_25,LOCKED_OOS,65,738.259999999998,1.7864371391439553,11.357846153846122
FIRST_TRIANGLE_GOLD_EVIDENCE_XAUUSD_1751328000,298,57.5,60.0,22.5,COMMISSION_PLUS_25,H1,138,1445.409999999998,1.7998948533480912,10.473985507246363
FIRST_TRIANGLE_GOLD_EVIDENCE_XAUUSD_1751328000,298,57.5,60.0,22.5,COMMISSION_PLUS_25,H2,65,738.259999999998,1.7864371391439553,11.357846153846122
FIRST_TRIANGLE_GOLD_EVIDENCE_XAUUSD_1751328000,298,57.5,60.0,22.5,COMMISSION_PLUS_25,ALL,203,2183.669999999996,1.79529380057835,10.756995073891606
FIRST_TRIANGLE_GOLD_EVIDENCE_XAUUSD_1751328000,299,57.5,60.0,22.5,COMBINED_STRESS,DEVELOPMENT,87,287.1499999999987,1.2733824593472707,3.3005747126436633
FIRST_TRIANGLE_GOLD_EVIDENCE_XAUUSD_1751328000,299,57.5,60.0,22.5,COMBINED_STRESS,VALIDATION,51,1158.2599999999993,2.5307940367942505,22.71098039215685
FIRST_TRIANGLE_GOLD_EVIDENCE_XAUUSD_1751328000,299,57.5,60.0,22.5,COMBINED_STRESS,LOCKED_OOS,65,738.259999999998,1.7864371391439553,11.357846153846122
FIRST_TRIANGLE_GOLD_EVIDENCE_XAUUSD_1751328000,299,57.5,60.0,22.5,COMBINED_STRESS,H1,138,1445.409999999998,1.7998948533480912,10.473985507246363
FIRST_TRIANGLE_GOLD_EVIDENCE_XAUUSD_1751328000,299,57.5,60.0,22.5,COMBINED_STRESS,H2,65,738.259999999998,1.7864371391439553,11.357846153846122
FIRST_TRIANGLE_GOLD_EVIDENCE_XAUUSD_1751328000,299,57.5,60.0,22.5,COMBINED_STRESS,ALL,203,2183.669999999996,1.79529380057835,10.756995073891606
FIRST_TRIANGLE_GOLD_EVIDENCE_XAUUSD_1751328000,300,57.5,60.0,25.0,BASE,DEVELOPMENT,87,419.2799999999984,1.4235279856965353,4.819310344827568
FIRST_TRIANGLE_GOLD_EVIDENCE_XAUUSD_1751328000,300,57.5,60.0,25.0,BASE,VALIDATION,51,1166.7200000000003,2.541975047578773,22.876862745098045
FIRST_TRIANGLE_GOLD_EVIDENCE_XAUUSD_1751328000,300,57.5,60.0,25.0,BASE,LOCKED_OOS,65,737.7499999999977,1.7858938577241796,11.349999999999966
FIRST_TRIANGLE_GOLD_EVIDENCE_XAUUSD_1751328000,300,57.5,60.0,25.0,BASE,H1,138,1585.9999999999986,1.9080447266418956,11.492753623188396
FIRST_TRIANGLE_GOLD_EVIDENCE_XAUUSD_1751328000,300,57.5,60.0,25.0,BASE,H2,65,737.7499999999977,1.7858938577241796,11.349999999999966
FIRST_TRIANGLE_GOLD_EVIDENCE_XAUUSD_1751328000,300,57.5,60.0,25.0,BASE,ALL,203,2323.7499999999964,1.8653434375407294,11.447044334975352
FIRST_TRIANGLE_GOLD_EVIDENCE_XAUUSD_1751328000,301,57.5,60.0,25.0,SPREAD_PLUS_25,DEVELOPMENT,87,419.2799999999984,1.4235279856965353,4.819310344827568
FIRST_TRIANGLE_GOLD_EVIDENCE_XAUUSD_1751328000,301,57.5,60.0,25.0,SPREAD_PLUS_25,VALIDATION,51,1166.7200000000003,2.541975047578773,22.876862745098045
FIRST_TRIANGLE_GOLD_EVIDENCE_XAUUSD_1751328000,301,57.5,60.0,25.0,SPREAD_PLUS_25,LOCKED_OOS,65,737.7499999999977,1.7858938577241796,11.349999999999966
FIRST_TRIANGLE_GOLD_EVIDENCE_XAUUSD_1751328000,301,57.5,60.0,25.0,SPREAD_PLUS_25,H1,138,1585.9999999999986,1.9080447266418956,11.492753623188396
FIRST_TRIANGLE_GOLD_EVIDENCE_XAUUSD_1751328000,301,57.5,60.0,25.0,SPREAD_PLUS_25,H2,65,737.7499999999977,1.7858938577241796,11.349999999999966
FIRST_TRIANGLE_GOLD_EVIDENCE_XAUUSD_1751328000,301,57.5,60.0,25.0,SPREAD_PLUS_25,ALL,203,2323.7499999999964,1.8653434375407294,11.447044334975352
FIRST_TRIANGLE_GOLD_EVIDENCE_XAUUSD_1751328000,302,57.5,60.0,25.0,SPREAD_PLUS_50,DEVELOPMENT,87,419.2799999999984,1.4235279856965353,4.819310344827568
FIRST_TRIANGLE_GOLD_EVIDENCE_XAUUSD_1751328000,302,57.5,60.0,25.0,SPREAD_PLUS_50,VALIDATION,51,1166.7200000000003,2.541975047578773,22.876862745098045
FIRST_TRIANGLE_GOLD_EVIDENCE_XAUUSD_1751328000,302,57.5,60.0,25.0,SPREAD_PLUS_50,LOCKED_OOS,65,737.7499999999977,1.7858938577241796,11.349999999999966
FIRST_TRIANGLE_GOLD_EVIDENCE_XAUUSD_1751328000,302,57.5,60.0,25.0,SPREAD_PLUS_50,H1,138,1585.9999999999986,1.9080447266418956,11.492753623188396
FIRST_TRIANGLE_GOLD_EVIDENCE_XAUUSD_1751328000,302,57.5,60.0,25.0,SPREAD_PLUS_50,H2,65,737.7499999999977,1.7858938577241796,11.349999999999966
FIRST_TRIANGLE_GOLD_EVIDENCE_XAUUSD_1751328000,302,57.5,60.0,25.0,SPREAD_PLUS_50,ALL,203,2323.7499999999964,1.8653434375407294,11.447044334975352
FIRST_TRIANGLE_GOLD_EVIDENCE_XAUUSD_1751328000,303,57.5,60.0,25.0,SLIPPAGE_BASE,DEVELOPMENT,87,419.2799999999984,1.4235279856965353,4.819310344827568
FIRST_TRIANGLE_GOLD_EVIDENCE_XAUUSD_1751328000,303,57.5,60.0,25.0,SLIPPAGE_BASE,VALIDATION,51,1166.7200000000003,2.541975047578773,22.876862745098045
FIRST_TRIANGLE_GOLD_EVIDENCE_XAUUSD_1751328000,303,57.5,60.0,25.0,SLIPPAGE_BASE,LOCKED_OOS,65,737.7499999999977,1.7858938577241796,11.349999999999966
FIRST_TRIANGLE_GOLD_EVIDENCE_XAUUSD_1751328000,303,57.5,60.0,25.0,SLIPPAGE_BASE,H1,138,1585.9999999999986,1.9080447266418956,11.492753623188396
FIRST_TRIANGLE_GOLD_EVIDENCE_XAUUSD_1751328000,303,57.5,60.0,25.0,SLIPPAGE_BASE,H2,65,737.7499999999977,1.7858938577241796,11.349999999999966
FIRST_TRIANGLE_GOLD_EVIDENCE_XAUUSD_1751328000,303,57.5,60.0,25.0,SLIPPAGE_BASE,ALL,203,2323.7499999999964,1.8653434375407294,11.447044334975352
FIRST_TRIANGLE_GOLD_EVIDENCE_XAUUSD_1751328000,304,57.5,60.0,25.0,COMMISSION_PLUS_25,DEVELOPMENT,87,419.2799999999984,1.4235279856965353,4.819310344827568
FIRST_TRIANGLE_GOLD_EVIDENCE_XAUUSD_1751328000,304,57.5,60.0,25.0,COMMISSION_PLUS_25,VALIDATION,51,1166.7200000000003,2.541975047578773,22.876862745098045
FIRST_TRIANGLE_GOLD_EVIDENCE_XAUUSD_1751328000,304,57.5,60.0,25.0,COMMISSION_PLUS_25,LOCKED_OOS,65,737.7499999999977,1.7858938577241796,11.349999999999966
FIRST_TRIANGLE_GOLD_EVIDENCE_XAUUSD_1751328000,304,57.5,60.0,25.0,COMMISSION_PLUS_25,H1,138,1585.9999999999986,1.9080447266418956,11.492753623188396
FIRST_TRIANGLE_GOLD_EVIDENCE_XAUUSD_1751328000,304,57.5,60.0,25.0,COMMISSION_PLUS_25,H2,65,737.7499999999977,1.7858938577241796,11.349999999999966
FIRST_TRIANGLE_GOLD_EVIDENCE_XAUUSD_1751328000,304,57.5,60.0,25.0,COMMISSION_PLUS_25,ALL,203,2323.7499999999964,1.8653434375407294,11.447044334975352
FIRST_TRIANGLE_GOLD_EVIDENCE_XAUUSD_1751328000,305,57.5,60.0,25.0,COMBINED_STRESS,DEVELOPMENT,87,419.2799999999984,1.4235279856965353,4.819310344827568
FIRST_TRIANGLE_GOLD_EVIDENCE_XAUUSD_1751328000,305,57.5,60.0,25.0,COMBINED_STRESS,VALIDATION,51,1166.7200000000003,2.541975047578773,22.876862745098045
FIRST_TRIANGLE_GOLD_EVIDENCE_XAUUSD_1751328000,305,57.5,60.0,25.0,COMBINED_STRESS,LOCKED_OOS,65,737.7499999999977,1.7858938577241796,11.349999999999966
FIRST_TRIANGLE_GOLD_EVIDENCE_XAUUSD_1751328000,305,57.5,60.0,25.0,COMBINED_STRESS,H1,138,1585.9999999999986,1.9080447266418956,11.492753623188396
FIRST_TRIANGLE_GOLD_EVIDENCE_XAUUSD_1751328000,305,57.5,60.0,25.0,COMBINED_STRESS,H2,65,737.7499999999977,1.7858938577241796,11.349999999999966
FIRST_TRIANGLE_GOLD_EVIDENCE_XAUUSD_1751328000,305,57.5,60.0,25.0,COMBINED_STRESS,ALL,203,2323.7499999999964,1.8653434375407294,11.447044334975352
FIRST_TRIANGLE_GOLD_EVIDENCE_XAUUSD_1751328000,306,57.5,60.0,27.5,BASE,DEVELOPMENT,87,374.2799999999984,1.3780720627897804,4.302068965517223
FIRST_TRIANGLE_GOLD_EVIDENCE_XAUUSD_1751328000,306,57.5,60.0,27.5,BASE,VALIDATION,51,1094.2200000000003,2.446156692746884,21.455294117647064
FIRST_TRIANGLE_GOLD_EVIDENCE_XAUUSD_1751328000,306,57.5,60.0,27.5,BASE,LOCKED_OOS,65,747.1499999999978,1.7959072799710214,11.49461538461535
FIRST_TRIANGLE_GOLD_EVIDENCE_XAUUSD_1751328000,306,57.5,60.0,27.5,BASE,H1,138,1468.4999999999986,1.840771551748817,10.641304347826077
FIRST_TRIANGLE_GOLD_EVIDENCE_XAUUSD_1751328000,306,57.5,60.0,27.5,BASE,H2,65,747.1499999999978,1.7959072799710214,11.49461538461535
FIRST_TRIANGLE_GOLD_EVIDENCE_XAUUSD_1751328000,306,57.5,60.0,27.5,BASE,ALL,203,2215.6499999999965,1.8250879773586308,10.914532019704415
FIRST_TRIANGLE_GOLD_EVIDENCE_XAUUSD_1751328000,307,57.5,60.0,27.5,SPREAD_PLUS_25,DEVELOPMENT,87,374.2799999999984,1.3780720627897804,4.302068965517223
FIRST_TRIANGLE_GOLD_EVIDENCE_XAUUSD_1751328000,307,57.5,60.0,27.5,SPREAD_PLUS_25,VALIDATION,51,1094.2200000000003,2.446156692746884,21.455294117647064
FIRST_TRIANGLE_GOLD_EVIDENCE_XAUUSD_1751328000,307,57.5,60.0,27.5,SPREAD_PLUS_25,LOCKED_OOS,65,747.1499999999978,1.7959072799710214,11.49461538461535
FIRST_TRIANGLE_GOLD_EVIDENCE_XAUUSD_1751328000,307,57.5,60.0,27.5,SPREAD_PLUS_25,H1,138,1468.4999999999986,1.840771551748817,10.641304347826077
FIRST_TRIANGLE_GOLD_EVIDENCE_XAUUSD_1751328000,307,57.5,60.0,27.5,SPREAD_PLUS_25,H2,65,747.1499999999978,1.7959072799710214,11.49461538461535
FIRST_TRIANGLE_GOLD_EVIDENCE_XAUUSD_1751328000,307,57.5,60.0,27.5,SPREAD_PLUS_25,ALL,203,2215.6499999999965,1.8250879773586308,10.914532019704415
FIRST_TRIANGLE_GOLD_EVIDENCE_XAUUSD_1751328000,308,57.5,60.0,27.5,SPREAD_PLUS_50,DEVELOPMENT,87,374.2799999999984,1.3780720627897804,4.302068965517223
FIRST_TRIANGLE_GOLD_EVIDENCE_XAUUSD_1751328000,308,57.5,60.0,27.5,SPREAD_PLUS_50,VALIDATION,51,1094.2200000000003,2.446156692746884,21.455294117647064
FIRST_TRIANGLE_GOLD_EVIDENCE_XAUUSD_1751328000,308,57.5,60.0,27.5,SPREAD_PLUS_50,LOCKED_OOS,65,747.1499999999978,1.7959072799710214,11.49461538461535
FIRST_TRIANGLE_GOLD_EVIDENCE_XAUUSD_1751328000,308,57.5,60.0,27.5,SPREAD_PLUS_50,H1,138,1468.4999999999986,1.840771551748817,10.641304347826077
FIRST_TRIANGLE_GOLD_EVIDENCE_XAUUSD_1751328000,308,57.5,60.0,27.5,SPREAD_PLUS_50,H2,65,747.1499999999978,1.7959072799710214,11.49461538461535
FIRST_TRIANGLE_GOLD_EVIDENCE_XAUUSD_1751328000,308,57.5,60.0,27.5,SPREAD_PLUS_50,ALL,203,2215.6499999999965,1.8250879773586308,10.914532019704415
FIRST_TRIANGLE_GOLD_EVIDENCE_XAUUSD_1751328000,309,57.5,60.0,27.5,SLIPPAGE_BASE,DEVELOPMENT,87,374.2799999999984,1.3780720627897804,4.302068965517223
FIRST_TRIANGLE_GOLD_EVIDENCE_XAUUSD_1751328000,309,57.5,60.0,27.5,SLIPPAGE_BASE,VALIDATION,51,1094.2200000000003,2.446156692746884,21.455294117647064
FIRST_TRIANGLE_GOLD_EVIDENCE_XAUUSD_1751328000,309,57.5,60.0,27.5,SLIPPAGE_BASE,LOCKED_OOS,65,747.1499999999978,1.7959072799710214,11.49461538461535
FIRST_TRIANGLE_GOLD_EVIDENCE_XAUUSD_1751328000,309,57.5,60.0,27.5,SLIPPAGE_BASE,H1,138,1468.4999999999986,1.840771551748817,10.641304347826077
FIRST_TRIANGLE_GOLD_EVIDENCE_XAUUSD_1751328000,309,57.5,60.0,27.5,SLIPPAGE_BASE,H2,65,747.1499999999978,1.7959072799710214,11.49461538461535
FIRST_TRIANGLE_GOLD_EVIDENCE_XAUUSD_1751328000,309,57.5,60.0,27.5,SLIPPAGE_BASE,ALL,203,2215.6499999999965,1.8250879773586308,10.914532019704415
FIRST_TRIANGLE_GOLD_EVIDENCE_XAUUSD_1751328000,310,57.5,60.0,27.5,COMMISSION_PLUS_25,DEVELOPMENT,87,374.2799999999984,1.3780720627897804,4.302068965517223
FIRST_TRIANGLE_GOLD_EVIDENCE_XAUUSD_1751328000,310,57.5,60.0,27.5,COMMISSION_PLUS_25,VALIDATION,51,1094.2200000000003,2.446156692746884,21.455294117647064
FIRST_TRIANGLE_GOLD_EVIDENCE_XAUUSD_1751328000,310,57.5,60.0,27.5,COMMISSION_PLUS_25,LOCKED_OOS,65,747.1499999999978,1.7959072799710214,11.49461538461535
FIRST_TRIANGLE_GOLD_EVIDENCE_XAUUSD_1751328000,310,57.5,60.0,27.5,COMMISSION_PLUS_25,H1,138,1468.4999999999986,1.840771551748817,10.641304347826077
FIRST_TRIANGLE_GOLD_EVIDENCE_XAUUSD_1751328000,310,57.5,60.0,27.5,COMMISSION_PLUS_25,H2,65,747.1499999999978,1.7959072799710214,11.49461538461535
FIRST_TRIANGLE_GOLD_EVIDENCE_XAUUSD_1751328000,310,57.5,60.0,27.5,COMMISSION_PLUS_25,ALL,203,2215.6499999999965,1.8250879773586308,10.914532019704415
FIRST_TRIANGLE_GOLD_EVIDENCE_XAUUSD_1751328000,311,57.5,60.0,27.5,COMBINED_STRESS,DEVELOPMENT,87,374.2799999999984,1.3780720627897804,4.302068965517223
FIRST_TRIANGLE_GOLD_EVIDENCE_XAUUSD_1751328000,311,57.5,60.0,27.5,COMBINED_STRESS,VALIDATION,51,1094.2200000000003,2.446156692746884,21.455294117647064
FIRST_TRIANGLE_GOLD_EVIDENCE_XAUUSD_1751328000,311,57.5,60.0,27.5,COMBINED_STRESS,LOCKED_OOS,65,747.1499999999978,1.7959072799710214,11.49461538461535
FIRST_TRIANGLE_GOLD_EVIDENCE_XAUUSD_1751328000,311,57.5,60.0,27.5,COMBINED_STRESS,H1,138,1468.4999999999986,1.840771551748817,10.641304347826077
FIRST_TRIANGLE_GOLD_EVIDENCE_XAUUSD_1751328000,311,57.5,60.0,27.5,COMBINED_STRESS,H2,65,747.1499999999978,1.7959072799710214,11.49461538461535
FIRST_TRIANGLE_GOLD_EVIDENCE_XAUUSD_1751328000,311,57.5,60.0,27.5,COMBINED_STRESS,ALL,203,2215.6499999999965,1.8250879773586308,10.914532019704415
FIRST_TRIANGLE_GOLD_EVIDENCE_XAUUSD_1751328000,312,57.5,60.0,30.0,BASE,DEVELOPMENT,87,329.2799999999984,1.3326161398830256,3.784827586206878
FIRST_TRIANGLE_GOLD_EVIDENCE_XAUUSD_1751328000,312,57.5,60.0,30.0,BASE,VALIDATION,51,1215.7000000000016,2.606708606470718,23.837254901960815
FIRST_TRIANGLE_GOLD_EVIDENCE_XAUUSD_1751328000,312,57.5,60.0,30.0,BASE,LOCKED_OOS,65,718.6099999999979,1.7655048256173131,11.05553846153843
FIRST_TRIANGLE_GOLD_EVIDENCE_XAUUSD_1751328000,312,57.5,60.0,30.0,BASE,H1,138,1544.98,1.8845592318834787,11.195507246376811
FIRST_TRIANGLE_GOLD_EVIDENCE_XAUUSD_1751328000,312,57.5,60.0,30.0,BASE,H2,65,718.6099999999979,1.7655048256173131,11.05553846153843
FIRST_TRIANGLE_GOLD_EVIDENCE_XAUUSD_1751328000,312,57.5,60.0,30.0,BASE,ALL,203,2263.589999999998,1.8429403988306927,11.150689655172403
FIRST_TRIANGLE_GOLD_EVIDENCE_XAUUSD_1751328000,313,57.5,60.0,30.0,SPREAD_PLUS_25,DEVELOPMENT,87,329.2799999999984,1.3326161398830256,3.784827586206878
FIRST_TRIANGLE_GOLD_EVIDENCE_XAUUSD_1751328000,313,57.5,60.0,30.0,SPREAD_PLUS_25,VALIDATION,51,1215.7000000000016,2.606708606470718,23.837254901960815
FIRST_TRIANGLE_GOLD_EVIDENCE_XAUUSD_1751328000,313,57.5,60.0,30.0,SPREAD_PLUS_25,LOCKED_OOS,65,718.6099999999979,1.7655048256173131,11.05553846153843
FIRST_TRIANGLE_GOLD_EVIDENCE_XAUUSD_1751328000,313,57.5,60.0,30.0,SPREAD_PLUS_25,H1,138,1544.98,1.8845592318834787,11.195507246376811
FIRST_TRIANGLE_GOLD_EVIDENCE_XAUUSD_1751328000,313,57.5,60.0,30.0,SPREAD_PLUS_25,H2,65,718.6099999999979,1.7655048256173131,11.05553846153843
FIRST_TRIANGLE_GOLD_EVIDENCE_XAUUSD_1751328000,313,57.5,60.0,30.0,SPREAD_PLUS_25,ALL,203,2263.589999999998,1.8429403988306927,11.150689655172403
FIRST_TRIANGLE_GOLD_EVIDENCE_XAUUSD_1751328000,314,57.5,60.0,30.0,SPREAD_PLUS_50,DEVELOPMENT,87,329.2799999999984,1.3326161398830256,3.784827586206878
FIRST_TRIANGLE_GOLD_EVIDENCE_XAUUSD_1751328000,314,57.5,60.0,30.0,SPREAD_PLUS_50,VALIDATION,51,1215.7000000000016,2.606708606470718,23.837254901960815
FIRST_TRIANGLE_GOLD_EVIDENCE_XAUUSD_1751328000,314,57.5,60.0,30.0,SPREAD_PLUS_50,LOCKED_OOS,65,718.6099999999979,1.7655048256173131,11.05553846153843
FIRST_TRIANGLE_GOLD_EVIDENCE_XAUUSD_1751328000,314,57.5,60.0,30.0,SPREAD_PLUS_50,H1,138,1544.98,1.8845592318834787,11.195507246376811
FIRST_TRIANGLE_GOLD_EVIDENCE_XAUUSD_1751328000,314,57.5,60.0,30.0,SPREAD_PLUS_50,H2,65,718.6099999999979,1.7655048256173131,11.05553846153843
FIRST_TRIANGLE_GOLD_EVIDENCE_XAUUSD_1751328000,314,57.5,60.0,30.0,SPREAD_PLUS_50,ALL,203,2263.589999999998,1.8429403988306927,11.150689655172403
FIRST_TRIANGLE_GOLD_EVIDENCE_XAUUSD_1751328000,315,57.5,60.0,30.0,SLIPPAGE_BASE,DEVELOPMENT,87,329.2799999999984,1.3326161398830256,3.784827586206878
FIRST_TRIANGLE_GOLD_EVIDENCE_XAUUSD_1751328000,315,57.5,60.0,30.0,SLIPPAGE_BASE,VALIDATION,51,1215.7000000000016,2.606708606470718,23.837254901960815
FIRST_TRIANGLE_GOLD_EVIDENCE_XAUUSD_1751328000,315,57.5,60.0,30.0,SLIPPAGE_BASE,LOCKED_OOS,65,718.6099999999979,1.7655048256173131,11.05553846153843
FIRST_TRIANGLE_GOLD_EVIDENCE_XAUUSD_1751328000,315,57.5,60.0,30.0,SLIPPAGE_BASE,H1,138,1544.98,1.8845592318834787,11.195507246376811
FIRST_TRIANGLE_GOLD_EVIDENCE_XAUUSD_1751328000,315,57.5,60.0,30.0,SLIPPAGE_BASE,H2,65,718.6099999999979,1.7655048256173131,11.05553846153843
FIRST_TRIANGLE_GOLD_EVIDENCE_XAUUSD_1751328000,315,57.5,60.0,30.0,SLIPPAGE_BASE,ALL,203,2263.589999999998,1.8429403988306927,11.150689655172403
FIRST_TRIANGLE_GOLD_EVIDENCE_XAUUSD_1751328000,316,57.5,60.0,30.0,COMMISSION_PLUS_25,DEVELOPMENT,87,329.2799999999984,1.3326161398830256,3.784827586206878
FIRST_TRIANGLE_GOLD_EVIDENCE_XAUUSD_1751328000,316,57.5,60.0,30.0,COMMISSION_PLUS_25,VALIDATION,51,1215.7000000000016,2.606708606470718,23.837254901960815
FIRST_TRIANGLE_GOLD_EVIDENCE_XAUUSD_1751328000,316,57.5,60.0,30.0,COMMISSION_PLUS_25,LOCKED_OOS,65,718.6099999999979,1.7655048256173131,11.05553846153843
FIRST_TRIANGLE_GOLD_EVIDENCE_XAUUSD_1751328000,316,57.5,60.0,30.0,COMMISSION_PLUS_25,H1,138,1544.98,1.8845592318834787,11.195507246376811
FIRST_TRIANGLE_GOLD_EVIDENCE_XAUUSD_1751328000,316,57.5,60.0,30.0,COMMISSION_PLUS_25,H2,65,718.6099999999979,1.7655048256173131,11.05553846153843
FIRST_TRIANGLE_GOLD_EVIDENCE_XAUUSD_1751328000,316,57.5,60.0,30.0,COMMISSION_PLUS_25,ALL,203,2263.589999999998,1.8429403988306927,11.150689655172403
FIRST_TRIANGLE_GOLD_EVIDENCE_XAUUSD_1751328000,317,57.5,60.0,30.0,COMBINED_STRESS,DEVELOPMENT,87,329.2799999999984,1.3326161398830256,3.784827586206878
FIRST_TRIANGLE_GOLD_EVIDENCE_XAUUSD_1751328000,317,57.5,60.0,30.0,COMBINED_STRESS,VALIDATION,51,1215.7000000000016,2.606708606470718,23.837254901960815
FIRST_TRIANGLE_GOLD_EVIDENCE_XAUUSD_1751328000,317,57.5,60.0,30.0,COMBINED_STRESS,LOCKED_OOS,65,718.6099999999979,1.7655048256173131,11.05553846153843
FIRST_TRIANGLE_GOLD_EVIDENCE_XAUUSD_1751328000,317,57.5,60.0,30.0,COMBINED_STRESS,H1,138,1544.98,1.8845592318834787,11.195507246376811
FIRST_TRIANGLE_GOLD_EVIDENCE_XAUUSD_1751328000,317,57.5,60.0,30.0,COMBINED_STRESS,H2,65,718.6099999999979,1.7655048256173131,11.05553846153843
FIRST_TRIANGLE_GOLD_EVIDENCE_XAUUSD_1751328000,317,57.5,60.0,30.0,COMBINED_STRESS,ALL,203,2263.589999999998,1.8429403988306927,11.150689655172403
FIRST_TRIANGLE_GOLD_EVIDENCE_XAUUSD_1751328000,318,57.5,60.0,32.5,BASE,DEVELOPMENT,87,327.25999999999794,1.330575674010322,3.7616091954022752
FIRST_TRIANGLE_GOLD_EVIDENCE_XAUUSD_1751328000,318,57.5,60.0,32.5,BASE,VALIDATION,51,1151.6100000000015,2.5220051807993284,22.580588235294147
FIRST_TRIANGLE_GOLD_EVIDENCE_XAUUSD_1751328000,318,57.5,60.0,32.5,BASE,LOCKED_OOS,65,759.8599999999979,1.8094467051579741,11.690153846153812
FIRST_TRIANGLE_GOLD_EVIDENCE_XAUUSD_1751328000,318,57.5,60.0,32.5,BASE,H1,138,1478.8699999999994,1.8467087672691682,10.716449275362315
FIRST_TRIANGLE_GOLD_EVIDENCE_XAUUSD_1751328000,318,57.5,60.0,32.5,BASE,H2,65,759.8599999999979,1.8094467051579741,11.690153846153812
FIRST_TRIANGLE_GOLD_EVIDENCE_XAUUSD_1751328000,318,57.5,60.0,32.5,BASE,ALL,203,2238.7299999999973,1.8336827601616177,11.028226600985208
FIRST_TRIANGLE_GOLD_EVIDENCE_XAUUSD_1751328000,319,57.5,60.0,32.5,SPREAD_PLUS_25,DEVELOPMENT,87,327.25999999999794,1.330575674010322,3.7616091954022752
FIRST_TRIANGLE_GOLD_EVIDENCE_XAUUSD_1751328000,319,57.5,60.0,32.5,SPREAD_PLUS_25,VALIDATION,51,1151.6100000000015,2.5220051807993284,22.580588235294147
FIRST_TRIANGLE_GOLD_EVIDENCE_XAUUSD_1751328000,319,57.5,60.0,32.5,SPREAD_PLUS_25,LOCKED_OOS,65,759.8599999999979,1.8094467051579741,11.690153846153812
FIRST_TRIANGLE_GOLD_EVIDENCE_XAUUSD_1751328000,319,57.5,60.0,32.5,SPREAD_PLUS_25,H1,138,1478.8699999999994,1.8467087672691682,10.716449275362315
FIRST_TRIANGLE_GOLD_EVIDENCE_XAUUSD_1751328000,319,57.5,60.0,32.5,SPREAD_PLUS_25,H2,65,759.8599999999979,1.8094467051579741,11.690153846153812
FIRST_TRIANGLE_GOLD_EVIDENCE_XAUUSD_1751328000,319,57.5,60.0,32.5,SPREAD_PLUS_25,ALL,203,2238.7299999999973,1.8336827601616177,11.028226600985208
FIRST_TRIANGLE_GOLD_EVIDENCE_XAUUSD_1751328000,320,57.5,60.0,32.5,SPREAD_PLUS_50,DEVELOPMENT,87,327.25999999999794,1.330575674010322,3.7616091954022752
FIRST_TRIANGLE_GOLD_EVIDENCE_XAUUSD_1751328000,320,57.5,60.0,32.5,SPREAD_PLUS_50,VALIDATION,51,1151.6100000000015,2.5220051807993284,22.580588235294147
FIRST_TRIANGLE_GOLD_EVIDENCE_XAUUSD_1751328000,320,57.5,60.0,32.5,SPREAD_PLUS_50,LOCKED_OOS,65,759.8599999999979,1.8094467051579741,11.690153846153812
FIRST_TRIANGLE_GOLD_EVIDENCE_XAUUSD_1751328000,320,57.5,60.0,32.5,SPREAD_PLUS_50,H1,138,1478.8699999999994,1.8467087672691682,10.716449275362315
FIRST_TRIANGLE_GOLD_EVIDENCE_XAUUSD_1751328000,320,57.5,60.0,32.5,SPREAD_PLUS_50,H2,65,759.8599999999979,1.8094467051579741,11.690153846153812
FIRST_TRIANGLE_GOLD_EVIDENCE_XAUUSD_1751328000,320,57.5,60.0,32.5,SPREAD_PLUS_50,ALL,203,2238.7299999999973,1.8336827601616177,11.028226600985208
FIRST_TRIANGLE_GOLD_EVIDENCE_XAUUSD_1751328000,321,57.5,60.0,32.5,SLIPPAGE_BASE,DEVELOPMENT,87,327.25999999999794,1.330575674010322,3.7616091954022752
FIRST_TRIANGLE_GOLD_EVIDENCE_XAUUSD_1751328000,321,57.5,60.0,32.5,SLIPPAGE_BASE,VALIDATION,51,1151.6100000000015,2.5220051807993284,22.580588235294147
FIRST_TRIANGLE_GOLD_EVIDENCE_XAUUSD_1751328000,321,57.5,60.0,32.5,SLIPPAGE_BASE,LOCKED_OOS,65,759.8599999999979,1.8094467051579741,11.690153846153812
FIRST_TRIANGLE_GOLD_EVIDENCE_XAUUSD_1751328000,321,57.5,60.0,32.5,SLIPPAGE_BASE,H1,138,1478.8699999999994,1.8467087672691682,10.716449275362315
FIRST_TRIANGLE_GOLD_EVIDENCE_XAUUSD_1751328000,321,57.5,60.0,32.5,SLIPPAGE_BASE,H2,65,759.8599999999979,1.8094467051579741,11.690153846153812
FIRST_TRIANGLE_GOLD_EVIDENCE_XAUUSD_1751328000,321,57.5,60.0,32.5,SLIPPAGE_BASE,ALL,203,2238.7299999999973,1.8336827601616177,11.028226600985208
FIRST_TRIANGLE_GOLD_EVIDENCE_XAUUSD_1751328000,322,57.5,60.0,32.5,COMMISSION_PLUS_25,DEVELOPMENT,87,327.25999999999794,1.330575674010322,3.7616091954022752
FIRST_TRIANGLE_GOLD_EVIDENCE_XAUUSD_1751328000,322,57.5,60.0,32.5,COMMISSION_PLUS_25,VALIDATION,51,1151.6100000000015,2.5220051807993284,22.580588235294147
FIRST_TRIANGLE_GOLD_EVIDENCE_XAUUSD_1751328000,322,57.5,60.0,32.5,COMMISSION_PLUS_25,LOCKED_OOS,65,759.8599999999979,1.8094467051579741,11.690153846153812
FIRST_TRIANGLE_GOLD_EVIDENCE_XAUUSD_1751328000,322,57.5,60.0,32.5,COMMISSION_PLUS_25,H1,138,1478.8699999999994,1.8467087672691682,10.716449275362315
FIRST_TRIANGLE_GOLD_EVIDENCE_XAUUSD_1751328000,322,57.5,60.0,32.5,COMMISSION_PLUS_25,H2,65,759.8599999999979,1.8094467051579741,11.690153846153812
FIRST_TRIANGLE_GOLD_EVIDENCE_XAUUSD_1751328000,322,57.5,60.0,32.5,COMMISSION_PLUS_25,ALL,203,2238.7299999999973,1.8336827601616177,11.028226600985208
FIRST_TRIANGLE_GOLD_EVIDENCE_XAUUSD_1751328000,323,57.5,60.0,32.5,COMBINED_STRESS,DEVELOPMENT,87,327.25999999999794,1.330575674010322,3.7616091954022752
FIRST_TRIANGLE_GOLD_EVIDENCE_XAUUSD_1751328000,323,57.5,60.0,32.5,COMBINED_STRESS,VALIDATION,51,1151.6100000000015,2.5220051807993284,22.580588235294147
FIRST_TRIANGLE_GOLD_EVIDENCE_XAUUSD_1751328000,323,57.5,60.0,32.5,COMBINED_STRESS,LOCKED_OOS,65,759.8599999999979,1.8094467051579741,11.690153846153812
FIRST_TRIANGLE_GOLD_EVIDENCE_XAUUSD_1751328000,323,57.5,60.0,32.5,COMBINED_STRESS,H1,138,1478.8699999999994,1.8467087672691682,10.716449275362315
FIRST_TRIANGLE_GOLD_EVIDENCE_XAUUSD_1751328000,323,57.5,60.0,32.5,COMBINED_STRESS,H2,65,759.8599999999979,1.8094467051579741,11.690153846153812
FIRST_TRIANGLE_GOLD_EVIDENCE_XAUUSD_1751328000,323,57.5,60.0,32.5,COMBINED_STRESS,ALL,203,2238.7299999999973,1.8336827601616177,11.028226600985208
FIRST_TRIANGLE_GOLD_EVIDENCE_XAUUSD_1751328000,324,57.5,60.0,35.0,BASE,DEVELOPMENT,87,418.68999999999824,1.4381481597756347,4.8125287356321635
FIRST_TRIANGLE_GOLD_EVIDENCE_XAUUSD_1751328000,324,57.5,60.0,35.0,BASE,VALIDATION,51,1227.840000000002,2.622753224783258,24.075294117647097
FIRST_TRIANGLE_GOLD_EVIDENCE_XAUUSD_1751328000,324,57.5,60.0,35.0,BASE,LOCKED_OOS,65,779.0899999999983,1.8299316104565662,11.985999999999974
FIRST_TRIANGLE_GOLD_EVIDENCE_XAUUSD_1751328000,324,57.5,60.0,35.0,BASE,H1,138,1646.5300000000002,1.961628986759958,11.931376811594204
FIRST_TRIANGLE_GOLD_EVIDENCE_XAUUSD_1751328000,324,57.5,60.0,35.0,BASE,H2,65,779.0899999999983,1.8299316104565662,11.985999999999974
FIRST_TRIANGLE_GOLD_EVIDENCE_XAUUSD_1751328000,324,57.5,60.0,35.0,BASE,ALL,203,2425.6199999999985,1.914993379781741,11.948866995073884
FIRST_TRIANGLE_GOLD_EVIDENCE_XAUUSD_1751328000,325,57.5,60.0,35.0,SPREAD_PLUS_25,DEVELOPMENT,87,418.68999999999824,1.4381481597756347,4.8125287356321635
FIRST_TRIANGLE_GOLD_EVIDENCE_XAUUSD_1751328000,325,57.5,60.0,35.0,SPREAD_PLUS_25,VALIDATION,51,1227.840000000002,2.622753224783258,24.075294117647097
FIRST_TRIANGLE_GOLD_EVIDENCE_XAUUSD_1751328000,325,57.5,60.0,35.0,SPREAD_PLUS_25,LOCKED_OOS,65,779.0899999999983,1.8299316104565662,11.985999999999974
FIRST_TRIANGLE_GOLD_EVIDENCE_XAUUSD_1751328000,325,57.5,60.0,35.0,SPREAD_PLUS_25,H1,138,1646.5300000000002,1.961628986759958,11.931376811594204
FIRST_TRIANGLE_GOLD_EVIDENCE_XAUUSD_1751328000,325,57.5,60.0,35.0,SPREAD_PLUS_25,H2,65,779.0899999999983,1.8299316104565662,11.985999999999974
FIRST_TRIANGLE_GOLD_EVIDENCE_XAUUSD_1751328000,325,57.5,60.0,35.0,SPREAD_PLUS_25,ALL,203,2425.6199999999985,1.914993379781741,11.948866995073884
FIRST_TRIANGLE_GOLD_EVIDENCE_XAUUSD_1751328000,326,57.5,60.0,35.0,SPREAD_PLUS_50,DEVELOPMENT,87,418.68999999999824,1.4381481597756347,4.8125287356321635
FIRST_TRIANGLE_GOLD_EVIDENCE_XAUUSD_1751328000,326,57.5,60.0,35.0,SPREAD_PLUS_50,VALIDATION,51,1227.840000000002,2.622753224783258,24.075294117647097
FIRST_TRIANGLE_GOLD_EVIDENCE_XAUUSD_1751328000,326,57.5,60.0,35.0,SPREAD_PLUS_50,LOCKED_OOS,65,779.0899999999983,1.8299316104565662,11.985999999999974
FIRST_TRIANGLE_GOLD_EVIDENCE_XAUUSD_1751328000,326,57.5,60.0,35.0,SPREAD_PLUS_50,H1,138,1646.5300000000002,1.961628986759958,11.931376811594204
FIRST_TRIANGLE_GOLD_EVIDENCE_XAUUSD_1751328000,326,57.5,60.0,35.0,SPREAD_PLUS_50,H2,65,779.0899999999983,1.8299316104565662,11.985999999999974
FIRST_TRIANGLE_GOLD_EVIDENCE_XAUUSD_1751328000,326,57.5,60.0,35.0,SPREAD_PLUS_50,ALL,203,2425.6199999999985,1.914993379781741,11.948866995073884
FIRST_TRIANGLE_GOLD_EVIDENCE_XAUUSD_1751328000,327,57.5,60.0,35.0,SLIPPAGE_BASE,DEVELOPMENT,87,418.68999999999824,1.4381481597756347,4.8125287356321635
FIRST_TRIANGLE_GOLD_EVIDENCE_XAUUSD_1751328000,327,57.5,60.0,35.0,SLIPPAGE_BASE,VALIDATION,51,1227.840000000002,2.622753224783258,24.075294117647097
FIRST_TRIANGLE_GOLD_EVIDENCE_XAUUSD_1751328000,327,57.5,60.0,35.0,SLIPPAGE_BASE,LOCKED_OOS,65,779.0899999999983,1.8299316104565662,11.985999999999974
FIRST_TRIANGLE_GOLD_EVIDENCE_XAUUSD_1751328000,327,57.5,60.0,35.0,SLIPPAGE_BASE,H1,138,1646.5300000000002,1.961628986759958,11.931376811594204
FIRST_TRIANGLE_GOLD_EVIDENCE_XAUUSD_1751328000,327,57.5,60.0,35.0,SLIPPAGE_BASE,H2,65,779.0899999999983,1.8299316104565662,11.985999999999974
FIRST_TRIANGLE_GOLD_EVIDENCE_XAUUSD_1751328000,327,57.5,60.0,35.0,SLIPPAGE_BASE,ALL,203,2425.6199999999985,1.914993379781741,11.948866995073884
FIRST_TRIANGLE_GOLD_EVIDENCE_XAUUSD_1751328000,328,57.5,60.0,35.0,COMMISSION_PLUS_25,DEVELOPMENT,87,418.68999999999824,1.4381481597756347,4.8125287356321635
FIRST_TRIANGLE_GOLD_EVIDENCE_XAUUSD_1751328000,328,57.5,60.0,35.0,COMMISSION_PLUS_25,VALIDATION,51,1227.840000000002,2.622753224783258,24.075294117647097
FIRST_TRIANGLE_GOLD_EVIDENCE_XAUUSD_1751328000,328,57.5,60.0,35.0,COMMISSION_PLUS_25,LOCKED_OOS,65,779.0899999999983,1.8299316104565662,11.985999999999974
FIRST_TRIANGLE_GOLD_EVIDENCE_XAUUSD_1751328000,328,57.5,60.0,35.0,COMMISSION_PLUS_25,H1,138,1646.5300000000002,1.961628986759958,11.931376811594204
FIRST_TRIANGLE_GOLD_EVIDENCE_XAUUSD_1751328000,328,57.5,60.0,35.0,COMMISSION_PLUS_25,H2,65,779.0899999999983,1.8299316104565662,11.985999999999974
FIRST_TRIANGLE_GOLD_EVIDENCE_XAUUSD_1751328000,328,57.5,60.0,35.0,COMMISSION_PLUS_25,ALL,203,2425.6199999999985,1.914993379781741,11.948866995073884
FIRST_TRIANGLE_GOLD_EVIDENCE_XAUUSD_1751328000,329,57.5,60.0,35.0,COMBINED_STRESS,DEVELOPMENT,87,418.68999999999824,1.4381481597756347,4.8125287356321635
FIRST_TRIANGLE_GOLD_EVIDENCE_XAUUSD_1751328000,329,57.5,60.0,35.0,COMBINED_STRESS,VALIDATION,51,1227.840000000002,2.622753224783258,24.075294117647097
FIRST_TRIANGLE_GOLD_EVIDENCE_XAUUSD_1751328000,329,57.5,60.0,35.0,COMBINED_STRESS,LOCKED_OOS,65,779.0899999999983,1.8299316104565662,11.985999999999974
FIRST_TRIANGLE_GOLD_EVIDENCE_XAUUSD_1751328000,329,57.5,60.0,35.0,COMBINED_STRESS,H1,138,1646.5300000000002,1.961628986759958,11.931376811594204
FIRST_TRIANGLE_GOLD_EVIDENCE_XAUUSD_1751328000,329,57.5,60.0,35.0,COMBINED_STRESS,H2,65,779.0899999999983,1.8299316104565662,11.985999999999974
FIRST_TRIANGLE_GOLD_EVIDENCE_XAUUSD_1751328000,329,57.5,60.0,35.0,COMBINED_STRESS,ALL,203,2425.6199999999985,1.914993379781741,11.948866995073884
FIRST_TRIANGLE_GOLD_EVIDENCE_XAUUSD_1751328000,330,57.5,60.0,37.5,BASE,DEVELOPMENT,87,643.4099999999985,1.6733117759708656,7.395517241379293
FIRST_TRIANGLE_GOLD_EVIDENCE_XAUUSD_1751328000,330,57.5,60.0,37.5,BASE,VALIDATION,51,1155.340000000002,2.5269348699513694,22.653725490196116
FIRST_TRIANGLE_GOLD_EVIDENCE_XAUUSD_1751328000,330,57.5,60.0,37.5,BASE,LOCKED_OOS,65,781.409999999998,1.8324030082877012,12.021692307692277
FIRST_TRIANGLE_GOLD_EVIDENCE_XAUUSD_1751328000,330,57.5,60.0,37.5,BASE,H1,138,1798.7500000000005,2.0505305946046986,13.034420289855076
FIRST_TRIANGLE_GOLD_EVIDENCE_XAUUSD_1751328000,330,57.5,60.0,37.5,BASE,H2,65,781.409999999998,1.8324030082877012,12.021692307692277
FIRST_TRIANGLE_GOLD_EVIDENCE_XAUUSD_1751328000,330,57.5,60.0,37.5,BASE,ALL,203,2580.1599999999985,1.9732890225087423,12.710147783251225
FIRST_TRIANGLE_GOLD_EVIDENCE_XAUUSD_1751328000,331,57.5,60.0,37.5,SPREAD_PLUS_25,DEVELOPMENT,87,643.4099999999985,1.6733117759708656,7.395517241379293
FIRST_TRIANGLE_GOLD_EVIDENCE_XAUUSD_1751328000,331,57.5,60.0,37.5,SPREAD_PLUS_25,VALIDATION,51,1155.340000000002,2.5269348699513694,22.653725490196116
FIRST_TRIANGLE_GOLD_EVIDENCE_XAUUSD_1751328000,331,57.5,60.0,37.5,SPREAD_PLUS_25,LOCKED_OOS,65,781.409999999998,1.8324030082877012,12.021692307692277
FIRST_TRIANGLE_GOLD_EVIDENCE_XAUUSD_1751328000,331,57.5,60.0,37.5,SPREAD_PLUS_25,H1,138,1798.7500000000005,2.0505305946046986,13.034420289855076
FIRST_TRIANGLE_GOLD_EVIDENCE_XAUUSD_1751328000,331,57.5,60.0,37.5,SPREAD_PLUS_25,H2,65,781.409999999998,1.8324030082877012,12.021692307692277
FIRST_TRIANGLE_GOLD_EVIDENCE_XAUUSD_1751328000,331,57.5,60.0,37.5,SPREAD_PLUS_25,ALL,203,2580.1599999999985,1.9732890225087423,12.710147783251225
FIRST_TRIANGLE_GOLD_EVIDENCE_XAUUSD_1751328000,332,57.5,60.0,37.5,SPREAD_PLUS_50,DEVELOPMENT,87,643.4099999999985,1.6733117759708656,7.395517241379293
FIRST_TRIANGLE_GOLD_EVIDENCE_XAUUSD_1751328000,332,57.5,60.0,37.5,SPREAD_PLUS_50,VALIDATION,51,1155.340000000002,2.5269348699513694,22.653725490196116
FIRST_TRIANGLE_GOLD_EVIDENCE_XAUUSD_1751328000,332,57.5,60.0,37.5,SPREAD_PLUS_50,LOCKED_OOS,65,781.409999999998,1.8324030082877012,12.021692307692277
FIRST_TRIANGLE_GOLD_EVIDENCE_XAUUSD_1751328000,332,57.5,60.0,37.5,SPREAD_PLUS_50,H1,138,1798.7500000000005,2.0505305946046986,13.034420289855076
FIRST_TRIANGLE_GOLD_EVIDENCE_XAUUSD_1751328000,332,57.5,60.0,37.5,SPREAD_PLUS_50,H2,65,781.409999999998,1.8324030082877012,12.021692307692277
FIRST_TRIANGLE_GOLD_EVIDENCE_XAUUSD_1751328000,332,57.5,60.0,37.5,SPREAD_PLUS_50,ALL,203,2580.1599999999985,1.9732890225087423,12.710147783251225
FIRST_TRIANGLE_GOLD_EVIDENCE_XAUUSD_1751328000,333,57.5,60.0,37.5,SLIPPAGE_BASE,DEVELOPMENT,87,643.4099999999985,1.6733117759708656,7.395517241379293
FIRST_TRIANGLE_GOLD_EVIDENCE_XAUUSD_1751328000,333,57.5,60.0,37.5,SLIPPAGE_BASE,VALIDATION,51,1155.340000000002,2.5269348699513694,22.653725490196116
FIRST_TRIANGLE_GOLD_EVIDENCE_XAUUSD_1751328000,333,57.5,60.0,37.5,SLIPPAGE_BASE,LOCKED_OOS,65,781.409999999998,1.8324030082877012,12.021692307692277
FIRST_TRIANGLE_GOLD_EVIDENCE_XAUUSD_1751328000,333,57.5,60.0,37.5,SLIPPAGE_BASE,H1,138,1798.7500000000005,2.0505305946046986,13.034420289855076
FIRST_TRIANGLE_GOLD_EVIDENCE_XAUUSD_1751328000,333,57.5,60.0,37.5,SLIPPAGE_BASE,H2,65,781.409999999998,1.8324030082877012,12.021692307692277
FIRST_TRIANGLE_GOLD_EVIDENCE_XAUUSD_1751328000,333,57.5,60.0,37.5,SLIPPAGE_BASE,ALL,203,2580.1599999999985,1.9732890225087423,12.710147783251225
FIRST_TRIANGLE_GOLD_EVIDENCE_XAUUSD_1751328000,334,57.5,60.0,37.5,COMMISSION_PLUS_25,DEVELOPMENT,87,643.4099999999985,1.6733117759708656,7.395517241379293
FIRST_TRIANGLE_GOLD_EVIDENCE_XAUUSD_1751328000,334,57.5,60.0,37.5,COMMISSION_PLUS_25,VALIDATION,51,1155.340000000002,2.5269348699513694,22.653725490196116
FIRST_TRIANGLE_GOLD_EVIDENCE_XAUUSD_1751328000,334,57.5,60.0,37.5,COMMISSION_PLUS_25,LOCKED_OOS,65,781.409999999998,1.8324030082877012,12.021692307692277
FIRST_TRIANGLE_GOLD_EVIDENCE_XAUUSD_1751328000,334,57.5,60.0,37.5,COMMISSION_PLUS_25,H1,138,1798.7500000000005,2.0505305946046986,13.034420289855076
FIRST_TRIANGLE_GOLD_EVIDENCE_XAUUSD_1751328000,334,57.5,60.0,37.5,COMMISSION_PLUS_25,H2,65,781.409999999998,1.8324030082877012,12.021692307692277
FIRST_TRIANGLE_GOLD_EVIDENCE_XAUUSD_1751328000,334,57.5,60.0,37.5,COMMISSION_PLUS_25,ALL,203,2580.1599999999985,1.9732890225087423,12.710147783251225
FIRST_TRIANGLE_GOLD_EVIDENCE_XAUUSD_1751328000,335,57.5,60.0,37.5,COMBINED_STRESS,DEVELOPMENT,87,643.4099999999985,1.6733117759708656,7.395517241379293
FIRST_TRIANGLE_GOLD_EVIDENCE_XAUUSD_1751328000,335,57.5,60.0,37.5,COMBINED_STRESS,VALIDATION,51,1155.340000000002,2.5269348699513694,22.653725490196116
FIRST_TRIANGLE_GOLD_EVIDENCE_XAUUSD_1751328000,335,57.5,60.0,37.5,COMBINED_STRESS,LOCKED_OOS,65,781.409999999998,1.8324030082877012,12.021692307692277
FIRST_TRIANGLE_GOLD_EVIDENCE_XAUUSD_1751328000,335,57.5,60.0,37.5,COMBINED_STRESS,H1,138,1798.7500000000005,2.0505305946046986,13.034420289855076
FIRST_TRIANGLE_GOLD_EVIDENCE_XAUUSD_1751328000,335,57.5,60.0,37.5,COMBINED_STRESS,H2,65,781.409999999998,1.8324030082877012,12.021692307692277
FIRST_TRIANGLE_GOLD_EVIDENCE_XAUUSD_1751328000,335,57.5,60.0,37.5,COMBINED_STRESS,ALL,203,2580.1599999999985,1.9732890225087423,12.710147783251225
FIRST_TRIANGLE_GOLD_EVIDENCE_XAUUSD_1751328000,336,57.5,62.5,22.5,BASE,DEVELOPMENT,85,167.04999999999973,1.157563124286698,1.9652941176470555
FIRST_TRIANGLE_GOLD_EVIDENCE_XAUUSD_1751328000,336,57.5,62.5,22.5,BASE,VALIDATION,50,1009.8899999999994,2.3068780329990304,20.197799999999987
FIRST_TRIANGLE_GOLD_EVIDENCE_XAUUSD_1751328000,336,57.5,62.5,22.5,BASE,LOCKED_OOS,64,687.7499999999986,1.7502290775809384,10.746093749999979
FIRST_TRIANGLE_GOLD_EVIDENCE_XAUUSD_1751328000,336,57.5,62.5,22.5,BASE,H1,135,1176.9399999999991,1.6420980272346373,8.718074074074067
FIRST_TRIANGLE_GOLD_EVIDENCE_XAUUSD_1751328000,336,57.5,62.5,22.5,BASE,H2,64,687.7499999999986,1.7502290775809384,10.746093749999979
FIRST_TRIANGLE_GOLD_EVIDENCE_XAUUSD_1751328000,336,57.5,62.5,22.5,BASE,ALL,199,1864.6899999999978,1.678148002676675,9.370301507537677
FIRST_TRIANGLE_GOLD_EVIDENCE_XAUUSD_1751328000,337,57.5,62.5,22.5,SPREAD_PLUS_25,DEVELOPMENT,85,167.04999999999973,1.157563124286698,1.9652941176470555
FIRST_TRIANGLE_GOLD_EVIDENCE_XAUUSD_1751328000,337,57.5,62.5,22.5,SPREAD_PLUS_25,VALIDATION,50,1009.8899999999994,2.3068780329990304,20.197799999999987
FIRST_TRIANGLE_GOLD_EVIDENCE_XAUUSD_1751328000,337,57.5,62.5,22.5,SPREAD_PLUS_25,LOCKED_OOS,64,687.7499999999986,1.7502290775809384,10.746093749999979
FIRST_TRIANGLE_GOLD_EVIDENCE_XAUUSD_1751328000,337,57.5,62.5,22.5,SPREAD_PLUS_25,H1,135,1176.9399999999991,1.6420980272346373,8.718074074074067
FIRST_TRIANGLE_GOLD_EVIDENCE_XAUUSD_1751328000,337,57.5,62.5,22.5,SPREAD_PLUS_25,H2,64,687.7499999999986,1.7502290775809384,10.746093749999979
FIRST_TRIANGLE_GOLD_EVIDENCE_XAUUSD_1751328000,337,57.5,62.5,22.5,SPREAD_PLUS_25,ALL,199,1864.6899999999978,1.678148002676675,9.370301507537677
FIRST_TRIANGLE_GOLD_EVIDENCE_XAUUSD_1751328000,338,57.5,62.5,22.5,SPREAD_PLUS_50,DEVELOPMENT,85,167.04999999999973,1.157563124286698,1.9652941176470555
FIRST_TRIANGLE_GOLD_EVIDENCE_XAUUSD_1751328000,338,57.5,62.5,22.5,SPREAD_PLUS_50,VALIDATION,50,1009.8899999999994,2.3068780329990304,20.197799999999987
FIRST_TRIANGLE_GOLD_EVIDENCE_XAUUSD_1751328000,338,57.5,62.5,22.5,SPREAD_PLUS_50,LOCKED_OOS,64,687.7499999999986,1.7502290775809384,10.746093749999979
FIRST_TRIANGLE_GOLD_EVIDENCE_XAUUSD_1751328000,338,57.5,62.5,22.5,SPREAD_PLUS_50,H1,135,1176.9399999999991,1.6420980272346373,8.718074074074067
FIRST_TRIANGLE_GOLD_EVIDENCE_XAUUSD_1751328000,338,57.5,62.5,22.5,SPREAD_PLUS_50,H2,64,687.7499999999986,1.7502290775809384,10.746093749999979
FIRST_TRIANGLE_GOLD_EVIDENCE_XAUUSD_1751328000,338,57.5,62.5,22.5,SPREAD_PLUS_50,ALL,199,1864.6899999999978,1.678148002676675,9.370301507537677
FIRST_TRIANGLE_GOLD_EVIDENCE_XAUUSD_1751328000,339,57.5,62.5,22.5,SLIPPAGE_BASE,DEVELOPMENT,85,167.04999999999973,1.157563124286698,1.9652941176470555
FIRST_TRIANGLE_GOLD_EVIDENCE_XAUUSD_1751328000,339,57.5,62.5,22.5,SLIPPAGE_BASE,VALIDATION,50,1009.8899999999994,2.3068780329990304,20.197799999999987
FIRST_TRIANGLE_GOLD_EVIDENCE_XAUUSD_1751328000,339,57.5,62.5,22.5,SLIPPAGE_BASE,LOCKED_OOS,64,687.7499999999986,1.7502290775809384,10.746093749999979
FIRST_TRIANGLE_GOLD_EVIDENCE_XAUUSD_1751328000,339,57.5,62.5,22.5,SLIPPAGE_BASE,H1,135,1176.9399999999991,1.6420980272346373,8.718074074074067
FIRST_TRIANGLE_GOLD_EVIDENCE_XAUUSD_1751328000,339,57.5,62.5,22.5,SLIPPAGE_BASE,H2,64,687.7499999999986,1.7502290775809384,10.746093749999979
FIRST_TRIANGLE_GOLD_EVIDENCE_XAUUSD_1751328000,339,57.5,62.5,22.5,SLIPPAGE_BASE,ALL,199,1864.6899999999978,1.678148002676675,9.370301507537677
FIRST_TRIANGLE_GOLD_EVIDENCE_XAUUSD_1751328000,340,57.5,62.5,22.5,COMMISSION_PLUS_25,DEVELOPMENT,85,167.04999999999973,1.157563124286698,1.9652941176470555
FIRST_TRIANGLE_GOLD_EVIDENCE_XAUUSD_1751328000,340,57.5,62.5,22.5,COMMISSION_PLUS_25,VALIDATION,50,1009.8899999999994,2.3068780329990304,20.197799999999987
FIRST_TRIANGLE_GOLD_EVIDENCE_XAUUSD_1751328000,340,57.5,62.5,22.5,COMMISSION_PLUS_25,LOCKED_OOS,64,687.7499999999986,1.7502290775809384,10.746093749999979
FIRST_TRIANGLE_GOLD_EVIDENCE_XAUUSD_1751328000,340,57.5,62.5,22.5,COMMISSION_PLUS_25,H1,135,1176.9399999999991,1.6420980272346373,8.718074074074067
FIRST_TRIANGLE_GOLD_EVIDENCE_XAUUSD_1751328000,340,57.5,62.5,22.5,COMMISSION_PLUS_25,H2,64,687.7499999999986,1.7502290775809384,10.746093749999979
FIRST_TRIANGLE_GOLD_EVIDENCE_XAUUSD_1751328000,340,57.5,62.5,22.5,COMMISSION_PLUS_25,ALL,199,1864.6899999999978,1.678148002676675,9.370301507537677
FIRST_TRIANGLE_GOLD_EVIDENCE_XAUUSD_1751328000,341,57.5,62.5,22.5,COMBINED_STRESS,DEVELOPMENT,85,167.04999999999973,1.157563124286698,1.9652941176470555
FIRST_TRIANGLE_GOLD_EVIDENCE_XAUUSD_1751328000,341,57.5,62.5,22.5,COMBINED_STRESS,VALIDATION,50,1009.8899999999994,2.3068780329990304,20.197799999999987
FIRST_TRIANGLE_GOLD_EVIDENCE_XAUUSD_1751328000,341,57.5,62.5,22.5,COMBINED_STRESS,LOCKED_OOS,64,687.7499999999986,1.7502290775809384,10.746093749999979
FIRST_TRIANGLE_GOLD_EVIDENCE_XAUUSD_1751328000,341,57.5,62.5,22.5,COMBINED_STRESS,H1,135,1176.9399999999991,1.6420980272346373,8.718074074074067
FIRST_TRIANGLE_GOLD_EVIDENCE_XAUUSD_1751328000,341,57.5,62.5,22.5,COMBINED_STRESS,H2,64,687.7499999999986,1.7502290775809384,10.746093749999979
FIRST_TRIANGLE_GOLD_EVIDENCE_XAUUSD_1751328000,341,57.5,62.5,22.5,COMBINED_STRESS,ALL,199,1864.6899999999978,1.678148002676675,9.370301507537677
FIRST_TRIANGLE_GOLD_EVIDENCE_XAUUSD_1751328000,342,57.5,62.5,25.0,BASE,DEVELOPMENT,85,309.1799999999994,1.3092356624192354,3.6374117647058752
FIRST_TRIANGLE_GOLD_EVIDENCE_XAUUSD_1751328000,342,57.5,62.5,25.0,BASE,VALIDATION,50,1023.3500000000004,2.324296344225172,20.467000000000006
FIRST_TRIANGLE_GOLD_EVIDENCE_XAUUSD_1751328000,342,57.5,62.5,25.0,BASE,LOCKED_OOS,64,692.2399999999984,1.755126974430576,10.816249999999975
FIRST_TRIANGLE_GOLD_EVIDENCE_XAUUSD_1751328000,342,57.5,62.5,25.0,BASE,H1,135,1332.5299999999997,1.7517502834866898,9.87059259259259
FIRST_TRIANGLE_GOLD_EVIDENCE_XAUUSD_1751328000,342,57.5,62.5,25.0,BASE,H2,64,692.2399999999984,1.755126974430576,10.816249999999975
FIRST_TRIANGLE_GOLD_EVIDENCE_XAUUSD_1751328000,342,57.5,62.5,25.0,BASE,ALL,199,2024.7699999999982,1.7529013233976254,10.174723618090443
FIRST_TRIANGLE_GOLD_EVIDENCE_XAUUSD_1751328000,343,57.5,62.5,25.0,SPREAD_PLUS_25,DEVELOPMENT,85,309.1799999999994,1.3092356624192354,3.6374117647058752
FIRST_TRIANGLE_GOLD_EVIDENCE_XAUUSD_1751328000,343,57.5,62.5,25.0,SPREAD_PLUS_25,VALIDATION,50,1023.3500000000004,2.324296344225172,20.467000000000006
FIRST_TRIANGLE_GOLD_EVIDENCE_XAUUSD_1751328000,343,57.5,62.5,25.0,SPREAD_PLUS_25,LOCKED_OOS,64,692.2399999999984,1.755126974430576,10.816249999999975
FIRST_TRIANGLE_GOLD_EVIDENCE_XAUUSD_1751328000,343,57.5,62.5,25.0,SPREAD_PLUS_25,H1,135,1332.5299999999997,1.7517502834866898,9.87059259259259
FIRST_TRIANGLE_GOLD_EVIDENCE_XAUUSD_1751328000,343,57.5,62.5,25.0,SPREAD_PLUS_25,H2,64,692.2399999999984,1.755126974430576,10.816249999999975
FIRST_TRIANGLE_GOLD_EVIDENCE_XAUUSD_1751328000,343,57.5,62.5,25.0,SPREAD_PLUS_25,ALL,199,2024.7699999999982,1.7529013233976254,10.174723618090443
FIRST_TRIANGLE_GOLD_EVIDENCE_XAUUSD_1751328000,344,57.5,62.5,25.0,SPREAD_PLUS_50,DEVELOPMENT,85,309.1799999999994,1.3092356624192354,3.6374117647058752
FIRST_TRIANGLE_GOLD_EVIDENCE_XAUUSD_1751328000,344,57.5,62.5,25.0,SPREAD_PLUS_50,VALIDATION,50,1023.3500000000004,2.324296344225172,20.467000000000006
FIRST_TRIANGLE_GOLD_EVIDENCE_XAUUSD_1751328000,344,57.5,62.5,25.0,SPREAD_PLUS_50,LOCKED_OOS,64,692.2399999999984,1.755126974430576,10.816249999999975
FIRST_TRIANGLE_GOLD_EVIDENCE_XAUUSD_1751328000,344,57.5,62.5,25.0,SPREAD_PLUS_50,H1,135,1332.5299999999997,1.7517502834866898,9.87059259259259
FIRST_TRIANGLE_GOLD_EVIDENCE_XAUUSD_1751328000,344,57.5,62.5,25.0,SPREAD_PLUS_50,H2,64,692.2399999999984,1.755126974430576,10.816249999999975
FIRST_TRIANGLE_GOLD_EVIDENCE_XAUUSD_1751328000,344,57.5,62.5,25.0,SPREAD_PLUS_50,ALL,199,2024.7699999999982,1.7529013233976254,10.174723618090443
FIRST_TRIANGLE_GOLD_EVIDENCE_XAUUSD_1751328000,345,57.5,62.5,25.0,SLIPPAGE_BASE,DEVELOPMENT,85,309.1799999999994,1.3092356624192354,3.6374117647058752
FIRST_TRIANGLE_GOLD_EVIDENCE_XAUUSD_1751328000,345,57.5,62.5,25.0,SLIPPAGE_BASE,VALIDATION,50,1023.3500000000004,2.324296344225172,20.467000000000006
FIRST_TRIANGLE_GOLD_EVIDENCE_XAUUSD_1751328000,345,57.5,62.5,25.0,SLIPPAGE_BASE,LOCKED_OOS,64,692.2399999999984,1.755126974430576,10.816249999999975
FIRST_TRIANGLE_GOLD_EVIDENCE_XAUUSD_1751328000,345,57.5,62.5,25.0,SLIPPAGE_BASE,H1,135,1332.5299999999997,1.7517502834866898,9.87059259259259
FIRST_TRIANGLE_GOLD_EVIDENCE_XAUUSD_1751328000,345,57.5,62.5,25.0,SLIPPAGE_BASE,H2,64,692.2399999999984,1.755126974430576,10.816249999999975
FIRST_TRIANGLE_GOLD_EVIDENCE_XAUUSD_1751328000,345,57.5,62.5,25.0,SLIPPAGE_BASE,ALL,199,2024.7699999999982,1.7529013233976254,10.174723618090443
FIRST_TRIANGLE_GOLD_EVIDENCE_XAUUSD_1751328000,346,57.5,62.5,25.0,COMMISSION_PLUS_25,DEVELOPMENT,85,309.1799999999994,1.3092356624192354,3.6374117647058752
FIRST_TRIANGLE_GOLD_EVIDENCE_XAUUSD_1751328000,346,57.5,62.5,25.0,COMMISSION_PLUS_25,VALIDATION,50,1023.3500000000004,2.324296344225172,20.467000000000006
FIRST_TRIANGLE_GOLD_EVIDENCE_XAUUSD_1751328000,346,57.5,62.5,25.0,COMMISSION_PLUS_25,LOCKED_OOS,64,692.2399999999984,1.755126974430576,10.816249999999975
FIRST_TRIANGLE_GOLD_EVIDENCE_XAUUSD_1751328000,346,57.5,62.5,25.0,COMMISSION_PLUS_25,H1,135,1332.5299999999997,1.7517502834866898,9.87059259259259
FIRST_TRIANGLE_GOLD_EVIDENCE_XAUUSD_1751328000,346,57.5,62.5,25.0,COMMISSION_PLUS_25,H2,64,692.2399999999984,1.755126974430576,10.816249999999975
FIRST_TRIANGLE_GOLD_EVIDENCE_XAUUSD_1751328000,346,57.5,62.5,25.0,COMMISSION_PLUS_25,ALL,199,2024.7699999999982,1.7529013233976254,10.174723618090443
FIRST_TRIANGLE_GOLD_EVIDENCE_XAUUSD_1751328000,347,57.5,62.5,25.0,COMBINED_STRESS,DEVELOPMENT,85,309.1799999999994,1.3092356624192354,3.6374117647058752
FIRST_TRIANGLE_GOLD_EVIDENCE_XAUUSD_1751328000,347,57.5,62.5,25.0,COMBINED_STRESS,VALIDATION,50,1023.3500000000004,2.324296344225172,20.467000000000006
FIRST_TRIANGLE_GOLD_EVIDENCE_XAUUSD_1751328000,347,57.5,62.5,25.0,COMBINED_STRESS,LOCKED_OOS,64,692.2399999999984,1.755126974430576,10.816249999999975
FIRST_TRIANGLE_GOLD_EVIDENCE_XAUUSD_1751328000,347,57.5,62.5,25.0,COMBINED_STRESS,H1,135,1332.5299999999997,1.7517502834866898,9.87059259259259
FIRST_TRIANGLE_GOLD_EVIDENCE_XAUUSD_1751328000,347,57.5,62.5,25.0,COMBINED_STRESS,H2,64,692.2399999999984,1.755126974430576,10.816249999999975
FIRST_TRIANGLE_GOLD_EVIDENCE_XAUUSD_1751328000,347,57.5,62.5,25.0,COMBINED_STRESS,ALL,199,2024.7699999999982,1.7529013233976254,10.174723618090443
FIRST_TRIANGLE_GOLD_EVIDENCE_XAUUSD_1751328000,348,57.5,62.5,27.5,BASE,DEVELOPMENT,85,274.1799999999994,1.274229361285031,3.225647058823522
FIRST_TRIANGLE_GOLD_EVIDENCE_XAUUSD_1751328000,348,57.5,62.5,27.5,BASE,VALIDATION,50,955.8500000000004,2.2369459721772906,19.117000000000008
FIRST_TRIANGLE_GOLD_EVIDENCE_XAUUSD_1751328000,348,57.5,62.5,27.5,BASE,LOCKED_OOS,64,706.6399999999985,1.7708351514093699,11.041249999999977
FIRST_TRIANGLE_GOLD_EVIDENCE_XAUUSD_1751328000,348,57.5,62.5,27.5,BASE,H1,135,1230.0299999999997,1.6939246404937471,9.11133333333333
FIRST_TRIANGLE_GOLD_EVIDENCE_XAUUSD_1751328000,348,57.5,62.5,27.5,BASE,H2,64,706.6399999999985,1.7708351514093699,11.041249999999977
FIRST_TRIANGLE_GOLD_EVIDENCE_XAUUSD_1751328000,348,57.5,62.5,27.5,BASE,ALL,199,1936.6699999999983,1.7201417474500704,9.732010050251247
FIRST_TRIANGLE_GOLD_EVIDENCE_XAUUSD_1751328000,349,57.5,62.5,27.5,SPREAD_PLUS_25,DEVELOPMENT,85,274.1799999999994,1.274229361285031,3.225647058823522
FIRST_TRIANGLE_GOLD_EVIDENCE_XAUUSD_1751328000,349,57.5,62.5,27.5,SPREAD_PLUS_25,VALIDATION,50,955.8500000000004,2.2369459721772906,19.117000000000008
FIRST_TRIANGLE_GOLD_EVIDENCE_XAUUSD_1751328000,349,57.5,62.5,27.5,SPREAD_PLUS_25,LOCKED_OOS,64,706.6399999999985,1.7708351514093699,11.041249999999977
FIRST_TRIANGLE_GOLD_EVIDENCE_XAUUSD_1751328000,349,57.5,62.5,27.5,SPREAD_PLUS_25,H1,135,1230.0299999999997,1.6939246404937471,9.11133333333333
FIRST_TRIANGLE_GOLD_EVIDENCE_XAUUSD_1751328000,349,57.5,62.5,27.5,SPREAD_PLUS_25,H2,64,706.6399999999985,1.7708351514093699,11.041249999999977
FIRST_TRIANGLE_GOLD_EVIDENCE_XAUUSD_1751328000,349,57.5,62.5,27.5,SPREAD_PLUS_25,ALL,199,1936.6699999999983,1.7201417474500704,9.732010050251247
FIRST_TRIANGLE_GOLD_EVIDENCE_XAUUSD_1751328000,350,57.5,62.5,27.5,SPREAD_PLUS_50,DEVELOPMENT,85,274.1799999999994,1.274229361285031,3.225647058823522
FIRST_TRIANGLE_GOLD_EVIDENCE_XAUUSD_1751328000,350,57.5,62.5,27.5,SPREAD_PLUS_50,VALIDATION,50,955.8500000000004,2.2369459721772906,19.117000000000008
FIRST_TRIANGLE_GOLD_EVIDENCE_XAUUSD_1751328000,350,57.5,62.5,27.5,SPREAD_PLUS_50,LOCKED_OOS,64,706.6399999999985,1.7708351514093699,11.041249999999977
FIRST_TRIANGLE_GOLD_EVIDENCE_XAUUSD_1751328000,350,57.5,62.5,27.5,SPREAD_PLUS_50,H1,135,1230.0299999999997,1.6939246404937471,9.11133333333333
FIRST_TRIANGLE_GOLD_EVIDENCE_XAUUSD_1751328000,350,57.5,62.5,27.5,SPREAD_PLUS_50,H2,64,706.6399999999985,1.7708351514093699,11.041249999999977
FIRST_TRIANGLE_GOLD_EVIDENCE_XAUUSD_1751328000,350,57.5,62.5,27.5,SPREAD_PLUS_50,ALL,199,1936.6699999999983,1.7201417474500704,9.732010050251247
FIRST_TRIANGLE_GOLD_EVIDENCE_XAUUSD_1751328000,351,57.5,62.5,27.5,SLIPPAGE_BASE,DEVELOPMENT,85,274.1799999999994,1.274229361285031,3.225647058823522
FIRST_TRIANGLE_GOLD_EVIDENCE_XAUUSD_1751328000,351,57.5,62.5,27.5,SLIPPAGE_BASE,VALIDATION,50,955.8500000000004,2.2369459721772906,19.117000000000008
FIRST_TRIANGLE_GOLD_EVIDENCE_XAUUSD_1751328000,351,57.5,62.5,27.5,SLIPPAGE_BASE,LOCKED_OOS,64,706.6399999999985,1.7708351514093699,11.041249999999977
FIRST_TRIANGLE_GOLD_EVIDENCE_XAUUSD_1751328000,351,57.5,62.5,27.5,SLIPPAGE_BASE,H1,135,1230.0299999999997,1.6939246404937471,9.11133333333333
FIRST_TRIANGLE_GOLD_EVIDENCE_XAUUSD_1751328000,351,57.5,62.5,27.5,SLIPPAGE_BASE,H2,64,706.6399999999985,1.7708351514093699,11.041249999999977
FIRST_TRIANGLE_GOLD_EVIDENCE_XAUUSD_1751328000,351,57.5,62.5,27.5,SLIPPAGE_BASE,ALL,199,1936.6699999999983,1.7201417474500704,9.732010050251247
FIRST_TRIANGLE_GOLD_EVIDENCE_XAUUSD_1751328000,352,57.5,62.5,27.5,COMMISSION_PLUS_25,DEVELOPMENT,85,274.1799999999994,1.274229361285031,3.225647058823522
FIRST_TRIANGLE_GOLD_EVIDENCE_XAUUSD_1751328000,352,57.5,62.5,27.5,COMMISSION_PLUS_25,VALIDATION,50,955.8500000000004,2.2369459721772906,19.117000000000008
FIRST_TRIANGLE_GOLD_EVIDENCE_XAUUSD_1751328000,352,57.5,62.5,27.5,COMMISSION_PLUS_25,LOCKED_OOS,64,706.6399999999985,1.7708351514093699,11.041249999999977
FIRST_TRIANGLE_GOLD_EVIDENCE_XAUUSD_1751328000,352,57.5,62.5,27.5,COMMISSION_PLUS_25,H1,135,1230.0299999999997,1.6939246404937471,9.11133333333333
FIRST_TRIANGLE_GOLD_EVIDENCE_XAUUSD_1751328000,352,57.5,62.5,27.5,COMMISSION_PLUS_25,H2,64,706.6399999999985,1.7708351514093699,11.041249999999977
FIRST_TRIANGLE_GOLD_EVIDENCE_XAUUSD_1751328000,352,57.5,62.5,27.5,COMMISSION_PLUS_25,ALL,199,1936.6699999999983,1.7201417474500704,9.732010050251247
FIRST_TRIANGLE_GOLD_EVIDENCE_XAUUSD_1751328000,353,57.5,62.5,27.5,COMBINED_STRESS,DEVELOPMENT,85,274.1799999999994,1.274229361285031,3.225647058823522
FIRST_TRIANGLE_GOLD_EVIDENCE_XAUUSD_1751328000,353,57.5,62.5,27.5,COMBINED_STRESS,VALIDATION,50,955.8500000000004,2.2369459721772906,19.117000000000008
FIRST_TRIANGLE_GOLD_EVIDENCE_XAUUSD_1751328000,353,57.5,62.5,27.5,COMBINED_STRESS,LOCKED_OOS,64,706.6399999999985,1.7708351514093699,11.041249999999977
FIRST_TRIANGLE_GOLD_EVIDENCE_XAUUSD_1751328000,353,57.5,62.5,27.5,COMBINED_STRESS,H1,135,1230.0299999999997,1.6939246404937471,9.11133333333333
FIRST_TRIANGLE_GOLD_EVIDENCE_XAUUSD_1751328000,353,57.5,62.5,27.5,COMBINED_STRESS,H2,64,706.6399999999985,1.7708351514093699,11.041249999999977
FIRST_TRIANGLE_GOLD_EVIDENCE_XAUUSD_1751328000,353,57.5,62.5,27.5,COMBINED_STRESS,ALL,199,1936.6699999999983,1.7201417474500704,9.732010050251247
FIRST_TRIANGLE_GOLD_EVIDENCE_XAUUSD_1751328000,354,57.5,62.5,30.0,BASE,DEVELOPMENT,85,246.64999999999964,1.2466944049928987,2.9017647058823486
FIRST_TRIANGLE_GOLD_EVIDENCE_XAUUSD_1751328000,354,57.5,62.5,30.0,BASE,VALIDATION,50,1082.3300000000017,2.400621158201233,21.646600000000035
FIRST_TRIANGLE_GOLD_EVIDENCE_XAUUSD_1751328000,354,57.5,62.5,30.0,BASE,LOCKED_OOS,64,683.0999999999985,1.745156645431536,10.673437499999977
FIRST_TRIANGLE_GOLD_EVIDENCE_XAUUSD_1751328000,354,57.5,62.5,30.0,BASE,H1,135,1328.9800000000014,1.749747541704984,9.844296296296307
FIRST_TRIANGLE_GOLD_EVIDENCE_XAUUSD_1751328000,354,57.5,62.5,30.0,BASE,H2,64,683.0999999999985,1.745156645431536,10.673437499999977
FIRST_TRIANGLE_GOLD_EVIDENCE_XAUUSD_1751328000,354,57.5,62.5,30.0,BASE,ALL,199,2012.08,1.7481826058178933,10.110954773869347
FIRST_TRIANGLE_GOLD_EVIDENCE_XAUUSD_1751328000,355,57.5,62.5,30.0,SPREAD_PLUS_25,DEVELOPMENT,85,246.64999999999964,1.2466944049928987,2.9017647058823486
FIRST_TRIANGLE_GOLD_EVIDENCE_XAUUSD_1751328000,355,57.5,62.5,30.0,SPREAD_PLUS_25,VALIDATION,50,1082.3300000000017,2.400621158201233,21.646600000000035
FIRST_TRIANGLE_GOLD_EVIDENCE_XAUUSD_1751328000,355,57.5,62.5,30.0,SPREAD_PLUS_25,LOCKED_OOS,64,683.0999999999985,1.745156645431536,10.673437499999977
FIRST_TRIANGLE_GOLD_EVIDENCE_XAUUSD_1751328000,355,57.5,62.5,30.0,SPREAD_PLUS_25,H1,135,1328.9800000000014,1.749747541704984,9.844296296296307
FIRST_TRIANGLE_GOLD_EVIDENCE_XAUUSD_1751328000,355,57.5,62.5,30.0,SPREAD_PLUS_25,H2,64,683.0999999999985,1.745156645431536,10.673437499999977
FIRST_TRIANGLE_GOLD_EVIDENCE_XAUUSD_1751328000,355,57.5,62.5,30.0,SPREAD_PLUS_25,ALL,199,2012.08,1.7481826058178933,10.110954773869347
FIRST_TRIANGLE_GOLD_EVIDENCE_XAUUSD_1751328000,356,57.5,62.5,30.0,SPREAD_PLUS_50,DEVELOPMENT,85,246.64999999999964,1.2466944049928987,2.9017647058823486
FIRST_TRIANGLE_GOLD_EVIDENCE_XAUUSD_1751328000,356,57.5,62.5,30.0,SPREAD_PLUS_50,VALIDATION,50,1082.3300000000017,2.400621158201233,21.646600000000035
FIRST_TRIANGLE_GOLD_EVIDENCE_XAUUSD_1751328000,356,57.5,62.5,30.0,SPREAD_PLUS_50,LOCKED_OOS,64,683.0999999999985,1.745156645431536,10.673437499999977
FIRST_TRIANGLE_GOLD_EVIDENCE_XAUUSD_1751328000,356,57.5,62.5,30.0,SPREAD_PLUS_50,H1,135,1328.9800000000014,1.749747541704984,9.844296296296307
FIRST_TRIANGLE_GOLD_EVIDENCE_XAUUSD_1751328000,356,57.5,62.5,30.0,SPREAD_PLUS_50,H2,64,683.0999999999985,1.745156645431536,10.673437499999977
FIRST_TRIANGLE_GOLD_EVIDENCE_XAUUSD_1751328000,356,57.5,62.5,30.0,SPREAD_PLUS_50,ALL,199,2012.08,1.7481826058178933,10.110954773869347
FIRST_TRIANGLE_GOLD_EVIDENCE_XAUUSD_1751328000,357,57.5,62.5,30.0,SLIPPAGE_BASE,DEVELOPMENT,85,246.64999999999964,1.2466944049928987,2.9017647058823486
FIRST_TRIANGLE_GOLD_EVIDENCE_XAUUSD_1751328000,357,57.5,62.5,30.0,SLIPPAGE_BASE,VALIDATION,50,1082.3300000000017,2.400621158201233,21.646600000000035
FIRST_TRIANGLE_GOLD_EVIDENCE_XAUUSD_1751328000,357,57.5,62.5,30.0,SLIPPAGE_BASE,LOCKED_OOS,64,683.0999999999985,1.745156645431536,10.673437499999977
FIRST_TRIANGLE_GOLD_EVIDENCE_XAUUSD_1751328000,357,57.5,62.5,30.0,SLIPPAGE_BASE,H1,135,1328.9800000000014,1.749747541704984,9.844296296296307
FIRST_TRIANGLE_GOLD_EVIDENCE_XAUUSD_1751328000,357,57.5,62.5,30.0,SLIPPAGE_BASE,H2,64,683.0999999999985,1.745156645431536,10.673437499999977
FIRST_TRIANGLE_GOLD_EVIDENCE_XAUUSD_1751328000,357,57.5,62.5,30.0,SLIPPAGE_BASE,ALL,199,2012.08,1.7481826058178933,10.110954773869347
FIRST_TRIANGLE_GOLD_EVIDENCE_XAUUSD_1751328000,358,57.5,62.5,30.0,COMMISSION_PLUS_25,DEVELOPMENT,85,246.64999999999964,1.2466944049928987,2.9017647058823486
FIRST_TRIANGLE_GOLD_EVIDENCE_XAUUSD_1751328000,358,57.5,62.5,30.0,COMMISSION_PLUS_25,VALIDATION,50,1082.3300000000017,2.400621158201233,21.646600000000035
FIRST_TRIANGLE_GOLD_EVIDENCE_XAUUSD_1751328000,358,57.5,62.5,30.0,COMMISSION_PLUS_25,LOCKED_OOS,64,683.0999999999985,1.745156645431536,10.673437499999977
FIRST_TRIANGLE_GOLD_EVIDENCE_XAUUSD_1751328000,358,57.5,62.5,30.0,COMMISSION_PLUS_25,H1,135,1328.9800000000014,1.749747541704984,9.844296296296307
FIRST_TRIANGLE_GOLD_EVIDENCE_XAUUSD_1751328000,358,57.5,62.5,30.0,COMMISSION_PLUS_25,H2,64,683.0999999999985,1.745156645431536,10.673437499999977
FIRST_TRIANGLE_GOLD_EVIDENCE_XAUUSD_1751328000,358,57.5,62.5,30.0,COMMISSION_PLUS_25,ALL,199,2012.08,1.7481826058178933,10.110954773869347
FIRST_TRIANGLE_GOLD_EVIDENCE_XAUUSD_1751328000,359,57.5,62.5,30.0,COMBINED_STRESS,DEVELOPMENT,85,246.64999999999964,1.2466944049928987,2.9017647058823486
FIRST_TRIANGLE_GOLD_EVIDENCE_XAUUSD_1751328000,359,57.5,62.5,30.0,COMBINED_STRESS,VALIDATION,50,1082.3300000000017,2.400621158201233,21.646600000000035
FIRST_TRIANGLE_GOLD_EVIDENCE_XAUUSD_1751328000,359,57.5,62.5,30.0,COMBINED_STRESS,LOCKED_OOS,64,683.0999999999985,1.745156645431536,10.673437499999977
FIRST_TRIANGLE_GOLD_EVIDENCE_XAUUSD_1751328000,359,57.5,62.5,30.0,COMBINED_STRESS,H1,135,1328.9800000000014,1.749747541704984,9.844296296296307
FIRST_TRIANGLE_GOLD_EVIDENCE_XAUUSD_1751328000,359,57.5,62.5,30.0,COMBINED_STRESS,H2,64,683.0999999999985,1.745156645431536,10.673437499999977
FIRST_TRIANGLE_GOLD_EVIDENCE_XAUUSD_1751328000,359,57.5,62.5,30.0,COMBINED_STRESS,ALL,199,2012.08,1.7481826058178933,10.110954773869347
FIRST_TRIANGLE_GOLD_EVIDENCE_XAUUSD_1751328000,360,57.5,62.5,32.5,BASE,DEVELOPMENT,85,254.6299999999992,1.254675841651497,2.99564705882352
FIRST_TRIANGLE_GOLD_EVIDENCE_XAUUSD_1751328000,360,57.5,62.5,32.5,BASE,VALIDATION,50,1023.2400000000016,2.324153995470725,20.464800000000032
FIRST_TRIANGLE_GOLD_EVIDENCE_XAUUSD_1751328000,360,57.5,62.5,32.5,BASE,LOCKED_OOS,64,729.3499999999985,1.7956082555196762,11.396093749999977
FIRST_TRIANGLE_GOLD_EVIDENCE_XAUUSD_1751328000,360,57.5,62.5,32.5,BASE,H1,135,1277.8700000000008,1.7209137015745515,9.46570370370371
FIRST_TRIANGLE_GOLD_EVIDENCE_XAUUSD_1751328000,360,57.5,62.5,32.5,BASE,H2,64,729.3499999999985,1.7956082555196762,11.396093749999977
FIRST_TRIANGLE_GOLD_EVIDENCE_XAUUSD_1751328000,360,57.5,62.5,32.5,BASE,ALL,199,2007.2199999999993,1.7463754373831017,10.08653266331658
FIRST_TRIANGLE_GOLD_EVIDENCE_XAUUSD_1751328000,361,57.5,62.5,32.5,SPREAD_PLUS_25,DEVELOPMENT,85,254.6299999999992,1.254675841651497,2.99564705882352
FIRST_TRIANGLE_GOLD_EVIDENCE_XAUUSD_1751328000,361,57.5,62.5,32.5,SPREAD_PLUS_25,VALIDATION,50,1023.2400000000016,2.324153995470725,20.464800000000032
FIRST_TRIANGLE_GOLD_EVIDENCE_XAUUSD_1751328000,361,57.5,62.5,32.5,SPREAD_PLUS_25,LOCKED_OOS,64,729.3499999999985,1.7956082555196762,11.396093749999977
FIRST_TRIANGLE_GOLD_EVIDENCE_XAUUSD_1751328000,361,57.5,62.5,32.5,SPREAD_PLUS_25,H1,135,1277.8700000000008,1.7209137015745515,9.46570370370371
FIRST_TRIANGLE_GOLD_EVIDENCE_XAUUSD_1751328000,361,57.5,62.5,32.5,SPREAD_PLUS_25,H2,64,729.3499999999985,1.7956082555196762,11.396093749999977
FIRST_TRIANGLE_GOLD_EVIDENCE_XAUUSD_1751328000,361,57.5,62.5,32.5,SPREAD_PLUS_25,ALL,199,2007.2199999999993,1.7463754373831017,10.08653266331658
FIRST_TRIANGLE_GOLD_EVIDENCE_XAUUSD_1751328000,362,57.5,62.5,32.5,SPREAD_PLUS_50,DEVELOPMENT,85,254.6299999999992,1.254675841651497,2.99564705882352
FIRST_TRIANGLE_GOLD_EVIDENCE_XAUUSD_1751328000,362,57.5,62.5,32.5,SPREAD_PLUS_50,VALIDATION,50,1023.2400000000016,2.324153995470725,20.464800000000032
FIRST_TRIANGLE_GOLD_EVIDENCE_XAUUSD_1751328000,362,57.5,62.5,32.5,SPREAD_PLUS_50,LOCKED_OOS,64,729.3499999999985,1.7956082555196762,11.396093749999977
FIRST_TRIANGLE_GOLD_EVIDENCE_XAUUSD_1751328000,362,57.5,62.5,32.5,SPREAD_PLUS_50,H1,135,1277.8700000000008,1.7209137015745515,9.46570370370371
FIRST_TRIANGLE_GOLD_EVIDENCE_XAUUSD_1751328000,362,57.5,62.5,32.5,SPREAD_PLUS_50,H2,64,729.3499999999985,1.7956082555196762,11.396093749999977
FIRST_TRIANGLE_GOLD_EVIDENCE_XAUUSD_1751328000,362,57.5,62.5,32.5,SPREAD_PLUS_50,ALL,199,2007.2199999999993,1.7463754373831017,10.08653266331658
FIRST_TRIANGLE_GOLD_EVIDENCE_XAUUSD_1751328000,363,57.5,62.5,32.5,SLIPPAGE_BASE,DEVELOPMENT,85,254.6299999999992,1.254675841651497,2.99564705882352
FIRST_TRIANGLE_GOLD_EVIDENCE_XAUUSD_1751328000,363,57.5,62.5,32.5,SLIPPAGE_BASE,VALIDATION,50,1023.2400000000016,2.324153995470725,20.464800000000032
FIRST_TRIANGLE_GOLD_EVIDENCE_XAUUSD_1751328000,363,57.5,62.5,32.5,SLIPPAGE_BASE,LOCKED_OOS,64,729.3499999999985,1.7956082555196762,11.396093749999977
FIRST_TRIANGLE_GOLD_EVIDENCE_XAUUSD_1751328000,363,57.5,62.5,32.5,SLIPPAGE_BASE,H1,135,1277.8700000000008,1.7209137015745515,9.46570370370371
FIRST_TRIANGLE_GOLD_EVIDENCE_XAUUSD_1751328000,363,57.5,62.5,32.5,SLIPPAGE_BASE,H2,64,729.3499999999985,1.7956082555196762,11.396093749999977
FIRST_TRIANGLE_GOLD_EVIDENCE_XAUUSD_1751328000,363,57.5,62.5,32.5,SLIPPAGE_BASE,ALL,199,2007.2199999999993,1.7463754373831017,10.08653266331658
FIRST_TRIANGLE_GOLD_EVIDENCE_XAUUSD_1751328000,364,57.5,62.5,32.5,COMMISSION_PLUS_25,DEVELOPMENT,85,254.6299999999992,1.254675841651497,2.99564705882352
FIRST_TRIANGLE_GOLD_EVIDENCE_XAUUSD_1751328000,364,57.5,62.5,32.5,COMMISSION_PLUS_25,VALIDATION,50,1023.2400000000016,2.324153995470725,20.464800000000032
FIRST_TRIANGLE_GOLD_EVIDENCE_XAUUSD_1751328000,364,57.5,62.5,32.5,COMMISSION_PLUS_25,LOCKED_OOS,64,729.3499999999985,1.7956082555196762,11.396093749999977
FIRST_TRIANGLE_GOLD_EVIDENCE_XAUUSD_1751328000,364,57.5,62.5,32.5,COMMISSION_PLUS_25,H1,135,1277.8700000000008,1.7209137015745515,9.46570370370371
FIRST_TRIANGLE_GOLD_EVIDENCE_XAUUSD_1751328000,364,57.5,62.5,32.5,COMMISSION_PLUS_25,H2,64,729.3499999999985,1.7956082555196762,11.396093749999977
FIRST_TRIANGLE_GOLD_EVIDENCE_XAUUSD_1751328000,364,57.5,62.5,32.5,COMMISSION_PLUS_25,ALL,199,2007.2199999999993,1.7463754373831017,10.08653266331658
FIRST_TRIANGLE_GOLD_EVIDENCE_XAUUSD_1751328000,365,57.5,62.5,32.5,COMBINED_STRESS,DEVELOPMENT,85,254.6299999999992,1.254675841651497,2.99564705882352
FIRST_TRIANGLE_GOLD_EVIDENCE_XAUUSD_1751328000,365,57.5,62.5,32.5,COMBINED_STRESS,VALIDATION,50,1023.2400000000016,2.324153995470725,20.464800000000032
FIRST_TRIANGLE_GOLD_EVIDENCE_XAUUSD_1751328000,365,57.5,62.5,32.5,COMBINED_STRESS,LOCKED_OOS,64,729.3499999999985,1.7956082555196762,11.396093749999977
FIRST_TRIANGLE_GOLD_EVIDENCE_XAUUSD_1751328000,365,57.5,62.5,32.5,COMBINED_STRESS,H1,135,1277.8700000000008,1.7209137015745515,9.46570370370371
FIRST_TRIANGLE_GOLD_EVIDENCE_XAUUSD_1751328000,365,57.5,62.5,32.5,COMBINED_STRESS,H2,64,729.3499999999985,1.7956082555196762,11.396093749999977
FIRST_TRIANGLE_GOLD_EVIDENCE_XAUUSD_1751328000,365,57.5,62.5,32.5,COMBINED_STRESS,ALL,199,2007.2199999999993,1.7463754373831017,10.08653266331658
FIRST_TRIANGLE_GOLD_EVIDENCE_XAUUSD_1751328000,366,57.5,62.5,35.0,BASE,DEVELOPMENT,85,356.0599999999995,1.3688059330460722,4.188941176470582
FIRST_TRIANGLE_GOLD_EVIDENCE_XAUUSD_1751328000,366,57.5,62.5,35.0,BASE,VALIDATION,50,1104.470000000002,2.4292720802329386,22.08940000000004
FIRST_TRIANGLE_GOLD_EVIDENCE_XAUUSD_1751328000,366,57.5,62.5,35.0,BASE,LOCKED_OOS,64,753.579999999999,1.8220394449777446,11.774687499999985
FIRST_TRIANGLE_GOLD_EVIDENCE_XAUUSD_1751328000,366,57.5,62.5,35.0,BASE,H1,135,1460.5300000000016,1.8402591201192064,10.818740740740752
FIRST_TRIANGLE_GOLD_EVIDENCE_XAUUSD_1751328000,366,57.5,62.5,35.0,BASE,H2,64,753.579999999999,1.8220394449777446,11.774687499999985
FIRST_TRIANGLE_GOLD_EVIDENCE_XAUUSD_1751328000,366,57.5,62.5,35.0,BASE,ALL,199,2214.1100000000006,1.8339680064484307,11.126180904522617
FIRST_TRIANGLE_GOLD_EVIDENCE_XAUUSD_1751328000,367,57.5,62.5,35.0,SPREAD_PLUS_25,DEVELOPMENT,85,356.0599999999995,1.3688059330460722,4.188941176470582
FIRST_TRIANGLE_GOLD_EVIDENCE_XAUUSD_1751328000,367,57.5,62.5,35.0,SPREAD_PLUS_25,VALIDATION,50,1104.470000000002,2.4292720802329386,22.08940000000004
FIRST_TRIANGLE_GOLD_EVIDENCE_XAUUSD_1751328000,367,57.5,62.5,35.0,SPREAD_PLUS_25,LOCKED_OOS,64,753.579999999999,1.8220394449777446,11.774687499999985
FIRST_TRIANGLE_GOLD_EVIDENCE_XAUUSD_1751328000,367,57.5,62.5,35.0,SPREAD_PLUS_25,H1,135,1460.5300000000016,1.8402591201192064,10.818740740740752
FIRST_TRIANGLE_GOLD_EVIDENCE_XAUUSD_1751328000,367,57.5,62.5,35.0,SPREAD_PLUS_25,H2,64,753.579999999999,1.8220394449777446,11.774687499999985
FIRST_TRIANGLE_GOLD_EVIDENCE_XAUUSD_1751328000,367,57.5,62.5,35.0,SPREAD_PLUS_25,ALL,199,2214.1100000000006,1.8339680064484307,11.126180904522617
FIRST_TRIANGLE_GOLD_EVIDENCE_XAUUSD_1751328000,368,57.5,62.5,35.0,SPREAD_PLUS_50,DEVELOPMENT,85,356.0599999999995,1.3688059330460722,4.188941176470582
FIRST_TRIANGLE_GOLD_EVIDENCE_XAUUSD_1751328000,368,57.5,62.5,35.0,SPREAD_PLUS_50,VALIDATION,50,1104.470000000002,2.4292720802329386,22.08940000000004
FIRST_TRIANGLE_GOLD_EVIDENCE_XAUUSD_1751328000,368,57.5,62.5,35.0,SPREAD_PLUS_50,LOCKED_OOS,64,753.579999999999,1.8220394449777446,11.774687499999985
FIRST_TRIANGLE_GOLD_EVIDENCE_XAUUSD_1751328000,368,57.5,62.5,35.0,SPREAD_PLUS_50,H1,135,1460.5300000000016,1.8402591201192064,10.818740740740752
FIRST_TRIANGLE_GOLD_EVIDENCE_XAUUSD_1751328000,368,57.5,62.5,35.0,SPREAD_PLUS_50,H2,64,753.579999999999,1.8220394449777446,11.774687499999985
FIRST_TRIANGLE_GOLD_EVIDENCE_XAUUSD_1751328000,368,57.5,62.5,35.0,SPREAD_PLUS_50,ALL,199,2214.1100000000006,1.8339680064484307,11.126180904522617
FIRST_TRIANGLE_GOLD_EVIDENCE_XAUUSD_1751328000,369,57.5,62.5,35.0,SLIPPAGE_BASE,DEVELOPMENT,85,356.0599999999995,1.3688059330460722,4.188941176470582
FIRST_TRIANGLE_GOLD_EVIDENCE_XAUUSD_1751328000,369,57.5,62.5,35.0,SLIPPAGE_BASE,VALIDATION,50,1104.470000000002,2.4292720802329386,22.08940000000004
FIRST_TRIANGLE_GOLD_EVIDENCE_XAUUSD_1751328000,369,57.5,62.5,35.0,SLIPPAGE_BASE,LOCKED_OOS,64,753.579999999999,1.8220394449777446,11.774687499999985
FIRST_TRIANGLE_GOLD_EVIDENCE_XAUUSD_1751328000,369,57.5,62.5,35.0,SLIPPAGE_BASE,H1,135,1460.5300000000016,1.8402591201192064,10.818740740740752
FIRST_TRIANGLE_GOLD_EVIDENCE_XAUUSD_1751328000,369,57.5,62.5,35.0,SLIPPAGE_BASE,H2,64,753.579999999999,1.8220394449777446,11.774687499999985
FIRST_TRIANGLE_GOLD_EVIDENCE_XAUUSD_1751328000,369,57.5,62.5,35.0,SLIPPAGE_BASE,ALL,199,2214.1100000000006,1.8339680064484307,11.126180904522617
FIRST_TRIANGLE_GOLD_EVIDENCE_XAUUSD_1751328000,370,57.5,62.5,35.0,COMMISSION_PLUS_25,DEVELOPMENT,85,356.0599999999995,1.3688059330460722,4.188941176470582
FIRST_TRIANGLE_GOLD_EVIDENCE_XAUUSD_1751328000,370,57.5,62.5,35.0,COMMISSION_PLUS_25,VALIDATION,50,1104.470000000002,2.4292720802329386,22.08940000000004
FIRST_TRIANGLE_GOLD_EVIDENCE_XAUUSD_1751328000,370,57.5,62.5,35.0,COMMISSION_PLUS_25,LOCKED_OOS,64,753.579999999999,1.8220394449777446,11.774687499999985
FIRST_TRIANGLE_GOLD_EVIDENCE_XAUUSD_1751328000,370,57.5,62.5,35.0,COMMISSION_PLUS_25,H1,135,1460.5300000000016,1.8402591201192064,10.818740740740752
FIRST_TRIANGLE_GOLD_EVIDENCE_XAUUSD_1751328000,370,57.5,62.5,35.0,COMMISSION_PLUS_25,H2,64,753.579999999999,1.8220394449777446,11.774687499999985
FIRST_TRIANGLE_GOLD_EVIDENCE_XAUUSD_1751328000,370,57.5,62.5,35.0,COMMISSION_PLUS_25,ALL,199,2214.1100000000006,1.8339680064484307,11.126180904522617
FIRST_TRIANGLE_GOLD_EVIDENCE_XAUUSD_1751328000,371,57.5,62.5,35.0,COMBINED_STRESS,DEVELOPMENT,85,356.0599999999995,1.3688059330460722,4.188941176470582
FIRST_TRIANGLE_GOLD_EVIDENCE_XAUUSD_1751328000,371,57.5,62.5,35.0,COMBINED_STRESS,VALIDATION,50,1104.470000000002,2.4292720802329386,22.08940000000004
FIRST_TRIANGLE_GOLD_EVIDENCE_XAUUSD_1751328000,371,57.5,62.5,35.0,COMBINED_STRESS,LOCKED_OOS,64,753.579999999999,1.8220394449777446,11.774687499999985
FIRST_TRIANGLE_GOLD_EVIDENCE_XAUUSD_1751328000,371,57.5,62.5,35.0,COMBINED_STRESS,H1,135,1460.5300000000016,1.8402591201192064,10.818740740740752
FIRST_TRIANGLE_GOLD_EVIDENCE_XAUUSD_1751328000,371,57.5,62.5,35.0,COMBINED_STRESS,H2,64,753.579999999999,1.8220394449777446,11.774687499999985
FIRST_TRIANGLE_GOLD_EVIDENCE_XAUUSD_1751328000,371,57.5,62.5,35.0,COMBINED_STRESS,ALL,199,2214.1100000000006,1.8339680064484307,11.126180904522617
FIRST_TRIANGLE_GOLD_EVIDENCE_XAUUSD_1751328000,372,57.5,62.5,37.5,BASE,DEVELOPMENT,85,549.409999999999,1.5690773118992374,6.463647058823517
FIRST_TRIANGLE_GOLD_EVIDENCE_XAUUSD_1751328000,372,57.5,62.5,37.5,BASE,VALIDATION,50,1036.970000000002,2.341921708185058,20.739400000000042
FIRST_TRIANGLE_GOLD_EVIDENCE_XAUUSD_1751328000,372,57.5,62.5,37.5,BASE,LOCKED_OOS,64,760.8999999999987,1.8300244349419645,11.88906249999998
FIRST_TRIANGLE_GOLD_EVIDENCE_XAUUSD_1751328000,372,57.5,62.5,37.5,BASE,H1,135,1586.380000000001,1.912662021988392,11.750962962962971
FIRST_TRIANGLE_GOLD_EVIDENCE_XAUUSD_1751328000,372,57.5,62.5,37.5,BASE,H2,64,760.8999999999987,1.8300244349419645,11.88906249999998
FIRST_TRIANGLE_GOLD_EVIDENCE_XAUUSD_1751328000,372,57.5,62.5,37.5,BASE,ALL,199,2347.2799999999997,1.884127898874162,11.79537688442211
FIRST_TRIANGLE_GOLD_EVIDENCE_XAUUSD_1751328000,373,57.5,62.5,37.5,SPREAD_PLUS_25,DEVELOPMENT,85,549.409999999999,1.5690773118992374,6.463647058823517
FIRST_TRIANGLE_GOLD_EVIDENCE_XAUUSD_1751328000,373,57.5,62.5,37.5,SPREAD_PLUS_25,VALIDATION,50,1036.970000000002,2.341921708185058,20.739400000000042
FIRST_TRIANGLE_GOLD_EVIDENCE_XAUUSD_1751328000,373,57.5,62.5,37.5,SPREAD_PLUS_25,LOCKED_OOS,64,760.8999999999987,1.8300244349419645,11.88906249999998
FIRST_TRIANGLE_GOLD_EVIDENCE_XAUUSD_1751328000,373,57.5,62.5,37.5,SPREAD_PLUS_25,H1,135,1586.380000000001,1.912662021988392,11.750962962962971
FIRST_TRIANGLE_GOLD_EVIDENCE_XAUUSD_1751328000,373,57.5,62.5,37.5,SPREAD_PLUS_25,H2,64,760.8999999999987,1.8300244349419645,11.88906249999998
FIRST_TRIANGLE_GOLD_EVIDENCE_XAUUSD_1751328000,373,57.5,62.5,37.5,SPREAD_PLUS_25,ALL,199,2347.2799999999997,1.884127898874162,11.79537688442211
FIRST_TRIANGLE_GOLD_EVIDENCE_XAUUSD_1751328000,374,57.5,62.5,37.5,SPREAD_PLUS_50,DEVELOPMENT,85,549.409999999999,1.5690773118992374,6.463647058823517
FIRST_TRIANGLE_GOLD_EVIDENCE_XAUUSD_1751328000,374,57.5,62.5,37.5,SPREAD_PLUS_50,VALIDATION,50,1036.970000000002,2.341921708185058,20.739400000000042
FIRST_TRIANGLE_GOLD_EVIDENCE_XAUUSD_1751328000,374,57.5,62.5,37.5,SPREAD_PLUS_50,LOCKED_OOS,64,760.8999999999987,1.8300244349419645,11.88906249999998
FIRST_TRIANGLE_GOLD_EVIDENCE_XAUUSD_1751328000,374,57.5,62.5,37.5,SPREAD_PLUS_50,H1,135,1586.380000000001,1.912662021988392,11.750962962962971
FIRST_TRIANGLE_GOLD_EVIDENCE_XAUUSD_1751328000,374,57.5,62.5,37.5,SPREAD_PLUS_50,H2,64,760.8999999999987,1.8300244349419645,11.88906249999998
FIRST_TRIANGLE_GOLD_EVIDENCE_XAUUSD_1751328000,374,57.5,62.5,37.5,SPREAD_PLUS_50,ALL,199,2347.2799999999997,1.884127898874162,11.79537688442211
FIRST_TRIANGLE_GOLD_EVIDENCE_XAUUSD_1751328000,375,57.5,62.5,37.5,SLIPPAGE_BASE,DEVELOPMENT,85,549.409999999999,1.5690773118992374,6.463647058823517
FIRST_TRIANGLE_GOLD_EVIDENCE_XAUUSD_1751328000,375,57.5,62.5,37.5,SLIPPAGE_BASE,VALIDATION,50,1036.970000000002,2.341921708185058,20.739400000000042
FIRST_TRIANGLE_GOLD_EVIDENCE_XAUUSD_1751328000,375,57.5,62.5,37.5,SLIPPAGE_BASE,LOCKED_OOS,64,760.8999999999987,1.8300244349419645,11.88906249999998
FIRST_TRIANGLE_GOLD_EVIDENCE_XAUUSD_1751328000,375,57.5,62.5,37.5,SLIPPAGE_BASE,H1,135,1586.380000000001,1.912662021988392,11.750962962962971
FIRST_TRIANGLE_GOLD_EVIDENCE_XAUUSD_1751328000,375,57.5,62.5,37.5,SLIPPAGE_BASE,H2,64,760.8999999999987,1.8300244349419645,11.88906249999998
FIRST_TRIANGLE_GOLD_EVIDENCE_XAUUSD_1751328000,375,57.5,62.5,37.5,SLIPPAGE_BASE,ALL,199,2347.2799999999997,1.884127898874162,11.79537688442211
FIRST_TRIANGLE_GOLD_EVIDENCE_XAUUSD_1751328000,376,57.5,62.5,37.5,COMMISSION_PLUS_25,DEVELOPMENT,85,549.409999999999,1.5690773118992374,6.463647058823517
FIRST_TRIANGLE_GOLD_EVIDENCE_XAUUSD_1751328000,376,57.5,62.5,37.5,COMMISSION_PLUS_25,VALIDATION,50,1036.970000000002,2.341921708185058,20.739400000000042
FIRST_TRIANGLE_GOLD_EVIDENCE_XAUUSD_1751328000,376,57.5,62.5,37.5,COMMISSION_PLUS_25,LOCKED_OOS,64,760.8999999999987,1.8300244349419645,11.88906249999998
FIRST_TRIANGLE_GOLD_EVIDENCE_XAUUSD_1751328000,376,57.5,62.5,37.5,COMMISSION_PLUS_25,H1,135,1586.380000000001,1.912662021988392,11.750962962962971
FIRST_TRIANGLE_GOLD_EVIDENCE_XAUUSD_1751328000,376,57.5,62.5,37.5,COMMISSION_PLUS_25,H2,64,760.8999999999987,1.8300244349419645,11.88906249999998
FIRST_TRIANGLE_GOLD_EVIDENCE_XAUUSD_1751328000,376,57.5,62.5,37.5,COMMISSION_PLUS_25,ALL,199,2347.2799999999997,1.884127898874162,11.79537688442211
FIRST_TRIANGLE_GOLD_EVIDENCE_XAUUSD_1751328000,377,57.5,62.5,37.5,COMBINED_STRESS,DEVELOPMENT,85,549.409999999999,1.5690773118992374,6.463647058823517
FIRST_TRIANGLE_GOLD_EVIDENCE_XAUUSD_1751328000,377,57.5,62.5,37.5,COMBINED_STRESS,VALIDATION,50,1036.970000000002,2.341921708185058,20.739400000000042
FIRST_TRIANGLE_GOLD_EVIDENCE_XAUUSD_1751328000,377,57.5,62.5,37.5,COMBINED_STRESS,LOCKED_OOS,64,760.8999999999987,1.8300244349419645,11.88906249999998
FIRST_TRIANGLE_GOLD_EVIDENCE_XAUUSD_1751328000,377,57.5,62.5,37.5,COMBINED_STRESS,H1,135,1586.380000000001,1.912662021988392,11.750962962962971
FIRST_TRIANGLE_GOLD_EVIDENCE_XAUUSD_1751328000,377,57.5,62.5,37.5,COMBINED_STRESS,H2,64,760.8999999999987,1.8300244349419645,11.88906249999998
FIRST_TRIANGLE_GOLD_EVIDENCE_XAUUSD_1751328000,377,57.5,62.5,37.5,COMBINED_STRESS,ALL,199,2347.2799999999997,1.884127898874162,11.79537688442211
