trade_id,variant,side,signal_time,entry_time,entry_price,stop_loss,take_profit,exit_time,exit_price,exit_reason,status,lot_size,pnl_points,gross_pnl,commission,fees,net_pnl,pnl_r,mae_points,mfe_points,bars_held,costs_included
"TR000001","KEEPER_SL12_TP36",sell,"2025-09-01T09:56:00+00:00","2025-09-01T09:56:00+00:00",23404.70000000,23416.70000000,23368.70000000,"2025-09-01T10:04:00+00:00",23416.70000000,SL,closed,0.10,-12.00000000,-24.00000000,0.00000000,0.00000000,-24.00000000,-1.00000000,16.50000000,9.80000000,8,false
"TR000002","KEEPER_SL12_TP36",sell,"2025-09-01T10:06:00+00:00","2025-09-01T10:06:00+00:00",23414.30000000,23426.30000000,23378.30000000,"2025-09-01T10:29:00+00:00",23426.30000000,SL,closed,0.10,-12.00000000,-24.00000000,0.00000000,0.00000000,-24.00000000,-1.00000000,12.90000000,18.90000000,23,false
"TR000003","KEEPER_SL12_TP36",sell,"2025-09-02T10:32:00+00:00","2025-09-02T10:32:00+00:00",23362.10000000,23374.10000000,23326.10000000,"2025-09-02T10:40:00+00:00",23326.10000000,TP,closed,0.10,36.00000000,72.00000000,0.00000000,0.00000000,72.00000000,3.00000000,0.40000000,39.40000000,8,false
"TR000004","KEEPER_SL12_TP36",sell,"2025-10-13T10:36:00+00:00","2025-10-13T10:36:00+00:00",24749.30000000,24761.30000000,24713.30000000,"2025-10-13T11:00:00+00:00",24713.30000000,TP,closed,0.10,36.00000000,72.00000000,0.00000000,0.00000000,72.00000000,3.00000000,4.20000000,36.10000000,24,false
"TR000005","KEEPER_SL12_TP36",sell,"2025-10-14T08:17:00+00:00","2025-10-14T08:17:00+00:00",24629.40000000,24641.40000000,24593.40000000,"2025-10-14T08:32:00+00:00",24593.40000000,TP,closed,0.10,36.00000000,72.00000000,0.00000000,0.00000000,72.00000000,3.00000000,7.10000000,38.40000000,15,false
"TR000006","KEEPER_SL12_TP36",sell,"2025-10-14T11:45:00+00:00","2025-10-14T11:45:00+00:00",24499.70000000,24511.70000000,24463.70000000,"2025-10-14T11:49:00+00:00",24463.70000000,TP,closed,0.10,36.00000000,72.00000000,0.00000000,0.00000000,72.00000000,3.00000000,0.00000000,39.70000000,4,false
"TR000007","KEEPER_SL12_TP36",sell,"2025-10-14T12:11:00+00:00","2025-10-14T12:11:00+00:00",24520.90000000,24532.90000000,24484.90000000,"2025-10-14T12:18:00+00:00",24484.90000000,TP,closed,0.10,36.00000000,72.00000000,0.00000000,0.00000000,72.00000000,3.00000000,0.00000000,36.60000000,7,false
"TR000008","KEEPER_SL12_TP36",sell,"2025-10-16T11:10:00+00:00","2025-10-16T11:10:00+00:00",24868.60000000,24880.60000000,24832.60000000,"2025-10-16T11:14:00+00:00",24880.60000000,SL,closed,0.10,-12.00000000,-24.00000000,0.00000000,0.00000000,-24.00000000,-1.00000000,14.90000000,9.70000000,4,false
"TR000009","KEEPER_SL12_TP36",sell,"2025-10-16T11:14:00+00:00","2025-10-16T11:14:00+00:00",24877.40000000,24889.40000000,24841.40000000,"2025-10-16T11:28:00+00:00",24841.40000000,TP,closed,0.10,36.00000000,72.00000000,0.00000000,0.00000000,72.00000000,3.00000000,6.50000000,36.40000000,14,false
"TR000010","KEEPER_SL12_TP36",sell,"2025-10-17T09:11:00+00:00","2025-10-17T09:11:00+00:00",24509.00000000,24521.00000000,24473.00000000,"2025-10-17T09:21:00+00:00",24473.00000000,TP,closed,0.10,36.00000000,72.00000000,0.00000000,0.00000000,72.00000000,3.00000000,0.00000000,40.00000000,10,false
"TR000011","KEEPER_SL12_TP36",sell,"2025-10-17T12:27:00+00:00","2025-10-17T12:27:00+00:00",24371.10000000,24383.10000000,24335.10000000,"2025-10-17T12:36:00+00:00",24383.10000000,SL,closed,0.10,-12.00000000,-24.00000000,0.00000000,0.00000000,-24.00000000,-1.00000000,15.30000000,28.00000000,9,false
"TR000012","KEEPER_SL12_TP36",sell,"2025-10-17T12:37:00+00:00","2025-10-17T12:37:00+00:00",24377.90000000,24389.90000000,24341.90000000,"2025-10-17T12:41:00+00:00",24341.90000000,TP,closed,0.10,36.00000000,72.00000000,0.00000000,0.00000000,72.00000000,3.00000000,9.00000000,40.50000000,4,false
"TR000013","KEEPER_SL12_TP36",sell,"2025-10-30T09:37:00+00:00","2025-10-30T09:37:00+00:00",26097.30000000,26109.30000000,26061.30000000,"2025-10-30T09:48:00+00:00",26109.30000000,SL,closed,0.10,-12.00000000,-24.00000000,0.00000000,0.00000000,-24.00000000,-1.00000000,14.30000000,15.00000000,11,false
"TR000014","KEEPER_SL12_TP36",sell,"2025-10-30T10:23:00+00:00","2025-10-30T10:23:00+00:00",26118.30000000,26130.30000000,26082.30000000,"2025-10-30T10:51:00+00:00",26130.30000000,SL,closed,0.10,-12.00000000,-24.00000000,0.00000000,0.00000000,-24.00000000,-1.00000000,14.60000000,22.50000000,28,false
"TR000015","KEEPER_SL12_TP36",sell,"2025-10-30T11:29:00+00:00","2025-10-30T11:29:00+00:00",26123.20000000,26135.20000000,26087.20000000,"2025-10-30T11:43:00+00:00",26135.20000000,SL,closed,0.10,-12.00000000,-24.00000000,0.00000000,0.00000000,-24.00000000,-1.00000000,14.40000000,23.40000000,14,false
"TR000016","KEEPER_SL12_TP36",sell,"2025-11-04T08:57:00+00:00","2025-11-04T08:57:00+00:00",25655.70000000,25667.70000000,25619.70000000,"2025-11-04T09:05:00+00:00",25619.70000000,TP,closed,0.10,36.00000000,72.00000000,0.00000000,0.00000000,72.00000000,3.00000000,0.00000000,38.80000000,8,false
"TR000017","KEEPER_SL12_TP36",sell,"2025-11-04T09:29:00+00:00","2025-11-04T09:29:00+00:00",25643.10000000,25655.10000000,25607.10000000,"2025-11-04T09:35:00+00:00",25655.10000000,SL,closed,0.10,-12.00000000,-24.00000000,0.00000000,0.00000000,-24.00000000,-1.00000000,19.90000000,5.40000000,6,false
"TR000018","KEEPER_SL12_TP36",sell,"2025-11-04T09:39:00+00:00","2025-11-04T09:39:00+00:00",25658.20000000,25670.20000000,25622.20000000,"2025-11-04T09:53:00+00:00",25670.20000000,SL,closed,0.10,-12.00000000,-24.00000000,0.00000000,0.00000000,-24.00000000,-1.00000000,13.70000000,23.00000000,14,false
"TR000019","KEEPER_SL12_TP36",sell,"2025-11-04T10:21:00+00:00","2025-11-04T10:21:00+00:00",25634.60000000,25646.60000000,25598.60000000,"2025-11-04T10:23:00+00:00",25646.60000000,SL,closed,0.10,-12.00000000,-24.00000000,0.00000000,0.00000000,-24.00000000,-1.00000000,14.50000000,7.60000000,2,false
"TR000020","KEEPER_SL12_TP36",sell,"2025-11-04T10:35:00+00:00","2025-11-04T10:35:00+00:00",25644.10000000,25656.10000000,25608.10000000,"2025-11-04T10:40:00+00:00",25656.10000000,SL,closed,0.10,-12.00000000,-24.00000000,0.00000000,0.00000000,-24.00000000,-1.00000000,12.30000000,1.60000000,5,false
"TR000021","KEEPER_SL12_TP36",sell,"2025-11-04T10:42:00+00:00","2025-11-04T10:42:00+00:00",25652.40000000,25664.40000000,25616.40000000,"2025-11-04T11:06:00+00:00",25616.40000000,TP,closed,0.10,36.00000000,72.00000000,0.00000000,0.00000000,72.00000000,3.00000000,7.50000000,36.80000000,24,false
"TR000022","KEEPER_SL12_TP36",sell,"2025-11-05T06:02:00+00:00","2025-11-05T06:02:00+00:00",25384.50000000,25396.50000000,25348.50000000,"2025-11-05T06:08:00+00:00",25348.50000000,TP,closed,0.10,36.00000000,72.00000000,0.00000000,0.00000000,72.00000000,3.00000000,0.00000000,39.70000000,6,false
"TR000023","KEEPER_SL12_TP36",sell,"2025-11-05T07:25:00+00:00","2025-11-05T07:25:00+00:00",25390.70000000,25402.70000000,25354.70000000,"2025-11-05T07:30:00+00:00",25402.70000000,SL,closed,0.10,-12.00000000,-24.00000000,0.00000000,0.00000000,-24.00000000,-1.00000000,12.50000000,11.70000000,5,false
"TR000024","KEEPER_SL12_TP36",sell,"2025-11-05T07:32:00+00:00","2025-11-05T07:32:00+00:00",25403.40000000,25415.40000000,25367.40000000,"2025-11-05T07:45:00+00:00",25367.40000000,TP,closed,0.10,36.00000000,72.00000000,0.00000000,0.00000000,72.00000000,3.00000000,0.80000000,43.70000000,13,false
"TR000025","KEEPER_SL12_TP36",sell,"2025-11-05T08:30:00+00:00","2025-11-05T08:30:00+00:00",25406.10000000,25418.10000000,25370.10000000,"2025-11-05T08:33:00+00:00",25418.10000000,SL,closed,0.10,-12.00000000,-24.00000000,0.00000000,0.00000000,-24.00000000,-1.00000000,17.40000000,12.30000000,3,false
"TR000026","KEEPER_SL12_TP36",sell,"2025-11-05T08:34:00+00:00","2025-11-05T08:34:00+00:00",25411.30000000,25423.30000000,25375.30000000,"2025-11-05T09:09:00+00:00",25375.30000000,TP,closed,0.10,36.00000000,72.00000000,0.00000000,0.00000000,72.00000000,3.00000000,8.50000000,37.30000000,35,false
"TR000027","KEEPER_SL12_TP36",sell,"2025-11-05T09:39:00+00:00","2025-11-05T09:39:00+00:00",25368.20000000,25380.20000000,25332.20000000,"2025-11-05T10:00:00+00:00",25332.20000000,TP,closed,0.10,36.00000000,72.00000000,0.00000000,0.00000000,72.00000000,3.00000000,8.90000000,40.40000000,21,false
"TR000028","KEEPER_SL12_TP36",sell,"2025-11-05T10:20:00+00:00","2025-11-05T10:20:00+00:00",25386.70000000,25398.70000000,25350.70000000,"2025-11-05T10:30:00+00:00",25398.70000000,SL,closed,0.10,-12.00000000,-24.00000000,0.00000000,0.00000000,-24.00000000,-1.00000000,12.00000000,22.20000000,10,false
"TR000029","KEEPER_SL12_TP36",sell,"2025-11-05T10:31:00+00:00","2025-11-05T10:31:00+00:00",25395.40000000,25407.40000000,25359.40000000,"2025-11-05T10:45:00+00:00",25407.40000000,SL,closed,0.10,-12.00000000,-24.00000000,0.00000000,0.00000000,-24.00000000,-1.00000000,12.90000000,7.60000000,14,false
"TR000030","KEEPER_SL12_TP36",sell,"2025-11-05T11:04:00+00:00","2025-11-05T11:04:00+00:00",25405.40000000,25417.40000000,25369.40000000,"2025-11-05T11:07:00+00:00",25417.40000000,SL,closed,0.10,-12.00000000,-24.00000000,0.00000000,0.00000000,-24.00000000,-1.00000000,14.70000000,9.90000000,3,false
"TR000031","KEEPER_SL12_TP36",sell,"2025-11-05T12:08:00+00:00","2025-11-05T12:08:00+00:00",25398.80000000,25410.80000000,25362.80000000,"2025-11-05T12:30:00+00:00",25362.80000000,TP,closed,0.10,36.00000000,72.00000000,0.00000000,0.00000000,72.00000000,3.00000000,0.00000000,43.20000000,22,false
"TR000032","KEEPER_SL12_TP36",sell,"2025-11-07T06:32:00+00:00","2025-11-07T06:32:00+00:00",25132.40000000,25144.40000000,25096.40000000,"2025-11-07T07:01:00+00:00",25144.40000000,SL,closed,0.10,-12.00000000,-24.00000000,0.00000000,0.00000000,-24.00000000,-1.00000000,22.70000000,15.70000000,29,false
"TR000033","KEEPER_SL12_TP36",sell,"2025-11-07T10:50:00+00:00","2025-11-07T10:50:00+00:00",25193.40000000,25205.40000000,25157.40000000,"2025-11-07T10:53:00+00:00",25205.40000000,SL,closed,0.10,-12.00000000,-24.00000000,0.00000000,0.00000000,-24.00000000,-1.00000000,12.30000000,1.40000000,3,false
"TR000034","KEEPER_SL12_TP36",sell,"2025-11-07T11:00:00+00:00","2025-11-07T11:00:00+00:00",25201.00000000,25213.00000000,25165.00000000,"2025-11-07T11:12:00+00:00",25213.00000000,SL,closed,0.10,-12.00000000,-24.00000000,0.00000000,0.00000000,-24.00000000,-1.00000000,16.00000000,29.90000000,12,false
"TR000035","KEEPER_SL12_TP36",sell,"2025-11-07T12:06:00+00:00","2025-11-07T12:06:00+00:00",25155.90000000,25167.90000000,25119.90000000,"2025-11-07T12:14:00+00:00",25119.90000000,TP,closed,0.10,36.00000000,72.00000000,0.00000000,0.00000000,72.00000000,3.00000000,3.30000000,46.70000000,8,false
"TR000036","KEEPER_SL12_TP36",sell,"2025-11-07T12:42:00+00:00","2025-11-07T12:42:00+00:00",25117.60000000,25129.60000000,25081.60000000,"2025-11-07T13:04:00+00:00",25081.60000000,TP,closed,0.10,36.00000000,72.00000000,0.00000000,0.00000000,72.00000000,3.00000000,5.60000000,37.90000000,22,false
"TR000037","KEEPER_SL12_TP36",sell,"2025-11-13T10:28:00+00:00","2025-11-13T10:28:00+00:00",25572.70000000,25584.70000000,25536.70000000,"2025-11-13T10:52:00+00:00",25584.70000000,SL,closed,0.10,-12.00000000,-24.00000000,0.00000000,0.00000000,-24.00000000,-1.00000000,13.50000000,18.00000000,24,false
"TR000038","KEEPER_SL12_TP36",sell,"2025-11-13T11:55:00+00:00","2025-11-13T11:55:00+00:00",25471.10000000,25483.10000000,25435.10000000,"2025-11-13T12:05:00+00:00",25483.10000000,SL,closed,0.10,-12.00000000,-24.00000000,0.00000000,0.00000000,-24.00000000,-1.00000000,12.50000000,9.50000000,10,false
"TR000039","KEEPER_SL12_TP36",sell,"2025-11-13T12:23:00+00:00","2025-11-13T12:23:00+00:00",25499.00000000,25511.00000000,25463.00000000,"2025-11-13T12:33:00+00:00",25511.00000000,SL,closed,0.10,-12.00000000,-24.00000000,0.00000000,0.00000000,-24.00000000,-1.00000000,14.60000000,3.60000000,10,false
"TR000040","KEEPER_SL12_TP36",sell,"2025-11-13T13:49:00+00:00","2025-11-13T13:49:00+00:00",25481.50000000,25493.50000000,25445.50000000,"2025-11-13T13:51:00+00:00",25493.50000000,SL,closed,0.10,-12.00000000,-24.00000000,0.00000000,0.00000000,-24.00000000,-1.00000000,13.00000000,3.30000000,2,false
"TR000041","KEEPER_SL12_TP36",sell,"2025-11-14T12:08:00+00:00","2025-11-14T12:08:00+00:00",24864.60000000,24876.60000000,24828.60000000,"2025-11-14T12:09:00+00:00",24876.60000000,SL,closed,0.10,-12.00000000,-24.00000000,0.00000000,0.00000000,-24.00000000,-1.00000000,15.50000000,1.80000000,1,false
"TR000042","KEEPER_SL12_TP36",sell,"2025-11-14T12:17:00+00:00","2025-11-14T12:17:00+00:00",24873.60000000,24885.60000000,24837.60000000,"2025-11-14T12:30:00+00:00",24885.60000000,SL,closed,0.10,-12.00000000,-24.00000000,0.00000000,0.00000000,-24.00000000,-1.00000000,13.80000000,14.70000000,13,false
"TR000043","KEEPER_SL12_TP36",sell,"2025-11-17T13:26:00+00:00","2025-11-17T13:26:00+00:00",25127.60000000,25139.60000000,25091.60000000,"2025-11-17T13:32:00+00:00",25139.60000000,SL,closed,0.10,-12.00000000,-24.00000000,0.00000000,0.00000000,-24.00000000,-1.00000000,16.10000000,13.70000000,6,false
"TR000044","KEEPER_SL12_TP36",sell,"2025-11-18T07:46:00+00:00","2025-11-18T07:46:00+00:00",24659.40000000,24671.40000000,24623.40000000,"2025-11-18T07:59:00+00:00",24623.40000000,TP,closed,0.10,36.00000000,72.00000000,0.00000000,0.00000000,72.00000000,3.00000000,9.60000000,37.10000000,13,false
"TR000045","KEEPER_SL12_TP36",sell,"2025-11-18T12:34:00+00:00","2025-11-18T12:34:00+00:00",24727.60000000,24739.60000000,24691.60000000,"2025-11-18T12:55:00+00:00",24739.60000000,SL,closed,0.10,-12.00000000,-24.00000000,0.00000000,0.00000000,-24.00000000,-1.00000000,17.70000000,25.10000000,21,false
"TR000046","KEEPER_SL12_TP36",sell,"2025-11-18T13:02:00+00:00","2025-11-18T13:02:00+00:00",24735.50000000,24747.50000000,24699.50000000,"2025-11-18T13:06:00+00:00",24747.50000000,SL,closed,0.10,-12.00000000,-24.00000000,0.00000000,0.00000000,-24.00000000,-1.00000000,13.90000000,6.60000000,4,false
"TR000047","KEEPER_SL12_TP36",sell,"2025-11-18T13:07:00+00:00","2025-11-18T13:07:00+00:00",24738.80000000,24750.80000000,24702.80000000,"2025-11-18T13:14:00+00:00",24702.80000000,TP,closed,0.10,36.00000000,72.00000000,0.00000000,0.00000000,72.00000000,3.00000000,0.00000000,42.10000000,7,false
"TR000048","KEEPER_SL12_TP36",sell,"2025-11-19T06:18:00+00:00","2025-11-19T06:18:00+00:00",24459.70000000,24471.70000000,24423.70000000,"2025-11-19T06:34:00+00:00",24423.70000000,TP,closed,0.10,36.00000000,72.00000000,0.00000000,0.00000000,72.00000000,3.00000000,11.60000000,36.30000000,16,false
"TR000049","KEEPER_SL12_TP36",sell,"2025-11-19T06:55:00+00:00","2025-11-19T06:55:00+00:00",24456.20000000,24468.20000000,24420.20000000,"2025-11-19T07:05:00+00:00",24468.20000000,SL,closed,0.10,-12.00000000,-24.00000000,0.00000000,0.00000000,-24.00000000,-1.00000000,12.70000000,19.60000000,10,false
"TR000050","KEEPER_SL12_TP36",sell,"2025-11-19T09:20:00+00:00","2025-11-19T09:20:00+00:00",24521.70000000,24533.70000000,24485.70000000,"2025-11-19T09:47:00+00:00",24533.70000000,SL,closed,0.10,-12.00000000,-24.00000000,0.00000000,0.00000000,-24.00000000,-1.00000000,12.60000000,26.90000000,27,false
"TR000051","KEEPER_SL12_TP36",sell,"2025-11-19T09:48:00+00:00","2025-11-19T09:48:00+00:00",24527.30000000,24539.30000000,24491.30000000,"2025-11-19T10:16:00+00:00",24491.30000000,TP,closed,0.10,36.00000000,72.00000000,0.00000000,0.00000000,72.00000000,3.00000000,8.50000000,39.20000000,28,false
"TR000052","KEEPER_SL12_TP36",sell,"2025-11-19T10:25:00+00:00","2025-11-19T10:25:00+00:00",24523.50000000,24535.50000000,24487.50000000,"2025-11-19T10:27:00+00:00",24535.50000000,SL,closed,0.10,-12.00000000,-24.00000000,0.00000000,0.00000000,-24.00000000,-1.00000000,23.60000000,5.70000000,2,false
"TR000053","KEEPER_SL12_TP36",sell,"2025-11-19T11:26:00+00:00","2025-11-19T11:26:00+00:00",24544.50000000,24556.50000000,24508.50000000,"2025-11-19T11:30:00+00:00",24556.50000000,SL,closed,0.10,-12.00000000,-24.00000000,0.00000000,0.00000000,-24.00000000,-1.00000000,16.80000000,3.20000000,4,false
"TR000054","KEEPER_SL12_TP36",sell,"2025-11-19T13:21:00+00:00","2025-11-19T13:21:00+00:00",24633.00000000,24645.00000000,24597.00000000,"2025-11-19T13:50:00+00:00",24645.00000000,SL,closed,0.10,-12.00000000,-24.00000000,0.00000000,0.00000000,-24.00000000,-1.00000000,12.80000000,27.60000000,29,false
"TR000055","KEEPER_SL12_TP36",sell,"2025-11-19T13:53:00+00:00","2025-11-19T13:53:00+00:00",24634.40000000,24646.40000000,24598.40000000,"2025-11-19T14:03:00+00:00",24598.40000000,TP,closed,0.10,36.00000000,72.00000000,0.00000000,0.00000000,72.00000000,3.00000000,0.00000000,41.60000000,10,false
"TR000056","KEEPER_SL12_TP36",sell,"2025-11-20T09:29:00+00:00","2025-11-20T09:29:00+00:00",25107.50000000,25119.50000000,25071.50000000,"2025-11-20T09:33:00+00:00",25119.50000000,SL,closed,0.10,-12.00000000,-24.00000000,0.00000000,0.00000000,-24.00000000,-1.00000000,13.80000000,4.70000000,4,false
"TR000057","KEEPER_SL12_TP36",sell,"2025-11-20T09:35:00+00:00","2025-11-20T09:35:00+00:00",25114.90000000,25126.90000000,25078.90000000,"2025-11-20T09:43:00+00:00",25078.90000000,TP,closed,0.10,36.00000000,72.00000000,0.00000000,0.00000000,72.00000000,3.00000000,0.00000000,44.10000000,8,false
"TR000058","KEEPER_SL12_TP36",sell,"2025-11-20T10:08:00+00:00","2025-11-20T10:08:00+00:00",25069.90000000,25081.90000000,25033.90000000,"2025-11-20T10:10:00+00:00",25081.90000000,SL,closed,0.10,-12.00000000,-24.00000000,0.00000000,0.00000000,-24.00000000,-1.00000000,13.10000000,7.70000000,2,false
"TR000059","KEEPER_SL12_TP36",sell,"2025-11-20T10:11:00+00:00","2025-11-20T10:11:00+00:00",25071.50000000,25083.50000000,25035.50000000,"2025-11-20T10:44:00+00:00",25083.50000000,SL,closed,0.10,-12.00000000,-24.00000000,0.00000000,0.00000000,-24.00000000,-1.00000000,13.50000000,22.30000000,33,false
"TR000060","KEEPER_SL12_TP36",sell,"2025-11-20T10:48:00+00:00","2025-11-20T10:48:00+00:00",25081.80000000,25093.80000000,25045.80000000,"2025-11-20T11:00:00+00:00",25045.80000000,TP,closed,0.10,36.00000000,72.00000000,0.00000000,0.00000000,72.00000000,3.00000000,4.60000000,37.80000000,12,false
"TR000061","KEEPER_SL12_TP36",sell,"2025-11-20T12:24:00+00:00","2025-11-20T12:24:00+00:00",24974.60000000,24986.60000000,24938.60000000,"2025-11-20T12:26:00+00:00",24986.60000000,SL,closed,0.10,-12.00000000,-24.00000000,0.00000000,0.00000000,-24.00000000,-1.00000000,14.30000000,2.30000000,2,false
"TR000062","KEEPER_SL12_TP36",sell,"2025-11-20T13:47:00+00:00","2025-11-20T13:47:00+00:00",25018.80000000,25030.80000000,24982.80000000,"2025-11-20T13:51:00+00:00",24982.80000000,TP,closed,0.10,36.00000000,72.00000000,0.00000000,0.00000000,72.00000000,3.00000000,4.90000000,38.30000000,4,false
"TR000063","KEEPER_SL12_TP36",sell,"2025-11-21T07:58:00+00:00","2025-11-21T07:58:00+00:00",24073.40000000,24085.40000000,24037.40000000,"2025-11-21T08:06:00+00:00",24085.40000000,SL,closed,0.10,-12.00000000,-24.00000000,0.00000000,0.00000000,-24.00000000,-1.00000000,14.40000000,15.10000000,8,false
"TR000064","KEEPER_SL12_TP36",sell,"2025-11-21T08:19:00+00:00","2025-11-21T08:19:00+00:00",24087.50000000,24099.50000000,24051.50000000,"2025-11-21T08:22:00+00:00",24099.50000000,SL,closed,0.10,-12.00000000,-24.00000000,0.00000000,0.00000000,-24.00000000,-1.00000000,17.40000000,11.90000000,3,false
"TR000065","KEEPER_SL12_TP36",sell,"2025-11-21T08:26:00+00:00","2025-11-21T08:26:00+00:00",24097.80000000,24109.80000000,24061.80000000,"2025-11-21T08:29:00+00:00",24061.80000000,TP,closed,0.10,36.00000000,72.00000000,0.00000000,0.00000000,72.00000000,3.00000000,0.00000000,38.00000000,3,false
"TR000066","KEEPER_SL12_TP36",sell,"2025-11-21T09:07:00+00:00","2025-11-21T09:07:00+00:00",24107.70000000,24119.70000000,24071.70000000,"2025-11-21T09:18:00+00:00",24119.70000000,SL,closed,0.10,-12.00000000,-24.00000000,0.00000000,0.00000000,-24.00000000,-1.00000000,12.30000000,24.80000000,11,false
"TR000067","KEEPER_SL12_TP36",sell,"2025-11-21T09:19:00+00:00","2025-11-21T09:19:00+00:00",24105.80000000,24117.80000000,24069.80000000,"2025-11-21T09:29:00+00:00",24117.80000000,SL,closed,0.10,-12.00000000,-24.00000000,0.00000000,0.00000000,-24.00000000,-1.00000000,15.80000000,8.00000000,10,false
"TR000068","KEEPER_SL12_TP36",sell,"2025-11-21T09:30:00+00:00","2025-11-21T09:30:00+00:00",24111.40000000,24123.40000000,24075.40000000,"2025-11-21T09:34:00+00:00",24075.40000000,TP,closed,0.10,36.00000000,72.00000000,0.00000000,0.00000000,72.00000000,3.00000000,2.60000000,38.90000000,4,false
"TR000069","KEEPER_SL12_TP36",sell,"2025-11-24T06:53:00+00:00","2025-11-24T06:53:00+00:00",24397.50000000,24409.50000000,24361.50000000,"2025-11-24T07:08:00+00:00",24409.50000000,SL,closed,0.10,-12.00000000,-24.00000000,0.00000000,0.00000000,-24.00000000,-1.00000000,14.20000000,21.20000000,15,false
"TR000070","KEEPER_SL12_TP36",sell,"2025-11-24T10:33:00+00:00","2025-11-24T10:33:00+00:00",24470.00000000,24482.00000000,24434.00000000,"2025-11-24T10:38:00+00:00",24482.00000000,SL,closed,0.10,-12.00000000,-24.00000000,0.00000000,0.00000000,-24.00000000,-1.00000000,16.20000000,15.10000000,5,false
"TR000071","KEEPER_SL12_TP36",sell,"2025-11-24T10:49:00+00:00","2025-11-24T10:49:00+00:00",24482.40000000,24494.40000000,24446.40000000,"2025-11-24T11:13:00+00:00",24446.40000000,TP,closed,0.10,36.00000000,72.00000000,0.00000000,0.00000000,72.00000000,3.00000000,10.80000000,36.20000000,24,false
"TR000072","KEEPER_SL12_TP36",sell,"2025-11-25T10:25:00+00:00","2025-11-25T10:25:00+00:00",24846.90000000,24858.90000000,24810.90000000,"2025-11-25T10:51:00+00:00",24810.90000000,TP,closed,0.10,36.00000000,72.00000000,0.00000000,0.00000000,72.00000000,3.00000000,4.20000000,39.50000000,26,false
"TR000073","KEEPER_SL12_TP36",sell,"2025-11-25T11:08:00+00:00","2025-11-25T11:08:00+00:00",24815.70000000,24827.70000000,24779.70000000,"2025-11-25T11:20:00+00:00",24779.70000000,TP,closed,0.10,36.00000000,72.00000000,0.00000000,0.00000000,72.00000000,3.00000000,0.90000000,36.20000000,12,false
"TR000074","KEEPER_SL12_TP36",sell,"2025-11-25T11:55:00+00:00","2025-11-25T11:55:00+00:00",24788.50000000,24800.50000000,24752.50000000,"2025-11-25T12:11:00+00:00",24800.50000000,SL,closed,0.10,-12.00000000,-24.00000000,0.00000000,0.00000000,-24.00000000,-1.00000000,15.60000000,15.20000000,16,false
"TR000075","KEEPER_SL12_TP36",sell,"2025-12-09T13:00:00+00:00","2025-12-09T13:00:00+00:00",25633.20000000,25645.20000000,25597.20000000,"2025-12-09T13:16:00+00:00",25597.20000000,TP,closed,0.10,36.00000000,72.00000000,0.00000000,0.00000000,72.00000000,3.00000000,0.90000000,36.10000000,16,false
"TR000076","KEEPER_SL12_TP36",sell,"2025-12-10T13:08:00+00:00","2025-12-10T13:08:00+00:00",25637.40000000,25649.40000000,25601.40000000,"2025-12-10T14:05:00+00:00",25601.40000000,TP,closed,0.10,36.00000000,72.00000000,0.00000000,0.00000000,72.00000000,3.00000000,7.70000000,36.80000000,57,false
"TR000077","KEEPER_SL12_TP36",sell,"2025-12-11T06:00:00+00:00","2025-12-11T06:00:00+00:00",25457.00000000,25469.00000000,25421.00000000,"2025-12-11T06:05:00+00:00",25469.00000000,SL,closed,0.10,-12.00000000,-24.00000000,0.00000000,0.00000000,-24.00000000,-1.00000000,12.30000000,8.40000000,5,false
"TR000078","KEEPER_SL12_TP36",sell,"2025-12-12T11:52:00+00:00","2025-12-12T11:52:00+00:00",25567.60000000,25579.60000000,25531.60000000,"2025-12-12T12:10:00+00:00",25579.60000000,SL,closed,0.10,-12.00000000,-24.00000000,0.00000000,0.00000000,-24.00000000,-1.00000000,19.80000000,16.90000000,18,false
"TR000079","KEEPER_SL12_TP36",sell,"2025-12-16T10:20:00+00:00","2025-12-16T10:20:00+00:00",24896.20000000,24908.20000000,24860.20000000,"2025-12-16T10:25:00+00:00",24908.20000000,SL,closed,0.10,-12.00000000,-24.00000000,0.00000000,0.00000000,-24.00000000,-1.00000000,14.90000000,13.70000000,5,false
"TR000080","KEEPER_SL12_TP36",sell,"2025-12-16T10:34:00+00:00","2025-12-16T10:34:00+00:00",24909.60000000,24921.60000000,24873.60000000,"2025-12-16T10:43:00+00:00",24921.60000000,SL,closed,0.10,-12.00000000,-24.00000000,0.00000000,0.00000000,-24.00000000,-1.00000000,14.40000000,7.00000000,9,false
"TR000081","KEEPER_SL12_TP36",sell,"2025-12-17T10:31:00+00:00","2025-12-17T10:31:00+00:00",25163.70000000,25175.70000000,25127.70000000,"2025-12-17T10:45:00+00:00",25175.70000000,SL,closed,0.10,-12.00000000,-24.00000000,0.00000000,0.00000000,-24.00000000,-1.00000000,16.00000000,10.10000000,14,false
"TR000082","KEEPER_SL12_TP36",sell,"2025-12-19T10:20:00+00:00","2025-12-19T10:20:00+00:00",25138.90000000,25150.90000000,25102.90000000,"2025-12-19T11:22:00+00:00",25150.90000000,SL,closed,0.10,-12.00000000,-24.00000000,0.00000000,0.00000000,-24.00000000,-1.00000000,12.20000000,31.10000000,62,false
"TR000083","KEEPER_SL12_TP36",sell,"2026-01-08T09:30:00+00:00","2026-01-08T09:30:00+00:00",25567.90000000,25579.90000000,25531.90000000,"2026-01-08T09:33:00+00:00",25579.90000000,SL,closed,0.10,-12.00000000,-24.00000000,0.00000000,0.00000000,-24.00000000,-1.00000000,12.20000000,3.80000000,3,false
"TR000084","KEEPER_SL12_TP36",sell,"2026-01-08T09:33:00+00:00","2026-01-08T09:33:00+00:00",25574.90000000,25586.90000000,25538.90000000,"2026-01-08T09:34:00+00:00",25586.90000000,SL,closed,0.10,-12.00000000,-24.00000000,0.00000000,0.00000000,-24.00000000,-1.00000000,12.10000000,6.80000000,1,false
"TR000085","KEEPER_SL12_TP36",sell,"2026-01-08T09:41:00+00:00","2026-01-08T09:41:00+00:00",25599.00000000,25611.00000000,25563.00000000,"2026-01-08T10:30:00+00:00",25611.00000000,SL,closed,0.10,-12.00000000,-24.00000000,0.00000000,0.00000000,-24.00000000,-1.00000000,12.70000000,29.30000000,49,false
"TR000086","KEEPER_SL12_TP36",sell,"2026-01-12T10:59:00+00:00","2026-01-12T10:59:00+00:00",25491.40000000,25503.40000000,25455.40000000,"2026-01-12T11:00:00+00:00",25503.40000000,SL,closed,0.10,-12.00000000,-24.00000000,0.00000000,0.00000000,-24.00000000,-1.00000000,12.90000000,0.60000000,1,false
"TR000087","KEEPER_SL12_TP36",sell,"2026-01-14T13:13:00+00:00","2026-01-14T13:13:00+00:00",25574.80000000,25586.80000000,25538.80000000,"2026-01-14T13:20:00+00:00",25586.80000000,SL,closed,0.10,-12.00000000,-24.00000000,0.00000000,0.00000000,-24.00000000,-1.00000000,14.40000000,3.10000000,7,false
"TR000088","KEEPER_SL12_TP36",sell,"2026-01-15T08:31:00+00:00","2026-01-15T08:31:00+00:00",25534.20000000,25546.20000000,25498.20000000,"2026-01-15T08:40:00+00:00",25546.20000000,SL,closed,0.10,-12.00000000,-24.00000000,0.00000000,0.00000000,-24.00000000,-1.00000000,17.10000000,9.10000000,9,false
"TR000089","KEEPER_SL12_TP36",sell,"2026-01-15T10:18:00+00:00","2026-01-15T10:18:00+00:00",25556.90000000,25568.90000000,25520.90000000,"2026-01-15T10:43:00+00:00",25568.90000000,SL,closed,0.10,-12.00000000,-24.00000000,0.00000000,0.00000000,-24.00000000,-1.00000000,15.60000000,13.40000000,25,false
"TR000090","KEEPER_SL12_TP36",sell,"2026-01-19T10:05:00+00:00","2026-01-19T10:05:00+00:00",25201.80000000,25213.80000000,25165.80000000,"2026-01-19T10:10:00+00:00",25213.80000000,SL,closed,0.10,-12.00000000,-24.00000000,0.00000000,0.00000000,-24.00000000,-1.00000000,16.40000000,9.30000000,5,false
"TR000091","KEEPER_SL12_TP36",sell,"2026-01-19T10:12:00+00:00","2026-01-19T10:12:00+00:00",25208.50000000,25220.50000000,25172.50000000,"2026-01-19T10:18:00+00:00",25220.50000000,SL,closed,0.10,-12.00000000,-24.00000000,0.00000000,0.00000000,-24.00000000,-1.00000000,17.90000000,13.80000000,6,false
"TR000092","KEEPER_SL12_TP36",sell,"2026-01-19T10:29:00+00:00","2026-01-19T10:29:00+00:00",25232.30000000,25244.30000000,25196.30000000,"2026-01-19T10:35:00+00:00",25244.30000000,SL,closed,0.10,-12.00000000,-24.00000000,0.00000000,0.00000000,-24.00000000,-1.00000000,13.20000000,8.60000000,6,false
"TR000093","KEEPER_SL12_TP36",sell,"2026-01-19T10:41:00+00:00","2026-01-19T10:41:00+00:00",25247.40000000,25259.40000000,25211.40000000,"2026-01-19T11:05:00+00:00",25211.40000000,TP,closed,0.10,36.00000000,72.00000000,0.00000000,0.00000000,72.00000000,3.00000000,0.00000000,36.00000000,24,false
"TR000094","KEEPER_SL12_TP36",sell,"2026-01-19T12:18:00+00:00","2026-01-19T12:18:00+00:00",25139.00000000,25151.00000000,25103.00000000,"2026-01-19T12:24:00+00:00",25151.00000000,SL,closed,0.10,-12.00000000,-24.00000000,0.00000000,0.00000000,-24.00000000,-1.00000000,13.90000000,5.00000000,6,false
"TR000095","KEEPER_SL12_TP36",sell,"2026-01-20T09:05:00+00:00","2026-01-20T09:05:00+00:00",25151.40000000,25163.40000000,25115.40000000,"2026-01-20T09:09:00+00:00",25163.40000000,SL,closed,0.10,-12.00000000,-24.00000000,0.00000000,0.00000000,-24.00000000,-1.00000000,13.50000000,15.50000000,4,false
"TR000096","KEEPER_SL12_TP36",sell,"2026-01-20T09:11:00+00:00","2026-01-20T09:11:00+00:00",25156.90000000,25168.90000000,25120.90000000,"2026-01-20T09:19:00+00:00",25120.90000000,TP,closed,0.10,36.00000000,72.00000000,0.00000000,0.00000000,72.00000000,3.00000000,0.00000000,46.80000000,8,false
"TR000097","KEEPER_SL12_TP36",sell,"2026-01-20T09:29:00+00:00","2026-01-20T09:29:00+00:00",25144.40000000,25156.40000000,25108.40000000,"2026-01-20T09:46:00+00:00",25108.40000000,TP,closed,0.10,36.00000000,72.00000000,0.00000000,0.00000000,72.00000000,3.00000000,3.40000000,39.80000000,17,false
"TR000098","KEEPER_SL12_TP36",sell,"2026-01-20T12:32:00+00:00","2026-01-20T12:32:00+00:00",25035.40000000,25047.40000000,24999.40000000,"2026-01-20T13:01:00+00:00",25047.40000000,SL,closed,0.10,-12.00000000,-24.00000000,0.00000000,0.00000000,-24.00000000,-1.00000000,13.10000000,21.90000000,29,false
"TR000099","KEEPER_SL12_TP36",sell,"2026-01-20T13:29:00+00:00","2026-01-20T13:29:00+00:00",25056.40000000,25068.40000000,25020.40000000,"2026-01-20T14:07:00+00:00",25068.40000000,SL,closed,0.10,-12.00000000,-24.00000000,0.00000000,0.00000000,-24.00000000,-1.00000000,12.50000000,34.00000000,38,false
"TR000100","KEEPER_SL12_TP36",sell,"2026-01-22T08:34:00+00:00","2026-01-22T08:34:00+00:00",25361.90000000,25373.90000000,25325.90000000,"2026-01-22T08:37:00+00:00",25373.90000000,SL,closed,0.10,-12.00000000,-24.00000000,0.00000000,0.00000000,-24.00000000,-1.00000000,15.60000000,0.90000000,3,false
"TR000101","KEEPER_SL12_TP36",sell,"2026-01-22T10:20:00+00:00","2026-01-22T10:20:00+00:00",25483.50000000,25495.50000000,25447.50000000,"2026-01-22T10:23:00+00:00",25495.50000000,SL,closed,0.10,-12.00000000,-24.00000000,0.00000000,0.00000000,-24.00000000,-1.00000000,14.80000000,4.00000000,3,false
"TR000102","KEEPER_SL12_TP36",sell,"2026-01-22T10:32:00+00:00","2026-01-22T10:32:00+00:00",25502.30000000,25514.30000000,25466.30000000,"2026-01-22T10:35:00+00:00",25514.30000000,SL,closed,0.10,-12.00000000,-24.00000000,0.00000000,0.00000000,-24.00000000,-1.00000000,18.20000000,2.80000000,3,false
"TR000103","KEEPER_SL12_TP36",sell,"2026-01-22T10:56:00+00:00","2026-01-22T10:56:00+00:00",25539.80000000,25551.80000000,25503.80000000,"2026-01-22T11:01:00+00:00",25551.80000000,SL,closed,0.10,-12.00000000,-24.00000000,0.00000000,0.00000000,-24.00000000,-1.00000000,17.00000000,8.80000000,5,false
"TR000104","KEEPER_SL12_TP36",sell,"2026-01-22T11:05:00+00:00","2026-01-22T11:05:00+00:00",25551.40000000,25563.40000000,25515.40000000,"2026-01-22T11:12:00+00:00",25563.40000000,SL,closed,0.10,-12.00000000,-24.00000000,0.00000000,0.00000000,-24.00000000,-1.00000000,12.20000000,3.10000000,7,false
"TR000105","KEEPER_SL12_TP36",sell,"2026-01-23T11:02:00+00:00","2026-01-23T11:02:00+00:00",25483.40000000,25495.40000000,25447.40000000,"2026-01-23T11:36:00+00:00",25447.40000000,TP,closed,0.10,36.00000000,72.00000000,0.00000000,0.00000000,72.00000000,3.00000000,10.70000000,48.60000000,34,false
"TR000106","KEEPER_SL12_TP36",sell,"2026-01-23T13:20:00+00:00","2026-01-23T13:20:00+00:00",25493.00000000,25505.00000000,25457.00000000,"2026-01-23T13:28:00+00:00",25505.00000000,SL,closed,0.10,-12.00000000,-24.00000000,0.00000000,0.00000000,-24.00000000,-1.00000000,17.60000000,8.00000000,8,false
"TR000107","KEEPER_SL12_TP36",sell,"2026-01-26T12:08:00+00:00","2026-01-26T12:08:00+00:00",25491.50000000,25503.50000000,25455.50000000,"2026-01-26T12:14:00+00:00",25503.50000000,SL,closed,0.10,-12.00000000,-24.00000000,0.00000000,0.00000000,-24.00000000,-1.00000000,17.70000000,5.10000000,6,false
"TR000108","KEEPER_SL12_TP36",sell,"2026-01-28T08:41:00+00:00","2026-01-28T08:41:00+00:00",26200.90000000,26212.90000000,26164.90000000,"2026-01-28T09:01:00+00:00",26164.90000000,TP,closed,0.10,36.00000000,72.00000000,0.00000000,0.00000000,72.00000000,3.00000000,0.00000000,37.40000000,20,false
"TR000109","KEEPER_SL12_TP36",sell,"2026-01-30T08:41:00+00:00","2026-01-30T08:41:00+00:00",25680.70000000,25692.70000000,25644.70000000,"2026-01-30T08:57:00+00:00",25644.70000000,TP,closed,0.10,36.00000000,72.00000000,0.00000000,0.00000000,72.00000000,3.00000000,0.00000000,65.20000000,16,false
"TR000110","KEEPER_SL12_TP36",sell,"2026-01-30T12:47:00+00:00","2026-01-30T12:47:00+00:00",25647.20000000,25659.20000000,25611.20000000,"2026-01-30T12:50:00+00:00",25659.20000000,SL,closed,0.10,-12.00000000,-24.00000000,0.00000000,0.00000000,-24.00000000,-1.00000000,14.60000000,3.90000000,3,false
"TR000111","KEEPER_SL12_TP36",sell,"2026-01-30T12:51:00+00:00","2026-01-30T12:51:00+00:00",25653.80000000,25665.80000000,25617.80000000,"2026-01-30T12:53:00+00:00",25665.80000000,SL,closed,0.10,-12.00000000,-24.00000000,0.00000000,0.00000000,-24.00000000,-1.00000000,14.80000000,9.80000000,2,false
"TR000112","KEEPER_SL12_TP36",sell,"2026-01-30T12:53:00+00:00","2026-01-30T12:53:00+00:00",25659.00000000,25671.00000000,25623.00000000,"2026-01-30T13:03:00+00:00",25671.00000000,SL,closed,0.10,-12.00000000,-24.00000000,0.00000000,0.00000000,-24.00000000,-1.00000000,17.70000000,23.30000000,10,false
"TR000113","KEEPER_SL12_TP36",sell,"2026-01-30T13:05:00+00:00","2026-01-30T13:05:00+00:00",25664.20000000,25676.20000000,25628.20000000,"2026-01-30T13:11:00+00:00",25676.20000000,SL,closed,0.10,-12.00000000,-24.00000000,0.00000000,0.00000000,-24.00000000,-1.00000000,15.90000000,7.90000000,6,false
"TR000114","KEEPER_SL12_TP36",sell,"2026-02-02T10:54:00+00:00","2026-02-02T10:54:00+00:00",25305.10000000,25317.10000000,25269.10000000,"2026-02-02T11:02:00+00:00",25269.10000000,TP,closed,0.10,36.00000000,72.00000000,0.00000000,0.00000000,72.00000000,3.00000000,0.60000000,43.30000000,8,false
"TR000115","KEEPER_SL12_TP36",sell,"2026-02-04T12:24:00+00:00","2026-02-04T12:24:00+00:00",25332.90000000,25344.90000000,25296.90000000,"2026-02-04T12:30:00+00:00",25344.90000000,SL,closed,0.10,-12.00000000,-24.00000000,0.00000000,0.00000000,-24.00000000,-1.00000000,20.70000000,4.80000000,6,false
"TR000116","KEEPER_SL12_TP36",sell,"2026-02-05T07:31:00+00:00","2026-02-05T07:31:00+00:00",24896.30000000,24908.30000000,24860.30000000,"2026-02-05T07:35:00+00:00",24908.30000000,SL,closed,0.10,-12.00000000,-24.00000000,0.00000000,0.00000000,-24.00000000,-1.00000000,14.10000000,13.60000000,4,false
"TR000117","KEEPER_SL12_TP36",sell,"2026-02-05T08:33:00+00:00","2026-02-05T08:33:00+00:00",24940.30000000,24952.30000000,24904.30000000,"2026-02-05T08:40:00+00:00",24952.30000000,SL,closed,0.10,-12.00000000,-24.00000000,0.00000000,0.00000000,-24.00000000,-1.00000000,16.40000000,17.70000000,7,false
"TR000118","KEEPER_SL12_TP36",sell,"2026-02-05T09:32:00+00:00","2026-02-05T09:32:00+00:00",24980.40000000,24992.40000000,24944.40000000,"2026-02-05T09:59:00+00:00",24944.40000000,TP,closed,0.10,36.00000000,72.00000000,0.00000000,0.00000000,72.00000000,3.00000000,8.50000000,39.50000000,27,false
"TR000119","KEEPER_SL12_TP36",sell,"2026-02-05T12:30:00+00:00","2026-02-05T12:30:00+00:00",24983.20000000,24995.20000000,24947.20000000,"2026-02-05T12:34:00+00:00",24947.20000000,TP,closed,0.10,36.00000000,72.00000000,0.00000000,0.00000000,72.00000000,3.00000000,4.50000000,36.20000000,4,false
"TR000120","KEEPER_SL12_TP36",sell,"2026-02-05T13:25:00+00:00","2026-02-05T13:25:00+00:00",24943.40000000,24955.40000000,24907.40000000,"2026-02-05T13:32:00+00:00",24907.40000000,TP,closed,0.10,36.00000000,72.00000000,0.00000000,0.00000000,72.00000000,3.00000000,10.80000000,48.70000000,7,false
"TR000121","KEEPER_SL12_TP36",sell,"2026-02-06T07:03:00+00:00","2026-02-06T07:03:00+00:00",24368.40000000,24380.40000000,24332.40000000,"2026-02-06T07:22:00+00:00",24380.40000000,SL,closed,0.10,-12.00000000,-24.00000000,0.00000000,0.00000000,-24.00000000,-1.00000000,13.90000000,34.60000000,19,false
"TR000122","KEEPER_SL12_TP36",sell,"2026-02-06T08:23:00+00:00","2026-02-06T08:23:00+00:00",24508.70000000,24520.70000000,24472.70000000,"2026-02-06T08:36:00+00:00",24472.70000000,TP,closed,0.10,36.00000000,72.00000000,0.00000000,0.00000000,72.00000000,3.00000000,7.20000000,41.20000000,13,false
"TR000123","KEEPER_SL12_TP36",sell,"2026-02-06T09:38:00+00:00","2026-02-06T09:38:00+00:00",24469.40000000,24481.40000000,24433.40000000,"2026-02-06T09:51:00+00:00",24433.40000000,TP,closed,0.10,36.00000000,72.00000000,0.00000000,0.00000000,72.00000000,3.00000000,1.50000000,38.10000000,13,false
"TR000124","KEEPER_SL12_TP36",sell,"2026-02-06T10:00:00+00:00","2026-02-06T10:00:00+00:00",24459.80000000,24471.80000000,24423.80000000,"2026-02-06T10:02:00+00:00",24423.80000000,TP,closed,0.10,36.00000000,72.00000000,0.00000000,0.00000000,72.00000000,3.00000000,0.00000000,61.80000000,2,false
"TR000125","KEEPER_SL12_TP36",sell,"2026-02-06T12:37:00+00:00","2026-02-06T12:37:00+00:00",24642.60000000,24654.60000000,24606.60000000,"2026-02-06T12:40:00+00:00",24654.60000000,SL,closed,0.10,-12.00000000,-24.00000000,0.00000000,0.00000000,-24.00000000,-1.00000000,18.10000000,4.70000000,3,false
"TR000126","KEEPER_SL12_TP36",sell,"2026-02-06T12:45:00+00:00","2026-02-06T12:45:00+00:00",24646.90000000,24658.90000000,24610.90000000,"2026-02-06T12:47:00+00:00",24658.90000000,SL,closed,0.10,-12.00000000,-24.00000000,0.00000000,0.00000000,-24.00000000,-1.00000000,16.10000000,0.50000000,2,false
"TR000127","KEEPER_SL12_TP36",sell,"2026-02-06T13:17:00+00:00","2026-02-06T13:17:00+00:00",24725.50000000,24737.50000000,24689.50000000,"2026-02-06T13:34:00+00:00",24737.50000000,SL,closed,0.10,-12.00000000,-24.00000000,0.00000000,0.00000000,-24.00000000,-1.00000000,15.70000000,18.50000000,17,false
"TR000128","KEEPER_SL12_TP36",sell,"2026-02-06T13:34:00+00:00","2026-02-06T13:34:00+00:00",24730.00000000,24742.00000000,24694.00000000,"2026-02-06T13:36:00+00:00",24742.00000000,SL,closed,0.10,-12.00000000,-24.00000000,0.00000000,0.00000000,-24.00000000,-1.00000000,23.80000000,8.10000000,2,false
"TR000129","KEEPER_SL12_TP36",sell,"2026-02-06T13:45:00+00:00","2026-02-06T13:45:00+00:00",24744.60000000,24756.60000000,24708.60000000,"2026-02-06T13:56:00+00:00",24756.60000000,SL,closed,0.10,-12.00000000,-24.00000000,0.00000000,0.00000000,-24.00000000,-1.00000000,24.80000000,15.90000000,11,false
"TR000130","KEEPER_SL12_TP36",sell,"2026-02-06T13:59:00+00:00","2026-02-06T13:59:00+00:00",24760.20000000,24772.20000000,24724.20000000,"2026-02-06T14:12:00+00:00",24724.20000000,TP,closed,0.10,36.00000000,72.00000000,0.00000000,0.00000000,72.00000000,3.00000000,3.30000000,43.90000000,13,false
"TR000131","KEEPER_SL12_TP36",sell,"2026-02-09T06:02:00+00:00","2026-02-09T06:02:00+00:00",25127.20000000,25139.20000000,25091.20000000,"2026-02-09T07:35:00+00:00",25139.20000000,SL,closed,0.10,-12.00000000,-24.00000000,0.00000000,0.00000000,-24.00000000,-1.00000000,15.70000000,35.70000000,93,false
"TR000132","KEEPER_SL12_TP36",sell,"2026-02-09T08:49:00+00:00","2026-02-09T08:49:00+00:00",25106.00000000,25118.00000000,25070.00000000,"2026-02-09T09:13:00+00:00",25070.00000000,TP,closed,0.10,36.00000000,72.00000000,0.00000000,0.00000000,72.00000000,3.00000000,7.00000000,38.00000000,24,false
"TR000133","KEEPER_SL12_TP36",sell,"2026-02-09T10:17:00+00:00","2026-02-09T10:17:00+00:00",25112.50000000,25124.50000000,25076.50000000,"2026-02-09T10:33:00+00:00",25076.50000000,TP,closed,0.10,36.00000000,72.00000000,0.00000000,0.00000000,72.00000000,3.00000000,3.50000000,49.30000000,16,false
"TR000134","KEEPER_SL12_TP36",sell,"2026-02-09T10:53:00+00:00","2026-02-09T10:53:00+00:00",25096.80000000,25108.80000000,25060.80000000,"2026-02-09T11:26:00+00:00",25060.80000000,TP,closed,0.10,36.00000000,72.00000000,0.00000000,0.00000000,72.00000000,3.00000000,3.00000000,38.00000000,33,false
"TR000135","KEEPER_SL12_TP36",sell,"2026-02-09T13:39:00+00:00","2026-02-09T13:39:00+00:00",24971.50000000,24983.50000000,24935.50000000,"2026-02-09T14:02:00+00:00",24935.50000000,TP,closed,0.10,36.00000000,72.00000000,0.00000000,0.00000000,72.00000000,3.00000000,5.80000000,41.50000000,23,false
"TR000136","KEEPER_SL12_TP36",sell,"2026-02-10T10:26:00+00:00","2026-02-10T10:26:00+00:00",25272.20000000,25284.20000000,25236.20000000,"2026-02-10T11:05:00+00:00",25284.20000000,SL,closed,0.10,-12.00000000,-24.00000000,0.00000000,0.00000000,-24.00000000,-1.00000000,12.50000000,32.60000000,39,false
"TR000137","KEEPER_SL12_TP36",sell,"2026-02-11T10:41:00+00:00","2026-02-11T10:41:00+00:00",25166.80000000,25178.80000000,25130.80000000,"2026-02-11T11:02:00+00:00",25178.80000000,SL,closed,0.10,-12.00000000,-24.00000000,0.00000000,0.00000000,-24.00000000,-1.00000000,18.30000000,8.70000000,21,false
"TR000138","KEEPER_SL12_TP36",sell,"2026-02-13T07:50:00+00:00","2026-02-13T07:50:00+00:00",24649.10000000,24661.10000000,24613.10000000,"2026-02-13T08:25:00+00:00",24613.10000000,TP,closed,0.10,36.00000000,72.00000000,0.00000000,0.00000000,72.00000000,3.00000000,7.60000000,36.90000000,35,false
"TR000139","KEEPER_SL12_TP36",sell,"2026-02-13T09:23:00+00:00","2026-02-13T09:23:00+00:00",24673.50000000,24685.50000000,24637.50000000,"2026-02-13T09:25:00+00:00",24685.50000000,SL,closed,0.10,-12.00000000,-24.00000000,0.00000000,0.00000000,-24.00000000,-1.00000000,14.90000000,4.00000000,2,false
"TR000140","KEEPER_SL12_TP36",sell,"2026-02-13T10:13:00+00:00","2026-02-13T10:13:00+00:00",24680.10000000,24692.10000000,24644.10000000,"2026-02-13T10:16:00+00:00",24644.10000000,TP,closed,0.10,36.00000000,72.00000000,0.00000000,0.00000000,72.00000000,3.00000000,0.00000000,50.00000000,3,false
"TR000141","KEEPER_SL12_TP36",sell,"2026-02-13T11:35:00+00:00","2026-02-13T11:35:00+00:00",24725.10000000,24737.10000000,24689.10000000,"2026-02-13T12:09:00+00:00",24689.10000000,TP,closed,0.10,36.00000000,72.00000000,0.00000000,0.00000000,72.00000000,3.00000000,8.60000000,39.50000000,34,false
"TR000142","KEEPER_SL12_TP36",sell,"2026-02-17T07:51:00+00:00","2026-02-17T07:51:00+00:00",24531.80000000,24543.80000000,24495.80000000,"2026-02-17T08:09:00+00:00",24543.80000000,SL,closed,0.10,-12.00000000,-24.00000000,0.00000000,0.00000000,-24.00000000,-1.00000000,21.30000000,24.80000000,18,false
"TR000143","KEEPER_SL12_TP36",sell,"2026-02-17T11:10:00+00:00","2026-02-17T11:10:00+00:00",24592.00000000,24604.00000000,24556.00000000,"2026-02-17T11:29:00+00:00",24604.00000000,SL,closed,0.10,-12.00000000,-24.00000000,0.00000000,0.00000000,-24.00000000,-1.00000000,12.30000000,24.00000000,19,false
"TR000144","KEEPER_SL12_TP36",sell,"2026-02-17T13:04:00+00:00","2026-02-17T13:04:00+00:00",24550.40000000,24562.40000000,24514.40000000,"2026-02-17T13:22:00+00:00",24514.40000000,TP,closed,0.10,36.00000000,72.00000000,0.00000000,0.00000000,72.00000000,3.00000000,0.00000000,36.10000000,18,false
"TR000145","KEEPER_SL12_TP36",sell,"2026-02-17T13:35:00+00:00","2026-02-17T13:35:00+00:00",24542.00000000,24554.00000000,24506.00000000,"2026-02-17T13:38:00+00:00",24554.00000000,SL,closed,0.10,-12.00000000,-24.00000000,0.00000000,0.00000000,-24.00000000,-1.00000000,12.70000000,10.00000000,3,false
"TR000146","KEEPER_SL12_TP36",sell,"2026-02-17T13:43:00+00:00","2026-02-17T13:43:00+00:00",24549.60000000,24561.60000000,24513.60000000,"2026-02-17T13:54:00+00:00",24561.60000000,SL,closed,0.10,-12.00000000,-24.00000000,0.00000000,0.00000000,-24.00000000,-1.00000000,12.20000000,11.60000000,11,false
"TR000147","KEEPER_SL12_TP36",sell,"2026-02-18T10:27:00+00:00","2026-02-18T10:27:00+00:00",24828.00000000,24840.00000000,24792.00000000,"2026-02-18T10:36:00+00:00",24840.00000000,SL,closed,0.10,-12.00000000,-24.00000000,0.00000000,0.00000000,-24.00000000,-1.00000000,21.30000000,3.90000000,9,false
"TR000148","KEEPER_SL12_TP36",sell,"2026-02-18T10:37:00+00:00","2026-02-18T10:37:00+00:00",24841.10000000,24853.10000000,24805.10000000,"2026-02-18T11:12:00+00:00",24853.10000000,SL,closed,0.10,-12.00000000,-24.00000000,0.00000000,0.00000000,-24.00000000,-1.00000000,16.50000000,17.00000000,35,false
"TR000149","KEEPER_SL12_TP36",sell,"2026-02-19T11:24:00+00:00","2026-02-19T11:24:00+00:00",24900.40000000,24912.40000000,24864.40000000,"2026-02-19T11:27:00+00:00",24864.40000000,TP,closed,0.10,36.00000000,72.00000000,0.00000000,0.00000000,72.00000000,3.00000000,0.00000000,38.10000000,3,false
"TR000150","KEEPER_SL12_TP36",sell,"2026-02-19T12:03:00+00:00","2026-02-19T12:03:00+00:00",24827.60000000,24839.60000000,24791.60000000,"2026-02-19T12:05:00+00:00",24791.60000000,TP,closed,0.10,36.00000000,72.00000000,0.00000000,0.00000000,72.00000000,3.00000000,0.00000000,36.70000000,2,false
"TR000151","KEEPER_SL12_TP36",sell,"2026-02-19T12:50:00+00:00","2026-02-19T12:50:00+00:00",24790.50000000,24802.50000000,24754.50000000,"2026-02-19T13:10:00+00:00",24802.50000000,SL,closed,0.10,-12.00000000,-24.00000000,0.00000000,0.00000000,-24.00000000,-1.00000000,20.00000000,21.50000000,20,false
"TR000152","KEEPER_SL12_TP36",sell,"2026-02-20T13:29:00+00:00","2026-02-20T13:29:00+00:00",24818.90000000,24830.90000000,24782.90000000,"2026-02-20T13:49:00+00:00",24782.90000000,TP,closed,0.10,36.00000000,72.00000000,0.00000000,0.00000000,72.00000000,3.00000000,8.20000000,41.50000000,20,false
"TR000153","KEEPER_SL12_TP36",sell,"2026-02-24T10:26:00+00:00","2026-02-24T10:26:00+00:00",24756.60000000,24768.60000000,24720.60000000,"2026-02-24T10:47:00+00:00",24720.60000000,TP,closed,0.10,36.00000000,72.00000000,0.00000000,0.00000000,72.00000000,3.00000000,11.70000000,38.60000000,21,false
"TR000154","KEEPER_SL12_TP36",sell,"2026-02-27T10:32:00+00:00","2026-02-27T10:32:00+00:00",25026.50000000,25038.50000000,24990.50000000,"2026-02-27T11:06:00+00:00",25038.50000000,SL,closed,0.10,-12.00000000,-24.00000000,0.00000000,0.00000000,-24.00000000,-1.00000000,12.70000000,21.70000000,34,false
"TR000155","KEEPER_SL12_TP36",sell,"2026-02-27T12:22:00+00:00","2026-02-27T12:22:00+00:00",24969.60000000,24981.60000000,24933.60000000,"2026-02-27T12:30:00+00:00",24981.60000000,SL,closed,0.10,-12.00000000,-24.00000000,0.00000000,0.00000000,-24.00000000,-1.00000000,22.10000000,7.50000000,8,false
"TR000156","KEEPER_SL12_TP36",sell,"2026-03-02T12:40:00+00:00","2026-03-02T12:40:00+00:00",24629.00000000,24641.00000000,24593.00000000,"2026-03-02T12:44:00+00:00",24641.00000000,SL,closed,0.10,-12.00000000,-24.00000000,0.00000000,0.00000000,-24.00000000,-1.00000000,12.50000000,12.20000000,4,false
"TR000157","KEEPER_SL12_TP36",sell,"2026-03-02T12:45:00+00:00","2026-03-02T12:45:00+00:00",24633.90000000,24645.90000000,24597.90000000,"2026-03-02T13:16:00+00:00",24597.90000000,TP,closed,0.10,36.00000000,72.00000000,0.00000000,0.00000000,72.00000000,3.00000000,0.80000000,37.20000000,31,false
"TR000158","KEEPER_SL12_TP36",sell,"2026-03-02T13:22:00+00:00","2026-03-02T13:22:00+00:00",24622.50000000,24634.50000000,24586.50000000,"2026-03-02T13:32:00+00:00",24634.50000000,SL,closed,0.10,-12.00000000,-24.00000000,0.00000000,0.00000000,-24.00000000,-1.00000000,13.00000000,14.70000000,10,false
"TR000159","KEEPER_SL12_TP36",sell,"2026-03-02T13:38:00+00:00","2026-03-02T13:38:00+00:00",24636.40000000,24648.40000000,24600.40000000,"2026-03-02T13:45:00+00:00",24648.40000000,SL,closed,0.10,-12.00000000,-24.00000000,0.00000000,0.00000000,-24.00000000,-1.00000000,29.40000000,12.70000000,7,false
"TR000160","KEEPER_SL12_TP36",sell,"2026-03-02T13:53:00+00:00","2026-03-02T13:53:00+00:00",24662.90000000,24674.90000000,24626.90000000,"2026-03-02T14:07:00+00:00",24626.90000000,TP,closed,0.10,36.00000000,72.00000000,0.00000000,0.00000000,72.00000000,3.00000000,3.30000000,41.20000000,14,false
"TR000161","KEEPER_SL12_TP36",sell,"2026-03-03T06:23:00+00:00","2026-03-03T06:23:00+00:00",24804.40000000,24816.40000000,24768.40000000,"2026-03-03T06:29:00+00:00",24768.40000000,TP,closed,0.10,36.00000000,72.00000000,0.00000000,0.00000000,72.00000000,3.00000000,0.00000000,37.80000000,6,false
"TR000162","KEEPER_SL12_TP36",sell,"2026-03-03T07:03:00+00:00","2026-03-03T07:03:00+00:00",24778.70000000,24790.70000000,24742.70000000,"2026-03-03T07:09:00+00:00",24790.70000000,SL,closed,0.10,-12.00000000,-24.00000000,0.00000000,0.00000000,-24.00000000,-1.00000000,13.40000000,16.50000000,6,false
"TR000163","KEEPER_SL12_TP36",sell,"2026-03-03T07:10:00+00:00","2026-03-03T07:10:00+00:00",24778.70000000,24790.70000000,24742.70000000,"2026-03-03T07:37:00+00:00",24742.70000000,TP,closed,0.10,36.00000000,72.00000000,0.00000000,0.00000000,72.00000000,3.00000000,6.80000000,38.40000000,27,false
"TR000164","KEEPER_SL12_TP36",sell,"2026-03-03T08:37:00+00:00","2026-03-03T08:37:00+00:00",24741.80000000,24753.80000000,24705.80000000,"2026-03-03T08:48:00+00:00",24705.80000000,TP,closed,0.10,36.00000000,72.00000000,0.00000000,0.00000000,72.00000000,3.00000000,6.40000000,39.80000000,11,false
"TR000165","KEEPER_SL12_TP36",sell,"2026-03-03T09:06:00+00:00","2026-03-03T09:06:00+00:00",24722.70000000,24734.70000000,24686.70000000,"2026-03-03T09:08:00+00:00",24686.70000000,TP,closed,0.10,36.00000000,72.00000000,0.00000000,0.00000000,72.00000000,3.00000000,0.00000000,38.90000000,2,false
"TR000166","KEEPER_SL12_TP36",sell,"2026-03-03T10:10:00+00:00","2026-03-03T10:10:00+00:00",24651.80000000,24663.80000000,24615.80000000,"2026-03-03T10:13:00+00:00",24615.80000000,TP,closed,0.10,36.00000000,72.00000000,0.00000000,0.00000000,72.00000000,3.00000000,0.00000000,42.30000000,3,false
"TR000167","KEEPER_SL12_TP36",sell,"2026-03-04T08:46:00+00:00","2026-03-04T08:46:00+00:00",24535.40000000,24547.40000000,24499.40000000,"2026-03-04T09:01:00+00:00",24547.40000000,SL,closed,0.10,-12.00000000,-24.00000000,0.00000000,0.00000000,-24.00000000,-1.00000000,13.80000000,22.90000000,15,false
"TR000168","KEEPER_SL12_TP36",sell,"2026-03-04T09:22:00+00:00","2026-03-04T09:22:00+00:00",24536.60000000,24548.60000000,24500.60000000,"2026-03-04T09:23:00+00:00",24548.60000000,SL,closed,0.10,-12.00000000,-24.00000000,0.00000000,0.00000000,-24.00000000,-1.00000000,23.30000000,2.60000000,1,false
"TR000169","KEEPER_SL12_TP36",sell,"2026-03-05T06:17:00+00:00","2026-03-05T06:17:00+00:00",25036.10000000,25048.10000000,25000.10000000,"2026-03-05T06:21:00+00:00",25048.10000000,SL,closed,0.10,-12.00000000,-24.00000000,0.00000000,0.00000000,-24.00000000,-1.00000000,13.60000000,3.70000000,4,false
"TR000170","KEEPER_SL12_TP36",sell,"2026-03-05T08:24:00+00:00","2026-03-05T08:24:00+00:00",24981.20000000,24993.20000000,24945.20000000,"2026-03-05T08:50:00+00:00",24993.20000000,SL,closed,0.10,-12.00000000,-24.00000000,0.00000000,0.00000000,-24.00000000,-1.00000000,44.70000000,29.10000000,26,false
"TR000171","KEEPER_SL12_TP36",sell,"2026-03-05T09:05:00+00:00","2026-03-05T09:05:00+00:00",25033.80000000,25045.80000000,24997.80000000,"2026-03-05T09:10:00+00:00",25045.80000000,SL,closed,0.10,-12.00000000,-24.00000000,0.00000000,0.00000000,-24.00000000,-1.00000000,13.40000000,11.30000000,5,false
"TR000172","KEEPER_SL12_TP36",sell,"2026-03-05T10:00:00+00:00","2026-03-05T10:00:00+00:00",25035.80000000,25047.80000000,24999.80000000,"2026-03-05T10:03:00+00:00",24999.80000000,TP,closed,0.10,36.00000000,72.00000000,0.00000000,0.00000000,72.00000000,3.00000000,2.80000000,45.10000000,3,false
"TR000173","KEEPER_SL12_TP36",sell,"2026-03-05T12:38:00+00:00","2026-03-05T12:38:00+00:00",25104.50000000,25116.50000000,25068.50000000,"2026-03-05T12:41:00+00:00",25068.50000000,TP,closed,0.10,36.00000000,72.00000000,0.00000000,0.00000000,72.00000000,3.00000000,0.00000000,40.50000000,3,false
"TR000174","KEEPER_SL12_TP36",sell,"2026-03-05T13:10:00+00:00","2026-03-05T13:10:00+00:00",25085.70000000,25097.70000000,25049.70000000,"2026-03-05T13:13:00+00:00",25097.70000000,SL,closed,0.10,-12.00000000,-24.00000000,0.00000000,0.00000000,-24.00000000,-1.00000000,13.40000000,6.20000000,3,false
"TR000175","KEEPER_SL12_TP36",sell,"2026-03-05T13:28:00+00:00","2026-03-05T13:28:00+00:00",25105.80000000,25117.80000000,25069.80000000,"2026-03-05T13:55:00+00:00",25069.80000000,TP,closed,0.10,36.00000000,72.00000000,0.00000000,0.00000000,72.00000000,3.00000000,10.30000000,39.90000000,27,false
"TR000176","KEEPER_SL12_TP36",sell,"2026-03-09T06:23:00+00:00","2026-03-09T06:23:00+00:00",24089.90000000,24101.90000000,24053.90000000,"2026-03-09T06:34:00+00:00",24101.90000000,SL,closed,0.10,-12.00000000,-24.00000000,0.00000000,0.00000000,-24.00000000,-1.00000000,13.30000000,23.80000000,11,false
"TR000177","KEEPER_SL12_TP36",sell,"2026-03-09T06:35:00+00:00","2026-03-09T06:35:00+00:00",24097.60000000,24109.60000000,24061.60000000,"2026-03-09T06:42:00+00:00",24061.60000000,TP,closed,0.10,36.00000000,72.00000000,0.00000000,0.00000000,72.00000000,3.00000000,0.10000000,37.90000000,7,false
"TR000178","KEEPER_SL12_TP36",sell,"2026-03-09T07:01:00+00:00","2026-03-09T07:01:00+00:00",24080.10000000,24092.10000000,24044.10000000,"2026-03-09T07:02:00+00:00",24092.10000000,SL,closed,0.10,-12.00000000,-24.00000000,0.00000000,0.00000000,-24.00000000,-1.00000000,24.40000000,5.00000000,1,false
"TR000179","KEEPER_SL12_TP36",sell,"2026-03-09T07:12:00+00:00","2026-03-09T07:12:00+00:00",24096.20000000,24108.20000000,24060.20000000,"2026-03-09T07:25:00+00:00",24108.20000000,SL,closed,0.10,-12.00000000,-24.00000000,0.00000000,0.00000000,-24.00000000,-1.00000000,12.50000000,20.40000000,13,false
"TR000180","KEEPER_SL12_TP36",sell,"2026-03-09T08:15:00+00:00","2026-03-09T08:15:00+00:00",24108.30000000,24120.30000000,24072.30000000,"2026-03-09T08:20:00+00:00",24120.30000000,SL,closed,0.10,-12.00000000,-24.00000000,0.00000000,0.00000000,-24.00000000,-1.00000000,15.30000000,18.10000000,5,false
"TR000181","KEEPER_SL12_TP36",sell,"2026-03-10T06:02:00+00:00","2026-03-10T06:02:00+00:00",24909.40000000,24921.40000000,24873.40000000,"2026-03-10T06:21:00+00:00",24921.40000000,SL,closed,0.10,-12.00000000,-24.00000000,0.00000000,0.00000000,-24.00000000,-1.00000000,24.60000000,16.00000000,19,false
"TR000182","KEEPER_SL12_TP36",sell,"2026-03-10T06:23:00+00:00","2026-03-10T06:23:00+00:00",24917.30000000,24929.30000000,24881.30000000,"2026-03-10T06:32:00+00:00",24881.30000000,TP,closed,0.10,36.00000000,72.00000000,0.00000000,0.00000000,72.00000000,3.00000000,1.50000000,37.30000000,9,false
"TR000183","KEEPER_SL12_TP36",sell,"2026-03-10T07:13:00+00:00","2026-03-10T07:13:00+00:00",24863.00000000,24875.00000000,24827.00000000,"2026-03-10T07:19:00+00:00",24875.00000000,SL,closed,0.10,-12.00000000,-24.00000000,0.00000000,0.00000000,-24.00000000,-1.00000000,15.20000000,11.30000000,6,false
"TR000184","KEEPER_SL12_TP36",sell,"2026-03-10T08:17:00+00:00","2026-03-10T08:17:00+00:00",24917.90000000,24929.90000000,24881.90000000,"2026-03-10T08:53:00+00:00",24929.90000000,SL,closed,0.10,-12.00000000,-24.00000000,0.00000000,0.00000000,-24.00000000,-1.00000000,15.00000000,25.90000000,36,false
"TR000185","KEEPER_SL12_TP36",sell,"2026-03-10T10:14:00+00:00","2026-03-10T10:14:00+00:00",24962.70000000,24974.70000000,24926.70000000,"2026-03-10T10:18:00+00:00",24974.70000000,SL,closed,0.10,-12.00000000,-24.00000000,0.00000000,0.00000000,-24.00000000,-1.00000000,14.20000000,3.20000000,4,false
"TR000186","KEEPER_SL12_TP36",sell,"2026-03-10T10:18:00+00:00","2026-03-10T10:18:00+00:00",24969.60000000,24981.60000000,24933.60000000,"2026-03-10T10:20:00+00:00",24981.60000000,SL,closed,0.10,-12.00000000,-24.00000000,0.00000000,0.00000000,-24.00000000,-1.00000000,25.80000000,6.60000000,2,false
"TR000187","KEEPER_SL12_TP36",sell,"2026-03-10T10:52:00+00:00","2026-03-10T10:52:00+00:00",25031.90000000,25043.90000000,24995.90000000,"2026-03-10T10:59:00+00:00",25043.90000000,SL,closed,0.10,-12.00000000,-24.00000000,0.00000000,0.00000000,-24.00000000,-1.00000000,15.80000000,14.20000000,7,false
"TR000188","KEEPER_SL12_TP36",sell,"2026-03-10T12:16:00+00:00","2026-03-10T12:16:00+00:00",25088.80000000,25100.80000000,25052.80000000,"2026-03-10T13:00:00+00:00",25052.80000000,TP,closed,0.10,36.00000000,72.00000000,0.00000000,0.00000000,72.00000000,3.00000000,11.40000000,38.60000000,44,false
"TR000189","KEEPER_SL12_TP36",sell,"2026-03-10T13:32:00+00:00","2026-03-10T13:32:00+00:00",25048.40000000,25060.40000000,25012.40000000,"2026-03-10T13:37:00+00:00",25012.40000000,TP,closed,0.10,36.00000000,72.00000000,0.00000000,0.00000000,72.00000000,3.00000000,1.50000000,43.50000000,5,false
"TR000190","KEEPER_SL12_TP36",sell,"2026-03-11T11:11:00+00:00","2026-03-11T11:11:00+00:00",24989.70000000,25001.70000000,24953.70000000,"2026-03-11T11:14:00+00:00",25001.70000000,SL,closed,0.10,-12.00000000,-24.00000000,0.00000000,0.00000000,-24.00000000,-1.00000000,12.20000000,8.40000000,3,false
"TR000191","KEEPER_SL12_TP36",sell,"2026-03-11T11:16:00+00:00","2026-03-11T11:16:00+00:00",24992.60000000,25004.60000000,24956.60000000,"2026-03-11T11:22:00+00:00",25004.60000000,SL,closed,0.10,-12.00000000,-24.00000000,0.00000000,0.00000000,-24.00000000,-1.00000000,13.80000000,18.80000000,6,false
"TR000192","KEEPER_SL12_TP36",sell,"2026-03-11T11:23:00+00:00","2026-03-11T11:23:00+00:00",25000.40000000,25012.40000000,24964.40000000,"2026-03-11T11:38:00+00:00",24964.40000000,TP,closed,0.10,36.00000000,72.00000000,0.00000000,0.00000000,72.00000000,3.00000000,11.20000000,36.80000000,15,false
"TR000193","KEEPER_SL12_TP36",sell,"2026-03-11T13:24:00+00:00","2026-03-11T13:24:00+00:00",24943.20000000,24955.20000000,24907.20000000,"2026-03-11T13:29:00+00:00",24955.20000000,SL,closed,0.10,-12.00000000,-24.00000000,0.00000000,0.00000000,-24.00000000,-1.00000000,13.20000000,10.30000000,5,false
"TR000194","KEEPER_SL12_TP36",sell,"2026-03-11T13:29:00+00:00","2026-03-11T13:29:00+00:00",24952.70000000,24964.70000000,24916.70000000,"2026-03-11T13:31:00+00:00",24964.70000000,SL,closed,0.10,-12.00000000,-24.00000000,0.00000000,0.00000000,-24.00000000,-1.00000000,16.10000000,8.30000000,2,false
"TR000195","KEEPER_SL12_TP36",sell,"2026-03-12T11:13:00+00:00","2026-03-12T11:13:00+00:00",24859.80000000,24871.80000000,24823.80000000,"2026-03-12T11:40:00+00:00",24823.80000000,TP,closed,0.10,36.00000000,72.00000000,0.00000000,0.00000000,72.00000000,3.00000000,9.40000000,36.00000000,27,false
"TR000196","KEEPER_SL12_TP36",sell,"2026-03-12T11:46:00+00:00","2026-03-12T11:46:00+00:00",24848.00000000,24860.00000000,24812.00000000,"2026-03-12T11:49:00+00:00",24860.00000000,SL,closed,0.10,-12.00000000,-24.00000000,0.00000000,0.00000000,-24.00000000,-1.00000000,13.00000000,12.50000000,3,false
"TR000197","KEEPER_SL12_TP36",sell,"2026-03-12T11:54:00+00:00","2026-03-12T11:54:00+00:00",24852.80000000,24864.80000000,24816.80000000,"2026-03-12T12:13:00+00:00",24816.80000000,TP,closed,0.10,36.00000000,72.00000000,0.00000000,0.00000000,72.00000000,3.00000000,7.00000000,36.80000000,19,false
"TR000198","KEEPER_SL12_TP36",sell,"2026-03-12T12:27:00+00:00","2026-03-12T12:27:00+00:00",24823.90000000,24835.90000000,24787.90000000,"2026-03-12T12:30:00+00:00",24835.90000000,SL,closed,0.10,-12.00000000,-24.00000000,0.00000000,0.00000000,-24.00000000,-1.00000000,15.30000000,6.20000000,3,false
"TR000199","KEEPER_SL12_TP36",sell,"2026-03-13T10:41:00+00:00","2026-03-13T10:41:00+00:00",24442.00000000,24454.00000000,24406.00000000,"2026-03-13T10:55:00+00:00",24406.00000000,TP,closed,0.10,36.00000000,72.00000000,0.00000000,0.00000000,72.00000000,3.00000000,4.70000000,36.90000000,14,false
"TR000200","KEEPER_SL12_TP36",sell,"2026-03-13T11:24:00+00:00","2026-03-13T11:24:00+00:00",24410.80000000,24422.80000000,24374.80000000,"2026-03-13T11:32:00+00:00",24422.80000000,SL,closed,0.10,-12.00000000,-24.00000000,0.00000000,0.00000000,-24.00000000,-1.00000000,15.00000000,22.40000000,8,false
"TR000201","KEEPER_SL12_TP36",sell,"2026-03-13T12:55:00+00:00","2026-03-13T12:55:00+00:00",24519.00000000,24531.00000000,24483.00000000,"2026-03-13T13:01:00+00:00",24531.00000000,SL,closed,0.10,-12.00000000,-24.00000000,0.00000000,0.00000000,-24.00000000,-1.00000000,14.20000000,11.30000000,6,false
"TR000202","KEEPER_SL12_TP36",sell,"2026-03-16T11:04:00+00:00","2026-03-16T11:04:00+00:00",24514.60000000,24526.60000000,24478.60000000,"2026-03-16T11:05:00+00:00",24526.60000000,SL,closed,0.10,-12.00000000,-24.00000000,0.00000000,0.00000000,-24.00000000,-1.00000000,14.50000000,2.00000000,1,false
"TR000203","KEEPER_SL12_TP36",sell,"2026-03-16T11:13:00+00:00","2026-03-16T11:13:00+00:00",24528.50000000,24540.50000000,24492.50000000,"2026-03-16T11:20:00+00:00",24492.50000000,TP,closed,0.10,36.00000000,72.00000000,0.00000000,0.00000000,72.00000000,3.00000000,2.40000000,37.80000000,7,false
"TR000204","KEEPER_SL12_TP36",sell,"2026-03-16T12:00:00+00:00","2026-03-16T12:00:00+00:00",24512.90000000,24524.90000000,24476.90000000,"2026-03-16T12:07:00+00:00",24476.90000000,TP,closed,0.10,36.00000000,72.00000000,0.00000000,0.00000000,72.00000000,3.00000000,4.80000000,40.10000000,7,false
"TR000205","KEEPER_SL12_TP36",sell,"2026-03-16T12:14:00+00:00","2026-03-16T12:14:00+00:00",24516.00000000,24528.00000000,24480.00000000,"2026-03-16T12:31:00+00:00",24480.00000000,TP,closed,0.10,36.00000000,72.00000000,0.00000000,0.00000000,72.00000000,3.00000000,3.90000000,37.40000000,17,false
"TR000206","KEEPER_SL12_TP36",sell,"2026-03-16T12:49:00+00:00","2026-03-16T12:49:00+00:00",24496.00000000,24508.00000000,24460.00000000,"2026-03-16T13:09:00+00:00",24508.00000000,SL,closed,0.10,-12.00000000,-24.00000000,0.00000000,0.00000000,-24.00000000,-1.00000000,17.30000000,23.70000000,20,false
"TR000207","KEEPER_SL12_TP36",sell,"2026-03-16T13:35:00+00:00","2026-03-16T13:35:00+00:00",24550.10000000,24562.10000000,24514.10000000,"2026-03-16T13:42:00+00:00",24562.10000000,SL,closed,0.10,-12.00000000,-24.00000000,0.00000000,0.00000000,-24.00000000,-1.00000000,32.60000000,8.50000000,7,false
"TR000208","KEEPER_SL12_TP36",sell,"2026-03-16T13:43:00+00:00","2026-03-16T13:43:00+00:00",24558.40000000,24570.40000000,24522.40000000,"2026-03-16T13:49:00+00:00",24570.40000000,SL,closed,0.10,-12.00000000,-24.00000000,0.00000000,0.00000000,-24.00000000,-1.00000000,20.30000000,14.80000000,6,false
"TR000209","KEEPER_SL12_TP36",sell,"2026-03-17T09:25:00+00:00","2026-03-17T09:25:00+00:00",24530.80000000,24542.80000000,24494.80000000,"2026-03-17T09:33:00+00:00",24542.80000000,SL,closed,0.10,-12.00000000,-24.00000000,0.00000000,0.00000000,-24.00000000,-1.00000000,12.50000000,10.00000000,8,false
"TR000210","KEEPER_SL12_TP36",sell,"2026-03-17T12:38:00+00:00","2026-03-17T12:38:00+00:00",24606.60000000,24618.60000000,24570.60000000,"2026-03-17T12:44:00+00:00",24618.60000000,SL,closed,0.10,-12.00000000,-24.00000000,0.00000000,0.00000000,-24.00000000,-1.00000000,12.70000000,11.10000000,6,false
"TR000211","KEEPER_SL12_TP36",sell,"2026-03-19T08:56:00+00:00","2026-03-19T08:56:00+00:00",24384.00000000,24396.00000000,24348.00000000,"2026-03-19T09:05:00+00:00",24396.00000000,SL,closed,0.10,-12.00000000,-24.00000000,0.00000000,0.00000000,-24.00000000,-1.00000000,12.40000000,18.30000000,9,false
"TR000212","KEEPER_SL12_TP36",sell,"2026-03-19T09:10:00+00:00","2026-03-19T09:10:00+00:00",24389.70000000,24401.70000000,24353.70000000,"2026-03-19T09:16:00+00:00",24401.70000000,SL,closed,0.10,-12.00000000,-24.00000000,0.00000000,0.00000000,-24.00000000,-1.00000000,16.00000000,7.90000000,6,false
"TR000213","KEEPER_SL12_TP36",sell,"2026-03-19T09:20:00+00:00","2026-03-19T09:20:00+00:00",24401.00000000,24413.00000000,24365.00000000,"2026-03-19T09:35:00+00:00",24365.00000000,TP,closed,0.10,36.00000000,72.00000000,0.00000000,0.00000000,72.00000000,3.00000000,8.40000000,43.10000000,15,false
"TR000214","KEEPER_SL12_TP36",sell,"2026-03-19T10:00:00+00:00","2026-03-19T10:00:00+00:00",24380.80000000,24392.80000000,24344.80000000,"2026-03-19T10:02:00+00:00",24344.80000000,TP,closed,0.10,36.00000000,72.00000000,0.00000000,0.00000000,72.00000000,3.00000000,0.00000000,36.10000000,2,false
"TR000215","KEEPER_SL12_TP36",sell,"2026-03-20T11:36:00+00:00","2026-03-20T11:36:00+00:00",24382.80000000,24394.80000000,24346.80000000,"2026-03-20T11:43:00+00:00",24346.80000000,TP,closed,0.10,36.00000000,72.00000000,0.00000000,0.00000000,72.00000000,3.00000000,0.00000000,37.00000000,7,false
"TR000216","KEEPER_SL12_TP36",sell,"2026-03-20T12:39:00+00:00","2026-03-20T12:39:00+00:00",24300.30000000,24312.30000000,24264.30000000,"2026-03-20T12:41:00+00:00",24264.30000000,TP,closed,0.10,36.00000000,72.00000000,0.00000000,0.00000000,72.00000000,3.00000000,0.00000000,42.00000000,2,false
"TR000217","KEEPER_SL12_TP36",sell,"2026-03-23T06:35:00+00:00","2026-03-23T06:35:00+00:00",23787.60000000,23799.60000000,23751.60000000,"2026-03-23T06:53:00+00:00",23751.60000000,TP,closed,0.10,36.00000000,72.00000000,0.00000000,0.00000000,72.00000000,3.00000000,0.00000000,37.80000000,18,false
"TR000218","KEEPER_SL12_TP36",sell,"2026-03-23T08:38:00+00:00","2026-03-23T08:38:00+00:00",23783.30000000,23795.30000000,23747.30000000,"2026-03-23T08:45:00+00:00",23747.30000000,TP,closed,0.10,36.00000000,72.00000000,0.00000000,0.00000000,72.00000000,3.00000000,0.00000000,36.20000000,7,false
"TR000219","KEEPER_SL12_TP36",sell,"2026-03-24T06:42:00+00:00","2026-03-24T06:42:00+00:00",24053.30000000,24065.30000000,24017.30000000,"2026-03-24T07:00:00+00:00",24065.30000000,SL,closed,0.10,-12.00000000,-24.00000000,0.00000000,0.00000000,-24.00000000,-1.00000000,17.10000000,13.60000000,18,false
"TR000220","KEEPER_SL12_TP36",sell,"2026-03-24T08:22:00+00:00","2026-03-24T08:22:00+00:00",24035.90000000,24047.90000000,23999.90000000,"2026-03-24T08:28:00+00:00",23999.90000000,TP,closed,0.10,36.00000000,72.00000000,0.00000000,0.00000000,72.00000000,3.00000000,0.00000000,55.70000000,6,false
"TR000221","KEEPER_SL12_TP36",sell,"2026-03-24T09:13:00+00:00","2026-03-24T09:13:00+00:00",24070.00000000,24082.00000000,24034.00000000,"2026-03-24T09:16:00+00:00",24082.00000000,SL,closed,0.10,-12.00000000,-24.00000000,0.00000000,0.00000000,-24.00000000,-1.00000000,24.70000000,2.60000000,3,false
"TR000222","KEEPER_SL12_TP36",sell,"2026-03-24T09:45:00+00:00","2026-03-24T09:45:00+00:00",24136.10000000,24148.10000000,24100.10000000,"2026-03-24T09:46:00+00:00",24148.10000000,SL,closed,0.10,-12.00000000,-24.00000000,0.00000000,0.00000000,-24.00000000,-1.00000000,17.60000000,5.80000000,1,false
"TR000223","KEEPER_SL12_TP36",sell,"2026-03-24T10:56:00+00:00","2026-03-24T10:56:00+00:00",24248.70000000,24260.70000000,24212.70000000,"2026-03-24T11:00:00+00:00",24260.70000000,SL,closed,0.10,-12.00000000,-24.00000000,0.00000000,0.00000000,-24.00000000,-1.00000000,19.60000000,10.90000000,4,false
"TR000224","KEEPER_SL12_TP36",sell,"2026-03-24T11:01:00+00:00","2026-03-24T11:01:00+00:00",24251.10000000,24263.10000000,24215.10000000,"2026-03-24T11:05:00+00:00",24263.10000000,SL,closed,0.10,-12.00000000,-24.00000000,0.00000000,0.00000000,-24.00000000,-1.00000000,25.30000000,10.20000000,4,false
"TR000225","KEEPER_SL12_TP36",sell,"2026-03-24T11:08:00+00:00","2026-03-24T11:08:00+00:00",24262.80000000,24274.80000000,24226.80000000,"2026-03-24T11:16:00+00:00",24274.80000000,SL,closed,0.10,-12.00000000,-24.00000000,0.00000000,0.00000000,-24.00000000,-1.00000000,13.10000000,13.00000000,8,false
"TR000226","KEEPER_SL12_TP36",sell,"2026-03-25T10:20:00+00:00","2026-03-25T10:20:00+00:00",24176.00000000,24188.00000000,24140.00000000,"2026-03-25T10:40:00+00:00",24188.00000000,SL,closed,0.10,-12.00000000,-24.00000000,0.00000000,0.00000000,-24.00000000,-1.00000000,17.40000000,32.60000000,20,false
"TR000227","KEEPER_SL12_TP36",sell,"2026-03-25T10:59:00+00:00","2026-03-25T10:59:00+00:00",24202.00000000,24214.00000000,24166.00000000,"2026-03-25T11:02:00+00:00",24214.00000000,SL,closed,0.10,-12.00000000,-24.00000000,0.00000000,0.00000000,-24.00000000,-1.00000000,22.50000000,4.20000000,3,false
"TR000228","KEEPER_SL12_TP36",sell,"2026-03-25T12:20:00+00:00","2026-03-25T12:20:00+00:00",24261.80000000,24273.80000000,24225.80000000,"2026-03-25T12:45:00+00:00",24225.80000000,TP,closed,0.10,36.00000000,72.00000000,0.00000000,0.00000000,72.00000000,3.00000000,1.80000000,39.90000000,25,false
"TR000229","KEEPER_SL12_TP36",sell,"2026-03-25T13:08:00+00:00","2026-03-25T13:08:00+00:00",24249.40000000,24261.40000000,24213.40000000,"2026-03-25T13:16:00+00:00",24261.40000000,SL,closed,0.10,-12.00000000,-24.00000000,0.00000000,0.00000000,-24.00000000,-1.00000000,13.00000000,9.30000000,8,false
"TR000230","KEEPER_SL12_TP36",sell,"2026-03-25T13:17:00+00:00","2026-03-25T13:17:00+00:00",24263.30000000,24275.30000000,24227.30000000,"2026-03-25T13:30:00+00:00",24227.30000000,TP,closed,0.10,36.00000000,72.00000000,0.00000000,0.00000000,72.00000000,3.00000000,0.00000000,36.50000000,13,false
"TR000231","KEEPER_SL12_TP36",sell,"2026-03-26T06:47:00+00:00","2026-03-26T06:47:00+00:00",24186.80000000,24198.80000000,24150.80000000,"2026-03-26T07:05:00+00:00",24150.80000000,TP,closed,0.10,36.00000000,72.00000000,0.00000000,0.00000000,72.00000000,3.00000000,0.00000000,36.00000000,18,false
"TR000232","KEEPER_SL12_TP36",sell,"2026-03-26T08:42:00+00:00","2026-03-26T08:42:00+00:00",24083.70000000,24095.70000000,24047.70000000,"2026-03-26T08:52:00+00:00",24047.70000000,TP,closed,0.10,36.00000000,72.00000000,0.00000000,0.00000000,72.00000000,3.00000000,0.00000000,36.10000000,10,false
"TR000233","KEEPER_SL12_TP36",sell,"2026-03-26T09:41:00+00:00","2026-03-26T09:41:00+00:00",24068.60000000,24080.60000000,24032.60000000,"2026-03-26T09:55:00+00:00",24080.60000000,SL,closed,0.10,-12.00000000,-24.00000000,0.00000000,0.00000000,-24.00000000,-1.00000000,18.40000000,10.70000000,14,false
"TR000234","KEEPER_SL12_TP36",sell,"2026-03-26T12:59:00+00:00","2026-03-26T12:59:00+00:00",23947.10000000,23959.10000000,23911.10000000,"2026-03-26T13:05:00+00:00",23959.10000000,SL,closed,0.10,-12.00000000,-24.00000000,0.00000000,0.00000000,-24.00000000,-1.00000000,39.70000000,22.00000000,6,false
"TR000235","KEEPER_SL12_TP36",sell,"2026-03-26T13:18:00+00:00","2026-03-26T13:18:00+00:00",23973.50000000,23985.50000000,23937.50000000,"2026-03-26T13:28:00+00:00",23985.50000000,SL,closed,0.10,-12.00000000,-24.00000000,0.00000000,0.00000000,-24.00000000,-1.00000000,18.10000000,7.70000000,10,false
"TR000236","KEEPER_SL12_TP36",sell,"2026-03-27T10:50:00+00:00","2026-03-27T10:50:00+00:00",23685.90000000,23697.90000000,23649.90000000,"2026-03-27T11:01:00+00:00",23697.90000000,SL,closed,0.10,-12.00000000,-24.00000000,0.00000000,0.00000000,-24.00000000,-1.00000000,12.40000000,19.10000000,11,false
"TR000237","KEEPER_SL12_TP36",sell,"2026-03-27T13:09:00+00:00","2026-03-27T13:09:00+00:00",23559.90000000,23571.90000000,23523.90000000,"2026-03-27T13:33:00+00:00",23523.90000000,TP,closed,0.10,36.00000000,72.00000000,0.00000000,0.00000000,72.00000000,3.00000000,0.00000000,40.40000000,24,false
"TR000238","KEEPER_SL12_TP36",sell,"2026-03-30T09:09:00+00:00","2026-03-30T09:09:00+00:00",23179.60000000,23191.60000000,23143.60000000,"2026-03-30T09:19:00+00:00",23191.60000000,SL,closed,0.10,-12.00000000,-24.00000000,0.00000000,0.00000000,-24.00000000,-1.00000000,12.60000000,13.70000000,10,false
"TR000239","KEEPER_SL12_TP36",sell,"2026-03-30T09:19:00+00:00","2026-03-30T09:19:00+00:00",23184.60000000,23196.60000000,23148.60000000,"2026-03-30T09:26:00+00:00",23196.60000000,SL,closed,0.10,-12.00000000,-24.00000000,0.00000000,0.00000000,-24.00000000,-1.00000000,19.40000000,5.00000000,7,false
"TR000240","KEEPER_SL12_TP36",sell,"2026-03-30T10:14:00+00:00","2026-03-30T10:14:00+00:00",23213.60000000,23225.60000000,23177.60000000,"2026-03-30T10:51:00+00:00",23225.60000000,SL,closed,0.10,-12.00000000,-24.00000000,0.00000000,0.00000000,-24.00000000,-1.00000000,20.30000000,33.50000000,37,false
"TR000241","KEEPER_SL12_TP36",sell,"2026-03-30T11:06:00+00:00","2026-03-30T11:06:00+00:00",23224.50000000,23236.50000000,23188.50000000,"2026-03-30T11:12:00+00:00",23236.50000000,SL,closed,0.10,-12.00000000,-24.00000000,0.00000000,0.00000000,-24.00000000,-1.00000000,15.10000000,19.30000000,6,false
"TR000242","KEEPER_SL12_TP36",sell,"2026-03-30T11:23:00+00:00","2026-03-30T11:23:00+00:00",23244.90000000,23256.90000000,23208.90000000,"2026-03-30T11:31:00+00:00",23256.90000000,SL,closed,0.10,-12.00000000,-24.00000000,0.00000000,0.00000000,-24.00000000,-1.00000000,14.80000000,17.70000000,8,false
"TR000243","KEEPER_SL12_TP36",sell,"2026-03-30T11:34:00+00:00","2026-03-30T11:34:00+00:00",23251.10000000,23263.10000000,23215.10000000,"2026-03-30T11:38:00+00:00",23263.10000000,SL,closed,0.10,-12.00000000,-24.00000000,0.00000000,0.00000000,-24.00000000,-1.00000000,13.60000000,12.00000000,4,false
"TR000244","KEEPER_SL12_TP36",sell,"2026-03-30T11:47:00+00:00","2026-03-30T11:47:00+00:00",23260.20000000,23272.20000000,23224.20000000,"2026-03-30T12:15:00+00:00",23224.20000000,TP,closed,0.10,36.00000000,72.00000000,0.00000000,0.00000000,72.00000000,3.00000000,10.40000000,38.60000000,28,false
"TR000245","KEEPER_SL12_TP36",sell,"2026-03-30T13:52:00+00:00","2026-03-30T13:52:00+00:00",23222.40000000,23234.40000000,23186.40000000,"2026-03-30T14:00:00+00:00",23234.40000000,SL,closed,0.10,-12.00000000,-24.00000000,0.00000000,0.00000000,-24.00000000,-1.00000000,26.00000000,5.40000000,8,false
"TR000246","KEEPER_SL12_TP36",sell,"2026-03-31T06:14:00+00:00","2026-03-31T06:14:00+00:00",23198.40000000,23210.40000000,23162.40000000,"2026-03-31T06:31:00+00:00",23162.40000000,TP,closed,0.10,36.00000000,72.00000000,0.00000000,0.00000000,72.00000000,3.00000000,4.50000000,36.90000000,17,false
"TR000247","KEEPER_SL12_TP36",sell,"2026-03-31T08:30:00+00:00","2026-03-31T08:30:00+00:00",23100.00000000,23112.00000000,23064.00000000,"2026-03-31T08:33:00+00:00",23112.00000000,SL,closed,0.10,-12.00000000,-24.00000000,0.00000000,0.00000000,-24.00000000,-1.00000000,23.40000000,2.50000000,3,false
"TR000248","KEEPER_SL12_TP36",sell,"2026-03-31T08:41:00+00:00","2026-03-31T08:41:00+00:00",23120.50000000,23132.50000000,23084.50000000,"2026-03-31T08:47:00+00:00",23132.50000000,SL,closed,0.10,-12.00000000,-24.00000000,0.00000000,0.00000000,-24.00000000,-1.00000000,25.90000000,7.30000000,6,false
"TR000249","KEEPER_SL12_TP36",sell,"2026-03-31T08:54:00+00:00","2026-03-31T08:54:00+00:00",23139.40000000,23151.40000000,23103.40000000,"2026-03-31T09:06:00+00:00",23103.40000000,TP,closed,0.10,36.00000000,72.00000000,0.00000000,0.00000000,72.00000000,3.00000000,2.10000000,39.20000000,12,false
"TR000250","KEEPER_SL12_TP36",sell,"2026-03-31T09:26:00+00:00","2026-03-31T09:26:00+00:00",23112.70000000,23124.70000000,23076.70000000,"2026-03-31T09:56:00+00:00",23124.70000000,SL,closed,0.10,-12.00000000,-24.00000000,0.00000000,0.00000000,-24.00000000,-1.00000000,14.00000000,29.20000000,30,false
"TR000251","KEEPER_SL12_TP36",sell,"2026-03-31T09:57:00+00:00","2026-03-31T09:57:00+00:00",23108.10000000,23120.10000000,23072.10000000,"2026-03-31T10:05:00+00:00",23120.10000000,SL,closed,0.10,-12.00000000,-24.00000000,0.00000000,0.00000000,-24.00000000,-1.00000000,19.30000000,21.80000000,8,false
"TR000252","KEEPER_SL12_TP36",sell,"2026-03-31T11:01:00+00:00","2026-03-31T11:01:00+00:00",23168.10000000,23180.10000000,23132.10000000,"2026-03-31T11:03:00+00:00",23180.10000000,SL,closed,0.10,-12.00000000,-24.00000000,0.00000000,0.00000000,-24.00000000,-1.00000000,12.90000000,9.30000000,2,false
"TR000253","KEEPER_SL12_TP36",sell,"2026-03-31T11:51:00+00:00","2026-03-31T11:51:00+00:00",23149.20000000,23161.20000000,23113.20000000,"2026-03-31T11:52:00+00:00",23113.20000000,TP,closed,0.10,36.00000000,72.00000000,0.00000000,0.00000000,72.00000000,3.00000000,0.00000000,37.20000000,1,false
"TR000254","KEEPER_SL12_TP36",sell,"2026-03-31T12:03:00+00:00","2026-03-31T12:03:00+00:00",23146.20000000,23158.20000000,23110.20000000,"2026-03-31T12:05:00+00:00",23158.20000000,SL,closed,0.10,-12.00000000,-24.00000000,0.00000000,0.00000000,-24.00000000,-1.00000000,22.70000000,10.90000000,2,false
"TR000255","KEEPER_SL12_TP36",sell,"2026-03-31T13:01:00+00:00","2026-03-31T13:01:00+00:00",23141.10000000,23153.10000000,23105.10000000,"2026-03-31T13:35:00+00:00",23105.10000000,TP,closed,0.10,36.00000000,72.00000000,0.00000000,0.00000000,72.00000000,3.00000000,8.80000000,37.80000000,34,false
"TR000256","KEEPER_SL12_TP36",sell,"2026-03-31T13:55:00+00:00","2026-03-31T13:55:00+00:00",23091.20000000,23103.20000000,23055.20000000,"2026-03-31T13:57:00+00:00",23103.20000000,SL,closed,0.10,-12.00000000,-24.00000000,0.00000000,0.00000000,-24.00000000,-1.00000000,14.00000000,2.80000000,2,false
"TR000257","KEEPER_SL12_TP36",sell,"2026-04-01T09:50:00+00:00","2026-04-01T09:50:00+00:00",23983.00000000,23995.00000000,23947.00000000,"2026-04-01T10:01:00+00:00",23995.00000000,SL,closed,0.10,-12.00000000,-24.00000000,0.00000000,0.00000000,-24.00000000,-1.00000000,15.40000000,10.20000000,11,false
"TR000258","KEEPER_SL12_TP36",sell,"2026-04-01T10:41:00+00:00","2026-04-01T10:41:00+00:00",23978.40000000,23990.40000000,23942.40000000,"2026-04-01T10:50:00+00:00",23942.40000000,TP,closed,0.10,36.00000000,72.00000000,0.00000000,0.00000000,72.00000000,3.00000000,9.50000000,53.60000000,9,false
"TR000259","KEEPER_SL12_TP36",sell,"2026-04-01T12:59:00+00:00","2026-04-01T12:59:00+00:00",23891.10000000,23903.10000000,23855.10000000,"2026-04-01T13:00:00+00:00",23903.10000000,SL,closed,0.10,-12.00000000,-24.00000000,0.00000000,0.00000000,-24.00000000,-1.00000000,14.20000000,7.90000000,1,false
"TR000260","KEEPER_SL12_TP36",sell,"2026-04-01T13:02:00+00:00","2026-04-01T13:02:00+00:00",23895.90000000,23907.90000000,23859.90000000,"2026-04-01T13:41:00+00:00",23907.90000000,SL,closed,0.10,-12.00000000,-24.00000000,0.00000000,0.00000000,-24.00000000,-1.00000000,15.90000000,26.60000000,39,false
"TR000261","KEEPER_SL12_TP36",sell,"2026-04-02T10:19:00+00:00","2026-04-02T10:19:00+00:00",23649.60000000,23661.60000000,23613.60000000,"2026-04-02T10:36:00+00:00",23661.60000000,SL,closed,0.10,-12.00000000,-24.00000000,0.00000000,0.00000000,-24.00000000,-1.00000000,13.00000000,31.70000000,17,false
"TR000262","KEEPER_SL12_TP36",sell,"2026-04-02T13:50:00+00:00","2026-04-02T13:50:00+00:00",23630.50000000,23642.50000000,23594.50000000,"2026-04-02T14:01:00+00:00",23642.50000000,SL,closed,0.10,-12.00000000,-24.00000000,0.00000000,0.00000000,-24.00000000,-1.00000000,13.70000000,11.70000000,11,false
"TR000263","KEEPER_SL12_TP36",sell,"2026-04-06T06:37:00+00:00","2026-04-06T06:37:00+00:00",24021.30000000,24033.30000000,23985.30000000,"2026-04-06T06:46:00+00:00",24033.30000000,SL,closed,0.10,-12.00000000,-24.00000000,0.00000000,0.00000000,-24.00000000,-1.00000000,16.50000000,11.50000000,9,false
"TR000264","KEEPER_SL12_TP36",sell,"2026-04-06T09:59:00+00:00","2026-04-06T09:59:00+00:00",24084.30000000,24096.30000000,24048.30000000,"2026-04-06T10:09:00+00:00",24048.30000000,TP,closed,0.10,36.00000000,72.00000000,0.00000000,0.00000000,72.00000000,3.00000000,4.70000000,38.00000000,10,false
"TR000265","KEEPER_SL12_TP36",sell,"2026-04-06T10:18:00+00:00","2026-04-06T10:18:00+00:00",24072.50000000,24084.50000000,24036.50000000,"2026-04-06T10:32:00+00:00",24084.50000000,SL,closed,0.10,-12.00000000,-24.00000000,0.00000000,0.00000000,-24.00000000,-1.00000000,12.50000000,19.40000000,14,false
"TR000266","KEEPER_SL12_TP36",sell,"2026-04-06T10:33:00+00:00","2026-04-06T10:33:00+00:00",24074.40000000,24086.40000000,24038.40000000,"2026-04-06T10:35:00+00:00",24086.40000000,SL,closed,0.10,-12.00000000,-24.00000000,0.00000000,0.00000000,-24.00000000,-1.00000000,12.90000000,1.50000000,2,false
"TR000267","KEEPER_SL12_TP36",sell,"2026-04-06T11:10:00+00:00","2026-04-06T11:10:00+00:00",24152.00000000,24164.00000000,24116.00000000,"2026-04-06T11:15:00+00:00",24164.00000000,SL,closed,0.10,-12.00000000,-24.00000000,0.00000000,0.00000000,-24.00000000,-1.00000000,12.80000000,4.20000000,5,false
"TR000268","KEEPER_SL12_TP36",sell,"2026-04-07T12:38:00+00:00","2026-04-07T12:38:00+00:00",24238.90000000,24250.90000000,24202.90000000,"2026-04-07T12:46:00+00:00",24202.90000000,TP,closed,0.10,36.00000000,72.00000000,0.00000000,0.00000000,72.00000000,3.00000000,0.00000000,37.10000000,8,false
"TR000269","KEEPER_SL12_TP36",sell,"2026-04-07T13:16:00+00:00","2026-04-07T13:16:00+00:00",24219.10000000,24231.10000000,24183.10000000,"2026-04-07T13:25:00+00:00",24183.10000000,TP,closed,0.10,36.00000000,72.00000000,0.00000000,0.00000000,72.00000000,3.00000000,1.70000000,56.80000000,9,false
"TR000270","KEEPER_SL12_TP36",sell,"2026-04-08T09:07:00+00:00","2026-04-08T09:07:00+00:00",25022.30000000,25034.30000000,24986.30000000,"2026-04-08T10:00:00+00:00",24986.30000000,TP,closed,0.10,36.00000000,72.00000000,0.00000000,0.00000000,72.00000000,3.00000000,9.20000000,38.20000000,53,false
"TR000271","KEEPER_SL12_TP36",sell,"2026-04-08T11:53:00+00:00","2026-04-08T11:53:00+00:00",25015.30000000,25027.30000000,24979.30000000,"2026-04-08T11:57:00+00:00",25027.30000000,SL,closed,0.10,-12.00000000,-24.00000000,0.00000000,0.00000000,-24.00000000,-1.00000000,13.50000000,1.30000000,4,false
"TR000272","KEEPER_SL12_TP36",sell,"2026-04-08T12:19:00+00:00","2026-04-08T12:19:00+00:00",25060.70000000,25072.70000000,25024.70000000,"2026-04-08T12:43:00+00:00",25024.70000000,TP,closed,0.10,36.00000000,72.00000000,0.00000000,0.00000000,72.00000000,3.00000000,2.90000000,39.70000000,24,false
"TR000273","KEEPER_SL12_TP36",sell,"2026-04-20T10:14:00+00:00","2026-04-20T10:14:00+00:00",26546.90000000,26558.90000000,26510.90000000,"2026-04-20T10:21:00+00:00",26558.90000000,SL,closed,0.10,-12.00000000,-24.00000000,0.00000000,0.00000000,-24.00000000,-1.00000000,15.20000000,13.30000000,7,false
"TR000274","KEEPER_SL12_TP36",sell,"2026-04-20T10:24:00+00:00","2026-04-20T10:24:00+00:00",26551.10000000,26563.10000000,26515.10000000,"2026-04-20T10:30:00+00:00",26515.10000000,TP,closed,0.10,36.00000000,72.00000000,0.00000000,0.00000000,72.00000000,3.00000000,0.00000000,58.20000000,6,false
"TR000275","KEEPER_SL12_TP36",sell,"2026-04-22T08:29:00+00:00","2026-04-22T08:29:00+00:00",26679.60000000,26691.60000000,26643.60000000,"2026-04-22T09:30:00+00:00",26691.60000000,SL,closed,0.10,-12.00000000,-24.00000000,0.00000000,0.00000000,-24.00000000,-1.00000000,13.20000000,28.50000000,61,false
"TR000276","KEEPER_SL12_TP36",sell,"2026-04-24T11:28:00+00:00","2026-04-24T11:28:00+00:00",26978.00000000,26990.00000000,26942.00000000,"2026-04-24T11:44:00+00:00",26942.00000000,TP,closed,0.10,36.00000000,72.00000000,0.00000000,0.00000000,72.00000000,3.00000000,0.00000000,39.10000000,16,false
"TR000277","KEEPER_SL12_TP36",sell,"2026-04-28T12:58:00+00:00","2026-04-28T12:58:00+00:00",27155.20000000,27167.20000000,27119.20000000,"2026-04-28T13:17:00+00:00",27119.20000000,TP,closed,0.10,36.00000000,72.00000000,0.00000000,0.00000000,72.00000000,3.00000000,11.10000000,37.70000000,19,false
"TR000278","KEEPER_SL12_TP36",sell,"2026-04-29T11:04:00+00:00","2026-04-29T11:04:00+00:00",27109.20000000,27121.20000000,27073.20000000,"2026-04-29T11:15:00+00:00",27073.20000000,TP,closed,0.10,36.00000000,72.00000000,0.00000000,0.00000000,72.00000000,3.00000000,1.60000000,36.40000000,11,false
"TR000279","KEEPER_SL12_TP36",sell,"2026-04-29T11:32:00+00:00","2026-04-29T11:32:00+00:00",27103.50000000,27115.50000000,27067.50000000,"2026-04-29T11:45:00+00:00",27115.50000000,SL,closed,0.10,-12.00000000,-24.00000000,0.00000000,0.00000000,-24.00000000,-1.00000000,12.30000000,30.00000000,13,false
"TR000280","KEEPER_SL12_TP36",sell,"2026-04-29T11:47:00+00:00","2026-04-29T11:47:00+00:00",27104.50000000,27116.50000000,27068.50000000,"2026-04-29T12:10:00+00:00",27116.50000000,SL,closed,0.10,-12.00000000,-24.00000000,0.00000000,0.00000000,-24.00000000,-1.00000000,18.60000000,7.50000000,23,false
"TR000281","KEEPER_SL12_TP36",sell,"2026-04-30T09:21:00+00:00","2026-04-30T09:21:00+00:00",27089.30000000,27101.30000000,27053.30000000,"2026-04-30T09:26:00+00:00",27101.30000000,SL,closed,0.10,-12.00000000,-24.00000000,0.00000000,0.00000000,-24.00000000,-1.00000000,17.30000000,19.30000000,5,false
"TR000282","KEEPER_SL12_TP36",sell,"2026-04-30T10:44:00+00:00","2026-04-30T10:44:00+00:00",27234.40000000,27246.40000000,27198.40000000,"2026-04-30T11:05:00+00:00",27246.40000000,SL,closed,0.10,-12.00000000,-24.00000000,0.00000000,0.00000000,-24.00000000,-1.00000000,16.70000000,30.20000000,21,false
"TR000283","KEEPER_SL12_TP36",sell,"2026-04-30T11:05:00+00:00","2026-04-30T11:05:00+00:00",27235.20000000,27247.20000000,27199.20000000,"2026-04-30T11:21:00+00:00",27199.20000000,TP,closed,0.10,36.00000000,72.00000000,0.00000000,0.00000000,72.00000000,3.00000000,7.00000000,41.50000000,16,false
"TR000284","KEEPER_SL12_TP36",sell,"2026-04-30T11:47:00+00:00","2026-04-30T11:47:00+00:00",27252.60000000,27264.60000000,27216.60000000,"2026-04-30T11:51:00+00:00",27264.60000000,SL,closed,0.10,-12.00000000,-24.00000000,0.00000000,0.00000000,-24.00000000,-1.00000000,12.00000000,5.90000000,4,false
"TR000285","KEEPER_SL12_TP36",sell,"2026-04-30T11:52:00+00:00","2026-04-30T11:52:00+00:00",27256.30000000,27268.30000000,27220.30000000,"2026-04-30T12:10:00+00:00",27220.30000000,TP,closed,0.10,36.00000000,72.00000000,0.00000000,0.00000000,72.00000000,3.00000000,0.00000000,41.40000000,18,false
"TR000286","KEEPER_SL12_TP36",sell,"2026-04-30T13:13:00+00:00","2026-04-30T13:13:00+00:00",27257.80000000,27269.80000000,27221.80000000,"2026-04-30T13:22:00+00:00",27269.80000000,SL,closed,0.10,-12.00000000,-24.00000000,0.00000000,0.00000000,-24.00000000,-1.00000000,20.70000000,17.70000000,9,false
"TR000287","KEEPER_SL12_TP36",sell,"2026-04-30T13:33:00+00:00","2026-04-30T13:33:00+00:00",27279.10000000,27291.10000000,27243.10000000,"2026-04-30T13:39:00+00:00",27243.10000000,TP,closed,0.10,36.00000000,72.00000000,0.00000000,0.00000000,72.00000000,3.00000000,7.90000000,37.50000000,6,false
"TR000288","KEEPER_SL12_TP36",sell,"2026-05-06T12:45:00+00:00","2026-05-06T12:45:00+00:00",28374.40000000,28386.40000000,28338.40000000,"2026-05-06T12:54:00+00:00",28386.40000000,SL,closed,0.10,-12.00000000,-24.00000000,0.00000000,0.00000000,-24.00000000,-1.00000000,17.00000000,10.60000000,9,false
"TR000289","KEEPER_SL12_TP36",sell,"2026-05-06T13:08:00+00:00","2026-05-06T13:08:00+00:00",28399.20000000,28411.20000000,28363.20000000,"2026-05-06T13:16:00+00:00",28411.20000000,SL,closed,0.10,-12.00000000,-24.00000000,0.00000000,0.00000000,-24.00000000,-1.00000000,17.70000000,13.30000000,8,false
"TR000290","KEEPER_SL12_TP36",sell,"2026-05-06T13:49:00+00:00","2026-05-06T13:49:00+00:00",28458.00000000,28470.00000000,28422.00000000,"2026-05-06T13:50:00+00:00",28470.00000000,SL,closed,0.10,-12.00000000,-24.00000000,0.00000000,0.00000000,-24.00000000,-1.00000000,17.40000000,8.60000000,1,false
"TR000291","KEEPER_SL12_TP36",sell,"2026-05-06T13:51:00+00:00","2026-05-06T13:51:00+00:00",28464.10000000,28476.10000000,28428.10000000,"2026-05-06T13:53:00+00:00",28476.10000000,SL,closed,0.10,-12.00000000,-24.00000000,0.00000000,0.00000000,-24.00000000,-1.00000000,31.80000000,5.70000000,2,false
"TR000292","KEEPER_SL12_TP36",sell,"2026-05-06T13:56:00+00:00","2026-05-06T13:56:00+00:00",28476.70000000,28488.70000000,28440.70000000,"2026-05-06T14:01:00+00:00",28488.70000000,SL,closed,0.10,-12.00000000,-24.00000000,0.00000000,0.00000000,-24.00000000,-1.00000000,24.30000000,16.90000000,5,false
"TR000293","KEEPER_SL12_TP36",sell,"2026-05-07T10:18:00+00:00","2026-05-07T10:18:00+00:00",28654.20000000,28666.20000000,28618.20000000,"2026-05-07T10:32:00+00:00",28666.20000000,SL,closed,0.10,-12.00000000,-24.00000000,0.00000000,0.00000000,-24.00000000,-1.00000000,16.00000000,19.90000000,14,false
"TR000294","KEEPER_SL12_TP36",sell,"2026-05-11T11:24:00+00:00","2026-05-11T11:24:00+00:00",29200.60000000,29212.60000000,29164.60000000,"2026-05-11T11:29:00+00:00",29164.60000000,TP,closed,0.10,36.00000000,72.00000000,0.00000000,0.00000000,72.00000000,3.00000000,3.10000000,42.50000000,5,false
"TR000295","KEEPER_SL12_TP36",sell,"2026-05-12T06:02:00+00:00","2026-05-12T06:02:00+00:00",29246.30000000,29258.30000000,29210.30000000,"2026-05-12T07:50:00+00:00",29210.30000000,TP,closed,0.10,36.00000000,72.00000000,0.00000000,0.00000000,72.00000000,3.00000000,0.00000000,40.80000000,108,false
"TR000296","KEEPER_SL12_TP36",sell,"2026-05-12T10:26:00+00:00","2026-05-12T10:26:00+00:00",29125.30000000,29137.30000000,29089.30000000,"2026-05-12T10:33:00+00:00",29137.30000000,SL,closed,0.10,-12.00000000,-24.00000000,0.00000000,0.00000000,-24.00000000,-1.00000000,13.30000000,7.30000000,7,false
"TR000297","KEEPER_SL12_TP36",sell,"2026-05-12T10:35:00+00:00","2026-05-12T10:35:00+00:00",29139.60000000,29151.60000000,29103.60000000,"2026-05-12T11:08:00+00:00",29103.60000000,TP,closed,0.10,36.00000000,72.00000000,0.00000000,0.00000000,72.00000000,3.00000000,9.00000000,41.20000000,33,false
"TR000298","KEEPER_SL12_TP36",sell,"2026-05-12T11:24:00+00:00","2026-05-12T11:24:00+00:00",29103.10000000,29115.10000000,29067.10000000,"2026-05-12T11:29:00+00:00",29115.10000000,SL,closed,0.10,-12.00000000,-24.00000000,0.00000000,0.00000000,-24.00000000,-1.00000000,13.00000000,18.90000000,5,false
"TR000299","KEEPER_SL12_TP36",sell,"2026-05-12T11:40:00+00:00","2026-05-12T11:40:00+00:00",29109.90000000,29121.90000000,29073.90000000,"2026-05-12T12:09:00+00:00",29073.90000000,TP,closed,0.10,36.00000000,72.00000000,0.00000000,0.00000000,72.00000000,3.00000000,8.20000000,39.70000000,29,false
"TR000300","KEEPER_SL12_TP36",sell,"2026-05-12T12:38:00+00:00","2026-05-12T12:38:00+00:00",29119.70000000,29131.70000000,29083.70000000,"2026-05-12T13:10:00+00:00",29131.70000000,SL,closed,0.10,-12.00000000,-24.00000000,0.00000000,0.00000000,-24.00000000,-1.00000000,12.90000000,15.10000000,32,false
"TR000301","KEEPER_SL12_TP36",sell,"2026-05-13T11:26:00+00:00","2026-05-13T11:26:00+00:00",29328.50000000,29340.50000000,29292.50000000,"2026-05-13T11:40:00+00:00",29340.50000000,SL,closed,0.10,-12.00000000,-24.00000000,0.00000000,0.00000000,-24.00000000,-1.00000000,14.70000000,10.10000000,14,false
"TR000302","KEEPER_SL12_TP36",sell,"2026-05-14T08:31:00+00:00","2026-05-14T08:31:00+00:00",29460.00000000,29472.00000000,29424.00000000,"2026-05-14T08:45:00+00:00",29472.00000000,SL,closed,0.10,-12.00000000,-24.00000000,0.00000000,0.00000000,-24.00000000,-1.00000000,42.70000000,18.60000000,14,false
"TR000303","KEEPER_SL12_TP36",sell,"2026-05-14T09:16:00+00:00","2026-05-14T09:16:00+00:00",29517.20000000,29529.20000000,29481.20000000,"2026-05-14T09:23:00+00:00",29529.20000000,SL,closed,0.10,-12.00000000,-24.00000000,0.00000000,0.00000000,-24.00000000,-1.00000000,17.90000000,7.80000000,7,false
"TR000304","KEEPER_SL12_TP36",sell,"2026-05-14T11:23:00+00:00","2026-05-14T11:23:00+00:00",29495.50000000,29507.50000000,29459.50000000,"2026-05-14T11:41:00+00:00",29459.50000000,TP,closed,0.10,36.00000000,72.00000000,0.00000000,0.00000000,72.00000000,3.00000000,11.60000000,40.30000000,18,false
"TR000305","KEEPER_SL12_TP36",sell,"2026-05-14T13:20:00+00:00","2026-05-14T13:20:00+00:00",29467.50000000,29479.50000000,29431.50000000,"2026-05-14T13:23:00+00:00",29431.50000000,TP,closed,0.10,36.00000000,72.00000000,0.00000000,0.00000000,72.00000000,3.00000000,0.00000000,36.10000000,3,false
"TR000306","KEEPER_SL12_TP36",sell,"2026-05-14T13:58:00+00:00","2026-05-14T13:58:00+00:00",29438.10000000,29450.10000000,29402.10000000,"2026-05-14T14:01:00+00:00",29450.10000000,SL,closed,0.10,-12.00000000,-24.00000000,0.00000000,0.00000000,-24.00000000,-1.00000000,14.80000000,1.90000000,3,false
"TR000307","KEEPER_SL12_TP36",sell,"2026-05-15T06:43:00+00:00","2026-05-15T06:43:00+00:00",29474.10000000,29486.10000000,29438.10000000,"2026-05-15T07:11:00+00:00",29438.10000000,TP,closed,0.10,36.00000000,72.00000000,0.00000000,0.00000000,72.00000000,3.00000000,0.00000000,39.60000000,28,false
"TR000308","KEEPER_SL12_TP36",sell,"2026-05-15T07:43:00+00:00","2026-05-15T07:43:00+00:00",29429.00000000,29441.00000000,29393.00000000,"2026-05-15T07:47:00+00:00",29393.00000000,TP,closed,0.10,36.00000000,72.00000000,0.00000000,0.00000000,72.00000000,3.00000000,0.00000000,38.70000000,4,false
"TR000309","KEEPER_SL12_TP36",sell,"2026-05-18T07:20:00+00:00","2026-05-18T07:20:00+00:00",28995.30000000,29007.30000000,28959.30000000,"2026-05-18T07:24:00+00:00",28959.30000000,TP,closed,0.10,36.00000000,72.00000000,0.00000000,0.00000000,72.00000000,3.00000000,0.00000000,41.70000000,4,false
"TR000310","KEEPER_SL12_TP36",sell,"2026-05-18T12:02:00+00:00","2026-05-18T12:02:00+00:00",29132.20000000,29144.20000000,29096.20000000,"2026-05-18T12:25:00+00:00",29096.20000000,TP,closed,0.10,36.00000000,72.00000000,0.00000000,0.00000000,72.00000000,3.00000000,0.90000000,38.10000000,23,false
"TR000311","KEEPER_SL12_TP36",sell,"2026-05-18T13:56:00+00:00","2026-05-18T13:56:00+00:00",29029.40000000,29041.40000000,28993.40000000,"2026-05-18T14:08:00+00:00",28993.40000000,TP,closed,0.10,36.00000000,72.00000000,0.00000000,0.00000000,72.00000000,3.00000000,0.50000000,40.20000000,12,false
"TR000312","KEEPER_SL12_TP36",sell,"2026-05-19T06:20:00+00:00","2026-05-19T06:20:00+00:00",28891.70000000,28903.70000000,28855.70000000,"2026-05-19T06:26:00+00:00",28903.70000000,SL,closed,0.10,-12.00000000,-24.00000000,0.00000000,0.00000000,-24.00000000,-1.00000000,16.60000000,7.00000000,6,false
"TR000313","KEEPER_SL12_TP36",sell,"2026-05-19T06:41:00+00:00","2026-05-19T06:41:00+00:00",28924.20000000,28936.20000000,28888.20000000,"2026-05-19T06:56:00+00:00",28888.20000000,TP,closed,0.10,36.00000000,72.00000000,0.00000000,0.00000000,72.00000000,3.00000000,3.60000000,36.30000000,15,false
"TR000314","KEEPER_SL12_TP36",sell,"2026-05-19T10:22:00+00:00","2026-05-19T10:22:00+00:00",28958.50000000,28970.50000000,28922.50000000,"2026-05-19T10:25:00+00:00",28970.50000000,SL,closed,0.10,-12.00000000,-24.00000000,0.00000000,0.00000000,-24.00000000,-1.00000000,13.70000000,4.30000000,3,false
"TR000315","KEEPER_SL12_TP36",sell,"2026-05-19T10:27:00+00:00","2026-05-19T10:27:00+00:00",28971.30000000,28983.30000000,28935.30000000,"2026-05-19T10:42:00+00:00",28983.30000000,SL,closed,0.10,-12.00000000,-24.00000000,0.00000000,0.00000000,-24.00000000,-1.00000000,15.90000000,26.00000000,15,false
"TR000316","KEEPER_SL12_TP36",sell,"2026-05-19T10:58:00+00:00","2026-05-19T10:58:00+00:00",29006.90000000,29018.90000000,28970.90000000,"2026-05-19T11:00:00+00:00",29018.90000000,SL,closed,0.10,-12.00000000,-24.00000000,0.00000000,0.00000000,-24.00000000,-1.00000000,13.40000000,3.60000000,2,false
"TR000317","KEEPER_SL12_TP36",sell,"2026-05-19T11:58:00+00:00","2026-05-19T11:58:00+00:00",28926.70000000,28938.70000000,28890.70000000,"2026-05-19T12:02:00+00:00",28890.70000000,TP,closed,0.10,36.00000000,72.00000000,0.00000000,0.00000000,72.00000000,3.00000000,0.00000000,39.90000000,4,false
"TR000318","KEEPER_SL12_TP36",sell,"2026-05-19T13:35:00+00:00","2026-05-19T13:35:00+00:00",28815.40000000,28827.40000000,28779.40000000,"2026-05-19T13:38:00+00:00",28779.40000000,TP,closed,0.10,36.00000000,72.00000000,0.00000000,0.00000000,72.00000000,3.00000000,7.00000000,54.70000000,3,false
"TR000319","KEEPER_SL12_TP36",sell,"2026-05-20T07:11:00+00:00","2026-05-20T07:11:00+00:00",28825.20000000,28837.20000000,28789.20000000,"2026-05-20T07:14:00+00:00",28837.20000000,SL,closed,0.10,-12.00000000,-24.00000000,0.00000000,0.00000000,-24.00000000,-1.00000000,24.70000000,12.80000000,3,false
"TR000320","KEEPER_SL12_TP36",sell,"2026-05-20T07:18:00+00:00","2026-05-20T07:18:00+00:00",28839.80000000,28851.80000000,28803.80000000,"2026-05-20T07:35:00+00:00",28803.80000000,TP,closed,0.10,36.00000000,72.00000000,0.00000000,0.00000000,72.00000000,3.00000000,0.90000000,36.40000000,17,false
"TR000321","KEEPER_SL12_TP36",sell,"2026-05-20T08:12:00+00:00","2026-05-20T08:12:00+00:00",28823.20000000,28835.20000000,28787.20000000,"2026-05-20T08:20:00+00:00",28835.20000000,SL,closed,0.10,-12.00000000,-24.00000000,0.00000000,0.00000000,-24.00000000,-1.00000000,12.10000000,25.80000000,8,false
"TR000322","KEEPER_SL12_TP36",sell,"2026-05-20T08:25:00+00:00","2026-05-20T08:25:00+00:00",28837.60000000,28849.60000000,28801.60000000,"2026-05-20T08:31:00+00:00",28849.60000000,SL,closed,0.10,-12.00000000,-24.00000000,0.00000000,0.00000000,-24.00000000,-1.00000000,25.30000000,25.40000000,6,false
"TR000323","KEEPER_SL12_TP36",sell,"2026-05-20T09:31:00+00:00","2026-05-20T09:31:00+00:00",28914.00000000,28926.00000000,28878.00000000,"2026-05-20T09:51:00+00:00",28926.00000000,SL,closed,0.10,-12.00000000,-24.00000000,0.00000000,0.00000000,-24.00000000,-1.00000000,23.20000000,21.80000000,20,false
"TR000324","KEEPER_SL12_TP36",sell,"2026-05-20T10:14:00+00:00","2026-05-20T10:14:00+00:00",28950.70000000,28962.70000000,28914.70000000,"2026-05-20T10:21:00+00:00",28962.70000000,SL,closed,0.10,-12.00000000,-24.00000000,0.00000000,0.00000000,-24.00000000,-1.00000000,14.90000000,12.50000000,7,false
"TR000325","KEEPER_SL12_TP36",sell,"2026-05-20T11:11:00+00:00","2026-05-20T11:11:00+00:00",28965.70000000,28977.70000000,28929.70000000,"2026-05-20T11:13:00+00:00",28977.70000000,SL,closed,0.10,-12.00000000,-24.00000000,0.00000000,0.00000000,-24.00000000,-1.00000000,12.10000000,6.60000000,2,false
"TR000326","KEEPER_SL12_TP36",sell,"2026-05-20T11:50:00+00:00","2026-05-20T11:50:00+00:00",29029.30000000,29041.30000000,28993.30000000,"2026-05-20T12:05:00+00:00",28993.30000000,TP,closed,0.10,36.00000000,72.00000000,0.00000000,0.00000000,72.00000000,3.00000000,3.90000000,38.40000000,15,false
"TR000327","KEEPER_SL12_TP36",sell,"2026-05-20T13:09:00+00:00","2026-05-20T13:09:00+00:00",29049.20000000,29061.20000000,29013.20000000,"2026-05-20T13:35:00+00:00",29061.20000000,SL,closed,0.10,-12.00000000,-24.00000000,0.00000000,0.00000000,-24.00000000,-1.00000000,12.40000000,23.00000000,26,false
"TR000328","KEEPER_SL12_TP36",sell,"2026-05-21T09:34:00+00:00","2026-05-21T09:34:00+00:00",29281.10000000,29293.10000000,29245.10000000,"2026-05-21T09:42:00+00:00",29245.10000000,TP,closed,0.10,36.00000000,72.00000000,0.00000000,0.00000000,72.00000000,3.00000000,0.10000000,36.40000000,8,false
"TR000329","KEEPER_SL12_TP36",sell,"2026-05-21T12:24:00+00:00","2026-05-21T12:24:00+00:00",29316.00000000,29328.00000000,29280.00000000,"2026-05-21T12:27:00+00:00",29328.00000000,SL,closed,0.10,-12.00000000,-24.00000000,0.00000000,0.00000000,-24.00000000,-1.00000000,14.90000000,5.30000000,3,false
"TR000330","KEEPER_SL12_TP36",sell,"2026-05-21T13:17:00+00:00","2026-05-21T13:17:00+00:00",29294.40000000,29306.40000000,29258.40000000,"2026-05-21T13:25:00+00:00",29258.40000000,TP,closed,0.10,36.00000000,72.00000000,0.00000000,0.00000000,72.00000000,3.00000000,1.70000000,94.20000000,8,false
"TR000331","KEEPER_SL12_TP36",sell,"2026-05-22T09:18:00+00:00","2026-05-22T09:18:00+00:00",29479.10000000,29491.10000000,29443.10000000,"2026-05-22T09:35:00+00:00",29491.10000000,SL,closed,0.10,-12.00000000,-24.00000000,0.00000000,0.00000000,-24.00000000,-1.00000000,22.50000000,15.60000000,17,false
"TR000332","KEEPER_SL12_TP36",sell,"2026-05-22T11:26:00+00:00","2026-05-22T11:26:00+00:00",29548.60000000,29560.60000000,29512.60000000,"2026-05-22T11:34:00+00:00",29512.60000000,TP,closed,0.10,36.00000000,72.00000000,0.00000000,0.00000000,72.00000000,3.00000000,3.80000000,41.00000000,8,false
"TR000333","KEEPER_SL12_TP36",sell,"2026-05-25T10:50:00+00:00","2026-05-25T10:50:00+00:00",29892.70000000,29904.70000000,29856.70000000,"2026-05-25T11:15:00+00:00",29856.70000000,TP,closed,0.10,36.00000000,72.00000000,0.00000000,0.00000000,72.00000000,3.00000000,6.50000000,36.40000000,25,false
"TR000334","KEEPER_SL12_TP36",sell,"2026-05-26T11:13:00+00:00","2026-05-26T11:13:00+00:00",29706.50000000,29718.50000000,29670.50000000,"2026-05-26T11:29:00+00:00",29718.50000000,SL,closed,0.10,-12.00000000,-24.00000000,0.00000000,0.00000000,-24.00000000,-1.00000000,12.60000000,14.60000000,16,false
"TR000335","KEEPER_SL12_TP36",sell,"2026-05-27T11:34:00+00:00","2026-05-27T11:34:00+00:00",30131.80000000,30143.80000000,30095.80000000,"2026-05-27T13:00:00+00:00",30143.80000000,SL,closed,0.10,-12.00000000,-24.00000000,0.00000000,0.00000000,-24.00000000,-1.00000000,14.40000000,30.20000000,86,false
"TR000336","KEEPER_SL12_TP36",sell,"2026-05-28T07:44:00+00:00","2026-05-28T07:44:00+00:00",29740.60000000,29752.60000000,29704.60000000,"2026-05-28T08:01:00+00:00",29704.60000000,TP,closed,0.10,36.00000000,72.00000000,0.00000000,0.00000000,72.00000000,3.00000000,0.00000000,36.10000000,17,false
"TR000337","KEEPER_SL12_TP36",sell,"2026-05-28T10:22:00+00:00","2026-05-28T10:22:00+00:00",29882.60000000,29894.60000000,29846.60000000,"2026-05-28T11:00:00+00:00",29894.60000000,SL,closed,0.10,-12.00000000,-24.00000000,0.00000000,0.00000000,-24.00000000,-1.00000000,14.70000000,27.10000000,38,false
"TR000338","KEEPER_SL12_TP36",sell,"2026-05-28T11:09:00+00:00","2026-05-28T11:09:00+00:00",29895.80000000,29907.80000000,29859.80000000,"2026-05-28T11:11:00+00:00",29907.80000000,SL,closed,0.10,-12.00000000,-24.00000000,0.00000000,0.00000000,-24.00000000,-1.00000000,12.20000000,1.50000000,2,false
"TR000339","KEEPER_SL12_TP36",sell,"2026-05-28T11:13:00+00:00","2026-05-28T11:13:00+00:00",29901.20000000,29913.20000000,29865.20000000,"2026-05-28T11:22:00+00:00",29913.20000000,SL,closed,0.10,-12.00000000,-24.00000000,0.00000000,0.00000000,-24.00000000,-1.00000000,19.60000000,14.20000000,9,false
"TR000340","KEEPER_SL12_TP36",sell,"2026-05-28T11:25:00+00:00","2026-05-28T11:25:00+00:00",29911.70000000,29923.70000000,29875.70000000,"2026-05-28T12:02:00+00:00",29923.70000000,SL,closed,0.10,-12.00000000,-24.00000000,0.00000000,0.00000000,-24.00000000,-1.00000000,14.50000000,29.30000000,37,false
"TR000341","KEEPER_SL12_TP36",sell,"2026-06-02T11:17:00+00:00","2026-06-02T11:17:00+00:00",30504.80000000,30516.80000000,30468.80000000,"2026-06-02T12:42:00+00:00",30516.80000000,SL,closed,0.10,-12.00000000,-24.00000000,0.00000000,0.00000000,-24.00000000,-1.00000000,21.80000000,34.50000000,85,false
"TR000342","KEEPER_SL12_TP36",sell,"2026-06-03T11:17:00+00:00","2026-06-03T11:17:00+00:00",30687.70000000,30699.70000000,30651.70000000,"2026-06-03T12:09:00+00:00",30699.70000000,SL,closed,0.10,-12.00000000,-24.00000000,0.00000000,0.00000000,-24.00000000,-1.00000000,12.40000000,33.30000000,52,false
"TR000343","KEEPER_SL12_TP36",sell,"2026-06-03T13:12:00+00:00","2026-06-03T13:12:00+00:00",30710.00000000,30722.00000000,30674.00000000,"2026-06-03T13:32:00+00:00",30722.00000000,SL,closed,0.10,-12.00000000,-24.00000000,0.00000000,0.00000000,-24.00000000,-1.00000000,19.60000000,18.40000000,20,false
"TR000344","KEEPER_SL12_TP36",sell,"2026-06-04T08:36:00+00:00","2026-06-04T08:36:00+00:00",30418.10000000,30430.10000000,30382.10000000,"2026-06-04T08:38:00+00:00",30430.10000000,SL,closed,0.10,-12.00000000,-24.00000000,0.00000000,0.00000000,-24.00000000,-1.00000000,13.70000000,3.80000000,2,false
"TR000345","KEEPER_SL12_TP36",sell,"2026-06-04T08:47:00+00:00","2026-06-04T08:47:00+00:00",30427.70000000,30439.70000000,30391.70000000,"2026-06-04T09:03:00+00:00",30439.70000000,SL,closed,0.10,-12.00000000,-24.00000000,0.00000000,0.00000000,-24.00000000,-1.00000000,14.80000000,25.40000000,16,false
"TR000346","KEEPER_SL12_TP36",sell,"2026-06-04T10:35:00+00:00","2026-06-04T10:35:00+00:00",30467.50000000,30479.50000000,30431.50000000,"2026-06-04T11:00:00+00:00",30431.50000000,TP,closed,0.10,36.00000000,72.00000000,0.00000000,0.00000000,72.00000000,3.00000000,6.70000000,39.80000000,25,false
"TR000347","KEEPER_SL12_TP36",sell,"2026-06-05T06:18:00+00:00","2026-06-05T06:18:00+00:00",30163.80000000,30175.80000000,30127.80000000,"2026-06-05T06:30:00+00:00",30127.80000000,TP,closed,0.10,36.00000000,72.00000000,0.00000000,0.00000000,72.00000000,3.00000000,0.80000000,41.60000000,12,false
"TR000348","KEEPER_SL12_TP36",sell,"2026-06-05T07:12:00+00:00","2026-06-05T07:12:00+00:00",30120.20000000,30132.20000000,30084.20000000,"2026-06-05T07:15:00+00:00",30132.20000000,SL,closed,0.10,-12.00000000,-24.00000000,0.00000000,0.00000000,-24.00000000,-1.00000000,16.50000000,8.20000000,3,false
"TR000349","KEEPER_SL12_TP36",sell,"2026-06-05T07:27:00+00:00","2026-06-05T07:27:00+00:00",30134.70000000,30146.70000000,30098.70000000,"2026-06-05T07:40:00+00:00",30146.70000000,SL,closed,0.10,-12.00000000,-24.00000000,0.00000000,0.00000000,-24.00000000,-1.00000000,19.70000000,23.00000000,13,false
"TR000350","KEEPER_SL12_TP36",sell,"2026-06-05T07:43:00+00:00","2026-06-05T07:43:00+00:00",30137.10000000,30149.10000000,30101.10000000,"2026-06-05T07:47:00+00:00",30149.10000000,SL,closed,0.10,-12.00000000,-24.00000000,0.00000000,0.00000000,-24.00000000,-1.00000000,17.50000000,5.50000000,4,false
"TR000351","KEEPER_SL12_TP36",sell,"2026-06-05T08:01:00+00:00","2026-06-05T08:01:00+00:00",30166.70000000,30178.70000000,30130.70000000,"2026-06-05T08:45:00+00:00",30130.70000000,TP,closed,0.10,36.00000000,72.00000000,0.00000000,0.00000000,72.00000000,3.00000000,6.80000000,37.30000000,44,false
"TR000352","KEEPER_SL12_TP36",sell,"2026-06-05T09:11:00+00:00","2026-06-05T09:11:00+00:00",30136.10000000,30148.10000000,30100.10000000,"2026-06-05T09:18:00+00:00",30100.10000000,TP,closed,0.10,36.00000000,72.00000000,0.00000000,0.00000000,72.00000000,3.00000000,0.00000000,41.40000000,7,false
"TR000353","KEEPER_SL12_TP36",sell,"2026-06-05T11:02:00+00:00","2026-06-05T11:02:00+00:00",30091.80000000,30103.80000000,30055.80000000,"2026-06-05T11:21:00+00:00",30103.80000000,SL,closed,0.10,-12.00000000,-24.00000000,0.00000000,0.00000000,-24.00000000,-1.00000000,24.30000000,28.70000000,19,false
"TR000354","KEEPER_SL12_TP36",sell,"2026-06-08T06:38:00+00:00","2026-06-08T06:38:00+00:00",29177.40000000,29189.40000000,29141.40000000,"2026-06-08T07:04:00+00:00",29141.40000000,TP,closed,0.10,36.00000000,72.00000000,0.00000000,0.00000000,72.00000000,3.00000000,11.40000000,42.40000000,26,false
"TR000355","KEEPER_SL12_TP36",sell,"2026-06-09T06:00:00+00:00","2026-06-09T06:00:00+00:00",29474.50000000,29486.50000000,29438.50000000,"2026-06-09T06:06:00+00:00",29486.50000000,SL,closed,0.10,-12.00000000,-24.00000000,0.00000000,0.00000000,-24.00000000,-1.00000000,19.90000000,12.40000000,6,false
"TR000356","KEEPER_SL12_TP36",sell,"2026-06-09T06:08:00+00:00","2026-06-09T06:08:00+00:00",29479.50000000,29491.50000000,29443.50000000,"2026-06-09T06:12:00+00:00",29491.50000000,SL,closed,0.10,-12.00000000,-24.00000000,0.00000000,0.00000000,-24.00000000,-1.00000000,13.10000000,4.20000000,4,false
"TR000357","KEEPER_SL12_TP36",sell,"2026-06-09T06:21:00+00:00","2026-06-09T06:21:00+00:00",29495.60000000,29507.60000000,29459.60000000,"2026-06-09T06:30:00+00:00",29507.60000000,SL,closed,0.10,-12.00000000,-24.00000000,0.00000000,0.00000000,-24.00000000,-1.00000000,24.50000000,17.60000000,9,false
"TR000358","KEEPER_SL12_TP36",sell,"2026-06-09T06:50:00+00:00","2026-06-09T06:50:00+00:00",29540.20000000,29552.20000000,29504.20000000,"2026-06-09T07:08:00+00:00",29552.20000000,SL,closed,0.10,-12.00000000,-24.00000000,0.00000000,0.00000000,-24.00000000,-1.00000000,15.10000000,14.10000000,18,false
"TR000359","KEEPER_SL12_TP36",sell,"2026-06-09T08:38:00+00:00","2026-06-09T08:38:00+00:00",29584.20000000,29596.20000000,29548.20000000,"2026-06-09T08:43:00+00:00",29596.20000000,SL,closed,0.10,-12.00000000,-24.00000000,0.00000000,0.00000000,-24.00000000,-1.00000000,24.10000000,3.80000000,5,false
"TR000360","KEEPER_SL12_TP36",sell,"2026-06-09T08:44:00+00:00","2026-06-09T08:44:00+00:00",29591.40000000,29603.40000000,29555.40000000,"2026-06-09T08:47:00+00:00",29603.40000000,SL,closed,0.10,-12.00000000,-24.00000000,0.00000000,0.00000000,-24.00000000,-1.00000000,12.40000000,3.60000000,3,false
"TR000361","KEEPER_SL12_TP36",sell,"2026-06-09T08:52:00+00:00","2026-06-09T08:52:00+00:00",29599.90000000,29611.90000000,29563.90000000,"2026-06-09T09:06:00+00:00",29611.90000000,SL,closed,0.10,-12.00000000,-24.00000000,0.00000000,0.00000000,-24.00000000,-1.00000000,15.90000000,21.90000000,14,false
"TR000362","KEEPER_SL12_TP36",sell,"2026-06-09T10:14:00+00:00","2026-06-09T10:14:00+00:00",29624.70000000,29636.70000000,29588.70000000,"2026-06-09T10:25:00+00:00",29588.70000000,TP,closed,0.10,36.00000000,72.00000000,0.00000000,0.00000000,72.00000000,3.00000000,0.00000000,47.60000000,11,false
"TR000363","KEEPER_SL12_TP36",sell,"2026-06-11T08:44:00+00:00","2026-06-11T08:44:00+00:00",28711.70000000,28723.70000000,28675.70000000,"2026-06-11T09:06:00+00:00",28675.70000000,TP,closed,0.10,36.00000000,72.00000000,0.00000000,0.00000000,72.00000000,3.00000000,10.30000000,55.60000000,22,false
"TR000364","KEEPER_SL12_TP36",sell,"2026-06-11T10:05:00+00:00","2026-06-11T10:05:00+00:00",28759.70000000,28771.70000000,28723.70000000,"2026-06-11T10:10:00+00:00",28771.70000000,SL,closed,0.10,-12.00000000,-24.00000000,0.00000000,0.00000000,-24.00000000,-1.00000000,14.10000000,26.10000000,5,false
"TR000365","KEEPER_SL12_TP36",sell,"2026-06-11T12:03:00+00:00","2026-06-11T12:03:00+00:00",28883.40000000,28895.40000000,28847.40000000,"2026-06-11T12:10:00+00:00",28847.40000000,TP,closed,0.10,36.00000000,72.00000000,0.00000000,0.00000000,72.00000000,3.00000000,2.70000000,37.90000000,7,false
"TR000366","KEEPER_SL12_TP36",sell,"2026-06-11T12:41:00+00:00","2026-06-11T12:41:00+00:00",28846.90000000,28858.90000000,28810.90000000,"2026-06-11T12:42:00+00:00",28858.90000000,SL,closed,0.10,-12.00000000,-24.00000000,0.00000000,0.00000000,-24.00000000,-1.00000000,13.10000000,4.40000000,1,false
"TR000367","KEEPER_SL12_TP36",sell,"2026-06-11T12:48:00+00:00","2026-06-11T12:48:00+00:00",28853.30000000,28865.30000000,28817.30000000,"2026-06-11T13:01:00+00:00",28865.30000000,SL,closed,0.10,-12.00000000,-24.00000000,0.00000000,0.00000000,-24.00000000,-1.00000000,14.10000000,10.70000000,13,false
"TR000368","KEEPER_SL12_TP36",sell,"2026-06-11T13:03:00+00:00","2026-06-11T13:03:00+00:00",28864.10000000,28876.10000000,28828.10000000,"2026-06-11T13:06:00+00:00",28876.10000000,SL,closed,0.10,-12.00000000,-24.00000000,0.00000000,0.00000000,-24.00000000,-1.00000000,12.70000000,16.70000000,3,false
"TR000369","KEEPER_SL12_TP36",sell,"2026-06-11T13:10:00+00:00","2026-06-11T13:10:00+00:00",28867.20000000,28879.20000000,28831.20000000,"2026-06-11T13:34:00+00:00",28879.20000000,SL,closed,0.10,-12.00000000,-24.00000000,0.00000000,0.00000000,-24.00000000,-1.00000000,13.60000000,24.60000000,24,false
"TR000370","KEEPER_SL12_TP36",sell,"2026-06-11T13:35:00+00:00","2026-06-11T13:35:00+00:00",28867.00000000,28879.00000000,28831.00000000,"2026-06-11T14:00:00+00:00",28831.00000000,TP,closed,0.10,36.00000000,72.00000000,0.00000000,0.00000000,72.00000000,3.00000000,4.90000000,41.20000000,25,false
"TR000371","KEEPER_SL12_TP36",sell,"2026-06-12T06:00:00+00:00","2026-06-12T06:00:00+00:00",29530.70000000,29542.70000000,29494.70000000,"2026-06-12T06:12:00+00:00",29494.70000000,TP,closed,0.10,36.00000000,72.00000000,0.00000000,0.00000000,72.00000000,3.00000000,0.00000000,51.10000000,12,false
"TR000372","KEEPER_SL12_TP36",sell,"2026-06-12T06:32:00+00:00","2026-06-12T06:32:00+00:00",29493.20000000,29505.20000000,29457.20000000,"2026-06-12T06:38:00+00:00",29505.20000000,SL,closed,0.10,-12.00000000,-24.00000000,0.00000000,0.00000000,-24.00000000,-1.00000000,12.10000000,5.80000000,6,false
"TR000373","KEEPER_SL12_TP36",sell,"2026-06-12T06:43:00+00:00","2026-06-12T06:43:00+00:00",29498.60000000,29510.60000000,29462.60000000,"2026-06-12T07:06:00+00:00",29462.60000000,TP,closed,0.10,36.00000000,72.00000000,0.00000000,0.00000000,72.00000000,3.00000000,10.80000000,36.20000000,23,false
"TR000374","KEEPER_SL12_TP36",sell,"2026-06-12T07:36:00+00:00","2026-06-12T07:36:00+00:00",29497.20000000,29509.20000000,29461.20000000,"2026-06-12T07:43:00+00:00",29509.20000000,SL,closed,0.10,-12.00000000,-24.00000000,0.00000000,0.00000000,-24.00000000,-1.00000000,14.90000000,7.30000000,7,false
"TR000375","KEEPER_SL12_TP36",sell,"2026-06-12T08:21:00+00:00","2026-06-12T08:21:00+00:00",29504.70000000,29516.70000000,29468.70000000,"2026-06-12T08:37:00+00:00",29468.70000000,TP,closed,0.10,36.00000000,72.00000000,0.00000000,0.00000000,72.00000000,3.00000000,6.40000000,46.80000000,16,false
"TR000376","KEEPER_SL12_TP36",sell,"2026-06-15T10:17:00+00:00","2026-06-15T10:17:00+00:00",30232.50000000,30244.50000000,30196.50000000,"2026-06-15T10:18:00+00:00",30244.50000000,SL,closed,0.10,-12.00000000,-24.00000000,0.00000000,0.00000000,-24.00000000,-1.00000000,13.40000000,5.00000000,1,false
"TR000377","KEEPER_SL12_TP36",sell,"2026-06-15T10:23:00+00:00","2026-06-15T10:23:00+00:00",30235.70000000,30247.70000000,30199.70000000,"2026-06-15T10:35:00+00:00",30247.70000000,SL,closed,0.10,-12.00000000,-24.00000000,0.00000000,0.00000000,-24.00000000,-1.00000000,13.80000000,20.40000000,12,false
"TR000378","KEEPER_SL12_TP36",sell,"2026-06-15T10:36:00+00:00","2026-06-15T10:36:00+00:00",30241.50000000,30253.50000000,30205.50000000,"2026-06-15T11:02:00+00:00",30253.50000000,SL,closed,0.10,-12.00000000,-24.00000000,0.00000000,0.00000000,-24.00000000,-1.00000000,14.70000000,21.70000000,26,false
"TR000379","KEEPER_SL12_TP36",sell,"2026-06-15T11:06:00+00:00","2026-06-15T11:06:00+00:00",30247.90000000,30259.90000000,30211.90000000,"2026-06-15T11:10:00+00:00",30259.90000000,SL,closed,0.10,-12.00000000,-24.00000000,0.00000000,0.00000000,-24.00000000,-1.00000000,18.50000000,11.40000000,4,false
"TR000380","KEEPER_SL12_TP36",sell,"2026-06-15T11:17:00+00:00","2026-06-15T11:17:00+00:00",30259.80000000,30271.80000000,30223.80000000,"2026-06-15T11:27:00+00:00",30271.80000000,SL,closed,0.10,-12.00000000,-24.00000000,0.00000000,0.00000000,-24.00000000,-1.00000000,24.20000000,15.30000000,10,false
"TR000381","KEEPER_SL12_TP36",sell,"2026-06-16T10:31:00+00:00","2026-06-16T10:31:00+00:00",30517.40000000,30529.40000000,30481.40000000,"2026-06-16T11:03:00+00:00",30529.40000000,SL,closed,0.10,-12.00000000,-24.00000000,0.00000000,0.00000000,-24.00000000,-1.00000000,18.70000000,30.60000000,32,false
"TR000382","KEEPER_SL12_TP36",sell,"2026-06-16T11:21:00+00:00","2026-06-16T11:21:00+00:00",30557.50000000,30569.50000000,30521.50000000,"2026-06-16T11:27:00+00:00",30569.50000000,SL,closed,0.10,-12.00000000,-24.00000000,0.00000000,0.00000000,-24.00000000,-1.00000000,14.60000000,3.90000000,6,false
"TR000383","KEEPER_SL12_TP36",sell,"2026-06-16T11:32:00+00:00","2026-06-16T11:32:00+00:00",30572.00000000,30584.00000000,30536.00000000,"2026-06-16T11:52:00+00:00",30584.00000000,SL,closed,0.10,-12.00000000,-24.00000000,0.00000000,0.00000000,-24.00000000,-1.00000000,24.90000000,28.90000000,20,false
"TR000384","KEEPER_SL12_TP36",sell,"2026-06-16T12:09:00+00:00","2026-06-16T12:09:00+00:00",30607.80000000,30619.80000000,30571.80000000,"2026-06-16T12:18:00+00:00",30571.80000000,TP,closed,0.10,36.00000000,72.00000000,0.00000000,0.00000000,72.00000000,3.00000000,2.10000000,36.70000000,9,false
"TR000385","KEEPER_SL12_TP36",sell,"2026-06-17T12:10:00+00:00","2026-06-17T12:10:00+00:00",30176.40000000,30188.40000000,30140.40000000,"2026-06-17T12:30:00+00:00",30188.40000000,SL,closed,0.10,-12.00000000,-24.00000000,0.00000000,0.00000000,-24.00000000,-1.00000000,14.70000000,16.50000000,20,false
"TR000386","KEEPER_SL12_TP36",sell,"2026-06-18T08:34:00+00:00","2026-06-18T08:34:00+00:00",30051.60000000,30063.60000000,30015.60000000,"2026-06-18T09:07:00+00:00",30015.60000000,TP,closed,0.10,36.00000000,72.00000000,0.00000000,0.00000000,72.00000000,3.00000000,1.20000000,41.30000000,33,false
"TR000387","KEEPER_SL12_TP36",sell,"2026-06-18T09:35:00+00:00","2026-06-18T09:35:00+00:00",30046.00000000,30058.00000000,30010.00000000,"2026-06-18T09:47:00+00:00",30058.00000000,SL,closed,0.10,-12.00000000,-24.00000000,0.00000000,0.00000000,-24.00000000,-1.00000000,12.90000000,28.00000000,12,false
"TR000388","KEEPER_SL12_TP36",sell,"2026-06-18T10:12:00+00:00","2026-06-18T10:12:00+00:00",30097.20000000,30109.20000000,30061.20000000,"2026-06-18T10:27:00+00:00",30109.20000000,SL,closed,0.10,-12.00000000,-24.00000000,0.00000000,0.00000000,-24.00000000,-1.00000000,13.40000000,31.60000000,15,false
"TR000389","KEEPER_SL12_TP36",sell,"2026-06-18T10:30:00+00:00","2026-06-18T10:30:00+00:00",30101.70000000,30113.70000000,30065.70000000,"2026-06-18T10:58:00+00:00",30113.70000000,SL,closed,0.10,-12.00000000,-24.00000000,0.00000000,0.00000000,-24.00000000,-1.00000000,18.40000000,18.30000000,28,false
"TR000390","KEEPER_SL12_TP36",sell,"2026-06-18T11:17:00+00:00","2026-06-18T11:17:00+00:00",30160.50000000,30172.50000000,30124.50000000,"2026-06-18T11:23:00+00:00",30124.50000000,TP,closed,0.10,36.00000000,72.00000000,0.00000000,0.00000000,72.00000000,3.00000000,7.50000000,38.90000000,6,false
"TR000391","KEEPER_SL12_TP36",sell,"2026-06-18T11:46:00+00:00","2026-06-18T11:46:00+00:00",30131.90000000,30143.90000000,30095.90000000,"2026-06-18T11:56:00+00:00",30095.90000000,TP,closed,0.10,36.00000000,72.00000000,0.00000000,0.00000000,72.00000000,3.00000000,6.20000000,39.60000000,10,false
"TR000392","KEEPER_SL12_TP36",sell,"2026-06-19T07:18:00+00:00","2026-06-19T07:18:00+00:00",30195.90000000,30207.90000000,30159.90000000,"2026-06-19T07:32:00+00:00",30159.90000000,TP,closed,0.10,36.00000000,72.00000000,0.00000000,0.00000000,72.00000000,3.00000000,0.00000000,38.80000000,14,false
"TR000393","KEEPER_SL12_TP36",sell,"2026-06-19T09:19:00+00:00","2026-06-19T09:19:00+00:00",30190.40000000,30202.40000000,30154.40000000,"2026-06-19T09:25:00+00:00",30202.40000000,SL,closed,0.10,-12.00000000,-24.00000000,0.00000000,0.00000000,-24.00000000,-1.00000000,18.90000000,11.60000000,6,false
"TR000394","KEEPER_SL12_TP36",sell,"2026-06-19T10:36:00+00:00","2026-06-19T10:36:00+00:00",30286.40000000,30298.40000000,30250.40000000,"2026-06-19T10:51:00+00:00",30298.40000000,SL,closed,0.10,-12.00000000,-24.00000000,0.00000000,0.00000000,-24.00000000,-1.00000000,17.90000000,9.70000000,15,false
"TR000395","KEEPER_SL12_TP36",sell,"2026-06-19T11:05:00+00:00","2026-06-19T11:05:00+00:00",30306.80000000,30318.80000000,30270.80000000,"2026-06-19T11:12:00+00:00",30318.80000000,SL,closed,0.10,-12.00000000,-24.00000000,0.00000000,0.00000000,-24.00000000,-1.00000000,19.50000000,7.60000000,7,false
"TR000396","KEEPER_SL12_TP36",sell,"2026-06-19T11:14:00+00:00","2026-06-19T11:14:00+00:00",30314.50000000,30326.50000000,30278.50000000,"2026-06-19T11:23:00+00:00",30326.50000000,SL,closed,0.10,-12.00000000,-24.00000000,0.00000000,0.00000000,-24.00000000,-1.00000000,15.50000000,6.90000000,9,false
"TR000397","KEEPER_SL12_TP36",sell,"2026-06-19T13:49:00+00:00","2026-06-19T13:49:00+00:00",30256.40000000,30268.40000000,30220.40000000,"2026-06-19T13:52:00+00:00",30268.40000000,SL,closed,0.10,-12.00000000,-24.00000000,0.00000000,0.00000000,-24.00000000,-1.00000000,15.40000000,6.60000000,3,false
"TR000398","KEEPER_SL12_TP36",sell,"2026-06-19T13:54:00+00:00","2026-06-19T13:54:00+00:00",30257.40000000,30269.40000000,30221.40000000,"2026-06-19T14:08:00+00:00",30221.40000000,TP,closed,0.10,36.00000000,72.00000000,0.00000000,0.00000000,72.00000000,3.00000000,5.20000000,37.90000000,14,false
"TR000399","KEEPER_SL12_TP36",sell,"2026-06-22T08:03:00+00:00","2026-06-22T08:03:00+00:00",30263.10000000,30275.10000000,30227.10000000,"2026-06-22T08:05:00+00:00",30275.10000000,SL,closed,0.10,-12.00000000,-24.00000000,0.00000000,0.00000000,-24.00000000,-1.00000000,18.30000000,5.20000000,2,false
"TR000400","KEEPER_SL12_TP36",sell,"2026-06-22T08:26:00+00:00","2026-06-22T08:26:00+00:00",30341.70000000,30353.70000000,30305.70000000,"2026-06-22T09:05:00+00:00",30353.70000000,SL,closed,0.10,-12.00000000,-24.00000000,0.00000000,0.00000000,-24.00000000,-1.00000000,13.70000000,26.50000000,39,false
"TR000401","KEEPER_SL12_TP36",sell,"2026-06-22T09:35:00+00:00","2026-06-22T09:35:00+00:00",30399.10000000,30411.10000000,30363.10000000,"2026-06-22T09:38:00+00:00",30411.10000000,SL,closed,0.10,-12.00000000,-24.00000000,0.00000000,0.00000000,-24.00000000,-1.00000000,12.80000000,2.20000000,3,false
"TR000402","KEEPER_SL12_TP36",sell,"2026-06-22T09:44:00+00:00","2026-06-22T09:44:00+00:00",30414.70000000,30426.70000000,30378.70000000,"2026-06-22T09:55:00+00:00",30426.70000000,SL,closed,0.10,-12.00000000,-24.00000000,0.00000000,0.00000000,-24.00000000,-1.00000000,13.70000000,7.80000000,11,false
"TR000403","KEEPER_SL12_TP36",sell,"2026-06-22T12:13:00+00:00","2026-06-22T12:13:00+00:00",30427.50000000,30439.50000000,30391.50000000,"2026-06-22T12:44:00+00:00",30391.50000000,TP,closed,0.10,36.00000000,72.00000000,0.00000000,0.00000000,72.00000000,3.00000000,4.20000000,37.70000000,31,false
"TR000404","KEEPER_SL12_TP36",sell,"2026-06-24T09:16:00+00:00","2026-06-24T09:16:00+00:00",29524.10000000,29536.10000000,29488.10000000,"2026-06-24T09:34:00+00:00",29536.10000000,SL,closed,0.10,-12.00000000,-24.00000000,0.00000000,0.00000000,-24.00000000,-1.00000000,16.80000000,29.70000000,18,false
"TR000405","KEEPER_SL12_TP36",sell,"2026-06-24T09:39:00+00:00","2026-06-24T09:39:00+00:00",29529.40000000,29541.40000000,29493.40000000,"2026-06-24T10:02:00+00:00",29493.40000000,TP,closed,0.10,36.00000000,72.00000000,0.00000000,0.00000000,72.00000000,3.00000000,8.30000000,46.00000000,23,false
"TR000406","KEEPER_SL12_TP36",sell,"2026-06-24T13:00:00+00:00","2026-06-24T13:00:00+00:00",29488.10000000,29500.10000000,29452.10000000,"2026-06-24T13:13:00+00:00",29500.10000000,SL,closed,0.10,-12.00000000,-24.00000000,0.00000000,0.00000000,-24.00000000,-1.00000000,12.60000000,21.60000000,13,false
"TR000407","KEEPER_SL12_TP36",sell,"2026-06-24T13:19:00+00:00","2026-06-24T13:19:00+00:00",29500.90000000,29512.90000000,29464.90000000,"2026-06-24T13:30:00+00:00",29512.90000000,SL,closed,0.10,-12.00000000,-24.00000000,0.00000000,0.00000000,-24.00000000,-1.00000000,13.10000000,14.40000000,11,false
"TR000408","KEEPER_SL12_TP36",sell,"2026-06-24T13:45:00+00:00","2026-06-24T13:45:00+00:00",29521.50000000,29533.50000000,29485.50000000,"2026-06-24T13:55:00+00:00",29485.50000000,TP,closed,0.10,36.00000000,72.00000000,0.00000000,0.00000000,72.00000000,3.00000000,0.00000000,39.70000000,10,false
"TR000409","KEEPER_SL12_TP36",sell,"2026-06-25T06:12:00+00:00","2026-06-25T06:12:00+00:00",29705.10000000,29717.10000000,29669.10000000,"2026-06-25T06:17:00+00:00",29717.10000000,SL,closed,0.10,-12.00000000,-24.00000000,0.00000000,0.00000000,-24.00000000,-1.00000000,12.90000000,27.60000000,5,false
"TR000410","KEEPER_SL12_TP36",sell,"2026-06-25T06:28:00+00:00","2026-06-25T06:28:00+00:00",29720.10000000,29732.10000000,29684.10000000,"2026-06-25T06:30:00+00:00",29732.10000000,SL,closed,0.10,-12.00000000,-24.00000000,0.00000000,0.00000000,-24.00000000,-1.00000000,15.80000000,9.10000000,2,false
"TR000411","KEEPER_SL12_TP36",sell,"2026-06-25T06:32:00+00:00","2026-06-25T06:32:00+00:00",29725.70000000,29737.70000000,29689.70000000,"2026-06-25T06:52:00+00:00",29737.70000000,SL,closed,0.10,-12.00000000,-24.00000000,0.00000000,0.00000000,-24.00000000,-1.00000000,12.30000000,30.60000000,20,false
"TR000412","KEEPER_SL12_TP36",sell,"2026-06-25T07:56:00+00:00","2026-06-25T07:56:00+00:00",29740.30000000,29752.30000000,29704.30000000,"2026-06-25T08:01:00+00:00",29752.30000000,SL,closed,0.10,-12.00000000,-24.00000000,0.00000000,0.00000000,-24.00000000,-1.00000000,16.50000000,12.00000000,5,false
"TR000413","KEEPER_SL12_TP36",sell,"2026-06-25T08:11:00+00:00","2026-06-25T08:11:00+00:00",29760.90000000,29772.90000000,29724.90000000,"2026-06-25T08:23:00+00:00",29772.90000000,SL,closed,0.10,-12.00000000,-24.00000000,0.00000000,0.00000000,-24.00000000,-1.00000000,18.10000000,8.90000000,12,false
"TR000414","KEEPER_SL12_TP36",sell,"2026-06-25T09:03:00+00:00","2026-06-25T09:03:00+00:00",29801.00000000,29813.00000000,29765.00000000,"2026-06-25T09:13:00+00:00",29813.00000000,SL,closed,0.10,-12.00000000,-24.00000000,0.00000000,0.00000000,-24.00000000,-1.00000000,13.60000000,28.60000000,10,false
"TR000415","KEEPER_SL12_TP36",sell,"2026-06-25T10:34:00+00:00","2026-06-25T10:34:00+00:00",29864.90000000,29876.90000000,29828.90000000,"2026-06-25T11:00:00+00:00",29876.90000000,SL,closed,0.10,-12.00000000,-24.00000000,0.00000000,0.00000000,-24.00000000,-1.00000000,22.90000000,21.00000000,26,false
"TR000416","KEEPER_SL12_TP36",sell,"2026-06-25T11:13:00+00:00","2026-06-25T11:13:00+00:00",29890.20000000,29902.20000000,29854.20000000,"2026-06-25T11:21:00+00:00",29854.20000000,TP,closed,0.10,36.00000000,72.00000000,0.00000000,0.00000000,72.00000000,3.00000000,0.00000000,38.20000000,8,false
"TR000417","KEEPER_SL12_TP36",sell,"2026-06-25T12:09:00+00:00","2026-06-25T12:09:00+00:00",29835.00000000,29847.00000000,29799.00000000,"2026-06-25T12:30:00+00:00",29847.00000000,SL,closed,0.10,-12.00000000,-24.00000000,0.00000000,0.00000000,-24.00000000,-1.00000000,12.80000000,22.20000000,21,false
"TR000418","KEEPER_SL12_TP36",sell,"2026-06-25T12:34:00+00:00","2026-06-25T12:34:00+00:00",29837.70000000,29849.70000000,29801.70000000,"2026-06-25T12:37:00+00:00",29849.70000000,SL,closed,0.10,-12.00000000,-24.00000000,0.00000000,0.00000000,-24.00000000,-1.00000000,12.70000000,5.20000000,3,false
"TR000419","KEEPER_SL12_TP36",sell,"2026-06-25T13:40:00+00:00","2026-06-25T13:40:00+00:00",29864.00000000,29876.00000000,29828.00000000,"2026-06-25T14:00:00+00:00",29876.00000000,SL,closed,0.10,-12.00000000,-24.00000000,0.00000000,0.00000000,-24.00000000,-1.00000000,20.10000000,31.10000000,20,false
"TR000420","KEEPER_SL12_TP36",sell,"2026-06-29T06:29:00+00:00","2026-06-29T06:29:00+00:00",29269.70000000,29281.70000000,29233.70000000,"2026-06-29T06:32:00+00:00",29233.70000000,TP,closed,0.10,36.00000000,72.00000000,0.00000000,0.00000000,72.00000000,3.00000000,6.90000000,38.20000000,3,false
"TR000421","KEEPER_SL12_TP36",sell,"2026-06-29T12:21:00+00:00","2026-06-29T12:21:00+00:00",29377.90000000,29389.90000000,29341.90000000,"2026-06-29T12:27:00+00:00",29389.90000000,SL,closed,0.10,-12.00000000,-24.00000000,0.00000000,0.00000000,-24.00000000,-1.00000000,14.00000000,11.00000000,6,false
"TR000422","KEEPER_SL12_TP36",sell,"2026-06-29T12:34:00+00:00","2026-06-29T12:34:00+00:00",29384.90000000,29396.90000000,29348.90000000,"2026-06-29T12:51:00+00:00",29348.90000000,TP,closed,0.10,36.00000000,72.00000000,0.00000000,0.00000000,72.00000000,3.00000000,4.90000000,50.40000000,17,false
"TR000423","KEEPER_SL12_TP36",sell,"2026-06-29T13:45:00+00:00","2026-06-29T13:45:00+00:00",29435.90000000,29447.90000000,29399.90000000,"2026-06-29T13:58:00+00:00",29447.90000000,SL,closed,0.10,-12.00000000,-24.00000000,0.00000000,0.00000000,-24.00000000,-1.00000000,15.90000000,25.10000000,13,false
"TR000424","KEEPER_SL12_TP36",sell,"2026-06-30T06:53:00+00:00","2026-06-30T06:53:00+00:00",29839.70000000,29851.70000000,29803.70000000,"2026-06-30T07:01:00+00:00",29851.70000000,SL,closed,0.10,-12.00000000,-24.00000000,0.00000000,0.00000000,-24.00000000,-1.00000000,22.70000000,26.70000000,8,false
"TR000425","KEEPER_SL12_TP36",sell,"2026-06-30T07:18:00+00:00","2026-06-30T07:18:00+00:00",29859.20000000,29871.20000000,29823.20000000,"2026-06-30T07:21:00+00:00",29871.20000000,SL,closed,0.10,-12.00000000,-24.00000000,0.00000000,0.00000000,-24.00000000,-1.00000000,15.30000000,6.00000000,3,false
"TR000426","KEEPER_SL12_TP36",sell,"2026-06-30T08:04:00+00:00","2026-06-30T08:04:00+00:00",29924.80000000,29936.80000000,29888.80000000,"2026-06-30T08:26:00+00:00",29888.80000000,TP,closed,0.10,36.00000000,72.00000000,0.00000000,0.00000000,72.00000000,3.00000000,3.40000000,41.30000000,22,false
"TR000427","KEEPER_SL12_TP36",sell,"2026-06-30T08:50:00+00:00","2026-06-30T08:50:00+00:00",29874.50000000,29886.50000000,29838.50000000,"2026-06-30T08:52:00+00:00",29886.50000000,SL,closed,0.10,-12.00000000,-24.00000000,0.00000000,0.00000000,-24.00000000,-1.00000000,14.00000000,6.90000000,2,false
"TR000428","KEEPER_SL12_TP36",sell,"2026-06-30T09:00:00+00:00","2026-06-30T09:00:00+00:00",29884.70000000,29896.70000000,29848.70000000,"2026-06-30T09:25:00+00:00",29848.70000000,TP,closed,0.10,36.00000000,72.00000000,0.00000000,0.00000000,72.00000000,3.00000000,6.50000000,38.70000000,25,false
"TR000429","KEEPER_SL12_TP36",sell,"2026-06-30T09:52:00+00:00","2026-06-30T09:52:00+00:00",29847.00000000,29859.00000000,29811.00000000,"2026-06-30T10:01:00+00:00",29859.00000000,SL,closed,0.10,-12.00000000,-24.00000000,0.00000000,0.00000000,-24.00000000,-1.00000000,12.10000000,6.60000000,9,false
"TR000430","KEEPER_SL12_TP36",sell,"2026-06-30T11:13:00+00:00","2026-06-30T11:13:00+00:00",29831.50000000,29843.50000000,29795.50000000,"2026-06-30T11:16:00+00:00",29795.50000000,TP,closed,0.10,36.00000000,72.00000000,0.00000000,0.00000000,72.00000000,3.00000000,0.00000000,41.60000000,3,false
"TR000431","KEEPER_SL12_TP36",sell,"2026-06-30T12:14:00+00:00","2026-06-30T12:14:00+00:00",29799.00000000,29811.00000000,29763.00000000,"2026-06-30T12:30:00+00:00",29763.00000000,TP,closed,0.10,36.00000000,72.00000000,0.00000000,0.00000000,72.00000000,3.00000000,9.90000000,36.40000000,16,false
"TR000432","KEEPER_SL12_TP36",sell,"2026-07-01T10:30:00+00:00","2026-07-01T10:30:00+00:00",30075.70000000,30087.70000000,30039.70000000,"2026-07-01T10:34:00+00:00",30087.70000000,SL,closed,0.10,-12.00000000,-24.00000000,0.00000000,0.00000000,-24.00000000,-1.00000000,14.30000000,0.80000000,4,false
"TR000433","KEEPER_SL12_TP36",sell,"2026-07-01T10:38:00+00:00","2026-07-01T10:38:00+00:00",30079.90000000,30091.90000000,30043.90000000,"2026-07-01T10:39:00+00:00",30091.90000000,SL,closed,0.10,-12.00000000,-24.00000000,0.00000000,0.00000000,-24.00000000,-1.00000000,14.30000000,2.20000000,1,false
"TR000434","KEEPER_SL12_TP36",sell,"2026-07-02T06:39:00+00:00","2026-07-02T06:39:00+00:00",29913.60000000,29925.60000000,29877.60000000,"2026-07-02T06:49:00+00:00",29877.60000000,TP,closed,0.10,36.00000000,72.00000000,0.00000000,0.00000000,72.00000000,3.00000000,0.00000000,36.00000000,10,false
"TR000435","KEEPER_SL12_TP36",sell,"2026-07-02T08:18:00+00:00","2026-07-02T08:18:00+00:00",29881.80000000,29893.80000000,29845.80000000,"2026-07-02T08:21:00+00:00",29893.80000000,SL,closed,0.10,-12.00000000,-24.00000000,0.00000000,0.00000000,-24.00000000,-1.00000000,14.90000000,5.70000000,3,false
"TR000436","KEEPER_SL12_TP36",sell,"2026-07-02T08:23:00+00:00","2026-07-02T08:23:00+00:00",29891.40000000,29903.40000000,29855.40000000,"2026-07-02T08:29:00+00:00",29855.40000000,TP,closed,0.10,36.00000000,72.00000000,0.00000000,0.00000000,72.00000000,3.00000000,0.00000000,38.90000000,6,false
"TR000437","KEEPER_SL12_TP36",sell,"2026-07-02T13:27:00+00:00","2026-07-02T13:27:00+00:00",29690.00000000,29702.00000000,29654.00000000,"2026-07-02T13:31:00+00:00",29702.00000000,SL,closed,0.10,-12.00000000,-24.00000000,0.00000000,0.00000000,-24.00000000,-1.00000000,14.50000000,15.60000000,4,false
"TR000438","KEEPER_SL12_TP36",sell,"2026-07-03T08:33:00+00:00","2026-07-03T08:33:00+00:00",29577.20000000,29589.20000000,29541.20000000,"2026-07-03T08:37:00+00:00",29589.20000000,SL,closed,0.10,-12.00000000,-24.00000000,0.00000000,0.00000000,-24.00000000,-1.00000000,16.10000000,3.90000000,4,false
"TR000439","KEEPER_SL12_TP36",sell,"2026-07-03T08:42:00+00:00","2026-07-03T08:42:00+00:00",29581.30000000,29593.30000000,29545.30000000,"2026-07-03T09:02:00+00:00",29593.30000000,SL,closed,0.10,-12.00000000,-24.00000000,0.00000000,0.00000000,-24.00000000,-1.00000000,15.30000000,21.10000000,20,false
"TR000440","KEEPER_SL12_TP36",sell,"2026-07-03T09:18:00+00:00","2026-07-03T09:18:00+00:00",29621.50000000,29633.50000000,29585.50000000,"2026-07-03T10:05:00+00:00",29585.50000000,TP,closed,0.10,36.00000000,72.00000000,0.00000000,0.00000000,72.00000000,3.00000000,4.10000000,36.80000000,47,false
"TR000441","KEEPER_SL12_TP36",sell,"2026-07-06T07:47:00+00:00","2026-07-06T07:47:00+00:00",29578.40000000,29590.40000000,29542.40000000,"2026-07-06T07:54:00+00:00",29590.40000000,SL,closed,0.10,-12.00000000,-24.00000000,0.00000000,0.00000000,-24.00000000,-1.00000000,12.40000000,6.40000000,7,false
"TR000442","KEEPER_SL12_TP36",sell,"2026-07-06T07:57:00+00:00","2026-07-06T07:57:00+00:00",29589.50000000,29601.50000000,29553.50000000,"2026-07-06T08:04:00+00:00",29553.50000000,TP,closed,0.10,36.00000000,72.00000000,0.00000000,0.00000000,72.00000000,3.00000000,1.50000000,38.30000000,7,false
"TR000443","KEEPER_SL12_TP36",sell,"2026-07-06T08:45:00+00:00","2026-07-06T08:45:00+00:00",29544.00000000,29556.00000000,29508.00000000,"2026-07-06T08:54:00+00:00",29556.00000000,SL,closed,0.10,-12.00000000,-24.00000000,0.00000000,0.00000000,-24.00000000,-1.00000000,15.60000000,19.00000000,9,false
"TR000444","KEEPER_SL12_TP36",sell,"2026-07-06T08:58:00+00:00","2026-07-06T08:58:00+00:00",29550.00000000,29562.00000000,29514.00000000,"2026-07-06T09:01:00+00:00",29562.00000000,SL,closed,0.10,-12.00000000,-24.00000000,0.00000000,0.00000000,-24.00000000,-1.00000000,16.20000000,2.50000000,3,false
"TR000445","KEEPER_SL12_TP36",sell,"2026-07-06T09:02:00+00:00","2026-07-06T09:02:00+00:00",29555.30000000,29567.30000000,29519.30000000,"2026-07-06T09:11:00+00:00",29519.30000000,TP,closed,0.10,36.00000000,72.00000000,0.00000000,0.00000000,72.00000000,3.00000000,2.20000000,38.10000000,9,false
"TR000446","KEEPER_SL12_TP36",sell,"2026-07-06T09:53:00+00:00","2026-07-06T09:53:00+00:00",29608.30000000,29620.30000000,29572.30000000,"2026-07-06T10:10:00+00:00",29620.30000000,SL,closed,0.10,-12.00000000,-24.00000000,0.00000000,0.00000000,-24.00000000,-1.00000000,12.30000000,20.50000000,17,false
"TR000447","KEEPER_SL12_TP36",sell,"2026-07-06T10:13:00+00:00","2026-07-06T10:13:00+00:00",29614.80000000,29626.80000000,29578.80000000,"2026-07-06T10:29:00+00:00",29578.80000000,TP,closed,0.10,36.00000000,72.00000000,0.00000000,0.00000000,72.00000000,3.00000000,6.40000000,37.50000000,16,false
"TR000448","KEEPER_SL12_TP36",sell,"2026-07-06T13:02:00+00:00","2026-07-06T13:02:00+00:00",29631.70000000,29643.70000000,29595.70000000,"2026-07-06T13:41:00+00:00",29643.70000000,SL,closed,0.10,-12.00000000,-24.00000000,0.00000000,0.00000000,-24.00000000,-1.00000000,12.10000000,20.00000000,39,false
"TR000449","KEEPER_SL12_TP36",sell,"2026-07-07T06:06:00+00:00","2026-07-07T06:06:00+00:00",29532.60000000,29544.60000000,29496.60000000,"2026-07-07T06:08:00+00:00",29544.60000000,SL,closed,0.10,-12.00000000,-24.00000000,0.00000000,0.00000000,-24.00000000,-1.00000000,13.00000000,7.60000000,2,false
"TR000450","KEEPER_SL12_TP36",sell,"2026-07-07T06:12:00+00:00","2026-07-07T06:12:00+00:00",29535.50000000,29547.50000000,29499.50000000,"2026-07-07T06:16:00+00:00",29499.50000000,TP,closed,0.10,36.00000000,72.00000000,0.00000000,0.00000000,72.00000000,3.00000000,0.00000000,39.20000000,4,false
"TR000451","KEEPER_SL12_TP36",sell,"2026-07-07T07:32:00+00:00","2026-07-07T07:32:00+00:00",29405.30000000,29417.30000000,29369.30000000,"2026-07-07T08:01:00+00:00",29369.30000000,TP,closed,0.10,36.00000000,72.00000000,0.00000000,0.00000000,72.00000000,3.00000000,5.50000000,40.30000000,29,false
"TR000452","KEEPER_SL12_TP36",sell,"2026-07-07T09:24:00+00:00","2026-07-07T09:24:00+00:00",29429.50000000,29441.50000000,29393.50000000,"2026-07-07T09:37:00+00:00",29441.50000000,SL,closed,0.10,-12.00000000,-24.00000000,0.00000000,0.00000000,-24.00000000,-1.00000000,12.50000000,21.30000000,13,false
"TR000453","KEEPER_SL12_TP36",sell,"2026-07-07T10:08:00+00:00","2026-07-07T10:08:00+00:00",29461.00000000,29473.00000000,29425.00000000,"2026-07-07T10:13:00+00:00",29473.00000000,SL,closed,0.10,-12.00000000,-24.00000000,0.00000000,0.00000000,-24.00000000,-1.00000000,24.10000000,12.90000000,5,false
"TR000454","KEEPER_SL12_TP36",sell,"2026-07-07T10:26:00+00:00","2026-07-07T10:26:00+00:00",29488.40000000,29500.40000000,29452.40000000,"2026-07-07T10:45:00+00:00",29452.40000000,TP,closed,0.10,36.00000000,72.00000000,0.00000000,0.00000000,72.00000000,3.00000000,0.00000000,39.40000000,19,false
"TR000455","KEEPER_SL12_TP36",sell,"2026-07-07T11:26:00+00:00","2026-07-07T11:26:00+00:00",29454.30000000,29466.30000000,29418.30000000,"2026-07-07T12:00:00+00:00",29418.30000000,TP,closed,0.10,36.00000000,72.00000000,0.00000000,0.00000000,72.00000000,3.00000000,11.90000000,48.80000000,34,false
"TR000456","KEEPER_SL12_TP36",sell,"2026-07-07T12:09:00+00:00","2026-07-07T12:09:00+00:00",29441.00000000,29453.00000000,29405.00000000,"2026-07-07T12:16:00+00:00",29453.00000000,SL,closed,0.10,-12.00000000,-24.00000000,0.00000000,0.00000000,-24.00000000,-1.00000000,14.20000000,10.80000000,7,false
"TR000457","KEEPER_SL12_TP36",sell,"2026-07-07T12:19:00+00:00","2026-07-07T12:19:00+00:00",29442.20000000,29454.20000000,29406.20000000,"2026-07-07T12:32:00+00:00",29406.20000000,TP,closed,0.10,36.00000000,72.00000000,0.00000000,0.00000000,72.00000000,3.00000000,0.90000000,39.20000000,13,false
"TR000458","KEEPER_SL12_TP36",sell,"2026-07-07T12:53:00+00:00","2026-07-07T12:53:00+00:00",29413.70000000,29425.70000000,29377.70000000,"2026-07-07T12:59:00+00:00",29425.70000000,SL,closed,0.10,-12.00000000,-24.00000000,0.00000000,0.00000000,-24.00000000,-1.00000000,12.10000000,4.00000000,6,false
"TR000459","KEEPER_SL12_TP36",sell,"2026-07-07T13:08:00+00:00","2026-07-07T13:08:00+00:00",29428.50000000,29440.50000000,29392.50000000,"2026-07-07T13:17:00+00:00",29440.50000000,SL,closed,0.10,-12.00000000,-24.00000000,0.00000000,0.00000000,-24.00000000,-1.00000000,19.70000000,24.90000000,9,false
"TR000460","KEEPER_SL12_TP36",sell,"2026-07-07T13:21:00+00:00","2026-07-07T13:21:00+00:00",29439.30000000,29451.30000000,29403.30000000,"2026-07-07T13:49:00+00:00",29403.30000000,TP,closed,0.10,36.00000000,72.00000000,0.00000000,0.00000000,72.00000000,3.00000000,8.40000000,45.30000000,28,false
"TR000461","KEEPER_SL12_TP36",sell,"2026-07-08T06:08:00+00:00","2026-07-08T06:08:00+00:00",29243.10000000,29255.10000000,29207.10000000,"2026-07-08T06:10:00+00:00",29255.10000000,SL,closed,0.10,-12.00000000,-24.00000000,0.00000000,0.00000000,-24.00000000,-1.00000000,16.40000000,2.10000000,2,false
"TR000462","KEEPER_SL12_TP36",sell,"2026-07-08T06:17:00+00:00","2026-07-08T06:17:00+00:00",29254.50000000,29266.50000000,29218.50000000,"2026-07-08T06:23:00+00:00",29266.50000000,SL,closed,0.10,-12.00000000,-24.00000000,0.00000000,0.00000000,-24.00000000,-1.00000000,17.90000000,10.90000000,6,false
"TR000463","KEEPER_SL12_TP36",sell,"2026-07-08T06:35:00+00:00","2026-07-08T06:35:00+00:00",29279.10000000,29291.10000000,29243.10000000,"2026-07-08T06:50:00+00:00",29243.10000000,TP,closed,0.10,36.00000000,72.00000000,0.00000000,0.00000000,72.00000000,3.00000000,6.00000000,38.40000000,15,false
"TR000464","KEEPER_SL12_TP36",sell,"2026-07-08T07:25:00+00:00","2026-07-08T07:25:00+00:00",29225.90000000,29237.90000000,29189.90000000,"2026-07-08T07:32:00+00:00",29189.90000000,TP,closed,0.10,36.00000000,72.00000000,0.00000000,0.00000000,72.00000000,3.00000000,1.30000000,38.70000000,7,false
"TR000465","KEEPER_SL12_TP36",sell,"2026-07-09T06:57:00+00:00","2026-07-09T06:57:00+00:00",29293.30000000,29305.30000000,29257.30000000,"2026-07-09T07:24:00+00:00",29257.30000000,TP,closed,0.10,36.00000000,72.00000000,0.00000000,0.00000000,72.00000000,3.00000000,7.10000000,36.10000000,27,false
"TR000466","KEEPER_SL12_TP36",sell,"2026-07-09T08:02:00+00:00","2026-07-09T08:02:00+00:00",29331.10000000,29343.10000000,29295.10000000,"2026-07-09T08:06:00+00:00",29295.10000000,TP,closed,0.10,36.00000000,72.00000000,0.00000000,0.00000000,72.00000000,3.00000000,0.00000000,40.00000000,4,false
"TR000467","KEEPER_SL12_TP36",sell,"2026-07-09T10:09:00+00:00","2026-07-09T10:09:00+00:00",29412.90000000,29424.90000000,29376.90000000,"2026-07-09T10:12:00+00:00",29424.90000000,SL,closed,0.10,-12.00000000,-24.00000000,0.00000000,0.00000000,-24.00000000,-1.00000000,15.30000000,9.30000000,3,false
"TR000468","KEEPER_SL12_TP36",sell,"2026-07-09T10:21:00+00:00","2026-07-09T10:21:00+00:00",29427.60000000,29439.60000000,29391.60000000,"2026-07-09T10:27:00+00:00",29439.60000000,SL,closed,0.10,-12.00000000,-24.00000000,0.00000000,0.00000000,-24.00000000,-1.00000000,21.10000000,4.10000000,6,false
"TR000469","KEEPER_SL12_TP36",sell,"2026-07-09T10:57:00+00:00","2026-07-09T10:57:00+00:00",29466.50000000,29478.50000000,29430.50000000,"2026-07-09T11:03:00+00:00",29478.50000000,SL,closed,0.10,-12.00000000,-24.00000000,0.00000000,0.00000000,-24.00000000,-1.00000000,24.10000000,20.00000000,6,false
"TR000470","KEEPER_SL12_TP36",sell,"2026-07-09T11:14:00+00:00","2026-07-09T11:14:00+00:00",29495.60000000,29507.60000000,29459.60000000,"2026-07-09T11:16:00+00:00",29507.60000000,SL,closed,0.10,-12.00000000,-24.00000000,0.00000000,0.00000000,-24.00000000,-1.00000000,12.60000000,10.00000000,2,false
"TR000471","KEEPER_SL12_TP36",sell,"2026-07-09T12:19:00+00:00","2026-07-09T12:19:00+00:00",29438.20000000,29450.20000000,29402.20000000,"2026-07-09T12:41:00+00:00",29402.20000000,TP,closed,0.10,36.00000000,72.00000000,0.00000000,0.00000000,72.00000000,3.00000000,6.50000000,42.30000000,22,false
"TR000472","KEEPER_SL12_TP36",sell,"2026-07-09T13:21:00+00:00","2026-07-09T13:21:00+00:00",29440.50000000,29452.50000000,29404.50000000,"2026-07-09T13:46:00+00:00",29404.50000000,TP,closed,0.10,36.00000000,72.00000000,0.00000000,0.00000000,72.00000000,3.00000000,4.60000000,53.80000000,25,false
"TR000473","KEEPER_SL12_TP36",sell,"2026-07-10T09:34:00+00:00","2026-07-10T09:34:00+00:00",29603.30000000,29615.30000000,29567.30000000,"2026-07-10T09:51:00+00:00",29615.30000000,SL,closed,0.10,-12.00000000,-24.00000000,0.00000000,0.00000000,-24.00000000,-1.00000000,14.60000000,27.60000000,17,false
"TR000474","KEEPER_SL12_TP36",sell,"2026-07-10T10:18:00+00:00","2026-07-10T10:18:00+00:00",29609.10000000,29621.10000000,29573.10000000,"2026-07-10T10:47:00+00:00",29573.10000000,TP,closed,0.10,36.00000000,72.00000000,0.00000000,0.00000000,72.00000000,3.00000000,0.00000000,39.00000000,29,false
"TR000475","KEEPER_SL12_TP36",sell,"2026-07-10T11:20:00+00:00","2026-07-10T11:20:00+00:00",29577.40000000,29589.40000000,29541.40000000,"2026-07-10T12:01:00+00:00",29541.40000000,TP,closed,0.10,36.00000000,72.00000000,0.00000000,0.00000000,72.00000000,3.00000000,9.30000000,68.80000000,41,false
"TR000476","KEEPER_SL12_TP36",sell,"2026-07-13T06:39:00+00:00","2026-07-13T06:39:00+00:00",29496.30000000,29508.30000000,29460.30000000,"2026-07-13T06:41:00+00:00",29508.30000000,SL,closed,0.10,-12.00000000,-24.00000000,0.00000000,0.00000000,-24.00000000,-1.00000000,16.40000000,0.00000000,2,false
"TR000477","KEEPER_SL12_TP36",sell,"2026-07-13T06:43:00+00:00","2026-07-13T06:43:00+00:00",29498.70000000,29510.70000000,29462.70000000,"2026-07-13T06:50:00+00:00",29510.70000000,SL,closed,0.10,-12.00000000,-24.00000000,0.00000000,0.00000000,-24.00000000,-1.00000000,14.50000000,17.80000000,7,false
"TR000478","KEEPER_SL12_TP36",sell,"2026-07-13T06:51:00+00:00","2026-07-13T06:51:00+00:00",29504.30000000,29516.30000000,29468.30000000,"2026-07-13T07:00:00+00:00",29468.30000000,TP,closed,0.10,36.00000000,72.00000000,0.00000000,0.00000000,72.00000000,3.00000000,0.00000000,47.40000000,9,false
"TR000479","KEEPER_SL12_TP36",sell,"2026-07-13T08:16:00+00:00","2026-07-13T08:16:00+00:00",29444.60000000,29456.60000000,29408.60000000,"2026-07-13T08:22:00+00:00",29408.60000000,TP,closed,0.10,36.00000000,72.00000000,0.00000000,0.00000000,72.00000000,3.00000000,4.60000000,39.10000000,6,false
"TR000480","KEEPER_SL12_TP36",sell,"2026-07-13T11:33:00+00:00","2026-07-13T11:33:00+00:00",29517.20000000,29529.20000000,29481.20000000,"2026-07-13T11:50:00+00:00",29529.20000000,SL,closed,0.10,-12.00000000,-24.00000000,0.00000000,0.00000000,-24.00000000,-1.00000000,15.50000000,28.50000000,17,false
"TR000481","KEEPER_SL12_TP36",sell,"2026-07-13T11:58:00+00:00","2026-07-13T11:58:00+00:00",29525.30000000,29537.30000000,29489.30000000,"2026-07-13T12:00:00+00:00",29537.30000000,SL,closed,0.10,-12.00000000,-24.00000000,0.00000000,0.00000000,-24.00000000,-1.00000000,13.90000000,3.60000000,2,false
"TR000482","KEEPER_SL12_TP36",sell,"2026-07-13T12:02:00+00:00","2026-07-13T12:02:00+00:00",29533.80000000,29545.80000000,29497.80000000,"2026-07-13T12:23:00+00:00",29545.80000000,SL,closed,0.10,-12.00000000,-24.00000000,0.00000000,0.00000000,-24.00000000,-1.00000000,14.90000000,28.10000000,21,false
"TR000483","KEEPER_SL12_TP36",sell,"2026-07-14T07:53:00+00:00","2026-07-14T07:53:00+00:00",29280.70000000,29292.70000000,29244.70000000,"2026-07-14T07:55:00+00:00",29292.70000000,SL,closed,0.10,-12.00000000,-24.00000000,0.00000000,0.00000000,-24.00000000,-1.00000000,18.90000000,9.60000000,2,false
"TR000484","KEEPER_SL12_TP36",sell,"2026-07-14T08:02:00+00:00","2026-07-14T08:02:00+00:00",29294.70000000,29306.70000000,29258.70000000,"2026-07-14T08:05:00+00:00",29306.70000000,SL,closed,0.10,-12.00000000,-24.00000000,0.00000000,0.00000000,-24.00000000,-1.00000000,15.50000000,5.90000000,3,false
"TR000485","KEEPER_SL12_TP36",sell,"2026-07-14T08:58:00+00:00","2026-07-14T08:58:00+00:00",29394.50000000,29406.50000000,29358.50000000,"2026-07-14T09:06:00+00:00",29406.50000000,SL,closed,0.10,-12.00000000,-24.00000000,0.00000000,0.00000000,-24.00000000,-1.00000000,14.80000000,14.20000000,8,false
"TR000486","KEEPER_SL12_TP36",sell,"2026-07-14T09:23:00+00:00","2026-07-14T09:23:00+00:00",29426.00000000,29438.00000000,29390.00000000,"2026-07-14T09:28:00+00:00",29390.00000000,TP,closed,0.10,36.00000000,72.00000000,0.00000000,0.00000000,72.00000000,3.00000000,0.00000000,36.70000000,5,false
"TR000487","KEEPER_SL12_TP36",sell,"2026-07-14T10:10:00+00:00","2026-07-14T10:10:00+00:00",29378.20000000,29390.20000000,29342.20000000,"2026-07-14T10:14:00+00:00",29390.20000000,SL,closed,0.10,-12.00000000,-24.00000000,0.00000000,0.00000000,-24.00000000,-1.00000000,15.60000000,7.70000000,4,false
"TR000488","KEEPER_SL12_TP36",sell,"2026-07-14T10:18:00+00:00","2026-07-14T10:18:00+00:00",29385.40000000,29397.40000000,29349.40000000,"2026-07-14T10:25:00+00:00",29397.40000000,SL,closed,0.10,-12.00000000,-24.00000000,0.00000000,0.00000000,-24.00000000,-1.00000000,17.80000000,15.70000000,7,false
"TR000489","KEEPER_SL12_TP36",sell,"2026-07-14T10:30:00+00:00","2026-07-14T10:30:00+00:00",29400.10000000,29412.10000000,29364.10000000,"2026-07-14T10:43:00+00:00",29364.10000000,TP,closed,0.10,36.00000000,72.00000000,0.00000000,0.00000000,72.00000000,3.00000000,1.00000000,39.60000000,13,false
"TR000490","KEEPER_SL12_TP36",sell,"2026-07-14T12:06:00+00:00","2026-07-14T12:06:00+00:00",29390.40000000,29402.40000000,29354.40000000,"2026-07-14T12:09:00+00:00",29402.40000000,SL,closed,0.10,-12.00000000,-24.00000000,0.00000000,0.00000000,-24.00000000,-1.00000000,13.70000000,8.10000000,3,false
"TR000491","KEEPER_SL12_TP36",sell,"2026-07-14T12:17:00+00:00","2026-07-14T12:17:00+00:00",29402.50000000,29414.50000000,29366.50000000,"2026-07-14T12:29:00+00:00",29366.50000000,TP,closed,0.10,36.00000000,72.00000000,0.00000000,0.00000000,72.00000000,3.00000000,0.00000000,37.70000000,12,false
"TR000492","KEEPER_SL12_TP36",sell,"2026-07-14T13:41:00+00:00","2026-07-14T13:41:00+00:00",29401.80000000,29413.80000000,29365.80000000,"2026-07-14T14:00:00+00:00",29413.80000000,SL,closed,0.10,-12.00000000,-24.00000000,0.00000000,0.00000000,-24.00000000,-1.00000000,12.90000000,20.10000000,19,false
"TR000493","KEEPER_SL12_TP36",sell,"2026-07-15T08:50:00+00:00","2026-07-15T08:50:00+00:00",29801.70000000,29813.70000000,29765.70000000,"2026-07-15T08:56:00+00:00",29813.70000000,SL,closed,0.10,-12.00000000,-24.00000000,0.00000000,0.00000000,-24.00000000,-1.00000000,21.30000000,11.80000000,6,false
"TR000494","KEEPER_SL12_TP36",sell,"2026-07-15T09:11:00+00:00","2026-07-15T09:11:00+00:00",29835.30000000,29847.30000000,29799.30000000,"2026-07-15T10:04:00+00:00",29847.30000000,SL,closed,0.10,-12.00000000,-24.00000000,0.00000000,0.00000000,-24.00000000,-1.00000000,14.00000000,28.30000000,53,false
"TR000495","KEEPER_SL12_TP36",sell,"2026-07-15T10:10:00+00:00","2026-07-15T10:10:00+00:00",29839.00000000,29851.00000000,29803.00000000,"2026-07-15T10:21:00+00:00",29803.00000000,TP,closed,0.10,36.00000000,72.00000000,0.00000000,0.00000000,72.00000000,3.00000000,8.40000000,43.00000000,11,false
"TR000496","KEEPER_SL12_TP36",sell,"2026-07-15T13:39:00+00:00","2026-07-15T13:39:00+00:00",29717.70000000,29729.70000000,29681.70000000,"2026-07-15T13:56:00+00:00",29729.70000000,SL,closed,0.10,-12.00000000,-24.00000000,0.00000000,0.00000000,-24.00000000,-1.00000000,14.20000000,18.90000000,17,false
"TR000497","KEEPER_SL12_TP36",sell,"2026-07-16T08:31:00+00:00","2026-07-16T08:31:00+00:00",29561.20000000,29573.20000000,29525.20000000,"2026-07-16T08:34:00+00:00",29525.20000000,TP,closed,0.10,36.00000000,72.00000000,0.00000000,0.00000000,72.00000000,3.00000000,0.00000000,49.20000000,3,false
"TR000498","KEEPER_SL12_TP36",sell,"2026-07-16T12:20:00+00:00","2026-07-16T12:20:00+00:00",29431.40000000,29443.40000000,29395.40000000,"2026-07-16T12:40:00+00:00",29395.40000000,TP,closed,0.10,36.00000000,72.00000000,0.00000000,0.00000000,72.00000000,3.00000000,11.00000000,38.00000000,20,false
"TR000499","KEEPER_SL12_TP36",sell,"2026-07-16T13:35:00+00:00","2026-07-16T13:35:00+00:00",29344.60000000,29356.60000000,29308.60000000,"2026-07-16T13:47:00+00:00",29308.60000000,TP,closed,0.10,36.00000000,72.00000000,0.00000000,0.00000000,72.00000000,3.00000000,0.00000000,36.90000000,12,false
"TR000500","KEEPER_SL12_TP36",sell,"2026-07-17T06:31:00+00:00","2026-07-17T06:31:00+00:00",28795.40000000,28807.40000000,28759.40000000,"2026-07-17T06:40:00+00:00",28759.40000000,TP,closed,0.10,36.00000000,72.00000000,0.00000000,0.00000000,72.00000000,3.00000000,4.80000000,37.60000000,9,false
"TR000501","KEEPER_SL12_TP36",sell,"2026-07-17T07:57:00+00:00","2026-07-17T07:57:00+00:00",28628.50000000,28640.50000000,28592.50000000,"2026-07-17T08:02:00+00:00",28592.50000000,TP,closed,0.10,36.00000000,72.00000000,0.00000000,0.00000000,72.00000000,3.00000000,0.00000000,36.10000000,5,false
"TR000502","KEEPER_SL12_TP36",sell,"2026-07-20T12:02:00+00:00","2026-07-20T12:02:00+00:00",28707.90000000,28719.90000000,28671.90000000,"2026-07-20T12:16:00+00:00",28719.90000000,SL,closed,0.10,-12.00000000,-24.00000000,0.00000000,0.00000000,-24.00000000,-1.00000000,13.50000000,28.70000000,14,false
"TR000503","KEEPER_SL12_TP36",sell,"2026-07-20T12:19:00+00:00","2026-07-20T12:19:00+00:00",28710.60000000,28722.60000000,28674.60000000,"2026-07-20T12:20:00+00:00",28722.60000000,SL,closed,0.10,-12.00000000,-24.00000000,0.00000000,0.00000000,-24.00000000,-1.00000000,12.40000000,6.10000000,1,false
"TR000504","KEEPER_SL12_TP36",sell,"2026-07-20T12:56:00+00:00","2026-07-20T12:56:00+00:00",28780.80000000,28792.80000000,28744.80000000,"2026-07-20T13:30:00+00:00",28792.80000000,SL,closed,0.10,-12.00000000,-24.00000000,0.00000000,0.00000000,-24.00000000,-1.00000000,15.90000000,35.90000000,34,false
"TR000505","KEEPER_SL12_TP36",sell,"2026-07-20T13:32:00+00:00","2026-07-20T13:32:00+00:00",28775.80000000,28787.80000000,28739.80000000,"2026-07-20T13:33:00+00:00",28787.80000000,SL,closed,0.10,-12.00000000,-24.00000000,0.00000000,0.00000000,-24.00000000,-1.00000000,13.10000000,2.40000000,1,false
"TR000506","KEEPER_SL12_TP36",sell,"2026-07-20T13:35:00+00:00","2026-07-20T13:35:00+00:00",28779.80000000,28791.80000000,28743.80000000,"2026-07-20T13:41:00+00:00",28791.80000000,SL,closed,0.10,-12.00000000,-24.00000000,0.00000000,0.00000000,-24.00000000,-1.00000000,13.90000000,7.60000000,6,false
"TR000507","KEEPER_SL12_TP36",sell,"2026-07-20T13:49:00+00:00","2026-07-20T13:49:00+00:00",28792.20000000,28804.20000000,28756.20000000,"2026-07-20T14:00:00+00:00",28804.20000000,SL,closed,0.10,-12.00000000,-24.00000000,0.00000000,0.00000000,-24.00000000,-1.00000000,16.00000000,6.90000000,11,false
"TR000508","KEEPER_SL12_TP36",sell,"2026-07-21T06:56:00+00:00","2026-07-21T06:56:00+00:00",28887.90000000,28899.90000000,28851.90000000,"2026-07-21T06:59:00+00:00",28899.90000000,SL,closed,0.10,-12.00000000,-24.00000000,0.00000000,0.00000000,-24.00000000,-1.00000000,12.60000000,5.60000000,3,false
"TR000509","KEEPER_SL12_TP36",sell,"2026-07-21T07:00:00+00:00","2026-07-21T07:00:00+00:00",28892.90000000,28904.90000000,28856.90000000,"2026-07-21T07:01:00+00:00",28904.90000000,SL,closed,0.10,-12.00000000,-24.00000000,0.00000000,0.00000000,-24.00000000,-1.00000000,12.50000000,6.10000000,1,false
"TR000510","KEEPER_SL12_TP36",sell,"2026-07-21T07:03:00+00:00","2026-07-21T07:03:00+00:00",28897.60000000,28909.60000000,28861.60000000,"2026-07-21T07:06:00+00:00",28909.60000000,SL,closed,0.10,-12.00000000,-24.00000000,0.00000000,0.00000000,-24.00000000,-1.00000000,17.90000000,12.30000000,3,false
"TR000511","KEEPER_SL12_TP36",sell,"2026-07-21T07:08:00+00:00","2026-07-21T07:08:00+00:00",28905.20000000,28917.20000000,28869.20000000,"2026-07-21T08:10:00+00:00",28869.20000000,TP,closed,0.10,36.00000000,72.00000000,0.00000000,0.00000000,72.00000000,3.00000000,0.00000000,36.20000000,62,false
"TR000512","KEEPER_SL12_TP36",sell,"2026-07-21T09:20:00+00:00","2026-07-21T09:20:00+00:00",28955.70000000,28967.70000000,28919.70000000,"2026-07-21T09:35:00+00:00",28967.70000000,SL,closed,0.10,-12.00000000,-24.00000000,0.00000000,0.00000000,-24.00000000,-1.00000000,23.00000000,20.50000000,15,false
"TR000513","KEEPER_SL12_TP36",sell,"2026-07-21T09:38:00+00:00","2026-07-21T09:38:00+00:00",28962.40000000,28974.40000000,28926.40000000,"2026-07-21T09:41:00+00:00",28974.40000000,SL,closed,0.10,-12.00000000,-24.00000000,0.00000000,0.00000000,-24.00000000,-1.00000000,18.00000000,6.70000000,3,false
"TR000514","KEEPER_SL12_TP36",sell,"2026-07-21T09:46:00+00:00","2026-07-21T09:46:00+00:00",28968.50000000,28980.50000000,28932.50000000,"2026-07-21T10:02:00+00:00",28980.50000000,SL,closed,0.10,-12.00000000,-24.00000000,0.00000000,0.00000000,-24.00000000,-1.00000000,13.70000000,11.20000000,16,false
"TR000515","KEEPER_SL12_TP36",sell,"2026-07-21T11:12:00+00:00","2026-07-21T11:12:00+00:00",28952.80000000,28964.80000000,28916.80000000,"2026-07-21T11:13:00+00:00",28964.80000000,SL,closed,0.10,-12.00000000,-24.00000000,0.00000000,0.00000000,-24.00000000,-1.00000000,22.10000000,3.60000000,1,false
"TR000516","KEEPER_SL12_TP36",sell,"2026-07-21T13:12:00+00:00","2026-07-21T13:12:00+00:00",29003.70000000,29015.70000000,28967.70000000,"2026-07-21T13:35:00+00:00",29015.70000000,SL,closed,0.10,-12.00000000,-24.00000000,0.00000000,0.00000000,-24.00000000,-1.00000000,13.10000000,11.50000000,23,false
"TR000517","KEEPER_SL12_TP36",sell,"2026-07-22T06:32:00+00:00","2026-07-22T06:32:00+00:00",29074.70000000,29086.70000000,29038.70000000,"2026-07-22T06:51:00+00:00",29038.70000000,TP,closed,0.10,36.00000000,72.00000000,0.00000000,0.00000000,72.00000000,3.00000000,0.00000000,38.60000000,19,false
"TR000518","KEEPER_SL12_TP36",sell,"2026-07-22T07:12:00+00:00","2026-07-22T07:12:00+00:00",29047.60000000,29059.60000000,29011.60000000,"2026-07-22T07:20:00+00:00",29059.60000000,SL,closed,0.10,-12.00000000,-24.00000000,0.00000000,0.00000000,-24.00000000,-1.00000000,12.80000000,7.20000000,8,false
"TR000519","KEEPER_SL12_TP36",sell,"2026-07-22T08:53:00+00:00","2026-07-22T08:53:00+00:00",29000.20000000,29012.20000000,28964.20000000,"2026-07-22T09:06:00+00:00",28964.20000000,TP,closed,0.10,36.00000000,72.00000000,0.00000000,0.00000000,72.00000000,3.00000000,3.70000000,42.10000000,13,false
"TR000520","KEEPER_SL12_TP36",sell,"2026-07-22T09:45:00+00:00","2026-07-22T09:45:00+00:00",28931.50000000,28943.50000000,28895.50000000,"2026-07-22T09:50:00+00:00",28895.50000000,TP,closed,0.10,36.00000000,72.00000000,0.00000000,0.00000000,72.00000000,3.00000000,0.00000000,37.90000000,5,false
"TR000521","KEEPER_SL12_TP36",sell,"2026-07-22T10:01:00+00:00","2026-07-22T10:01:00+00:00",28932.20000000,28944.20000000,28896.20000000,"2026-07-22T10:06:00+00:00",28896.20000000,TP,closed,0.10,36.00000000,72.00000000,0.00000000,0.00000000,72.00000000,3.00000000,0.00000000,50.00000000,5,false
"TR000522","KEEPER_SL12_TP36",sell,"2026-07-22T10:15:00+00:00","2026-07-22T10:15:00+00:00",28924.60000000,28936.60000000,28888.60000000,"2026-07-22T10:18:00+00:00",28936.60000000,SL,closed,0.10,-12.00000000,-24.00000000,0.00000000,0.00000000,-24.00000000,-1.00000000,20.60000000,3.20000000,3,false
"TR000523","KEEPER_SL12_TP36",sell,"2026-07-22T10:24:00+00:00","2026-07-22T10:24:00+00:00",28928.30000000,28940.30000000,28892.30000000,"2026-07-22T10:26:00+00:00",28940.30000000,SL,closed,0.10,-12.00000000,-24.00000000,0.00000000,0.00000000,-24.00000000,-1.00000000,13.60000000,13.10000000,2,false
"TR000524","KEEPER_SL12_TP36",sell,"2026-07-22T11:54:00+00:00","2026-07-22T11:54:00+00:00",28936.00000000,28948.00000000,28900.00000000,"2026-07-22T11:58:00+00:00",28948.00000000,SL,closed,0.10,-12.00000000,-24.00000000,0.00000000,0.00000000,-24.00000000,-1.00000000,12.20000000,10.90000000,4,false
"TR000525","KEEPER_SL12_TP36",sell,"2026-07-22T12:14:00+00:00","2026-07-22T12:14:00+00:00",28962.80000000,28974.80000000,28926.80000000,"2026-07-22T12:21:00+00:00",28974.80000000,SL,closed,0.10,-12.00000000,-24.00000000,0.00000000,0.00000000,-24.00000000,-1.00000000,14.60000000,4.00000000,7,false
"TR000526","KEEPER_SL12_TP36",sell,"2026-07-22T12:23:00+00:00","2026-07-22T12:23:00+00:00",28973.90000000,28985.90000000,28937.90000000,"2026-07-22T12:33:00+00:00",28937.90000000,TP,closed,0.10,36.00000000,72.00000000,0.00000000,0.00000000,72.00000000,3.00000000,0.00000000,39.70000000,10,false
"TR000527","KEEPER_SL12_TP36",sell,"2026-07-22T13:09:00+00:00","2026-07-22T13:09:00+00:00",28964.40000000,28976.40000000,28928.40000000,"2026-07-22T13:20:00+00:00",28976.40000000,SL,closed,0.10,-12.00000000,-24.00000000,0.00000000,0.00000000,-24.00000000,-1.00000000,36.00000000,18.00000000,11,false
"TR000528","KEEPER_SL12_TP36",sell,"2026-07-22T13:32:00+00:00","2026-07-22T13:32:00+00:00",28988.60000000,29000.60000000,28952.60000000,"2026-07-22T13:49:00+00:00",29000.60000000,SL,closed,0.10,-12.00000000,-24.00000000,0.00000000,0.00000000,-24.00000000,-1.00000000,14.30000000,22.50000000,17,false
"TR000529","KEEPER_SL12_TP36",sell,"2026-07-23T06:00:00+00:00","2026-07-23T06:00:00+00:00",28923.00000000,28935.00000000,28887.00000000,"2026-07-23T06:08:00+00:00",28887.00000000,TP,closed,0.10,36.00000000,72.00000000,0.00000000,0.00000000,72.00000000,3.00000000,2.90000000,41.60000000,8,false
"TR000530","KEEPER_SL12_TP36",sell,"2026-07-23T07:19:00+00:00","2026-07-23T07:19:00+00:00",28951.90000000,28963.90000000,28915.90000000,"2026-07-23T07:21:00+00:00",28963.90000000,SL,closed,0.10,-12.00000000,-24.00000000,0.00000000,0.00000000,-24.00000000,-1.00000000,16.80000000,2.70000000,2,false
"TR000531","KEEPER_SL12_TP36",sell,"2026-07-23T08:38:00+00:00","2026-07-23T08:38:00+00:00",28994.00000000,29006.00000000,28958.00000000,"2026-07-23T08:48:00+00:00",28958.00000000,TP,closed,0.10,36.00000000,72.00000000,0.00000000,0.00000000,72.00000000,3.00000000,0.00000000,43.70000000,10,false
"TR000532","KEEPER_SL12_TP36",sell,"2026-07-23T09:32:00+00:00","2026-07-23T09:32:00+00:00",28942.20000000,28954.20000000,28906.20000000,"2026-07-23T09:46:00+00:00",28954.20000000,SL,closed,0.10,-12.00000000,-24.00000000,0.00000000,0.00000000,-24.00000000,-1.00000000,12.50000000,25.80000000,14,false
"TR000533","KEEPER_SL12_TP36",sell,"2026-07-23T09:49:00+00:00","2026-07-23T09:49:00+00:00",28941.30000000,28953.30000000,28905.30000000,"2026-07-23T10:00:00+00:00",28905.30000000,TP,closed,0.10,36.00000000,72.00000000,0.00000000,0.00000000,72.00000000,3.00000000,2.30000000,55.60000000,11,false
"TR000534","KEEPER_SL12_TP36",sell,"2026-07-23T12:11:00+00:00","2026-07-23T12:11:00+00:00",28945.70000000,28957.70000000,28909.70000000,"2026-07-23T12:34:00+00:00",28909.70000000,TP,closed,0.10,36.00000000,72.00000000,0.00000000,0.00000000,72.00000000,3.00000000,0.00000000,42.90000000,23,false
"TR000535","KEEPER_SL12_TP36",sell,"2026-07-23T13:45:00+00:00","2026-07-23T13:45:00+00:00",28932.60000000,28944.60000000,28896.60000000,"2026-07-23T14:02:00+00:00",28896.60000000,TP,closed,0.10,36.00000000,72.00000000,0.00000000,0.00000000,72.00000000,3.00000000,11.20000000,41.40000000,17,false
"TR000536","KEEPER_SL12_TP36",sell,"2026-07-24T06:13:00+00:00","2026-07-24T06:13:00+00:00",28379.10000000,28391.10000000,28343.10000000,"2026-07-24T06:17:00+00:00",28391.10000000,SL,closed,0.10,-12.00000000,-24.00000000,0.00000000,0.00000000,-24.00000000,-1.00000000,14.30000000,6.70000000,4,false
"TR000537","KEEPER_SL12_TP36",sell,"2026-07-24T06:18:00+00:00","2026-07-24T06:18:00+00:00",28380.60000000,28392.60000000,28344.60000000,"2026-07-24T06:27:00+00:00",28392.60000000,SL,closed,0.10,-12.00000000,-24.00000000,0.00000000,0.00000000,-24.00000000,-1.00000000,12.30000000,22.60000000,9,false
"TR000538","KEEPER_SL12_TP36",sell,"2026-07-24T06:28:00+00:00","2026-07-24T06:28:00+00:00",28383.90000000,28395.90000000,28347.90000000,"2026-07-24T06:34:00+00:00",28347.90000000,TP,closed,0.10,36.00000000,72.00000000,0.00000000,0.00000000,72.00000000,3.00000000,7.70000000,36.70000000,6,false
"TR000539","KEEPER_SL12_TP36",sell,"2026-07-24T07:20:00+00:00","2026-07-24T07:20:00+00:00",28343.30000000,28355.30000000,28307.30000000,"2026-07-24T07:22:00+00:00",28355.30000000,SL,closed,0.10,-12.00000000,-24.00000000,0.00000000,0.00000000,-24.00000000,-1.00000000,13.40000000,12.30000000,2,false
"TR000540","KEEPER_SL12_TP36",sell,"2026-07-24T07:38:00+00:00","2026-07-24T07:38:00+00:00",28378.40000000,28390.40000000,28342.40000000,"2026-07-24T07:54:00+00:00",28390.40000000,SL,closed,0.10,-12.00000000,-24.00000000,0.00000000,0.00000000,-24.00000000,-1.00000000,12.20000000,30.20000000,16,false
"TR000541","KEEPER_SL12_TP36",sell,"2026-07-24T08:18:00+00:00","2026-07-24T08:18:00+00:00",28423.10000000,28435.10000000,28387.10000000,"2026-07-24T08:21:00+00:00",28435.10000000,SL,closed,0.10,-12.00000000,-24.00000000,0.00000000,0.00000000,-24.00000000,-1.00000000,12.80000000,15.90000000,3,false
"TR000542","KEEPER_SL12_TP36",sell,"2026-07-24T08:23:00+00:00","2026-07-24T08:23:00+00:00",28429.80000000,28441.80000000,28393.80000000,"2026-07-24T08:48:00+00:00",28441.80000000,SL,closed,0.10,-12.00000000,-24.00000000,0.00000000,0.00000000,-24.00000000,-1.00000000,13.20000000,27.10000000,25,false
"TR000543","KEEPER_SL12_TP36",sell,"2026-07-24T08:49:00+00:00","2026-07-24T08:49:00+00:00",28428.90000000,28440.90000000,28392.90000000,"2026-07-24T08:54:00+00:00",28392.90000000,TP,closed,0.10,36.00000000,72.00000000,0.00000000,0.00000000,72.00000000,3.00000000,0.50000000,38.40000000,5,false
"TR000544","KEEPER_SL12_TP36",sell,"2026-07-24T09:28:00+00:00","2026-07-24T09:28:00+00:00",28379.50000000,28391.50000000,28343.50000000,"2026-07-24T09:36:00+00:00",28391.50000000,SL,closed,0.10,-12.00000000,-24.00000000,0.00000000,0.00000000,-24.00000000,-1.00000000,17.70000000,20.60000000,8,false
"TR000545","KEEPER_SL12_TP36",sell,"2026-07-24T11:24:00+00:00","2026-07-24T11:24:00+00:00",28432.50000000,28444.50000000,28396.50000000,"2026-07-24T11:29:00+00:00",28444.50000000,SL,closed,0.10,-12.00000000,-24.00000000,0.00000000,0.00000000,-24.00000000,-1.00000000,26.20000000,14.80000000,5,false
"TR000546","KEEPER_SL12_TP36",sell,"2026-07-24T12:04:00+00:00","2026-07-24T12:04:00+00:00",28466.20000000,28478.20000000,28430.20000000,"2026-07-24T12:07:00+00:00",28478.20000000,SL,closed,0.10,-12.00000000,-24.00000000,0.00000000,0.00000000,-24.00000000,-1.00000000,19.40000000,14.60000000,3,false
"TR000547","KEEPER_SL12_TP36",sell,"2026-07-24T12:14:00+00:00","2026-07-24T12:14:00+00:00",28482.20000000,28494.20000000,28446.20000000,"2026-07-24T12:21:00+00:00",28494.20000000,SL,closed,0.10,-12.00000000,-24.00000000,0.00000000,0.00000000,-24.00000000,-1.00000000,14.50000000,14.10000000,7,false
"TR000548","KEEPER_SL12_TP36",sell,"2026-07-24T12:22:00+00:00","2026-07-24T12:22:00+00:00",28489.30000000,28501.30000000,28453.30000000,"2026-07-24T12:25:00+00:00",28501.30000000,SL,closed,0.10,-12.00000000,-24.00000000,0.00000000,0.00000000,-24.00000000,-1.00000000,23.20000000,3.60000000,3,false
"TR000549","KEEPER_SL12_TP36",sell,"2026-07-27T06:23:00+00:00","2026-07-27T06:23:00+00:00",28478.80000000,28490.80000000,28442.80000000,"2026-07-27T06:30:00+00:00",28442.80000000,TP,closed,0.10,36.00000000,72.00000000,0.00000000,0.00000000,72.00000000,3.00000000,3.10000000,37.90000000,7,false
"TR000550","KEEPER_SL12_TP36",sell,"2026-07-27T06:44:00+00:00","2026-07-27T06:44:00+00:00",28468.20000000,28480.20000000,28432.20000000,"2026-07-27T07:19:00+00:00",28480.20000000,SL,closed,0.10,-12.00000000,-24.00000000,0.00000000,0.00000000,-24.00000000,-1.00000000,13.20000000,34.00000000,35,false
"TR000551","KEEPER_SL12_TP36",sell,"2026-07-27T07:24:00+00:00","2026-07-27T07:24:00+00:00",28469.60000000,28481.60000000,28433.60000000,"2026-07-27T07:34:00+00:00",28481.60000000,SL,closed,0.10,-12.00000000,-24.00000000,0.00000000,0.00000000,-24.00000000,-1.00000000,15.30000000,21.50000000,10,false
"TR000552","KEEPER_SL12_TP36",sell,"2026-07-27T07:36:00+00:00","2026-07-27T07:36:00+00:00",28477.40000000,28489.40000000,28441.40000000,"2026-07-27T07:41:00+00:00",28489.40000000,SL,closed,0.10,-12.00000000,-24.00000000,0.00000000,0.00000000,-24.00000000,-1.00000000,15.00000000,2.90000000,5,false
"TR000553","KEEPER_SL12_TP36",sell,"2026-07-27T07:47:00+00:00","2026-07-27T07:47:00+00:00",28483.20000000,28495.20000000,28447.20000000,"2026-07-27T07:51:00+00:00",28495.20000000,SL,closed,0.10,-12.00000000,-24.00000000,0.00000000,0.00000000,-24.00000000,-1.00000000,12.20000000,4.30000000,4,false
"TR000554","KEEPER_SL12_TP36",sell,"2026-07-27T10:17:00+00:00","2026-07-27T10:17:00+00:00",28561.50000000,28573.50000000,28525.50000000,"2026-07-27T10:38:00+00:00",28525.50000000,TP,closed,0.10,36.00000000,72.00000000,0.00000000,0.00000000,72.00000000,3.00000000,10.90000000,48.50000000,21,false
"TR000555","KEEPER_SL12_TP36",sell,"2026-07-27T11:03:00+00:00","2026-07-27T11:03:00+00:00",28535.40000000,28547.40000000,28499.40000000,"2026-07-27T11:25:00+00:00",28547.40000000,SL,closed,0.10,-12.00000000,-24.00000000,0.00000000,0.00000000,-24.00000000,-1.00000000,13.50000000,21.30000000,22,false
"TR000556","KEEPER_SL12_TP36",sell,"2026-07-28T07:48:00+00:00","2026-07-28T07:48:00+00:00",27827.70000000,27839.70000000,27791.70000000,"2026-07-28T08:00:00+00:00",27791.70000000,TP,closed,0.10,36.00000000,72.00000000,0.00000000,0.00000000,72.00000000,3.00000000,0.00000000,36.60000000,12,false
"TR000557","KEEPER_SL12_TP36",sell,"2026-07-28T08:52:00+00:00","2026-07-28T08:52:00+00:00",27752.20000000,27764.20000000,27716.20000000,"2026-07-28T08:58:00+00:00",27716.20000000,TP,closed,0.10,36.00000000,72.00000000,0.00000000,0.00000000,72.00000000,3.00000000,3.00000000,37.50000000,6,false
"TR000558","KEEPER_SL12_TP36",sell,"2026-07-28T09:23:00+00:00","2026-07-28T09:23:00+00:00",27713.90000000,27725.90000000,27677.90000000,"2026-07-28T09:26:00+00:00",27725.90000000,SL,closed,0.10,-12.00000000,-24.00000000,0.00000000,0.00000000,-24.00000000,-1.00000000,23.70000000,22.20000000,3,false
"TR000559","KEEPER_SL12_TP36",sell,"2026-07-28T10:19:00+00:00","2026-07-28T10:19:00+00:00",27816.90000000,27828.90000000,27780.90000000,"2026-07-28T10:30:00+00:00",27780.90000000,TP,closed,0.10,36.00000000,72.00000000,0.00000000,0.00000000,72.00000000,3.00000000,5.00000000,38.00000000,11,false
"TR000560","KEEPER_SL12_TP36",sell,"2026-07-28T12:30:00+00:00","2026-07-28T12:30:00+00:00",27854.60000000,27866.60000000,27818.60000000,"2026-07-28T12:37:00+00:00",27818.60000000,TP,closed,0.10,36.00000000,72.00000000,0.00000000,0.00000000,72.00000000,3.00000000,0.00000000,41.10000000,7,false
"TR000561","KEEPER_SL12_TP36",sell,"2026-07-28T13:34:00+00:00","2026-07-28T13:34:00+00:00",27810.30000000,27822.30000000,27774.30000000,"2026-07-28T13:35:00+00:00",27774.30000000,TP,closed,0.10,36.00000000,72.00000000,0.00000000,0.00000000,72.00000000,3.00000000,0.00000000,37.50000000,1,false
"TR000562","KEEPER_SL12_TP36",sell,"2026-07-31T06:00:00+00:00","2026-07-31T06:00:00+00:00",28303.00000000,28315.00000000,28267.00000000,"2026-07-31T06:17:00+00:00",28315.00000000,SL,closed,0.10,-12.00000000,-24.00000000,0.00000000,0.00000000,-24.00000000,-1.00000000,18.50000000,31.50000000,17,false
"TR000563","KEEPER_SL12_TP36",sell,"2026-07-31T06:34:00+00:00","2026-07-31T06:34:00+00:00",28336.50000000,28348.50000000,28300.50000000,"2026-07-31T07:00:00+00:00",28300.50000000,TP,closed,0.10,36.00000000,72.00000000,0.00000000,0.00000000,72.00000000,3.00000000,8.10000000,37.90000000,26,false
"TR000564","KEEPER_SL12_TP36",sell,"2026-07-31T07:11:00+00:00","2026-07-31T07:11:00+00:00",28338.00000000,28350.00000000,28302.00000000,"2026-07-31T07:18:00+00:00",28350.00000000,SL,closed,0.10,-12.00000000,-24.00000000,0.00000000,0.00000000,-24.00000000,-1.00000000,21.50000000,11.80000000,7,false
"TR000565","KEEPER_SL12_TP36",sell,"2026-07-31T08:43:00+00:00","2026-07-31T08:43:00+00:00",28446.00000000,28458.00000000,28410.00000000,"2026-07-31T08:53:00+00:00",28458.00000000,SL,closed,0.10,-12.00000000,-24.00000000,0.00000000,0.00000000,-24.00000000,-1.00000000,16.40000000,23.00000000,10,false
"TR000566","KEEPER_SL12_TP36",sell,"2026-07-31T08:55:00+00:00","2026-07-31T08:55:00+00:00",28447.60000000,28459.60000000,28411.60000000,"2026-07-31T08:59:00+00:00",28459.60000000,SL,closed,0.10,-12.00000000,-24.00000000,0.00000000,0.00000000,-24.00000000,-1.00000000,13.90000000,8.00000000,4,false
"TR000567","KEEPER_SL12_TP36",sell,"2026-07-31T12:16:00+00:00","2026-07-31T12:16:00+00:00",28496.80000000,28508.80000000,28460.80000000,"2026-07-31T12:29:00+00:00",28460.80000000,TP,closed,0.10,36.00000000,72.00000000,0.00000000,0.00000000,72.00000000,3.00000000,4.40000000,37.80000000,13,false
"TR000568","KEEPER_SL12_TP36",sell,"2026-07-31T13:24:00+00:00","2026-07-31T13:24:00+00:00",28431.20000000,28443.20000000,28395.20000000,"2026-07-31T13:25:00+00:00",28443.20000000,SL,closed,0.10,-12.00000000,-24.00000000,0.00000000,0.00000000,-24.00000000,-1.00000000,14.50000000,0.80000000,1,false
"TR000569","KEEPER_SL12_TP36",sell,"2026-08-03T09:14:00+00:00","2026-08-03T09:14:00+00:00",28532.10000000,28544.10000000,28496.10000000,"2026-08-03T09:39:00+00:00",28496.10000000,TP,closed,0.10,36.00000000,72.00000000,0.00000000,0.00000000,72.00000000,3.00000000,0.00000000,37.80000000,25,false
"TR000570","KEEPER_SL12_TP36",sell,"2026-08-03T11:01:00+00:00","2026-08-03T11:01:00+00:00",28461.10000000,28473.10000000,28425.10000000,"2026-08-03T11:03:00+00:00",28425.10000000,TP,closed,0.10,36.00000000,72.00000000,0.00000000,0.00000000,72.00000000,3.00000000,0.00000000,43.40000000,2,false
"TR000571","KEEPER_SL12_TP36",sell,"2026-08-03T13:01:00+00:00","2026-08-03T13:01:00+00:00",28438.20000000,28450.20000000,28402.20000000,"2026-08-03T13:17:00+00:00",28402.20000000,TP,closed,0.10,36.00000000,72.00000000,0.00000000,0.00000000,72.00000000,3.00000000,0.00000000,36.90000000,16,false
"TR000572","KEEPER_SL12_TP36",sell,"2026-08-03T13:38:00+00:00","2026-08-03T13:38:00+00:00",28400.70000000,28412.70000000,28364.70000000,"2026-08-03T13:47:00+00:00",28412.70000000,SL,closed,0.10,-12.00000000,-24.00000000,0.00000000,0.00000000,-24.00000000,-1.00000000,15.90000000,5.20000000,9,false
"TR000573","KEEPER_SL12_TP36",sell,"2026-08-03T13:49:00+00:00","2026-08-03T13:49:00+00:00",28404.70000000,28416.70000000,28368.70000000,"2026-08-03T13:55:00+00:00",28416.70000000,SL,closed,0.10,-12.00000000,-24.00000000,0.00000000,0.00000000,-24.00000000,-1.00000000,16.10000000,8.40000000,6,false
"TR000574","KEEPER_SL12_TP36",sell,"2026-08-04T06:40:00+00:00","2026-08-04T06:40:00+00:00",28865.90000000,28877.90000000,28829.90000000,"2026-08-04T06:58:00+00:00",28877.90000000,SL,closed,0.10,-12.00000000,-24.00000000,0.00000000,0.00000000,-24.00000000,-1.00000000,20.50000000,27.20000000,18,false
"TR000575","KEEPER_SL12_TP36",sell,"2026-08-04T08:47:00+00:00","2026-08-04T08:47:00+00:00",28936.50000000,28948.50000000,28900.50000000,"2026-08-04T08:57:00+00:00",28948.50000000,SL,closed,0.10,-12.00000000,-24.00000000,0.00000000,0.00000000,-24.00000000,-1.00000000,13.40000000,12.30000000,10,false
"TR000576","KEEPER_SL12_TP36",sell,"2026-08-04T10:18:00+00:00","2026-08-04T10:18:00+00:00",28965.10000000,28977.10000000,28929.10000000,"2026-08-04T10:26:00+00:00",28977.10000000,SL,closed,0.10,-12.00000000,-24.00000000,0.00000000,0.00000000,-24.00000000,-1.00000000,22.20000000,18.70000000,8,false
"TR000577","KEEPER_SL12_TP36",sell,"2026-08-04T10:50:00+00:00","2026-08-04T10:50:00+00:00",28981.40000000,28993.40000000,28945.40000000,"2026-08-04T11:03:00+00:00",28993.40000000,SL,closed,0.10,-12.00000000,-24.00000000,0.00000000,0.00000000,-24.00000000,-1.00000000,16.60000000,35.20000000,13,false
"TR000578","KEEPER_SL12_TP36",sell,"2026-08-04T11:22:00+00:00","2026-08-04T11:22:00+00:00",29000.10000000,29012.10000000,28964.10000000,"2026-08-04T11:32:00+00:00",28964.10000000,TP,closed,0.10,36.00000000,72.00000000,0.00000000,0.00000000,72.00000000,3.00000000,0.00000000,36.80000000,10,false
"TR000579","KEEPER_SL12_TP36",sell,"2026-08-04T13:50:00+00:00","2026-08-04T13:50:00+00:00",28998.70000000,29010.70000000,28962.70000000,"2026-08-04T13:52:00+00:00",29010.70000000,SL,closed,0.10,-12.00000000,-24.00000000,0.00000000,0.00000000,-24.00000000,-1.00000000,13.60000000,6.90000000,2,false
"TR000580","KEEPER_SL12_TP36",sell,"2026-08-04T13:53:00+00:00","2026-08-04T13:53:00+00:00",29001.60000000,29013.60000000,28965.60000000,"2026-08-04T14:00:00+00:00",29013.60000000,SL,closed,0.10,-12.00000000,-24.00000000,0.00000000,0.00000000,-24.00000000,-1.00000000,12.90000000,17.40000000,7,false
"TR000581","KEEPER_SL12_TP36",sell,"2026-08-05T09:37:00+00:00","2026-08-05T09:37:00+00:00",29842.90000000,29854.90000000,29806.90000000,"2026-08-05T10:00:00+00:00",29854.90000000,SL,closed,0.10,-12.00000000,-24.00000000,0.00000000,0.00000000,-24.00000000,-1.00000000,17.70000000,25.70000000,23,false
"TR000582","KEEPER_SL12_TP36",sell,"2026-08-05T10:05:00+00:00","2026-08-05T10:05:00+00:00",29851.40000000,29863.40000000,29815.40000000,"2026-08-05T10:07:00+00:00",29863.40000000,SL,closed,0.10,-12.00000000,-24.00000000,0.00000000,0.00000000,-24.00000000,-1.00000000,14.30000000,11.20000000,2,false
"TR000583","KEEPER_SL12_TP36",sell,"2026-08-05T10:09:00+00:00","2026-08-05T10:09:00+00:00",29856.00000000,29868.00000000,29820.00000000,"2026-08-05T10:13:00+00:00",29820.00000000,TP,closed,0.10,36.00000000,72.00000000,0.00000000,0.00000000,72.00000000,3.00000000,0.00000000,36.50000000,4,false
"TR000584","KEEPER_SL12_TP36",sell,"2026-08-05T11:07:00+00:00","2026-08-05T11:07:00+00:00",29792.40000000,29804.40000000,29756.40000000,"2026-08-05T11:12:00+00:00",29756.40000000,TP,closed,0.10,36.00000000,72.00000000,0.00000000,0.00000000,72.00000000,3.00000000,6.40000000,48.50000000,5,false
"TR000585","KEEPER_SL12_TP36",sell,"2026-08-05T12:27:00+00:00","2026-08-05T12:27:00+00:00",29730.90000000,29742.90000000,29694.90000000,"2026-08-05T12:28:00+00:00",29742.90000000,SL,closed,0.10,-12.00000000,-24.00000000,0.00000000,0.00000000,-24.00000000,-1.00000000,13.70000000,0.80000000,1,false
"TR000586","KEEPER_SL12_TP36",sell,"2026-08-05T13:54:00+00:00","2026-08-05T13:54:00+00:00",29746.20000000,29758.20000000,29710.20000000,"2026-08-05T14:00:00+00:00",29758.20000000,SL,closed,0.10,-12.00000000,-24.00000000,0.00000000,0.00000000,-24.00000000,-1.00000000,21.70000000,7.40000000,6,false
"TR000587","KEEPER_SL12_TP36",sell,"2026-08-06T06:40:00+00:00","2026-08-06T06:40:00+00:00",29437.00000000,29449.00000000,29401.00000000,"2026-08-06T06:47:00+00:00",29449.00000000,SL,closed,0.10,-12.00000000,-24.00000000,0.00000000,0.00000000,-24.00000000,-1.00000000,12.60000000,11.00000000,7,false
"TR000588","KEEPER_SL12_TP36",sell,"2026-08-06T06:51:00+00:00","2026-08-06T06:51:00+00:00",29441.90000000,29453.90000000,29405.90000000,"2026-08-06T06:59:00+00:00",29453.90000000,SL,closed,0.10,-12.00000000,-24.00000000,0.00000000,0.00000000,-24.00000000,-1.00000000,22.10000000,20.00000000,8,false
"TR000589","KEEPER_SL12_TP36",sell,"2026-08-06T07:00:00+00:00","2026-08-06T07:00:00+00:00",29447.50000000,29459.50000000,29411.50000000,"2026-08-06T07:17:00+00:00",29459.50000000,SL,closed,0.10,-12.00000000,-24.00000000,0.00000000,0.00000000,-24.00000000,-1.00000000,13.40000000,32.10000000,17,false
"TR000590","KEEPER_SL12_TP36",sell,"2026-08-06T07:33:00+00:00","2026-08-06T07:33:00+00:00",29468.10000000,29480.10000000,29432.10000000,"2026-08-06T07:39:00+00:00",29432.10000000,TP,closed,0.10,36.00000000,72.00000000,0.00000000,0.00000000,72.00000000,3.00000000,0.00000000,42.80000000,6,false
"TR000591","KEEPER_SL12_TP36",sell,"2026-08-06T07:55:00+00:00","2026-08-06T07:55:00+00:00",29449.00000000,29461.00000000,29413.00000000,"2026-08-06T08:02:00+00:00",29461.00000000,SL,closed,0.10,-12.00000000,-24.00000000,0.00000000,0.00000000,-24.00000000,-1.00000000,20.50000000,11.40000000,7,false
"TR000592","KEEPER_SL12_TP36",sell,"2026-08-06T08:09:00+00:00","2026-08-06T08:09:00+00:00",29460.80000000,29472.80000000,29424.80000000,"2026-08-06T08:16:00+00:00",29472.80000000,SL,closed,0.10,-12.00000000,-24.00000000,0.00000000,0.00000000,-24.00000000,-1.00000000,13.30000000,12.70000000,7,false
"TR000593","KEEPER_SL12_TP36",sell,"2026-08-06T08:17:00+00:00","2026-08-06T08:17:00+00:00",29469.90000000,29481.90000000,29433.90000000,"2026-08-06T08:37:00+00:00",29433.90000000,TP,closed,0.10,36.00000000,72.00000000,0.00000000,0.00000000,72.00000000,3.00000000,1.00000000,40.10000000,20,false
"TR000594","KEEPER_SL12_TP36",sell,"2026-08-06T08:45:00+00:00","2026-08-06T08:45:00+00:00",29461.20000000,29473.20000000,29425.20000000,"2026-08-06T08:51:00+00:00",29425.20000000,TP,closed,0.10,36.00000000,72.00000000,0.00000000,0.00000000,72.00000000,3.00000000,0.80000000,36.70000000,6,false
"TR000595","KEEPER_SL12_TP36",sell,"2026-08-06T10:22:00+00:00","2026-08-06T10:22:00+00:00",29427.60000000,29439.60000000,29391.60000000,"2026-08-06T10:38:00+00:00",29391.60000000,TP,closed,0.10,36.00000000,72.00000000,0.00000000,0.00000000,72.00000000,3.00000000,6.80000000,40.50000000,16,false
"TR000596","KEEPER_SL12_TP36",sell,"2026-08-06T12:33:00+00:00","2026-08-06T12:33:00+00:00",29363.40000000,29375.40000000,29327.40000000,"2026-08-06T12:42:00+00:00",29375.40000000,SL,closed,0.10,-12.00000000,-24.00000000,0.00000000,0.00000000,-24.00000000,-1.00000000,15.40000000,8.00000000,9,false
"TR000597","KEEPER_SL12_TP36",sell,"2026-08-07T06:37:00+00:00","2026-08-07T06:37:00+00:00",29404.20000000,29416.20000000,29368.20000000,"2026-08-07T07:01:00+00:00",29368.20000000,TP,closed,0.10,36.00000000,72.00000000,0.00000000,0.00000000,72.00000000,3.00000000,0.00000000,36.80000000,24,false
"TR000598","KEEPER_SL12_TP36",sell,"2026-08-07T07:35:00+00:00","2026-08-07T07:35:00+00:00",29394.40000000,29406.40000000,29358.40000000,"2026-08-07T08:01:00+00:00",29406.40000000,SL,closed,0.10,-12.00000000,-24.00000000,0.00000000,0.00000000,-24.00000000,-1.00000000,13.40000000,18.90000000,26,false
"TR000599","KEEPER_SL12_TP36",sell,"2026-08-07T11:17:00+00:00","2026-08-07T11:17:00+00:00",29500.70000000,29512.70000000,29464.70000000,"2026-08-07T11:27:00+00:00",29512.70000000,SL,closed,0.10,-12.00000000,-24.00000000,0.00000000,0.00000000,-24.00000000,-1.00000000,14.10000000,14.80000000,10,false
"TR000600","KEEPER_SL12_TP36",sell,"2026-08-10T11:17:00+00:00","2026-08-10T11:17:00+00:00",29857.90000000,29869.90000000,29821.90000000,"2026-08-10T12:11:00+00:00",29869.90000000,SL,closed,0.10,-12.00000000,-24.00000000,0.00000000,0.00000000,-24.00000000,-1.00000000,13.40000000,30.70000000,54,false
"TR000601","KEEPER_SL12_TP36",sell,"2026-08-11T09:47:00+00:00","2026-08-11T09:47:00+00:00",29666.40000000,29678.40000000,29630.40000000,"2026-08-11T09:55:00+00:00",29630.40000000,TP,closed,0.10,36.00000000,72.00000000,0.00000000,0.00000000,72.00000000,3.00000000,0.00000000,37.40000000,8,false
"TR000602","KEEPER_SL12_TP36",sell,"2026-08-11T10:17:00+00:00","2026-08-11T10:17:00+00:00",29651.20000000,29663.20000000,29615.20000000,"2026-08-11T10:33:00+00:00",29663.20000000,SL,closed,0.10,-12.00000000,-24.00000000,0.00000000,0.00000000,-24.00000000,-1.00000000,14.10000000,32.10000000,16,false
"TR000603","KEEPER_SL12_TP36",sell,"2026-08-11T11:05:00+00:00","2026-08-11T11:05:00+00:00",29671.30000000,29683.30000000,29635.30000000,"2026-08-11T11:12:00+00:00",29635.30000000,TP,closed,0.10,36.00000000,72.00000000,0.00000000,0.00000000,72.00000000,3.00000000,0.00000000,49.70000000,7,false
"TR000604","KEEPER_SL12_TP36",sell,"2026-08-11T12:22:00+00:00","2026-08-11T12:22:00+00:00",29640.20000000,29652.20000000,29604.20000000,"2026-08-11T12:29:00+00:00",29652.20000000,SL,closed,0.10,-12.00000000,-24.00000000,0.00000000,0.00000000,-24.00000000,-1.00000000,12.10000000,6.40000000,7,false
"TR000605","KEEPER_SL12_TP36",sell,"2026-08-17T13:32:00+00:00","2026-08-17T13:32:00+00:00",30212.30000000,30224.30000000,30176.30000000,"2026-08-17T14:00:00+00:00",30224.30000000,SL,closed,0.10,-12.00000000,-24.00000000,0.00000000,0.00000000,-24.00000000,-1.00000000,15.10000000,14.50000000,28,false
"TR000606","KEEPER_SL12_TP36",sell,"2026-08-18T06:49:00+00:00","2026-08-18T06:49:00+00:00",29800.20000000,29812.20000000,29764.20000000,"2026-08-18T06:51:00+00:00",29812.20000000,SL,closed,0.10,-12.00000000,-24.00000000,0.00000000,0.00000000,-24.00000000,-1.00000000,16.60000000,6.40000000,2,false
"TR000607","KEEPER_SL12_TP36",sell,"2026-08-18T06:56:00+00:00","2026-08-18T06:56:00+00:00",29813.00000000,29825.00000000,29777.00000000,"2026-08-18T07:29:00+00:00",29825.00000000,SL,closed,0.10,-12.00000000,-24.00000000,0.00000000,0.00000000,-24.00000000,-1.00000000,13.60000000,30.60000000,33,false
"TR000608","KEEPER_SL12_TP36",sell,"2026-08-18T09:35:00+00:00","2026-08-18T09:35:00+00:00",29772.50000000,29784.50000000,29736.50000000,"2026-08-18T09:37:00+00:00",29784.50000000,SL,closed,0.10,-12.00000000,-24.00000000,0.00000000,0.00000000,-24.00000000,-1.00000000,12.00000000,1.70000000,2,false
"TR000609","KEEPER_SL12_TP36",sell,"2026-08-18T13:01:00+00:00","2026-08-18T13:01:00+00:00",29636.90000000,29648.90000000,29600.90000000,"2026-08-18T13:03:00+00:00",29648.90000000,SL,closed,0.10,-12.00000000,-24.00000000,0.00000000,0.00000000,-24.00000000,-1.00000000,18.00000000,7.30000000,2,false
"TR000610","KEEPER_SL12_TP36",sell,"2026-08-18T13:40:00+00:00","2026-08-18T13:40:00+00:00",29645.20000000,29657.20000000,29609.20000000,"2026-08-18T13:48:00+00:00",29657.20000000,SL,closed,0.10,-12.00000000,-24.00000000,0.00000000,0.00000000,-24.00000000,-1.00000000,15.70000000,12.70000000,8,false
"TR000611","KEEPER_SL12_TP36",sell,"2026-08-19T08:10:00+00:00","2026-08-19T08:10:00+00:00",29418.70000000,29430.70000000,29382.70000000,"2026-08-19T08:17:00+00:00",29382.70000000,TP,closed,0.10,36.00000000,72.00000000,0.00000000,0.00000000,72.00000000,3.00000000,0.00000000,36.30000000,7,false
"TR000612","KEEPER_SL12_TP36",sell,"2026-08-19T08:34:00+00:00","2026-08-19T08:34:00+00:00",29405.90000000,29417.90000000,29369.90000000,"2026-08-19T08:52:00+00:00",29369.90000000,TP,closed,0.10,36.00000000,72.00000000,0.00000000,0.00000000,72.00000000,3.00000000,0.00000000,36.50000000,18,false
"TR000613","KEEPER_SL12_TP36",sell,"2026-08-19T09:34:00+00:00","2026-08-19T09:34:00+00:00",29394.30000000,29406.30000000,29358.30000000,"2026-08-19T09:45:00+00:00",29406.30000000,SL,closed,0.10,-12.00000000,-24.00000000,0.00000000,0.00000000,-24.00000000,-1.00000000,25.30000000,23.80000000,11,false
"TR000614","KEEPER_SL12_TP36",sell,"2026-08-19T10:04:00+00:00","2026-08-19T10:04:00+00:00",29447.90000000,29459.90000000,29411.90000000,"2026-08-19T10:07:00+00:00",29459.90000000,SL,closed,0.10,-12.00000000,-24.00000000,0.00000000,0.00000000,-24.00000000,-1.00000000,14.60000000,17.20000000,3,false
"TR000615","KEEPER_SL12_TP36",sell,"2026-08-19T10:11:00+00:00","2026-08-19T10:11:00+00:00",29461.80000000,29473.80000000,29425.80000000,"2026-08-19T10:21:00+00:00",29473.80000000,SL,closed,0.10,-12.00000000,-24.00000000,0.00000000,0.00000000,-24.00000000,-1.00000000,16.90000000,18.60000000,10,false
"TR000616","KEEPER_SL12_TP36",sell,"2026-08-19T10:37:00+00:00","2026-08-19T10:37:00+00:00",29484.50000000,29496.50000000,29448.50000000,"2026-08-19T10:46:00+00:00",29496.50000000,SL,closed,0.10,-12.00000000,-24.00000000,0.00000000,0.00000000,-24.00000000,-1.00000000,13.60000000,27.30000000,9,false
"TR000617","KEEPER_SL12_TP36",sell,"2026-08-19T10:50:00+00:00","2026-08-19T10:50:00+00:00",29493.40000000,29505.40000000,29457.40000000,"2026-08-19T10:57:00+00:00",29505.40000000,SL,closed,0.10,-12.00000000,-24.00000000,0.00000000,0.00000000,-24.00000000,-1.00000000,21.00000000,13.30000000,7,false
"TR000618","KEEPER_SL12_TP36",sell,"2026-08-19T11:15:00+00:00","2026-08-19T11:15:00+00:00",29532.80000000,29544.80000000,29496.80000000,"2026-08-19T11:20:00+00:00",29544.80000000,SL,closed,0.10,-12.00000000,-24.00000000,0.00000000,0.00000000,-24.00000000,-1.00000000,15.30000000,14.90000000,5,false
"TR000619","KEEPER_SL12_TP36",sell,"2026-08-19T11:23:00+00:00","2026-08-19T11:23:00+00:00",29546.70000000,29558.70000000,29510.70000000,"2026-08-19T11:32:00+00:00",29510.70000000,TP,closed,0.10,36.00000000,72.00000000,0.00000000,0.00000000,72.00000000,3.00000000,0.40000000,36.00000000,9,false
"TR000620","KEEPER_SL12_TP36",sell,"2026-08-19T11:41:00+00:00","2026-08-19T11:41:00+00:00",29537.50000000,29549.50000000,29501.50000000,"2026-08-19T12:16:00+00:00",29501.50000000,TP,closed,0.10,36.00000000,72.00000000,0.00000000,0.00000000,72.00000000,3.00000000,5.60000000,37.80000000,35,false
"TR000621","KEEPER_SL12_TP36",sell,"2026-08-19T13:29:00+00:00","2026-08-19T13:29:00+00:00",29449.00000000,29461.00000000,29413.00000000,"2026-08-19T13:37:00+00:00",29461.00000000,SL,closed,0.10,-12.00000000,-24.00000000,0.00000000,0.00000000,-24.00000000,-1.00000000,13.70000000,9.90000000,8,false
