trade_id,position_id,run_id,symbol,direction,signal_time,confirmation_time,entry_time,entry_time_msc,entry_bid,entry_ask,entry_price,volume,initial_stop,final_stop,exit_time,exit_time_msc,exit_bid,exit_ask,exit_price,exit_reason,structural_outcome,economic_outcome,deal_profit,commission,swap,net_pnl,calculated_price_pnl,pnl_discrepancy,price_move,ticks_move,r_multiple,duration_seconds,entry_k,entry_d,entry_adaptive_tf,entry_k_len,target_closed_k,target_closed_d,live_exit_k,live_exit_d,mae_points,mfe_points,giveback_level,spread_entry,spread_exit,stop_slippage_points,deal_reason
1,2,STOCHEXTREME_ORO_XAUUSD_1751328000,XAUUSD,SELL,2025.07.02 13:44:34,2025.07.02 13:45:34,2025.07.02 13:45:34,1751463934736,3343.64,3343.72,3343.64,0.2,3373.64,3373.64,2025.07.03 03:30:00,1751513400000,3346.51,3346.56,3346.57,TARGET_K20_M30_CLOSE,WIN,LOSS,-58.6,0.0,24.48,-34.120000000000005,-58.6,0.0,-2.930000000000291,-293.0000000000291,-0.09766666666667637,49466,86.44087906553227,87.16524150937646,20,3,6.619508128005236,28.66211370894491,5.886046480795533,12.602049784562439,22.200000000000273,9.579999999999927,0,0.07999999999992724,0.04999999999972715,0.0,EXPERT
2,4,STOCHEXTREME_ORO_XAUUSD_1751328000,XAUUSD,SELL,2025.07.03 10:00:00,2025.07.03 10:01:00,2025.07.03 10:01:00,1751536860000,3362.37,3362.48,3362.37,0.18,3392.37,3392.37,2025.07.03 13:00:00,1751547600000,3345.79,3345.85,3345.79,TARGET_K20_M30_CLOSE,WIN,PROFIT,298.44,0.0,0.0,298.44,298.44,0.0,16.579999999999927,1657.9999999999927,0.5526666666666642,10740,85.056815874506,85.3640928416849,22,4,18.761444561618827,23.977356976815685,10.13845972366358,17.904422877081426,0.7000000000002728,18.36999999999989,0,0.11000000000012733,0.05999999999994543,0.0,EXPERT
3,6,STOCHEXTREME_ORO_XAUUSD_1751328000,XAUUSD,SELL,2025.07.07 17:30:00,2025.07.07 17:31:00,2025.07.07 17:31:00,1751909460000,3315.58,3315.66,3315.58,0.2,3345.58,3345.58,2025.07.08 01:17:31,1751937451578,3345.52,3345.58,3345.58,INITIAL_STOP,LOSS,LOSS,-600.0,0.0,8.16,-591.84,-600.0,0.0,-30.0,-3000.0,-1.0,27991,84.96661688005334,88.0907587402416,43,7,0.0,0.0,49.27640760023547,50.848081876062764,29.990000000000236,0.3400000000001455,0,0.07999999999992724,0.05999999999994543,0.0,SL
4,8,STOCHEXTREME_ORO_XAUUSD_1751328000,XAUUSD,SELL,2025.07.08 10:19:29,2025.07.08 10:20:29,2025.07.08 10:20:29,1751970029010,3336.52,3336.61,3336.52,0.18,3366.52,3366.52,2025.07.08 12:30:00,1751977800000,3325.09,3325.20,3325.19,TARGET_K20_M30_CLOSE,WIN,PROFIT,203.94,0.0,0.0,203.94,203.94,0.0,11.329999999999927,1132.9999999999927,0.37766666666666426,7771,78.95639891109938,79.94496985885009,27,5,13.47880801335488,23.183972245645183,10.218214460684512,15.392560408114775,0.24000000000023647,13.519999999999982,0,0.09000000000014552,0.10999999999967258,0.0,EXPERT
5,10,STOCHEXTREME_ORO_XAUUSD_1751328000,XAUUSD,BUY,2025.07.08 13:01:40,2025.07.08 13:02:40,2025.07.08 13:02:40,1751979760243,3323.07,3323.12,3323.12,0.18,3293.12,3293.12,2025.07.08 18:08:29,1751998109508,3293.12,3293.17,3293.12,INITIAL_STOP,LOSS,LOSS,-540.0,0.0,0.0,-540.0,-540.0,0.0,-30.0,-3000.0,-1.0,18349,9.99649135810001,9.915814181261146,34,6,0.0,0.0,7.071324161816833,14.175378886875222,29.949999999999818,6.760000000000218,0,0.04999999999972715,0.0500000000001819,0.0,SL
6,12,STOCHEXTREME_ORO_XAUUSD_1751328000,XAUUSD,SELL,2025.07.09 17:00:00,2025.07.09 17:01:00,2025.07.09 17:01:00,1752080460000,3300.16,3300.26,3300.16,0.18,3330.16,3330.16,2025.07.10 07:00:00,1752130800000,3315.74,3315.79,3315.81,TARGET_K20_M30_CLOSE,WIN,LOSS,-281.7,0.0,22.03,-259.66999999999996,-281.7,0.0,-15.650000000000091,-1565.000000000009,-0.5216666666666697,50340,76.92714500975053,78.33872532280006,44,7,14.186242935605314,32.19629404580214,7.051683069532139,18.150093935376542,26.230000000000018,0.08999999999969077,0,0.1000000000003638,0.0500000000001819,0.0,EXPERT
7,14,STOCHEXTREME_ORO_XAUUSD_1751328000,XAUUSD,BUY,2025.07.10 18:00:00,2025.07.10 18:01:00,2025.07.10 18:01:00,1752170460000,3315.27,3315.32,3315.32,0.18,3285.32,3285.32,2025.07.10 22:00:00,1752184800000,3321.59,3321.68,3321.60,TARGET_K80_M30_CLOSE,WIN,PROFIT,113.04,0.0,0.0,113.04,113.04,0.0,6.279999999999745,627.9999999999745,0.20933333333332485,14340,22.64884250549822,20.671130536633907,37,6,83.58675956149368,71.04494253558586,88.07522697289112,81.38954829647459,3.130000000000109,6.599999999999909,0,0.0500000000001819,0.08999999999969077,0.0,EXPERT
8,16,STOCHEXTREME_ORO_XAUUSD_1751328000,XAUUSD,SELL,2025.07.10 22:30:29,2025.07.10 22:31:29,2025.07.10 22:31:29,1752186689203,3323.57,3323.68,3323.57,0.18,3353.57,3353.57,2025.07.11 15:36:42,1752248202105,3353.48,3353.57,3353.57,INITIAL_STOP,LOSS,LOSS,-540.0,0.0,7.34,-532.66,-540.0,0.0,-30.0,-3000.0,-1.0,61513,82.7157522951838,83.40968821354427,17,3,0.0,0.0,88.41078600114743,83.16671724282497,29.960000000000036,1.6200000000003456,0,0.10999999999967258,0.09000000000014552,0.0,SL
9,18,STOCHEXTREME_ORO_XAUUSD_1751328000,XAUUSD,SELL,2025.07.11 16:21:26,2025.07.11 16:22:26,2025.07.11 16:22:26,1752250946024,3353.46,3353.55,3353.46,0.16,3383.46,3383.46,2025.07.11 20:30:00,1752265800000,3349.76,3349.87,3349.89,TARGET_K20_M30_CLOSE,WIN,PROFIT,57.12,0.0,0.0,57.12,57.12,0.0,3.5700000000001637,357.00000000001637,0.11900000000000546,14854,82.13873965519043,82.8765448805858,44,7,12.34119692310505,32.40632806051138,4.96888702772677,15.457305178945141,15.420000000000073,4.170000000000073,0,0.09000000000014552,0.10999999999967258,0.0,EXPERT
10,20,STOCHEXTREME_ORO_XAUUSD_1751328000,XAUUSD,SELL,2025.07.14 11:00:00,2025.07.14 11:01:00,2025.07.14 11:01:00,1752490860000,3371.16,3371.27,3371.16,0.16,3401.16,3401.16,2025.07.14 15:30:00,1752507000000,3358.09,3358.15,3358.16,TARGET_K20_M30_CLOSE,WIN,PROFIT,208.0,0.0,0.0,208.0,208.0,0.0,13.0,1300.0,0.43333333333333335,16140,89.34348239771604,91.82911202421663,40,7,19.63719790410507,41.984602354413596,3.582262310120969,22.178163198176815,3.5799999999999272,13.690000000000055,0,0.11000000000012733,0.05999999999994543,0.0,EXPERT
11,22,STOCHEXTREME_ORO_XAUUSD_1751328000,XAUUSD,BUY,2025.07.14 16:25:39,2025.07.14 16:26:39,2025.07.14 16:26:39,1752510399029,3354.63,3354.68,3354.68,0.16,3324.68,3324.68,2025.07.14 21:00:00,1752526800000,3351.08,3351.13,3351.07,TARGET_K80_M30_CLOSE,WIN,LOSS,-57.76,0.0,0.0,-57.76,-57.76,0.0,-3.6099999999996726,-360.99999999996726,-0.12033333333332243,16401,11.394163736632422,11.360268824187393,44,7,83.4380821690973,67.0703733973478,87.50092503857616,80.47835543953491,13.599999999999909,4.380000000000109,0,0.04999999999972715,0.0500000000001819,0.0,EXPERT
12,24,STOCHEXTREME_ORO_XAUUSD_1751328000,XAUUSD,BUY,2025.07.14 23:30:00,2025.07.14 23:31:00,2025.07.14 23:31:00,1752535860000,3345.04,3345.10,3345.10,0.16,3315.10,3315.10,2025.07.15 07:00:00,1752562800000,3357.94,3357.99,3357.93,TARGET_K80_M30_CLOSE,WIN,PROFIT,205.28,0.0,-9.49,195.79,205.28,0.0,12.829999999999927,1282.9999999999927,0.42766666666666425,26940,23.873098346162298,18.845566783354865,16,3,87.97220194371745,75.81380837200855,92.10105223374167,86.34853322332053,3.9400000000000546,13.25,0,0.05999999999994543,0.04999999999972715,0.0,EXPERT
13,25,STOCHEXTREME_ORO_XAUUSD_1751328000,XAUUSD,SELL,2025.07.15 03:05:27,2025.07.15 03:05:27,2025.07.15 03:05:27,1752548727499,3346.40,3346.52,3346.40,0.16,3376.40,3376.40,2025.07.15 15:00:00,1752591600000,3354.86,3354.93,3354.91,TARGET_K20_M30_CLOSE,WIN,LOSS,-136.16,0.0,0.0,-136.16,-136.16,0.0,-8.509999999999764,-850.9999999999764,-0.2836666666666588,42873,75.0414881316708,77.06949630910401,16,3,14.277244026898886,34.89461791892555,4.3720605940426065,17.19913468115683,20.06999999999971,0.45000000000027285,0,0.11999999999989086,0.06999999999970896,0.0,EXPERT
14,28,STOCHEXTREME_ORO_XAUUSD_1751328000,XAUUSD,BUY,2025.07.15 15:30:00,2025.07.15 15:31:00,2025.07.15 15:31:00,1752593460000,3355.91,3356.04,3356.04,0.16,3326.04,3326.04,2025.07.15 18:32:41,1752604361566,3326.04,3326.14,3326.04,INITIAL_STOP,LOSS,LOSS,-480.0,0.0,0.0,-480.0,-480.0,0.0,-30.0,-3000.0,-1.0,10901,24.263181590331296,16.899893662367948,42,7,0.0,0.0,19.55108287470881,33.62601745794138,29.949999999999818,0.9600000000000364,0,0.13000000000010914,0.09999999999990905,0.0,SL
15,30,STOCHEXTREME_ORO_XAUUSD_1751328000,XAUUSD,BUY,2025.07.16 14:30:35,2025.07.16 14:31:35,2025.07.16 14:31:35,1752676295555,3336.92,3336.97,3336.97,0.16,3306.97,3306.97,2025.07.17 18:30:00,1752777000000,3337.18,3337.28,3337.17,TARGET_K80_M30_CLOSE,WIN,LOSS,3.2,0.0,-28.46,-25.26,3.2,0.0,0.20000000000027285,20.000000000027285,0.006666666666675761,100705,24.111588945136617,23.941326071962738,31,5,97.5597068942733,79.19915306582338,96.40729053739562,91.30164043832086,27.159999999999854,40.5600000000004,0,0.04999999999972715,0.1000000000003638,0.0,EXPERT
16,32,STOCHEXTREME_ORO_XAUUSD_1751328000,XAUUSD,SELL,2025.07.18 11:08:39,2025.07.18 11:09:39,2025.07.18 11:09:39,1752836979487,3347.99,3348.10,3347.99,0.16,3377.99,3377.99,2025.07.21 15:18:36,1753111116867,3377.99,3378.04,3378.04,INITIAL_STOP,LOSS,LOSS,-480.8,0.0,6.53,-474.27000000000004,-480.8,0.0,-30.050000000000182,-3005.000000000018,-1.0016666666666727,274137,90.5132906412973,92.02481487041915,23,4,0.0,0.0,98.63498499960325,85.15045660131916,29.990000000000236,2.919999999999618,0,0.11000000000012733,0.0500000000001819,0.0500000000001819,SL
17,34,STOCHEXTREME_ORO_XAUUSD_1751328000,XAUUSD,SELL,2025.07.21 16:00:00,2025.07.21 16:01:00,2025.07.21 16:01:00,1753113660000,3385.82,3385.92,3385.82,0.14,3415.82,3415.82,2025.07.21 21:00:00,1753131600000,3393.36,3393.41,3393.39,TARGET_K20_M30_CLOSE,WIN,LOSS,-105.98,0.0,0.0,-105.98,-105.98,0.0,-7.569999999999709,-756.9999999999709,-0.25233333333332364,17940,91.55213000531938,93.92098093885967,42,7,19.529362620862226,37.62721635616919,25.065575816650732,26.417645803344044,15.779999999999745,2.1200000000003456,0,0.09999999999990905,0.04999999999972715,0.0,EXPERT
18,36,STOCHEXTREME_ORO_XAUUSD_1751328000,XAUUSD,SELL,2025.07.21 23:00:00,2025.07.21 23:01:00,2025.07.21 23:01:00,1753138860000,3398.34,3398.39,3398.34,0.14,3428.34,3428.34,2025.07.22 05:00:00,1753160400000,3386.04,3386.09,3386.02,TARGET_K20_M30_CLOSE,WIN,PROFIT,172.48,0.0,5.71,178.19,172.48,0.0,12.320000000000164,1232.0000000000164,0.4106666666666721,21540,79.66017546093688,82.35680148320773,18,3,16.861407264017,26.648777835945342,8.130085733533322,17.654528405163788,4.289999999999964,13.150000000000091,0,0.04999999999972715,0.0500000000001819,0.0,EXPERT
19,38,STOCHEXTREME_ORO_XAUUSD_1751328000,XAUUSD,BUY,2025.07.22 10:03:24,2025.07.22 10:04:24,2025.07.22 10:04:24,1753178664657,3385.47,3385.58,3385.58,0.16,3355.58,3355.58,2025.07.22 12:00:00,1753185600000,3388.97,3389.04,3388.98,TARGET_K80_M30_CLOSE,WIN,PROFIT,54.4,0.0,0.0,54.4,54.4,0.0,3.400000000000091,340.0000000000091,0.11333333333333637,6936,8.959917394159307,8.426389821931828,21,4,85.05104333964802,60.04479090576106,82.40890734971738,75.97215775365275,2.2100000000000364,4.539999999999964,0,0.11000000000012733,0.07000000000016371,0.0,EXPERT
20,40,STOCHEXTREME_ORO_XAUUSD_1751328000,XAUUSD,SELL,2025.07.22 16:33:29,2025.07.22 16:34:29,2025.07.22 16:34:29,1753202069158,3415.90,3416.02,3415.90,0.16,3445.90,3445.90,2025.07.23 03:00:00,1753239600100,3427.49,3427.54,3427.56,TARGET_K20_M30_CLOSE,WIN,LOSS,-186.56,0.0,6.53,-180.03,-186.56,0.0,-11.659999999999854,-1165.9999999999854,-0.38866666666666183,37531,96.52681333295722,97.17194499915765,44,7,19.72367076001213,27.419554640391762,22.690994054193705,22.339826717401166,17.65000000000009,10.700000000000273,0,0.11999999999989086,0.0500000000001819,0.0,EXPERT
21,41,STOCHEXTREME_ORO_XAUUSD_1751328000,XAUUSD,BUY,2025.07.23 03:00:00,2025.07.23 03:00:00,2025.07.23 03:00:00,1753239600000,3427.51,3427.56,3427.56,0.16,3397.56,3397.56,2025.07.23 10:30:00,1753266600000,3426.99,3427.05,3427.03,TARGET_K80_M30_CLOSE,WIN,LOSS,-8.48,0.0,0.0,-8.48,-8.48,0.0,-0.5299999999997453,-52.999999999974534,-0.017666666666658178,27000,22.787752641520438,22.372079579843412,25,4,86.20836694999998,68.7192075532674,86.41365678346789,81.01952590136911,11.11999999999989,11.260000000000218,0,0.04999999999972715,0.06000000000040018,0.0,EXPERT
22,44,STOCHEXTREME_ORO_XAUUSD_1751328000,XAUUSD,SELL,2025.07.23 10:43:28,2025.07.23 10:44:28,2025.07.23 10:44:28,1753267468199,3423.15,3423.20,3423.15,0.14,3453.15,3453.15,2025.07.23 16:30:00,1753288200000,3409.20,3409.25,3409.26,TARGET_K20_M30_CLOSE,WIN,PROFIT,194.46,0.0,0.0,194.46,194.46,0.0,13.889999999999873,1388.9999999999873,0.46299999999999575,20732,76.75327942497809,77.79940011520586,32,5,15.96955307761157,32.769985043158606,2.911601978880727,18.051371247553725,10.779999999999745,14.730000000000018,0,0.04999999999972715,0.0500000000001819,0.0,EXPERT
23,46,STOCHEXTREME_ORO_XAUUSD_1751328000,XAUUSD,BUY,2025.07.23 17:00:00,2025.07.23 17:01:00,2025.07.23 17:01:00,1753290060000,3414.02,3414.10,3414.10,0.16,3384.10,3384.10,2025.07.23 19:21:29,1753298489505,3384.08,3384.14,3384.08,INITIAL_STOP,LOSS,LOSS,-480.32,0.0,0.0,-480.32,-480.32,0.0,-30.019999999999982,-3001.999999999998,-1.0006666666666661,8429,23.64340419050646,17.31470227415688,44,7,0.0,0.0,10.288255136461368,20.52313907076712,29.960000000000036,5.809999999999945,0,0.07999999999992724,0.05999999999994543,0.01999999999998181,SL
24,48,STOCHEXTREME_ORO_XAUUSD_1751328000,XAUUSD,BUY,2025.07.24 10:00:14,2025.07.24 10:01:14,2025.07.24 10:01:14,1753351274339,3375.29,3375.40,3375.40,0.14,3345.40,3345.40,2025.07.24 18:00:00,1753380000000,3373.62,3373.67,3373.60,TARGET_K80_M30_CLOSE,WIN,LOSS,-25.2,0.0,0.0,-25.2,-25.2,0.0,-1.800000000000182,-180.0000000000182,-0.06000000000000606,28726,24.5537747853563,23.43839928032566,44,7,84.74233291977247,66.75078383851648,88.32469762768433,81.86543372118075,23.950000000000273,2.1700000000000728,0,0.11000000000012733,0.0500000000001819,0.0,EXPERT
25,50,STOCHEXTREME_ORO_XAUUSD_1751328000,XAUUSD,BUY,2025.07.25 12:30:00,2025.07.25 12:31:00,2025.07.25 12:31:00,1753446660000,3347.12,3347.19,3347.19,0.14,3317.19,3317.19,2025.07.25 21:30:00,1753479000000,3338.52,3338.57,3338.51,TARGET_K80_M30_CLOSE,WIN,LOSS,-121.52,0.0,0.0,-121.52,-121.52,0.0,-8.679999999999836,-867.9999999999836,-0.2893333333333279,32340,18.71910026061418,12.546918595492121,29,5,91.05727718432485,70.36773811012944,89.13566065672994,84.07576585826304,22.15000000000009,1.7599999999997635,0,0.07000000000016371,0.0500000000001819,0.0,EXPERT
26,52,STOCHEXTREME_ORO_XAUUSD_1751328000,XAUUSD,SELL,2025.07.25 22:00:00,2025.07.25 22:01:00,2025.07.25 22:01:00,1753480860000,3338.94,3339.01,3338.94,0.14,3368.94,3368.94,2025.07.28 01:02:00,1753664520000,3324.73,3324.79,3324.78,TARGET_K20_M30_CLOSE,WIN,PROFIT,198.24,0.0,5.71,203.95000000000002,198.24,0.0,14.159999999999854,1415.9999999999854,0.47199999999999515,183660,89.30734925184335,90.35813373855713,16,3,16.173860066994575,39.3831353097919,19.644665684141163,24.914156208472587,1.4099999999998545,19.070000000000164,0,0.07000000000016371,0.05999999999994543,0.0,EXPERT
27,54,STOCHEXTREME_ORO_XAUUSD_1751328000,XAUUSD,BUY,2025.07.28 17:30:00,2025.07.28 17:31:00,2025.07.28 17:31:00,1753723860000,3312.32,3312.37,3312.37,0.14,3282.37,3282.37,2025.07.29 05:30:00,1753767000000,3319.80,3319.89,3319.81,TARGET_K80_M30_CLOSE,WIN,PROFIT,104.16,0.0,-8.3,95.86,104.16,0.0,7.440000000000055,744.0000000000055,0.24800000000000183,43140,19.315492444929784,17.20746001215552,44,7,83.59940197401318,64.97639081434666,88.85448916408632,80.44856359097686,6.529999999999745,8.590000000000146,0,0.04999999999972715,0.08999999999969077,0.0,EXPERT
28,56,STOCHEXTREME_ORO_XAUUSD_1751328000,XAUUSD,SELL,2025.07.29 12:30:00,2025.07.29 12:31:00,2025.07.29 12:31:00,1753792260000,3324.32,3324.41,3324.32,0.14,3354.32,3354.32,2025.07.29 15:00:00,1753801200000,3315.29,3315.34,3315.33,TARGET_K20_M30_CLOSE,WIN,PROFIT,125.86,0.0,0.0,125.86,125.86,0.0,8.990000000000236,899.0000000000236,0.2996666666666746,8940,75.06252232940311,76.46722771121462,34,6,9.319853512623908,26.06202726821623,9.603909669546928,15.144426189364426,4.019999999999982,9.320000000000164,0,0.08999999999969077,0.0500000000001819,0.0,EXPERT
29,58,STOCHEXTREME_ORO_XAUUSD_1751328000,XAUUSD,BUY,2025.07.29 15:04:40,2025.07.29 15:05:40,2025.07.29 15:05:40,1753801540118,3319.52,3319.59,3319.59,0.14,3289.59,3289.59,2025.07.29 18:30:00,1753813800000,3325.90,3325.95,3325.93,TARGET_K80_M30_CLOSE,WIN,PROFIT,88.76,0.0,0.0,88.76,88.76,0.0,6.339999999999691,633.9999999999691,0.21133333333332302,12260,21.918320149896033,19.24922968281413,31,5,84.63630207196383,74.53150155662708,74.0280569987374,78.38791124397996,7.620000000000346,14.569999999999709,0,0.07000000000016371,0.04999999999972715,0.0,EXPERT
30,60,STOCHEXTREME_ORO_XAUUSD_1751328000,XAUUSD,BUY,2025.07.30 17:30:00,2025.07.30 17:31:00,2025.07.30 17:31:00,1753896660000,3302.81,3302.87,3302.87,0.14,3272.87,3272.87,2025.07.30 21:00:00,1753909200000,3302.18,3302.32,3302.21,TARGET_K80_M30_CLOSE,WIN,LOSS,-9.24,0.0,0.0,-9.24,-9.24,0.0,-0.6599999999998545,-65.99999999998545,-0.02199999999999515,12540,12.502490535963053,10.963508395104133,44,7,83.676505011246,59.83847385984762,95.44745158684906,80.27717739786776,14.199999999999818,3.5100000000002183,0,0.05999999999994543,0.14000000000032742,0.0,EXPERT
31,62,STOCHEXTREME_ORO_XAUUSD_1751328000,XAUUSD,BUY,2025.07.30 23:30:00,2025.07.30 23:31:00,2025.07.30 23:31:00,1753918260000,3270.66,3270.73,3270.73,0.14,3240.73,3240.73,2025.07.31 02:30:00,1753929000000,3279.58,3279.70,3279.54,TARGET_K80_M30_CLOSE,WIN,PROFIT,123.34,0.0,-24.9,98.44,123.34,0.0,8.809999999999945,880.9999999999945,0.29366666666666486,10740,4.564352856110056,3.763823816929716,44,7,81.20475373295498,56.20158757750293,86.87318877293455,75.34987825858845,1.0100000000002183,9.489999999999782,0,0.07000000000016371,0.11999999999989086,0.0,EXPERT
32,64,STOCHEXTREME_ORO_XAUUSD_1751328000,XAUUSD,SELL,2025.07.31 16:34:40,2025.07.31 16:35:40,2025.07.31 16:35:40,1753979740107,3306.49,3306.61,3306.49,0.16,3336.49,3336.49,2025.07.31 18:30:00,1753986600100,3295.61,3295.66,3295.65,TARGET_K20_M30_CLOSE,WIN,PROFIT,173.44,0.0,0.0,173.44,173.44,0.0,10.83999999999969,1083.999999999969,0.361333333333323,6860,79.72448583624384,79.87544940110034,41,7,18.57872125350965,30.302332310952902,22.645837311848783,22.417094971027286,2.1700000000000728,15.08999999999969,0,0.12000000000034561,0.04999999999972715,0.0,EXPERT
33,65,STOCHEXTREME_ORO_XAUUSD_1751328000,XAUUSD,BUY,2025.07.31 18:30:00,2025.07.31 18:30:00,2025.07.31 18:30:00,1753986600000,3295.60,3295.65,3295.65,0.16,3265.65,3265.65,2025.08.01 02:30:00,1754015400000,3292.19,3292.31,3292.16,TARGET_K80_M30_CLOSE,WIN,LOSS,-55.84,0.0,-9.49,-65.33,-55.84,0.0,-3.4900000000002365,-349.00000000002365,-0.11633333333334121,28800,22.628933998799056,22.41146053334404,42,7,82.638779382766,62.286390548029964,70.4076479076502,72.63661338694578,7.260000000000218,2.7799999999997453,0,0.0500000000001819,0.11999999999989086,0.0,EXPERT
34,68,STOCHEXTREME_ORO_XAUUSD_1751328000,XAUUSD,BUY,2025.08.01 11:09:40,2025.08.01 11:10:40,2025.08.01 11:10:40,1754046640298,3288.26,3288.33,3288.33,0.16,3258.33,3258.33,2025.08.01 13:00:00,1754053200000,3294.55,3294.60,3294.56,TARGET_K80_M30_CLOSE,WIN,PROFIT,99.68,0.0,0.0,99.68,99.68,0.0,6.230000000000018,623.0000000000018,0.20766666666666728,6560,15.522059117428284,15.0350210408253,32,5,87.99202207803368,66.4590294566595,82.29192821421165,79.39191115451807,1.949999999999818,8.050000000000182,0,0.06999999999970896,0.04999999999972715,0.0,EXPERT
35,70,STOCHEXTREME_ORO_XAUUSD_1751328000,XAUUSD,SELL,2025.08.01 13:33:06,2025.08.01 13:34:06,2025.08.01 13:34:06,1754055246315,3296.00,3296.06,3296.00,0.16,3326.00,3326.00,2025.08.01 15:33:39,1754062419073,3325.92,3326.02,3326.02,INITIAL_STOP,LOSS,LOSS,-480.32,0.0,0.0,-480.32,-480.32,0.0,-30.019999999999982,-3001.999999999998,-1.0006666666666661,7173,82.63953374077461,83.70971436941478,21,4,0.0,0.0,82.86150234741798,78.54769824474273,29.940000000000055,1.400000000000091,0,0.05999999999994543,0.09999999999990905,0.01999999999998181,SL
37,73,STOCHEXTREME_ORO_XAUUSD_1751328000,XAUUSD,BUY,2025.08.04 20:38:00,2025.08.04 20:38:00,2025.08.04 20:38:00,1754339880000,3372.22,3372.27,3372.27,0.14,3342.27,3342.27,2025.08.04 22:30:00,1754346600000,3376.67,3376.72,3376.68,TARGET_K80_M30_CLOSE,WIN,PROFIT,61.74,0.0,0.0,61.74,61.74,0.0,4.4099999999998545,440.99999999998545,0.14699999999999516,6720,24.673247370430555,23.044682591158836,20,3,83.41977547028473,68.2090974575561,79.94149241001232,77.69901705551206,0.40000000000009095,4.949999999999818,0,0.0500000000001819,0.04999999999972715,0.0,EXPERT
36,72,STOCHEXTREME_ORO_XAUUSD_1751328000,XAUUSD,SELL,2025.08.04 15:46:39,2025.08.04 15:47:39,2025.08.04 15:47:39,1754322459280,3366.36,3366.41,3366.36,0.14,3396.36,3396.36,2025.08.05 06:00:00,1754373600000,3373.68,3373.73,3373.74,TARGET_K20_M30_CLOSE,WIN,LOSS,-103.32,0.0,5.71,-97.61,-103.32,0.0,-7.379999999999654,-737.9999999999654,-0.24599999999998848,51141,76.02511379625957,81.34566377240445,37,6,17.372488872849022,38.77748919258857,1.421568627450764,18.957355948514145,19.190000000000055,0.7300000000000182,0,0.04999999999972715,0.0500000000001819,0.0,EXPERT
38,76,STOCHEXTREME_ORO_XAUUSD_1751328000,XAUUSD,BUY,2025.08.05 13:30:00,2025.08.05 13:31:00,2025.08.05 13:31:00,1754400660000,3357.42,3357.49,3357.49,0.14,3327.49,3327.49,2025.08.05 16:30:00,1754411400000,3370.28,3370.40,3370.31,TARGET_K80_M30_CLOSE,WIN,PROFIT,179.48,0.0,0.0,179.48,179.48,0.0,12.820000000000164,1282.0000000000164,0.4273333333333388,10740,9.273692427374767,6.94435015036771,35,6,86.68772816394437,58.05695968032594,94.18516966904087,79.86161035368205,7.5099999999997635,14.190000000000055,0,0.06999999999970896,0.11999999999989086,0.0,EXPERT
39,78,STOCHEXTREME_ORO_XAUUSD_1751328000,XAUUSD,SELL,2025.08.05 17:01:18,2025.08.05 17:02:18,2025.08.05 17:02:18,1754413338041,3377.01,3377.10,3377.01,0.14,3407.01,3407.01,2025.08.06 08:00:00,1754467200000,3372.51,3372.56,3372.54,TARGET_K20_M30_CLOSE,WIN,PROFIT,62.58,0.0,5.71,68.28999999999999,62.58,0.0,4.470000000000255,447.00000000002547,0.1490000000000085,53862,87.16859943687165,87.83130016401248,44,7,18.652963224689838,33.46604463207384,13.156785299333345,23.793809504139244,13.519999999999982,6.380000000000109,0,0.08999999999969077,0.04999999999972715,0.0,EXPERT
40,80,STOCHEXTREME_ORO_XAUUSD_1751328000,XAUUSD,BUY,2025.08.06 13:00:30,2025.08.06 13:01:30,2025.08.06 13:01:30,1754485290000,3359.86,3359.95,3359.95,0.14,3329.95,3329.95,2025.08.06 17:00:00,1754499600000,3371.71,3371.80,3371.73,TARGET_K80_M30_CLOSE,WIN,PROFIT,164.92,0.0,0.0,164.92,164.92,0.0,11.7800000000002,1178.00000000002,0.3926666666666733,14310,5.468324596692888,4.807001956786303,29,5,83.19091541254905,78.95682063456175,83.88780063858182,81.71300080189248,1.5299999999997453,13.650000000000091,0,0.08999999999969077,0.09000000000014552,0.0,EXPERT
41,81,STOCHEXTREME_ORO_XAUUSD_1751328000,XAUUSD,SELL,2025.08.06 15:51:30,2025.08.06 15:51:30,2025.08.06 15:51:30,1754495490000,3365.46,3365.54,3365.46,0.14,3395.46,3395.46,2025.08.07 10:34:15,1754562855266,3395.36,3395.47,3395.47,INITIAL_STOP,LOSS,LOSS,-420.14,0.0,17.13,-403.01,-420.14,0.0,-30.009999999999764,-3000.9999999999764,-1.0003333333333255,67365,75.00877450907686,76.34465163140332,36,6,0.0,0.0,97.47684851480373,90.62474003706923,29.98999999999978,0.03999999999996362,0,0.07999999999992724,0.10999999999967258,0.009999999999763531,SL
42,84,STOCHEXTREME_ORO_XAUUSD_1751328000,XAUUSD,SELL,2025.08.07 11:00:00,2025.08.07 11:01:00,2025.08.07 11:01:00,1754564460000,3395.77,3395.84,3395.77,0.14,3425.77,3425.77,2025.08.07 12:30:00,1754569800000,3376.74,3376.82,3376.84,TARGET_K20_M30_CLOSE,WIN,PROFIT,265.02,0.0,0.0,265.02,265.02,0.0,18.929999999999836,1892.9999999999836,0.6309999999999946,5340,94.05069276038721,95.09793795028337,37,6,18.597246521645065,43.21842223400309,20.414684749057017,27.81307851715272,0.13000000000010914,23.2199999999998,0,0.07000000000016371,0.08000000000038199,0.0,EXPERT
43,86,STOCHEXTREME_ORO_XAUUSD_1751328000,XAUUSD,BUY,2025.08.07 14:08:29,2025.08.07 14:09:29,2025.08.07 14:09:29,1754575769104,3374.77,3374.84,3374.84,0.16,3344.84,3344.84,2025.08.08 01:02:00,1754614920100,3400.78,3400.87,3400.73,TARGET_K80_M30_CLOSE,WIN,PROFIT,414.24,0.0,-9.49,404.75,414.24,0.0,25.889999999999873,2588.9999999999873,0.8629999999999958,39151,14.427347184320745,13.013519458015692,35,6,83.04638974500178,72.25595396572932,76.54578974814005,78.57056953937838,0.5,30.460000000000036,0,0.07000000000016371,0.08999999999969077,0.0,EXPERT
44,87,STOCHEXTREME_ORO_XAUUSD_1751328000,XAUUSD,SELL,2025.08.08 01:01:58,2025.08.08 01:02:00,2025.08.08 01:02:00,1754614920000,3400.73,3400.82,3400.73,0.16,3430.73,3430.73,2025.08.08 04:30:00,1754627400000,3384.61,3384.66,3384.67,TARGET_K20_M30_CLOSE,WIN,PROFIT,256.96,0.0,0.0,256.96,256.96,0.0,16.059999999999945,1605.9999999999945,0.5353333333333316,12480,76.45283566745557,78.53958484581689,44,7,13.666620477070813,27.635051675215994,12.178520511788156,18.145123843670095,8.409999999999854,19.039999999999964,0,0.09000000000014552,0.04999999999972715,0.0,EXPERT
45,90,STOCHEXTREME_ORO_XAUUSD_1751328000,XAUUSD,BUY,2025.08.08 15:00:00,2025.08.08 15:01:00,2025.08.08 15:01:00,1754665260000,3389.18,3389.28,3389.28,0.16,3359.28,3359.28,2025.08.08 20:30:00,1754685000000,3398.80,3398.85,3398.79,TARGET_K80_M30_CLOSE,WIN,PROFIT,152.16,0.0,0.0,152.16,152.16,0.0,9.509999999999764,950.9999999999764,0.3169999999999921,19740,24.311853619728794,13.825433803297614,39,7,82.87396456668758,77.41487256872459,81.44560465124593,81.0615567725253,8.080000000000382,12.529999999999745,0,0.1000000000003638,0.04999999999972715,0.0,EXPERT
46,92,STOCHEXTREME_ORO_XAUUSD_1751328000,XAUUSD,BUY,2025.08.11 10:30:00,2025.08.11 10:31:00,2025.08.11 10:31:00,1754908260000,3365.43,3365.48,3365.48,0.16,3335.48,3335.48,2025.08.11 22:00:00,1754949600100,3356.24,3356.29,3356.23,TARGET_K80_M30_CLOSE,WIN,LOSS,-148.0,0.0,0.0,-148.0,-148.0,0.0,-9.25,-925.0,-0.30833333333333335,41340,23.069003993422395,19.563376742796464,36,6,86.14253393665113,69.4586202958815,75.33004358618005,77.66523201802111,24.320000000000164,0.5099999999997635,0,0.0500000000001819,0.0500000000001819,0.0,EXPERT
47,93,STOCHEXTREME_ORO_XAUUSD_1751328000,XAUUSD,SELL,2025.08.11 22:00:00,2025.08.11 22:00:00,2025.08.11 22:00:00,1754949600000,3356.23,3356.28,3356.23,0.16,3386.23,3386.23,2025.08.11 23:30:00,1754955000000,3349.73,3349.84,3349.83,TARGET_K20_M30_CLOSE,WIN,PROFIT,102.4,0.0,0.0,102.4,102.4,0.0,6.400000000000091,640.0000000000091,0.21333333333333637,5400,75.27755014786108,77.64773420524811,17,3,11.509077878639784,37.180305343986184,6.706553136782065,19.241713278556762,0.7300000000000182,6.550000000000182,0,0.0500000000001819,0.11000000000012733,0.0,EXPERT
48,96,STOCHEXTREME_ORO_XAUUSD_1751328000,XAUUSD,SELL,2025.08.13 10:44:12,2025.08.13 10:45:12,2025.08.13 10:45:12,1755081912475,3356.35,3356.40,3356.35,0.16,3386.35,3386.35,2025.08.13 21:30:00,1755120600000,3351.03,3351.08,3351.09,TARGET_K20_M30_CLOSE,WIN,PROFIT,84.16,0.0,0.0,84.16,84.16,0.0,5.2599999999997635,525.9999999999764,0.17533333333332546,38688,82.33111816160745,84.27479105548694,24,4,12.543901085938332,27.373043070822302,11.746075803240755,17.15219353359385,14.519999999999982,6.269999999999982,0,0.0500000000001819,0.04999999999972715,0.0,EXPERT
49,98,STOCHEXTREME_ORO_XAUUSD_1751328000,XAUUSD,BUY,2025.08.13 21:38:36,2025.08.13 21:39:36,2025.08.13 21:39:36,1755121176774,3353.24,3353.35,3353.35,0.16,3323.35,3323.35,2025.08.13 23:30:00,1755127800000,3357.08,3357.13,3357.07,TARGET_K80_M30_CLOSE,WIN,PROFIT,59.52,0.0,0.0,59.52,59.52,0.0,3.7200000000002547,372.00000000002547,0.12400000000000849,6624,21.012323182694136,20.240942660078307,17,3,80.13248419859327,66.54323472136929,71.86486752270285,74.81683960589726,0.9200000000000728,5.510000000000218,0,0.11000000000012733,0.0500000000001819,0.0,EXPERT
50,100,STOCHEXTREME_ORO_XAUUSD_1751328000,XAUUSD,SELL,2025.08.14 22:00:42,2025.08.14 22:01:42,2025.08.14 22:01:42,1755208902187,3338.77,3338.82,3338.77,0.16,3368.77,3368.77,2025.08.15 01:02:00,1755219720000,3337.61,3337.69,3337.73,TARGET_K20_M30_CLOSE,WIN,PROFIT,16.64,0.0,6.53,23.17,16.64,0.0,1.0399999999999636,103.99999999999636,0.03466666666666545,10818,76.39706715623014,76.89711827666952,16,3,18.652249890780165,41.67271342423633,35.17904542748048,32.599077513692066,2.3400000000001455,4.199999999999818,0,0.0500000000001819,0.07999999999992724,0.0,EXPERT
51,102,STOCHEXTREME_ORO_XAUUSD_1751328000,XAUUSD,BUY,2025.08.15 10:19:22,2025.08.15 10:20:22,2025.08.15 10:20:22,1755253222285,3344.70,3344.77,3344.77,0.16,3314.77,3314.77,2025.08.18 04:30:00,1755491400000,3340.45,3340.50,3340.41,TARGET_K80_M30_CLOSE,WIN,LOSS,-69.76,0.0,-9.49,-79.25,-69.76,0.0,-4.360000000000127,-436.00000000001273,-0.1453333333333376,238178,24.25066211744876,19.56331192892237,25,4,86.91404721814756,67.77486634457162,84.29372535922666,79.4666112099458,21.23999999999978,3.4699999999998,0,0.07000000000016371,0.0500000000001819,0.0,EXPERT
52,104,STOCHEXTREME_ORO_XAUUSD_1751328000,XAUUSD,BUY,2025.08.18 17:30:58,2025.08.18 17:31:58,2025.08.18 17:31:58,1755538318076,3338.05,3338.12,3338.12,0.16,3308.12,3308.12,2025.08.19 06:30:00,1755585000000,3340.96,3341.03,3340.97,TARGET_K80_M30_CLOSE,WIN,PROFIT,45.6,0.0,-9.49,36.11,45.6,0.0,2.849999999999909,284.9999999999909,0.09499999999999696,46682,20.669977750222483,20.15987321512351,38,6,83.27785157437313,68.53010932215811,95.71905372865677,82.76046395774875,12.039999999999964,3.5100000000002183,0,0.06999999999970896,0.07000000000016371,0.0,EXPERT
53,106,STOCHEXTREME_ORO_XAUUSD_1751328000,XAUUSD,BUY,2025.08.19 16:30:00,2025.08.19 16:31:00,2025.08.19 16:31:00,1755621060000,3332.73,3332.82,3332.82,0.16,3302.82,3302.82,2025.08.20 07:30:00,1755675000100,3318.44,3318.56,3318.46,TARGET_K80_M30_CLOSE,WIN,LOSS,-229.76,0.0,-9.49,-239.25,-229.76,0.0,-14.360000000000127,-1436.0000000000127,-0.4786666666666709,53940,24.09269507175978,18.202624777023342,44,7,84.00196327516396,70.93216533278125,76.21958822335371,76.7409833003246,21.26000000000022,6.539999999999964,0,0.09000000000014552,0.11999999999989086,0.0,EXPERT
54,107,STOCHEXTREME_ORO_XAUUSD_1751328000,XAUUSD,SELL,2025.08.20 07:30:00,2025.08.20 07:30:00,2025.08.20 07:30:00,1755675000000,3318.46,3318.58,3318.46,0.16,3348.46,3348.46,2025.08.20 17:47:37,1755712057746,3348.37,3348.47,3348.47,INITIAL_STOP,LOSS,LOSS,-480.16,0.0,0.0,-480.16,-480.16,0.0,-30.009999999999764,-3000.9999999999764,-1.0003333333333255,37057,76.45683614743417,76.82006594168475,16,3,0.0,0.0,89.09136785515626,85.41421262781658,29.980000000000018,0.25,0,0.11999999999989086,0.09999999999990905,0.009999999999763531,SL
55,110,STOCHEXTREME_ORO_XAUUSD_1751328000,XAUUSD,SELL,2025.08.20 23:32:22,2025.08.20 23:33:23,2025.08.20 23:33:23,1755732803000,3348.29,3348.34,3348.29,0.16,3378.29,3378.29,2025.08.21 03:30:00,1755747000000,3343.86,3343.91,3343.93,TARGET_K20_M30_CLOSE,WIN,PROFIT,69.76,0.0,19.58,89.34,69.76,0.0,4.360000000000127,436.00000000001273,0.1453333333333376,14197,76.64112516661335,80.29729335610956,16,3,15.086965637662553,27.21099669020229,16.00781261044124,18.945661208006708,4.050000000000182,5.7199999999998,0,0.0500000000001819,0.04999999999972715,0.0,EXPERT
56,112,STOCHEXTREME_ORO_XAUUSD_1751328000,XAUUSD,SELL,2025.08.21 17:00:00,2025.08.21 17:01:00,2025.08.21 17:01:00,1755795660000,3341.28,3341.36,3341.28,0.16,3371.28,3371.28,2025.08.21 21:00:00,1755810000000,3337.14,3337.25,3337.27,TARGET_K20_M30_CLOSE,WIN,PROFIT,64.16,0.0,0.0,64.16,64.16,0.0,4.010000000000218,401.0000000000218,0.13366666666667396,14340,78.16847263122436,81.66342325544299,44,7,11.834911400579065,24.83661700597855,4.482845130132435,12.816237536022987,6.919999999999618,4.220000000000255,0,0.07999999999992724,0.11000000000012733,0.0,EXPERT
57,114,STOCHEXTREME_ORO_XAUUSD_1751328000,XAUUSD,BUY,2025.08.21 21:19:42,2025.08.21 21:20:42,2025.08.21 21:20:42,1755811242580,3339.34,3339.39,3339.39,0.16,3309.39,3309.39,2025.08.22 17:30:00,1755883800000,3366.05,3366.11,3366.01,TARGET_K80_M30_CLOSE,WIN,PROFIT,425.92,0.0,-9.49,416.43,425.92,0.0,26.620000000000346,2662.0000000000346,0.8873333333333449,72558,19.9447624595896,17.970209979175376,19,3,83.72322282829175,59.175863627858455,92.05068863771157,78.07036766874961,17.929999999999836,28.38000000000011,0,0.04999999999972715,0.05999999999994543,0.0,EXPERT
58,116,STOCHEXTREME_ORO_XAUUSD_1751328000,XAUUSD,SELL,2025.08.25 10:37:16,2025.08.25 10:38:16,2025.08.25 10:38:16,1756118296483,3367.38,3367.44,3367.38,0.16,3397.38,3397.38,2025.08.25 12:00:00,1756123200000,3363.88,3363.97,3363.96,TARGET_K20_M30_CLOSE,WIN,PROFIT,54.72,0.0,0.0,54.72,54.72,0.0,3.4200000000000728,342.0000000000073,0.11400000000000242,4904,76.29532144436897,79.16977013603326,25,4,13.698263134264563,40.89211669656649,7.14271750910135,20.245892167564104,1.4600000000000364,3.8200000000001637,0,0.05999999999994543,0.08999999999969077,0.0,EXPERT
59,118,STOCHEXTREME_ORO_XAUUSD_1751328000,XAUUSD,BUY,2025.08.25 12:31:17,2025.08.25 12:32:17,2025.08.25 12:32:17,1756125137599,3363.23,3363.32,3363.32,0.16,3333.32,3333.32,2025.08.25 18:00:00,1756144800000,3374.38,3374.43,3374.40,TARGET_K80_M30_CLOSE,WIN,PROFIT,177.28,0.0,0.0,177.28,177.28,0.0,11.079999999999927,1107.9999999999927,0.3693333333333309,19663,19.577715066455166,13.7824722600253,18,3,86.13207528567175,62.249603086438746,85.79039019241584,77.95278498188124,1.1200000000003456,12.139999999999873,0,0.09000000000014552,0.04999999999972715,0.0,EXPERT
60,120,STOCHEXTREME_ORO_XAUUSD_1751328000,XAUUSD,BUY,2025.08.25 23:50:35,2025.08.25 23:51:35,2025.08.25 23:51:35,1756165895000,3365.18,3365.58,3365.58,0.16,3335.58,3335.58,2025.08.26 04:30:00,1756182600000,3374.00,3374.05,3374.02,TARGET_K80_M30_CLOSE,WIN,PROFIT,135.04,0.0,-9.49,125.55,135.04,0.0,8.440000000000055,844.0000000000055,0.28133333333333516,16705,10.09371603576554,9.038750895546634,16,3,81.62484729542679,62.993945296858705,73.2176715965115,73.78467564116288,14.269999999999982,20.889999999999873,0,0.40000000000009095,0.0500000000001819,0.0,EXPERT
61,122,STOCHEXTREME_ORO_XAUUSD_1751328000,XAUUSD,SELL,2025.08.26 23:00:18,2025.08.26 23:01:18,2025.08.26 23:01:18,1756249278260,3389.44,3389.49,3389.44,0.18,3419.44,3419.44,2025.08.27 05:00:00,1756270800100,3386.22,3386.27,3386.28,TARGET_K20_M30_CLOSE,WIN,PROFIT,56.88,0.0,7.34,64.22,56.88,0.0,3.1599999999998545,315.99999999998545,0.10533333333332848,21522,83.35097402882815,84.36968864288804,17,3,15.311605095852668,22.75198547336957,20.31826896443108,18.890564411942602,4.869999999999891,6.059999999999945,0,0.04999999999972715,0.0500000000001819,0.0,EXPERT
62,123,STOCHEXTREME_ORO_XAUUSD_1751328000,XAUUSD,BUY,2025.08.27 05:00:00,2025.08.27 05:00:00,2025.08.27 05:00:00,1756270800000,3386.23,3386.28,3386.28,0.18,3356.28,3356.28,2025.08.27 12:00:00,1756296000000,3384.58,3384.63,3384.56,TARGET_K80_M30_CLOSE,WIN,LOSS,-30.96,0.0,0.0,-30.96,-30.96,0.0,-1.7200000000002547,-172.00000000002547,-0.05733333333334182,25200,20.351109686927696,18.90151131944147,31,5,94.64763374485686,71.09344616289111,95.01042650299128,85.8109661927475,12.440000000000055,0.7599999999997635,0,0.0500000000001819,0.0500000000001819,0.0,EXPERT
63,126,STOCHEXTREME_ORO_XAUUSD_1751328000,XAUUSD,SELL,2025.08.27 12:24:37,2025.08.27 12:25:37,2025.08.27 12:25:37,1756297537241,3383.27,3383.34,3383.27,0.18,3413.27,3413.27,2025.08.27 14:00:00,1756303200000,3375.71,3375.79,3375.76,TARGET_K20_M30_CLOSE,WIN,PROFIT,135.18,0.0,0.0,135.18,135.18,0.0,7.5099999999997635,750.9999999999764,0.25033333333332547,5663,79.79166666666781,80.73804624730633,19,3,14.503036335811778,31.39025286211313,6.006122203305132,14.895704356991322,1.0900000000001455,8.389999999999873,0,0.07000000000016371,0.07999999999992724,0.0,EXPERT
64,128,STOCHEXTREME_ORO_XAUUSD_1751328000,XAUUSD,BUY,2025.08.27 14:30:00,2025.08.27 14:31:00,2025.08.27 14:31:00,1756305060000,3375.56,3375.66,3375.66,0.18,3345.66,3345.66,2025.08.27 18:30:00,1756319400000,3388.02,3388.07,3388.03,TARGET_K80_M30_CLOSE,WIN,PROFIT,222.66,0.0,0.0,222.66,222.66,0.0,12.370000000000346,1237.0000000000346,0.4123333333333449,14340,11.247762008703802,10.881875757924513,31,5,87.01010736152848,74.35929341924964,87.5669857200384,82.08640706964408,1.819999999999709,14.840000000000146,0,0.09999999999990905,0.0500000000001819,0.0,EXPERT
65,130,STOCHEXTREME_ORO_XAUUSD_1751328000,XAUUSD,SELL,2025.08.27 23:47:33,2025.08.27 23:48:33,2025.08.27 23:48:33,1756338513000,3395.55,3395.95,3395.55,0.18,3425.55,3425.55,2025.08.28 04:00:00,1756353600000,3392.06,3392.18,3392.20,TARGET_K20_M30_CLOSE,WIN,PROFIT,60.3,0.0,22.03,82.33,60.3,0.0,3.350000000000364,335.0000000000364,0.1116666666666788,15087,75.04951542537022,77.01048532445003,16,3,15.109863655108986,31.713013966663834,13.64853398363193,22.76096801954384,3.7799999999997453,4.210000000000036,0,0.3999999999996362,0.11999999999989086,0.0,EXPERT
66,132,STOCHEXTREME_ORO_XAUUSD_1751328000,XAUUSD,SELL,2025.08.28 11:00:00,2025.08.28 11:01:00,2025.08.28 11:01:00,1756378860000,3395.75,3395.81,3395.75,0.18,3425.75,3425.75,2025.08.29 01:30:00,1756431000000,3416.86,3416.94,3416.96,TARGET_K20_M30_CLOSE,WIN,LOSS,-381.78,0.0,7.34,-374.44,-381.78,0.0,-21.210000000000036,-2121.0000000000036,-0.7070000000000012,52140,76.46815105188966,78.05697569337157,25,4,9.245731438486757,30.614645648848228,18.23710144927703,19.70481165767232,27.48999999999978,1.8099999999999454,0,0.05999999999994543,0.07999999999992724,0.0,EXPERT
67,134,STOCHEXTREME_ORO_XAUUSD_1751328000,XAUUSD,BUY,2025.08.29 14:01:34,2025.08.29 14:02:35,2025.08.29 14:02:35,1756476155000,3405.40,3405.46,3405.46,0.18,3375.46,3375.46,2025.08.29 16:00:00,1756483200000,3416.76,3416.82,3416.75,TARGET_K80_M30_CLOSE,WIN,PROFIT,203.22,0.0,0.0,203.22,203.22,0.0,11.289999999999964,1128.9999999999964,0.37633333333333213,7045,13.219463648178627,12.477612466183317,22,4,81.90018778474771,70.0265198983211,84.21210433888903,79.14640510532723,1.1900000000000546,11.429999999999836,0,0.05999999999994543,0.05999999999994543,0.0,EXPERT
68,136,STOCHEXTREME_ORO_XAUUSD_1751328000,XAUUSD,BUY,2025.09.01 13:49:28,2025.09.01 13:50:28,2025.09.01 13:50:28,1756734628125,3469.55,3469.63,3469.63,0.18,3439.63,3439.63,2025.09.01 21:00:00,1756760400100,3477.99,3478.04,3477.98,TARGET_K80_M30_CLOSE,WIN,PROFIT,150.3,0.0,0.0,150.3,150.3,0.0,8.349999999999909,834.9999999999909,0.2783333333333303,25772,23.93679515305101,23.406944611146034,38,6,89.59784009757317,68.1377120594668,80.2978389967732,80.4986994124829,2.4900000000002365,11.739999999999782,0,0.07999999999992724,0.0500000000001819,0.0,EXPERT
69,137,STOCHEXTREME_ORO_XAUUSD_1751328000,XAUUSD,SELL,2025.09.01 21:00:00,2025.09.01 21:00:00,2025.09.01 21:00:00,1756760400000,3477.98,3478.03,3477.98,0.18,3507.98,3507.98,2025.09.02 04:47:05,1756788425397,3507.87,3507.99,3507.99,INITIAL_STOP,LOSS,LOSS,-540.18,0.0,7.34,-532.8399999999999,-540.18,0.0,-30.009999999999764,-3000.9999999999764,-1.0003333333333255,28025,80.18005336662287,80.45943753576614,16,3,0.0,0.0,80.90933088955235,76.07287683613067,29.909999999999854,3.3200000000001637,0,0.0500000000001819,0.11999999999989086,0.009999999999763531,SL
70,140,STOCHEXTREME_ORO_XAUUSD_1751328000,XAUUSD,BUY,2025.09.02 10:30:00,2025.09.02 10:31:00,2025.09.02 10:31:00,1756809060000,3483.73,3483.78,3483.78,0.18,3453.78,3453.78,2025.09.02 18:00:00,1756836000000,3511.27,3511.32,3511.26,TARGET_K80_M30_CLOSE,WIN,PROFIT,494.64,0.0,0.0,494.64,494.64,0.0,27.480000000000018,2748.000000000002,0.9160000000000006,26940,18.378269789696056,17.837469552623713,43,7,87.19099886997397,72.8843921174249,92.27973034077395,84.66726556827956,13.620000000000346,30.379999999999654,0,0.0500000000001819,0.0500000000001819,0.0,EXPERT
71,142,STOCHEXTREME_ORO_XAUUSD_1751328000,XAUUSD,SELL,2025.09.02 20:59:00,2025.09.02 21:00:00,2025.09.02 21:00:00,1756846800000,3529.40,3529.45,3529.40,0.18,3559.40,3559.40,2025.09.03 02:30:00,1756866600000,3527.90,3527.96,3527.95,TARGET_K20_M30_CLOSE,WIN,PROFIT,26.1,0.0,7.34,33.44,26.1,0.0,1.4500000000002728,145.00000000002728,0.04833333333334243,19800,96.28781000634241,97.05105168506118,32,5,6.453077865180977,24.330773906202978,1.038623897387766,9.464993708194461,10.730000000000018,4.010000000000218,0,0.04999999999972715,0.05999999999994543,0.0,EXPERT
72,144,STOCHEXTREME_ORO_XAUUSD_1751328000,XAUUSD,SELL,2025.09.03 15:17:51,2025.09.03 15:18:51,2025.09.03 15:18:51,1756912731199,3542.72,3542.79,3542.72,0.18,3572.72,3572.72,2025.09.03 19:59:42,1756929582561,3572.67,3572.73,3572.73,INITIAL_STOP,LOSS,LOSS,-540.18,0.0,0.0,-540.18,-540.18,0.0,-30.01000000000022,-3001.000000000022,-1.0003333333333406,16851,78.1048089748342,78.30372610378602,39,7,0.0,0.0,93.3005843760864,89.00292013588592,29.990000000000236,1.2699999999999818,0,0.07000000000016371,0.05999999999994543,0.010000000000218279,SL
73,146,STOCHEXTREME_ORO_XAUUSD_1751328000,XAUUSD,SELL,2025.09.04 10:33:36,2025.09.04 10:34:36,2025.09.04 10:34:36,1756982076330,3539.13,3539.18,3539.13,0.18,3569.13,3569.13,2025.09.05 02:00:00,1757037600000,3541.14,3541.19,3541.23,TARGET_K20_M30_CLOSE,WIN,LOSS,-37.8,0.0,7.34,-30.459999999999997,-37.8,0.0,-2.099999999999909,-209.9999999999909,-0.06999999999999697,55524,76.00541376643461,77.67352338650305,35,6,15.277194073106264,37.286068709790335,13.938189378947252,22.21301518803646,19.75,3.9200000000000728,0,0.04999999999972715,0.0500000000001819,0.0,EXPERT
75,149,STOCHEXTREME_ORO_XAUUSD_1751328000,XAUUSD,SELL,2025.09.05 14:00:26,2025.09.05 14:00:26,2025.09.05 14:00:26,1757080826307,3552.24,3552.32,3552.24,0.16,3582.24,3582.24,2025.09.05 15:33:40,1757086420500,3582.20,3582.28,3582.28,INITIAL_STOP,LOSS,LOSS,-480.64,0.0,0.0,-480.64,-480.64,0.0,-30.04000000000042,-3004.000000000042,-1.0013333333333472,5594,75.10981812974315,75.14951304894409,16,3,0.0,0.0,90.16537056004546,68.21464226355816,29.990000000000236,4.339999999999691,0,0.08000000000038199,0.08000000000038199,0.04000000000041837,SL
74,148,STOCHEXTREME_ORO_XAUUSD_1751328000,XAUUSD,BUY,2025.09.05 11:25:29,2025.09.05 11:26:29,2025.09.05 11:26:29,1757071589454,3548.97,3549.02,3549.02,0.16,3519.02,3519.02,2025.09.05 16:00:00,1757088000000,3580.71,3580.80,3580.73,TARGET_K80_M30_CLOSE,WIN,PROFIT,507.36,0.0,0.0,507.36,507.36,0.0,31.710000000000036,3171.0000000000036,1.0570000000000013,16411,21.085885976205056,19.89644661964702,24,4,84.63403773966398,66.37086465676434,87.81895312057397,78.12608409325485,4.139999999999873,37.74000000000024,0,0.0500000000001819,0.09000000000014552,0.0,EXPERT
76,152,STOCHEXTREME_ORO_XAUUSD_1751328000,XAUUSD,SELL,2025.09.08 10:30:00,2025.09.08 10:31:00,2025.09.08 10:31:00,1757327460000,3610.09,3610.14,3610.09,0.18,3640.09,3640.09,2025.09.08 17:55:42,1757354142580,3640.05,3640.10,3640.10,INITIAL_STOP,LOSS,LOSS,-540.18,0.0,0.0,-540.18,-540.18,0.0,-30.009999999999764,-3000.9999999999764,-1.0003333333333255,26682,96.90197632302686,96.92636437575517,33,6,0.0,0.0,85.12362880321714,77.89642815795044,29.98999999999978,3.7100000000000364,0,0.04999999999972715,0.04999999999972715,0.009999999999763531,SL
77,154,STOCHEXTREME_ORO_XAUUSD_1751328000,XAUUSD,BUY,2025.09.09 23:30:00,2025.09.09 23:31:00,2025.09.09 23:31:00,1757460660000,3631.30,3631.35,3631.35,0.16,3601.35,3601.35,2025.09.10 03:00:00,1757473200000,3633.62,3633.71,3633.58,TARGET_K80_M30_CLOSE,WIN,PROFIT,35.68,0.0,-9.49,26.189999999999998,35.68,0.0,2.230000000000018,223.00000000000182,0.07433333333333395,12540,20.846870888871006,13.605446139982996,20,3,83.46958276992564,63.62466914614246,70.40420161869403,73.96329758991617,12.769999999999982,9.5,0,0.04999999999972715,0.09000000000014552,0.0,EXPERT
78,156,STOCHEXTREME_ORO_XAUUSD_1751328000,XAUUSD,SELL,2025.09.10 14:00:00,2025.09.10 14:01:00,2025.09.10 14:01:00,1757512860000,3654.64,3654.72,3654.64,0.16,3684.64,3684.64,2025.09.10 16:00:00,1757520000000,3643.97,3644.02,3644.04,TARGET_K20_M30_CLOSE,WIN,PROFIT,169.6,0.0,0.0,169.6,169.6,0.0,10.599999999999909,1059.999999999991,0.3533333333333303,7140,81.02184129139768,84.19209969654331,21,4,15.691593312108047,35.06703094282102,19.566361242653013,23.035422264011032,2.9200000000000728,14.139999999999873,0,0.07999999999992724,0.0500000000001819,0.0,EXPERT
79,158,STOCHEXTREME_ORO_XAUUSD_1751328000,XAUUSD,BUY,2025.09.10 16:14:42,2025.09.10 16:15:42,2025.09.10 16:15:42,1757520942071,3646.73,3646.78,3646.78,0.16,3616.78,3616.78,2025.09.11 03:30:00,1757561400000,3645.70,3645.75,3645.76,TARGET_K80_M30_CLOSE,WIN,LOSS,-16.32,0.0,-28.46,-44.78,-16.32,0.0,-1.0199999999999818,-101.99999999999818,-0.03399999999999939,40458,24.91831005009961,24.819405199826566,44,7,82.83401296423547,65.8618266767309,84.6795323234581,77.2286020034063,11.550000000000182,8.659999999999854,0,0.0500000000001819,0.0500000000001819,0.0,EXPERT
80,160,STOCHEXTREME_ORO_XAUUSD_1751328000,XAUUSD,BUY,2025.09.12 12:18:39,2025.09.12 12:19:39,2025.09.12 12:19:39,1757679579036,3644.21,3644.28,3644.28,0.16,3614.28,3614.28,2025.09.12 14:00:00,1757685600000,3651.23,3651.30,3651.22,TARGET_K80_M30_CLOSE,WIN,PROFIT,111.04,0.0,0.0,111.04,111.04,0.0,6.9399999999996,693.99999999996,0.23133333333331998,6021,23.9338136485332,22.205560614837186,36,6,83.64108847195529,65.93497632580068,89.96606047793614,81.66047866796703,1.5600000000004002,7.869999999999891,0,0.07000000000016371,0.07000000000016371,0.0,EXPERT
81,162,STOCHEXTREME_ORO_XAUUSD_1751328000,XAUUSD,SELL,2025.09.12 17:54:25,2025.09.12 17:55:25,2025.09.12 17:55:25,1757699725000,3648.77,3648.82,3648.77,0.16,3678.77,3678.77,2025.09.12 23:00:00,1757718000000,3644.23,3644.31,3644.32,TARGET_K20_M30_CLOSE,WIN,PROFIT,71.2,0.0,0.0,71.2,71.2,0.0,4.449999999999818,444.9999999999818,0.14833333333332727,18275,75.13731378818964,76.73875397925899,26,4,18.830716666376077,29.70471406880351,7.8299749838181185,17.391720143012346,2.019999999999982,6.869999999999891,0,0.0500000000001819,0.07999999999992724,0.0,EXPERT
82,164,STOCHEXTREME_ORO_XAUUSD_1751328000,XAUUSD,BUY,2025.09.12 23:45:25,2025.09.12 23:46:25,2025.09.12 23:46:25,1757720785000,3642.58,3642.98,3642.98,0.16,3612.98,3612.98,2025.09.15 06:30:00,1757917800000,3643.78,3643.86,3643.76,TARGET_K80_M30_CLOSE,WIN,PROFIT,12.48,0.0,-9.49,2.99,12.48,0.0,0.7800000000002001,78.00000000002001,0.02600000000000667,197015,15.86865020364957,14.404585151004122,16,3,85.98231645526613,71.22069858706058,84.47624759224878,80.90247189902313,16.460000000000036,3.3200000000001637,0,0.40000000000009095,0.07999999999992724,0.0,EXPERT
83,166,STOCHEXTREME_ORO_XAUUSD_1751328000,XAUUSD,BUY,2025.09.15 10:32:26,2025.09.15 10:33:26,2025.09.15 10:33:26,1757932406218,3638.02,3638.07,3638.07,0.16,3608.07,3608.07,2025.09.15 12:00:00,1757937600000,3645.45,3645.55,3645.46,TARGET_K80_M30_CLOSE,WIN,PROFIT,118.24,0.0,0.0,118.24,118.24,0.0,7.389999999999873,738.9999999999873,0.2463333333333291,5194,21.0860819146694,19.390613321891284,25,4,85.81171506958913,61.17032647805872,87.1722267749267,77.84738677447572,0.0500000000001819,7.6599999999998545,0,0.0500000000001819,0.1000000000003638,0.0,EXPERT
84,168,STOCHEXTREME_ORO_XAUUSD_1751328000,XAUUSD,SELL,2025.09.15 17:30:00,2025.09.15 17:31:00,2025.09.15 17:31:00,1757957460000,3659.50,3659.60,3659.50,0.16,3689.50,3689.50,2025.09.16 04:00:41,1757995241509,3689.38,3689.50,3689.50,INITIAL_STOP,LOSS,LOSS,-480.0,0.0,6.53,-473.47,-480.0,0.0,-30.0,-3000.0,-1.0,37781,77.59882869692531,83.56246396200528,42,7,0.0,0.0,97.54506730474695,74.43068492412864,29.949999999999818,1.400000000000091,0,0.09999999999990905,0.11999999999989086,0.0,SL
85,170,STOCHEXTREME_ORO_XAUUSD_1751328000,XAUUSD,SELL,2025.09.16 10:37:29,2025.09.16 10:38:29,2025.09.16 10:38:29,1758019109032,3688.07,3688.13,3688.07,0.16,3718.07,3718.07,2025.09.16 18:30:00,1758047400000,3682.32,3682.42,3682.41,TARGET_K20_M30_CLOSE,WIN,PROFIT,90.56,0.0,0.0,90.56,90.56,0.0,5.660000000000309,566.0000000000309,0.18866666666667697,28291,77.92523950817946,78.50463292259217,31,5,19.579938215611566,40.396767536647054,8.548813140182324,23.14628764067669,15.149999999999636,7.940000000000055,0,0.05999999999994543,0.09999999999990905,0.0,EXPERT
86,172,STOCHEXTREME_ORO_XAUUSD_1751328000,XAUUSD,BUY,2025.09.17 11:30:00,2025.09.17 11:31:00,2025.09.17 11:31:00,1758108660000,3666.49,3666.54,3666.54,0.16,3636.54,3636.54,2025.09.17 16:00:00,1758124800000,3678.81,3678.86,3678.79,TARGET_K80_M30_CLOSE,WIN,PROFIT,196.0,0.0,0.0,196.0,196.0,0.0,12.25,1225.0,0.4083333333333333,16140,15.92050685907717,12.541619329637411,27,5,81.46040216052246,67.60645439676509,94.24035338195306,83.19407371895433,6.489999999999782,12.820000000000164,0,0.0500000000001819,0.0500000000001819,0.0,EXPERT
88,175,STOCHEXTREME_ORO_XAUUSD_1751328000,XAUUSD,BUY,2025.09.17 23:31:23,2025.09.17 23:31:23,2025.09.17 23:31:23,1758151883000,3659.66,3659.71,3659.71,0.16,3629.71,3629.71,2025.09.18 03:00:00,1758164400000,3669.73,3669.78,3669.72,TARGET_K80_M30_CLOSE,WIN,PROFIT,160.16,0.0,-28.46,131.7,160.16,0.0,10.009999999999764,1000.9999999999764,0.3336666666666588,12517,22.891173111437354,22.885734486321827,39,7,85.1342728735499,73.70004993186443,85.66721844489761,81.2082837414561,5.070000000000164,12.349999999999909,0,0.0500000000001819,0.0500000000001819,0.0,EXPERT
87,174,STOCHEXTREME_ORO_XAUUSD_1751328000,XAUUSD,SELL,2025.09.17 17:00:00,2025.09.17 17:01:00,2025.09.17 17:01:00,1758128460000,3679.42,3679.52,3679.42,0.16,3709.42,3709.42,2025.09.18 08:00:00,1758182400000,3653.69,3653.78,3653.80,TARGET_K20_M30_CLOSE,WIN,PROFIT,409.92,0.0,19.58,429.5,409.92,0.0,25.61999999999989,2561.999999999989,0.8539999999999963,53940,84.98362244938157,88.01776847930854,42,7,7.8609012671852225,31.28149051964318,6.67195594380271,15.697776549063827,28.139999999999873,33.15000000000009,0,0.09999999999990905,0.09000000000014552,0.0,EXPERT
89,178,STOCHEXTREME_ORO_XAUUSD_1751328000,XAUUSD,BUY,2025.09.18 10:12:41,2025.09.18 10:13:41,2025.09.18 10:13:41,1758190421250,3644.01,3644.08,3644.08,0.18,3614.08,3614.08,2025.09.18 11:30:00,1758195000000,3656.50,3656.56,3656.52,TARGET_K80_M30_CLOSE,WIN,PROFIT,223.92,0.0,0.0,223.92,223.92,0.0,12.440000000000055,1244.0000000000055,0.41466666666666846,4579,22.700308065399113,21.865994260832476,38,6,81.72375808704733,56.116223169869464,89.98692795493828,76.1806411530382,0.40000000000009095,15.760000000000218,0,0.06999999999970896,0.05999999999994543,0.0,EXPERT
90,180,STOCHEXTREME_ORO_XAUUSD_1751328000,XAUUSD,BUY,2025.09.18 17:06:39,2025.09.18 17:07:39,2025.09.18 17:07:39,1758215259191,3641.38,3641.43,3641.43,0.18,3611.43,3611.43,2025.09.18 20:30:00,1758227400100,3645.32,3645.38,3645.31,TARGET_K80_M30_CLOSE,WIN,PROFIT,69.84,0.0,0.0,69.84,69.84,0.0,3.880000000000109,388.0000000000109,0.12933333333333696,12141,24.249969983535944,24.07984840425783,44,7,80.10522641132792,70.32942978139339,76.16458007302829,77.28249449427155,6.9699999999998,5.850000000000364,0,0.04999999999972715,0.05999999999994543,0.0,EXPERT
91,181,STOCHEXTREME_ORO_XAUUSD_1751328000,XAUUSD,SELL,2025.09.18 20:30:00,2025.09.18 20:30:00,2025.09.18 20:30:00,1758227400000,3645.31,3645.37,3645.31,0.18,3675.31,3675.31,2025.09.18 22:00:00,1758232800000,3641.38,3641.45,3641.46,TARGET_K20_M30_CLOSE,WIN,PROFIT,69.3,0.0,0.0,69.3,69.3,0.0,3.849999999999909,384.9999999999909,0.1283333333333303,5400,76.11241523212993,77.2651062139721,23,4,19.36272840927189,36.89287650463393,27.65440859968686,27.884516978034622,0.30999999999994543,4.820000000000164,0,0.05999999999994543,0.06999999999970896,0.0,EXPERT
92,184,STOCHEXTREME_ORO_XAUUSD_1751328000,XAUUSD,SELL,2025.09.19 13:00:41,2025.09.19 13:01:41,2025.09.19 13:01:41,1758286901538,3657.41,3657.49,3657.41,0.18,3687.41,3687.41,2025.09.19 15:00:00,1758294000000,3648.50,3648.55,3648.54,TARGET_K20_M30_CLOSE,WIN,PROFIT,159.66,0.0,0.0,159.66,159.66,0.0,8.86999999999989,886.9999999999891,0.295666666666663,7099,79.06906000793772,81.04024001025283,19,3,14.579523539351678,29.98288797644335,14.759269810028755,17.112886629380053,1.8500000000003638,11.569999999999709,0,0.07999999999992724,0.0500000000001819,0.0,EXPERT
93,186,STOCHEXTREME_ORO_XAUUSD_1751328000,XAUUSD,BUY,2025.09.19 15:02:30,2025.09.19 15:03:30,2025.09.19 15:03:30,1758294210153,3650.60,3650.66,3650.66,0.18,3620.66,3620.66,2025.09.19 17:30:00,1758303000000,3664.11,3664.16,3664.10,TARGET_K80_M30_CLOSE,WIN,PROFIT,241.92,0.0,0.0,241.92,241.92,0.0,13.440000000000055,1344.0000000000055,0.44800000000000184,8790,19.956003291839863,18.84513112331709,31,5,90.7334878667967,67.81797944891406,97.14526137368652,85.89449433129691,7.0099999999997635,13.7800000000002,0,0.05999999999994543,0.04999999999972715,0.0,EXPERT
94,188,STOCHEXTREME_ORO_XAUUSD_1751328000,XAUUSD,SELL,2025.09.19 18:05:26,2025.09.19 18:06:26,2025.09.19 18:06:26,1758305186192,3666.69,3666.76,3666.69,0.2,3696.69,3696.69,2025.09.22 04:15:40,1758514540763,3696.60,3696.71,3696.71,INITIAL_STOP,LOSS,LOSS,-600.4,0.0,8.16,-592.24,-600.4,0.0,-30.019999999999982,-3001.999999999998,-1.0006666666666661,209354,91.83391177698779,92.37630702654842,34,6,0.0,0.0,89.86193402154952,66.68790453339874,29.980000000000018,1.3099999999999454,0,0.07000000000016371,0.11000000000012733,0.01999999999998181,SL
95,190,STOCHEXTREME_ORO_XAUUSD_1751328000,XAUUSD,SELL,2025.09.23 12:43:29,2025.09.23 12:44:29,2025.09.23 12:44:29,1758631469000,3779.29,3779.34,3779.29,0.18,3809.29,3809.29,2025.09.23 23:00:00,1758668400000,3764.42,3764.47,3764.48,TARGET_K20_M30_CLOSE,WIN,PROFIT,266.58,0.0,0.0,266.58,266.58,0.0,14.809999999999945,1480.9999999999945,0.49366666666666487,36931,86.35636497212539,87.07564321412985,44,7,19.40297270693791,30.408371847930187,32.04780202843484,26.879583143567476,9.570000000000164,27.159999999999854,0,0.0500000000001819,0.04999999999972715,0.0,EXPERT
96,192,STOCHEXTREME_ORO_XAUUSD_1751328000,XAUUSD,BUY,2025.09.24 13:05:35,2025.09.24 13:06:35,2025.09.24 13:06:35,1758719195368,3765.96,3766.01,3766.01,0.18,3736.01,3736.01,2025.09.24 19:43:36,1758743016465,3736.01,3736.06,3736.01,INITIAL_STOP,LOSS,LOSS,-540.0,0.0,0.0,-540.0,-540.0,0.0,-30.0,-3000.0,-1.0,23821,24.464439749810555,19.301104085963,26,4,0.0,0.0,5.63434964158859,6.995809757146513,29.990000000000236,6.889999999999873,0,0.0500000000001819,0.04999999999972715,0.0,SL
97,194,STOCHEXTREME_ORO_XAUUSD_1751328000,XAUUSD,BUY,2025.09.24 21:01:38,2025.09.24 21:02:38,2025.09.24 21:02:38,1758747758250,3733.69,3733.74,3733.74,0.18,3703.74,3703.74,2025.09.25 01:02:00,1758762120000,3739.34,3739.42,3739.33,TARGET_K80_M30_CLOSE,WIN,PROFIT,100.62,0.0,-32.01,68.61000000000001,100.62,0.0,5.5900000000001455,559.0000000000146,0.18633333333333818,14362,9.525847378427988,9.509778561401612,21,4,86.39028390850574,57.07306277799817,92.92281156378972,78.76475459970878,16.159999999999854,6.630000000000109,0,0.04999999999972715,0.07999999999992724,0.0,EXPERT
98,196,STOCHEXTREME_ORO_XAUUSD_1751328000,XAUUSD,SELL,2025.09.25 12:00:00,2025.09.25 12:01:00,2025.09.25 12:01:00,1758801660000,3755.99,3756.05,3755.99,0.18,3785.99,3785.99,2025.09.26 05:30:00,1758864600000,3741.01,3741.10,3741.07,TARGET_K20_M30_CLOSE,WIN,PROFIT,268.56,0.0,7.34,275.9,268.56,0.0,14.919999999999618,1491.9999999999618,0.4973333333333206,62940,79.22051485648375,81.9582920317331,33,6,16.143497278152484,32.77601292134084,16.62421740127547,23.57986829463501,5.270000000000437,33.7199999999998,0,0.06000000000040018,0.08999999999969077,0.0,EXPERT
99,198,STOCHEXTREME_ORO_XAUUSD_1751328000,XAUUSD,SELL,2025.09.29 10:00:00,2025.09.29 10:01:00,2025.09.29 10:01:00,1759140060000,3816.24,3816.32,3816.24,0.18,3846.24,3846.24,2025.09.30 04:24:45,1759206285405,3846.20,3846.25,3846.25,INITIAL_STOP,LOSS,LOSS,-540.18,0.0,7.34,-532.8399999999999,-540.18,0.0,-30.01000000000022,-3001.000000000022,-1.0003333333333406,66225,84.21891673804002,85.99563439494393,38,6,0.0,0.0,91.54533459985497,85.7264091934595,29.970000000000255,11.099999999999909,0,0.08000000000038199,0.0500000000001819,0.010000000000218279,SL
100,200,STOCHEXTREME_ORO_XAUUSD_1751328000,XAUUSD,BUY,2025.09.30 11:46:40,2025.09.30 11:47:40,2025.09.30 11:47:40,1759232860208,3821.65,3821.70,3821.70,0.18,3791.70,3791.70,2025.09.30 16:00:00,1759248000000,3819.44,3819.51,3819.47,TARGET_K80_M30_CLOSE,WIN,LOSS,-40.14,0.0,0.0,-40.14,-40.14,0.0,-2.230000000000018,-223.00000000000182,-0.07433333333333395,15140,13.753566450976578,13.268896494823622,44,7,81.37604183730829,69.53932258153843,85.44965787267051,78.9627307801885,28.5,0.4800000000000182,0,0.04999999999972715,0.07000000000016371,0.0,EXPERT
101,202,STOCHEXTREME_ORO_XAUUSD_1751328000,XAUUSD,SELL,2025.09.30 16:30:00,2025.09.30 16:31:00,2025.09.30 16:31:00,1759249860000,3814.52,3814.62,3814.52,0.16,3844.52,3844.52,2025.09.30 17:12:39,1759252359585,3844.46,3844.52,3844.52,INITIAL_STOP,LOSS,LOSS,-480.0,0.0,0.0,-480.0,-480.0,0.0,-30.0,-3000.0,-1.0,2499,75.54280548205448,78.89502413287535,39,7,0.0,0.0,83.6115482571915,81.45134800369142,29.9699999999998,2.0399999999999636,0,0.09999999999990905,0.05999999999994543,0.0,SL
102,204,STOCHEXTREME_ORO_XAUUSD_1751328000,XAUUSD,SELL,2025.10.01 12:00:00,2025.10.01 12:01:00,2025.10.01 12:01:00,1759320060000,3893.96,3894.01,3893.96,0.16,3923.96,3923.96,2025.10.01 16:30:00,1759336200000,3870.18,3870.23,3870.22,TARGET_K20_M30_CLOSE,WIN,PROFIT,379.84,0.0,0.0,379.84,379.84,0.0,23.740000000000236,2374.0000000000236,0.7913333333333412,16140,93.73159174383561,94.53277029819783,28,5,18.981372655763675,21.724751565779428,22.76168625042369,22.302490179620264,1.2199999999998,30.220000000000255,0,0.0500000000001819,0.0500000000001819,0.0,EXPERT
103,205,STOCHEXTREME_ORO_XAUUSD_1751328000,XAUUSD,BUY,2025.10.01 15:30:31,2025.10.01 15:30:31,2025.10.01 15:30:31,1759332631045,3878.76,3878.83,3878.83,0.16,3848.83,3848.83,2025.10.01 20:30:00,1759350600000,3871.11,3871.21,3871.10,TARGET_K80_M30_CLOSE,WIN,LOSS,-123.68,0.0,0.0,-123.68,-123.68,0.0,-7.730000000000018,-773.0000000000018,-0.25766666666666727,17969,24.878894697174463,24.872261691337147,42,7,82.61572269031019,64.08632727378952,86.78179141390159,79.5025436044134,22.389999999999873,2.0700000000001637,0,0.06999999999970896,0.09999999999990905,0.0,EXPERT
104,208,STOCHEXTREME_ORO_XAUUSD_1751328000,XAUUSD,SELL,2025.10.02 13:36:17,2025.10.02 13:37:17,2025.10.02 13:37:17,1759412237355,3880.60,3880.65,3880.60,0.16,3910.60,3910.60,2025.10.02 18:00:00,1759428000000,3839.82,3839.87,3839.88,TARGET_K20_M30_CLOSE,WIN,PROFIT,651.52,0.0,0.0,651.52,651.52,0.0,40.7199999999998,4071.99999999998,1.3573333333333266,15763,85.26064158080327,86.15003032398131,23,4,14.332836046162297,35.97535809516902,19.119521200142305,24.70809117516643,16.15000000000009,55.29999999999973,0,0.0500000000001819,0.04999999999972715,0.0,EXPERT
105,210,STOCHEXTREME_ORO_XAUUSD_1751328000,XAUUSD,SELL,2025.10.02 22:10:18,2025.10.02 22:11:18,2025.10.02 22:11:18,1759443078139,3854.70,3854.76,3854.70,0.18,3884.70,3884.70,2025.10.03 04:30:00,1759465800000,3851.78,3851.83,3851.81,TARGET_K20_M30_CLOSE,WIN,PROFIT,52.02,0.0,7.34,59.36,52.02,0.0,2.8899999999998727,288.99999999998727,0.0963333333333291,22722,88.38247071618571,90.91367858750782,20,3,14.335203900027617,40.8957154067813,8.797224029498302,21.02335178451377,9.080000000000382,4.179999999999836,0,0.06000000000040018,0.04999999999972715,0.0,EXPERT
106,212,STOCHEXTREME_ORO_XAUUSD_1751328000,XAUUSD,SELL,2025.10.03 10:03:41,2025.10.03 10:04:41,2025.10.03 10:04:41,1759485881454,3858.42,3858.49,3858.42,0.18,3888.42,3888.42,2025.10.03 16:45:03,1759509903214,3888.37,3888.42,3888.42,INITIAL_STOP,LOSS,LOSS,-540.0,0.0,0.0,-540.0,-540.0,0.0,-30.0,-3000.0,-1.0,24022,88.03693901762729,89.01711612730594,24,4,0.0,0.0,94.5031746593554,84.00644362032743,29.909999999999854,3.5900000000001455,0,0.06999999999970896,0.0500000000001819,0.0,SL
107,214,STOCHEXTREME_ORO_XAUUSD_1751328000,XAUUSD,BUY,2025.10.07 10:34:27,2025.10.07 10:35:27,2025.10.07 10:35:27,1759833327187,3954.87,3954.93,3954.93,0.16,3924.93,3924.93,2025.10.07 16:00:00,1759852800000,3979.34,3979.39,3979.35,TARGET_K80_M30_CLOSE,WIN,PROFIT,390.72,0.0,0.0,390.72,390.72,0.0,24.420000000000073,2442.0000000000073,0.8140000000000024,19473,20.261031965796978,19.136548306553724,37,6,82.73555698611688,71.05485897730527,86.51977897609576,77.77803522426957,14.049999999999727,25.140000000000327,0,0.05999999999994543,0.04999999999972715,0.0,EXPERT
108,216,STOCHEXTREME_ORO_XAUUSD_1751328000,XAUUSD,SELL,2025.10.07 16:34:41,2025.10.07 16:35:41,2025.10.07 16:35:41,1759854941062,3974.29,3974.38,3974.29,0.18,4004.29,4004.29,2025.10.08 05:14:30,1759900470599,4004.26,4004.31,4004.31,INITIAL_STOP,LOSS,LOSS,-540.36,0.0,7.34,-533.02,-540.36,0.0,-30.019999999999982,-3001.999999999998,-1.0006666666666661,45529,83.25739962539507,83.46057175381118,40,7,0.0,0.0,87.87114080986844,74.29748877322635,29.980000000000018,12.420000000000073,0,0.09000000000014552,0.04999999999972715,0.01999999999998181,SL
109,218,STOCHEXTREME_ORO_XAUUSD_1751328000,XAUUSD,BUY,2025.10.09 10:41:00,2025.10.09 10:42:00,2025.10.09 10:42:00,1760006520000,4029.26,4029.32,4029.32,0.16,3999.32,3999.32,2025.10.09 12:30:00,1760013000100,4038.40,4038.45,4038.41,TARGET_K80_M30_CLOSE,WIN,PROFIT,145.44,0.0,0.0,145.44,145.44,0.0,9.08999999999969,908.9999999999691,0.30299999999998967,6480,24.980187034395232,24.91948209741899,31,5,84.27544810380716,71.80418773801475,76.57827203591889,78.52767509738372,0.75,12.7199999999998,0,0.05999999999994543,0.04999999999972715,0.0,EXPERT
110,219,STOCHEXTREME_ORO_XAUUSD_1751328000,XAUUSD,SELL,2025.10.09 12:30:00,2025.10.09 12:30:00,2025.10.09 12:30:00,1760013000000,4038.41,4038.46,4038.41,0.16,4068.41,4068.41,2025.10.09 18:00:00,1760032800100,4023.17,4023.24,4023.22,TARGET_K20_M30_CLOSE,WIN,PROFIT,243.04,0.0,0.0,243.04,243.04,0.0,15.190000000000055,1519.0000000000055,0.5063333333333352,19800,76.60642518907137,78.53705948176788,22,4,12.84750566026504,35.747454335213945,24.15919595529732,22.600935865535146,19.65000000000009,34.0,0,0.0500000000001819,0.06999999999970896,0.0,EXPERT
111,221,STOCHEXTREME_ORO_XAUUSD_1751328000,XAUUSD,BUY,2025.10.09 18:00:00,2025.10.09 18:00:00,2025.10.09 18:00:00,1760032800000,4023.15,4023.22,4023.22,0.16,3993.22,3993.22,2025.10.09 19:35:40,1760038540000,3993.16,3993.27,3993.16,INITIAL_STOP,LOSS,LOSS,-480.96,0.0,0.0,-480.96,-480.96,0.0,-30.059999999999945,-3005.9999999999945,-1.0019999999999982,5740,24.146774366576135,22.596795335961417,44,7,0.0,0.0,11.340864285895163,18.657195448199698,29.95999999999958,5.450000000000273,0,0.06999999999970896,0.11000000000012733,0.05999999999994543,SL
112,224,STOCHEXTREME_ORO_XAUUSD_1751328000,XAUUSD,BUY,2025.10.09 21:04:57,2025.10.09 21:05:57,2025.10.09 21:05:57,1760043957049,3956.01,3956.06,3956.06,0.16,3926.06,3926.06,2025.10.10 03:00:00,1760065200000,3989.39,3989.44,3989.35,TARGET_K80_M30_CLOSE,WIN,PROFIT,532.64,0.0,-9.49,523.15,532.64,0.0,33.289999999999964,3328.9999999999964,1.1096666666666655,21243,12.429449018536681,11.619403633433274,44,7,85.90409437263934,74.45526002072921,93.78205907512638,85.61499565907754,0.849999999999909,34.95000000000027,0,0.04999999999972715,0.0500000000001819,0.0,EXPERT
113,226,STOCHEXTREME_ORO_XAUUSD_1751328000,XAUUSD,SELL,2025.10.10 12:53:28,2025.10.10 12:54:28,2025.10.10 12:54:28,1760100868141,3998.38,3998.49,3998.38,0.18,4028.38,4028.38,2025.10.13 01:16:37,1760318197565,4028.41,4028.49,4028.49,INITIAL_STOP,LOSS,LOSS,-541.98,0.0,7.34,-534.64,-541.98,0.0,-30.109999999999673,-3010.9999999999673,-1.0036666666666558,217329,89.2241834692735,90.00161542780226,35,6,0.0,0.0,83.65568829835904,81.3397571262624,32.539999999999964,27.460000000000036,0,0.10999999999967258,0.07999999999992724,0.10999999999967258,SL
114,228,STOCHEXTREME_ORO_XAUUSD_1751328000,XAUUSD,SELL,2025.10.13 18:00:00,2025.10.13 18:01:00,2025.10.13 18:01:00,1760378460000,4097.30,4097.39,4097.30,0.16,4127.30,4127.30,2025.10.14 02:35:27,1760409327130,4127.21,4127.33,4127.33,INITIAL_STOP,LOSS,LOSS,-480.48,0.0,6.53,-473.95000000000005,-480.48,0.0,-30.029999999999745,-3002.9999999999745,-1.0009999999999915,30867,79.13690972427518,85.82482138124338,26,4,0.0,0.0,91.65911021389729,76.85442101198294,29.98999999999978,6.289999999999964,0,0.09000000000014552,0.11999999999989086,0.02999999999974534,SL
115,230,STOCHEXTREME_ORO_XAUUSD_1751328000,XAUUSD,SELL,2025.10.14 13:28:40,2025.10.14 13:29:40,2025.10.14 13:29:40,1760448580116,4139.77,4139.82,4139.77,0.16,4169.77,4169.77,2025.10.14 16:00:00,1760457600000,4106.63,4106.73,4106.78,TARGET_K20_M30_CLOSE,WIN,PROFIT,527.84,0.0,0.0,527.84,527.84,0.0,32.99000000000069,3299.000000000069,1.0996666666666897,9020,75.62238143825185,79.6212863983735,35,6,17.881479147879602,30.738463952540986,7.274553029473112,18.789475675504587,4.599999999999454,35.910000000000764,0,0.049999999999272404,0.0999999999994543,0.0,EXPERT
116,232,STOCHEXTREME_ORO_XAUUSD_1751328000,XAUUSD,BUY,2025.10.14 16:30:00,2025.10.14 16:31:00,2025.10.14 16:31:00,1760459460000,4107.86,4107.96,4107.96,0.16,4077.96,4077.96,2025.10.14 18:30:00,1760466600000,4138.17,4138.22,4138.13,TARGET_K80_M30_CLOSE,WIN,PROFIT,482.72,0.0,0.0,482.72,482.72,0.0,30.170000000000073,3017.0000000000073,1.0056666666666692,7140,18.655251331611748,16.867167791008942,44,7,86.63927113996566,72.93311576415066,87.61025630833194,82.99199770570588,0.819999999999709,33.23999999999978,0,0.1000000000003638,0.0500000000001819,0.0,EXPERT
117,234,STOCHEXTREME_ORO_XAUUSD_1751328000,XAUUSD,SELL,2025.10.15 11:00:00,2025.10.15 11:01:00,2025.10.15 11:01:00,1760526060000,4208.21,4208.31,4208.21,0.18,4238.21,4238.21,2025.10.16 05:55:38,1760594138775,4238.21,4238.26,4238.26,INITIAL_STOP,LOSS,LOSS,-540.9,0.0,22.03,-518.87,-540.9,0.0,-30.050000000000182,-3005.000000000018,-1.0016666666666727,68078,91.8707276178332,91.88711799829916,20,3,0.0,0.0,92.64740044471797,82.8679243119621,29.979999999999563,43.5600000000004,0,0.1000000000003638,0.0500000000001819,0.0500000000001819,SL
118,236,STOCHEXTREME_ORO_XAUUSD_1751328000,XAUUSD,SELL,2025.10.16 11:45:35,2025.10.16 11:46:35,2025.10.16 11:46:35,1760615195257,4233.84,4233.89,4233.84,0.16,4263.84,4263.84,2025.10.16 17:11:40,1760634700714,4263.81,4263.86,4263.86,INITIAL_STOP,LOSS,LOSS,-480.32,0.0,0.0,-480.32,-480.32,0.0,-30.019999999999527,-3001.9999999999527,-1.0006666666666508,19505,75.56619917576722,78.66265455219094,17,3,0.0,0.0,82.07946647767442,66.1868066575649,29.979999999999563,11.75,0,0.0500000000001819,0.049999999999272404,0.019999999999527063,SL
119,238,STOCHEXTREME_ORO_XAUUSD_1751328000,XAUUSD,BUY,2025.10.17 15:31:14,2025.10.17 15:32:14,2025.10.17 15:32:14,1760715134074,4300.85,4300.90,4300.90,0.16,4270.90,4270.90,2025.10.17 16:35:38,1760718938038,4270.86,4270.96,4270.86,INITIAL_STOP,LOSS,LOSS,-480.64,0.0,0.0,-480.64,-480.64,0.0,-30.039999999999964,-3003.9999999999964,-1.001333333333332,3804,14.57991166021558,13.24644565555415,44,7,0.0,0.0,35.40761085826616,32.65103796261908,29.73999999999978,18.900000000000546,0,0.049999999999272404,0.1000000000003638,0.03999999999996362,SL
120,240,STOCHEXTREME_ORO_XAUUSD_1751328000,XAUUSD,BUY,2025.10.20 10:00:00,2025.10.20 10:01:00,2025.10.20 10:01:00,1760954460000,4236.28,4236.36,4236.36,0.14,4206.36,4206.36,2025.10.20 11:30:00,1760959800000,4260.51,4260.59,4260.44,TARGET_K80_M30_CLOSE,WIN,PROFIT,337.12,0.0,0.0,337.12,337.12,0.0,24.079999999999927,2407.9999999999927,0.8026666666666642,5340,21.637957765297944,16.400639984577793,37,6,83.1685985590375,60.48362800583993,85.18568111487666,77.17942751933666,1.4600000000000364,26.660000000000764,0,0.07999999999992724,0.07999999999992724,0.0,EXPERT
121,242,STOCHEXTREME_ORO_XAUUSD_1751328000,XAUUSD,SELL,2025.10.20 16:00:00,2025.10.20 16:01:00,2025.10.20 16:01:00,1760976060000,4320.54,4320.64,4320.54,0.16,4350.54,4350.54,2025.10.20 18:16:41,1760984201999,4350.51,4350.58,4350.58,INITIAL_STOP,LOSS,LOSS,-480.64,0.0,0.0,-480.64,-480.64,0.0,-30.039999999999964,-3003.9999999999964,-1.001333333333332,8141,92.3153242775828,93.74385253514208,42,7,0.0,0.0,95.77076846573806,87.378660146417,29.98999999999978,27.789999999999964,0,0.1000000000003638,0.06999999999970896,0.03999999999996362,SL
122,244,STOCHEXTREME_ORO_XAUUSD_1751328000,XAUUSD,BUY,2025.10.21 12:05:27,2025.10.21 12:06:27,2025.10.21 12:06:27,1761048387162,4265.68,4265.78,4265.78,0.14,4235.78,4235.78,2025.10.21 15:10:30,1761059430000,4235.61,4235.71,4235.61,INITIAL_STOP,LOSS,LOSS,-422.38,0.0,0.0,-422.38,-422.38,0.0,-30.170000000000073,-3017.0000000000073,-1.0056666666666692,11043,24.579159865991045,21.83683326203148,33,6,0.0,0.0,27.894140271006858,32.28826402805215,29.859999999999673,10.420000000000073,0,0.0999999999994543,0.1000000000003638,0.17000000000007276,SL
123,246,STOCHEXTREME_ORO_XAUUSD_1751328000,XAUUSD,BUY,2025.10.21 16:37:19,2025.10.21 16:38:19,2025.10.21 16:38:19,1761064699047,4222.05,4222.13,4222.13,0.14,4192.13,4192.13,2025.10.21 16:47:29,1761065249078,4192.11,4192.16,4192.11,INITIAL_STOP,LOSS,LOSS,-420.28,0.0,0.0,-420.28,-420.28,0.0,-30.020000000000437,-3002.0000000000437,-1.0006666666666812,550,19.940807483128854,17.184249760481954,44,7,0.0,0.0,7.859945602000406,13.157295800105805,29.949999999999818,3.369999999999891,0,0.07999999999992724,0.0500000000001819,0.020000000000436557,SL
124,248,STOCHEXTREME_ORO_XAUUSD_1751328000,XAUUSD,BUY,2025.10.21 17:06:13,2025.10.21 17:07:13,2025.10.21 17:07:13,1761066433120,4186.18,4186.23,4186.23,0.12,4156.23,4156.23,2025.10.21 17:21:40,1761067300789,4156.19,4156.29,4156.19,INITIAL_STOP,LOSS,LOSS,-360.48,0.0,0.0,-360.48,-360.48,0.0,-30.039999999999964,-3003.9999999999964,-1.001333333333332,867,12.833734086457895,11.92655123049993,44,7,0.0,0.0,6.39076433850627,9.778894647849386,29.969999999999345,0.020000000000436557,0,0.049999999999272404,0.1000000000003638,0.03999999999996362,SL
125,250,STOCHEXTREME_ORO_XAUUSD_1751328000,XAUUSD,BUY,2025.10.21 17:48:00,2025.10.21 17:49:00,2025.10.21 17:49:00,1761068940000,4109.54,4109.59,4109.59,0.12,4079.59,4079.59,2025.10.22 01:30:00,1761096600000,4124.56,4124.61,4124.62,TARGET_K80_M30_CLOSE,WIN,PROFIT,180.36,0.0,-7.11,173.25,180.36,0.0,15.029999999999745,1502.9999999999745,0.5009999999999916,27660,8.451077202921448,8.400777102140047,44,7,80.97064944283704,68.55028361321607,76.64132212920435,75.93379796144636,15.390000000000327,40.93000000000029,0,0.0500000000001819,0.049999999999272404,0.0,EXPERT
126,252,STOCHEXTREME_ORO_XAUUSD_1751328000,XAUUSD,SELL,2025.10.22 10:10:39,2025.10.22 10:11:39,2025.10.22 10:11:39,1761127899078,4144.59,4144.67,4144.59,0.12,4174.59,4174.59,2025.10.22 13:00:00,1761138000000,4069.64,4069.70,4069.63,TARGET_K20_M30_CLOSE,WIN,PROFIT,899.52,0.0,0.0,899.52,899.52,0.0,74.96000000000004,7496.000000000004,2.4986666666666677,10101,75.8120048819607,77.72488580392836,34,6,10.092819375401236,17.55986904108019,10.429137033092596,13.827124490514747,3.5799999999999272,83.05000000000018,0,0.07999999999992724,0.05999999999994543,0.0,EXPERT
127,254,STOCHEXTREME_ORO_XAUUSD_1751328000,XAUUSD,BUY,2025.10.22 13:27:37,2025.10.22 13:28:37,2025.10.22 13:28:37,1761139717194,4083.44,4083.49,4083.49,0.14,4053.49,4053.49,2025.10.22 13:41:37,1761140497983,4053.41,4053.49,4053.41,INITIAL_STOP,LOSS,LOSS,-421.12,0.0,0.0,-421.12,-421.12,0.0,-30.079999999999927,-3007.9999999999927,-1.0026666666666642,780,15.739688868696456,15.597308435716032,36,6,0.0,0.0,11.698732247624086,12.684866407782183,29.879999999999654,7.370000000000346,0,0.04999999999972715,0.07999999999992724,0.07999999999992724,SL
128,256,STOCHEXTREME_ORO_XAUUSD_1751328000,XAUUSD,BUY,2025.10.22 15:00:39,2025.10.22 15:01:39,2025.10.22 15:01:39,1761145299008,4032.33,4032.38,4032.38,0.14,4002.38,4002.38,2025.10.22 21:30:00,1761168600000,4073.96,4074.01,4073.95,TARGET_K80_M30_CLOSE,WIN,PROFIT,581.98,0.0,0.0,581.98,581.98,0.0,41.56999999999971,4156.999999999971,1.385666666666657,23301,12.680181587710791,11.740448563444842,44,7,87.11386865867313,75.81625241170086,91.53262717505073,85.68516304028499,20.91000000000031,52.79999999999973,0,0.0500000000001819,0.0500000000001819,0.0,EXPERT
129,258,STOCHEXTREME_ORO_XAUUSD_1751328000,XAUUSD,SELL,2025.10.22 22:00:00,2025.10.22 22:01:00,2025.10.22 22:01:00,1761170460000,4078.42,4078.47,4078.42,0.14,4108.42,4108.42,2025.10.22 22:31:31,1761172291540,4108.33,4108.44,4108.44,INITIAL_STOP,LOSS,LOSS,-420.28,0.0,0.0,-420.28,-420.28,0.0,-30.019999999999527,-3001.9999999999527,-1.0006666666666508,1831,85.48116291193044,88.17884705473028,17,3,0.0,0.0,95.51409615397597,93.31313295707874,29.970000000000255,0.7100000000000364,0,0.04999999999972715,0.10999999999967258,0.019999999999527063,SL
130,260,STOCHEXTREME_ORO_XAUUSD_1751328000,XAUUSD,SELL,2025.10.23 13:05:37,2025.10.23 13:06:37,2025.10.23 13:06:37,1761224797325,4120.77,4120.86,4120.77,0.14,4150.77,4150.77,2025.10.23 16:45:05,1761237905324,4150.75,4150.80,4150.80,INITIAL_STOP,LOSS,LOSS,-420.42,0.0,0.0,-420.42,-420.42,0.0,-30.029999999999745,-3002.9999999999745,-1.0009999999999915,13108,85.45316320374702,86.99517384778362,18,3,0.0,0.0,95.78202036774603,77.33249805183597,29.98999999999978,20.5600000000004,0,0.08999999999923602,0.0500000000001819,0.02999999999974534,SL
131,262,STOCHEXTREME_ORO_XAUUSD_1751328000,XAUUSD,BUY,2025.10.23 23:41:34,2025.10.23 23:42:34,2025.10.23 23:42:34,1761262954222,4116.50,4116.90,4116.90,0.12,4086.90,4086.90,2025.10.24 04:00:00,1761278400000,4132.56,4132.63,4132.67,TARGET_K80_M30_CLOSE,WIN,PROFIT,189.24,0.0,-7.11,182.13,189.24,0.0,15.770000000000437,1577.0000000000437,0.5256666666666813,15446,17.398280739864628,17.30057125324067,18,3,96.00152691360545,68.78826313906872,96.10083007175034,86.04651314319152,11.159999999999854,16.800000000000182,0,0.3999999999996362,0.06999999999970896,0.0,EXPERT
132,264,STOCHEXTREME_ORO_XAUUSD_1751328000,XAUUSD,SELL,2025.10.24 16:41:15,2025.10.24 16:42:15,2025.10.24 16:42:15,1761324135116,4099.07,4099.12,4099.07,0.12,4129.07,4129.07,2025.10.24 17:13:31,1761326011076,4129.05,4129.10,4129.10,INITIAL_STOP,LOSS,LOSS,-360.36,0.0,0.0,-360.36,-360.36,0.0,-30.030000000000655,-3003.0000000000655,-1.0010000000000219,1876,79.13414802698344,80.8794396312151,44,7,0.0,0.0,89.63710707896753,85.03749966601845,29.99000000000069,1.4200000000000728,0,0.0500000000001819,0.0500000000001819,0.030000000000654836,SL
133,266,STOCHEXTREME_ORO_XAUUSD_1751328000,XAUUSD,BUY,2025.10.24 21:33:00,2025.10.24 21:34:00,2025.10.24 21:34:00,1761341640000,4108.42,4108.47,4108.47,0.12,4078.47,4078.47,2025.10.27 01:02:00,1761526920000,4067.37,4067.45,4067.37,INITIAL_STOP,LOSS,LOSS,-493.2,0.0,-7.11,-500.31,-493.2,0.0,-41.100000000000364,-4110.000000000036,-1.370000000000012,185280,15.640246177151859,14.201219992159109,20,3,0.0,0.0,36.95855638449507,36.57123955659696,44.74000000000024,9.159999999999854,0,0.0500000000001819,0.07999999999992724,11.099999999999909,SL
134,268,STOCHEXTREME_ORO_XAUUSD_1751328000,XAUUSD,BUY,2025.10.27 11:30:29,2025.10.27 11:31:29,2025.10.27 11:31:29,1761564689302,4060.92,4060.97,4060.97,0.12,4030.97,4030.97,2025.10.27 11:55:30,1761566130303,4030.92,4031.04,4030.92,INITIAL_STOP,LOSS,LOSS,-360.6,0.0,0.0,-360.6,-360.6,0.0,-30.049999999999727,-3004.9999999999727,-1.0016666666666576,1441,21.928547691104914,21.13710579865179,19,3,0.0,0.0,11.491496158162528,17.658088621004328,29.879999999999654,1.4100000000003092,0,0.04999999999972715,0.11999999999989086,0.04999999999972715,SL
135,270,STOCHEXTREME_ORO_XAUUSD_1751328000,XAUUSD,SELL,2025.10.27 21:30:00,2025.10.27 21:31:00,2025.10.27 21:31:00,1761600660000,4008.46,4008.51,4008.46,0.1,4038.46,4038.46,2025.10.27 23:00:00,1761606000000,3989.88,3989.99,3990.05,TARGET_K20_M30_CLOSE,WIN,PROFIT,184.1,0.0,0.0,184.1,184.1,0.0,18.409999999999854,1840.9999999999854,0.6136666666666618,5340,87.92590890650439,91.26856909675597,16,3,10.842728246138082,36.79989677983586,13.199036924865645,19.701184762868287,0.2199999999997999,22.639999999999873,0,0.0500000000001819,0.10999999999967258,0.0,EXPERT
136,272,STOCHEXTREME_ORO_XAUUSD_1751328000,XAUUSD,BUY,2025.10.27 23:16:38,2025.10.27 23:17:38,2025.10.27 23:17:38,1761607058490,3995.94,3995.99,3995.99,0.1,3965.99,3965.99,2025.10.28 05:00:00,1761627600000,4011.07,4011.12,4011.08,TARGET_K80_M30_CLOSE,WIN,PROFIT,150.9,0.0,-5.93,144.97,150.9,0.0,15.090000000000146,1509.0000000000146,0.5030000000000049,20542,23.37535934300162,23.09329223558028,16,3,84.38474231966109,73.49811781051788,78.85950210917495,77.53523684331758,22.6899999999996,23.690000000000055,0,0.04999999999972715,0.04999999999972715,0.0,EXPERT
137,274,STOCHEXTREME_ORO_XAUUSD_1751328000,XAUUSD,BUY,2025.10.28 10:33:40,2025.10.28 10:34:40,2025.10.28 10:34:40,1761647680000,3933.33,3933.42,3933.42,0.12,3903.42,3903.42,2025.10.28 11:43:29,1761651809615,3903.40,3903.45,3903.40,INITIAL_STOP,LOSS,LOSS,-360.24,0.0,0.0,-360.24,-360.24,0.0,-30.019999999999982,-3001.999999999998,-1.0006666666666661,4129,10.13983011321105,8.91064929495539,33,6,0.0,0.0,9.196389446667537,9.678651398382172,29.960000000000036,2.7799999999997453,0,0.09000000000014552,0.04999999999972715,0.01999999999998181,SL
138,276,STOCHEXTREME_ORO_XAUUSD_1751328000,XAUUSD,BUY,2025.10.28 12:17:19,2025.10.28 12:18:19,2025.10.28 12:18:19,1761653899161,3904.14,3904.22,3904.22,0.1,3874.22,3874.22,2025.10.28 17:30:00,1761672600000,3949.97,3950.02,3949.96,TARGET_K80_M30_CLOSE,WIN,PROFIT,457.4,0.0,0.0,457.4,457.4,0.0,45.74000000000024,4574.000000000024,1.5246666666666746,18701,11.518110626667344,10.31034538907675,33,6,96.90466417824133,77.29780787255986,98.33586362414646,89.74692630307692,6.529999999999745,45.960000000000036,0,0.07999999999992724,0.0500000000001819,0.0,EXPERT
139,277,STOCHEXTREME_ORO_XAUUSD_1751328000,XAUUSD,SELL,2025.10.28 15:00:35,2025.10.28 15:00:35,2025.10.28 15:00:35,1761663635940,3926.92,3927.01,3926.92,0.1,3956.92,3956.92,2025.10.28 18:11:28,1761675088124,3956.88,3956.94,3956.94,INITIAL_STOP,LOSS,LOSS,-300.2,0.0,0.0,-300.2,-300.2,0.0,-30.019999999999982,-3001.999999999998,-1.0006666666666661,11453,75.08637997701025,75.37627416037928,19,3,0.0,0.0,96.60423638115321,96.28055635311496,29.980000000000018,21.539999999999964,0,0.09000000000014552,0.05999999999994543,0.01999999999998181,SL
140,280,STOCHEXTREME_ORO_XAUUSD_1751328000,XAUUSD,SELL,2025.10.29 11:37:31,2025.10.29 11:38:31,2025.10.29 11:38:31,1761737911129,4008.45,4008.50,4008.45,0.1,4038.45,4038.45,2025.10.29 19:00:00,1761764400000,3993.10,3993.15,3993.13,TARGET_K20_M30_CLOSE,WIN,PROFIT,153.2,0.0,0.0,153.2,153.2,0.0,15.319999999999709,1531.999999999971,0.5106666666666569,26489,94.49306664437886,94.85800973525136,22,4,19.25354940233473,30.033279379724647,14.432622257463487,22.204316390663184,21.76000000000022,18.84999999999991,0,0.0500000000001819,0.0500000000001819,0.0,EXPERT
141,282,STOCHEXTREME_ORO_XAUUSD_1751328000,XAUUSD,BUY,2025.10.29 23:31:17,2025.10.29 23:32:17,2025.10.29 23:32:17,1761780737266,3945.22,3945.27,3945.27,0.12,3915.27,3915.27,2025.10.30 03:00:00,1761793200000,3952.69,3952.80,3952.72,TARGET_K80_M30_CLOSE,WIN,PROFIT,89.4,0.0,-21.34,68.06,89.4,0.0,7.449999999999818,744.9999999999818,0.24833333333332727,12463,23.190596137699234,23.17891573403931,39,7,86.08948115880048,59.72211817715088,94.12357487143528,80.82412869962307,28.90000000000009,8.7800000000002,0,0.0500000000001819,0.11000000000012733,0.0,EXPERT
142,284,STOCHEXTREME_ORO_XAUUSD_1751328000,XAUUSD,SELL,2025.10.30 13:00:00,2025.10.30 13:01:00,2025.10.30 13:01:00,1761829260000,3997.87,3997.92,3997.87,0.12,4027.87,4027.87,2025.10.30 15:30:00,1761838200100,3970.92,3971.01,3971.12,TARGET_K20_M30_CLOSE,WIN,PROFIT,321.0,0.0,0.0,321.0,321.0,0.0,26.75,2675.0,0.8916666666666667,8940,78.66609631136033,83.9114000430959,31,5,15.234968755099365,24.675785707935884,22.837110631030953,20.891743169574365,3.369999999999891,33.36999999999989,0,0.0500000000001819,0.09000000000014552,0.0,EXPERT
143,285,STOCHEXTREME_ORO_XAUUSD_1751328000,XAUUSD,BUY,2025.10.30 15:30:00,2025.10.30 15:30:00,2025.10.30 15:30:00,1761838200000,3971.03,3971.12,3971.12,0.12,3941.12,3941.12,2025.10.30 22:30:00,1761863400000,4020.17,4020.22,4020.16,TARGET_K80_M30_CLOSE,WIN,PROFIT,588.48,0.0,0.0,588.48,588.48,0.0,49.039999999999964,4903.999999999996,1.6346666666666654,25200,22.990143463529737,20.942754113740623,29,5,82.34407363545431,75.65720791677133,78.95408253216787,78.08312031249703,10.829999999999927,54.73000000000002,0,0.08999999999969077,0.04999999999972715,0.0,EXPERT
144,288,STOCHEXTREME_ORO_XAUUSD_1751328000,XAUUSD,SELL,2025.10.30 23:05:36,2025.10.30 23:06:36,2025.10.30 23:06:36,1761865596226,4024.03,4024.14,4024.03,0.14,4054.03,4054.03,2025.10.31 06:30:00,1761892200100,4000.64,4000.69,4000.70,TARGET_K20_M30_CLOSE,WIN,PROFIT,326.62,0.0,5.71,332.33,326.62,0.0,23.330000000000382,2333.000000000038,0.7776666666666794,26604,79.52880694602423,82.25217933624619,19,3,19.999460645122564,23.212304557622545,21.249350069904473,20.70958088947961,22.23999999999978,32.5300000000002,0,0.10999999999967258,0.0500000000001819,0.0,EXPERT
145,289,STOCHEXTREME_ORO_XAUUSD_1751328000,XAUUSD,BUY,2025.10.31 06:30:00,2025.10.31 06:30:00,2025.10.31 06:30:00,1761892200000,4000.65,4000.70,4000.70,0.14,3970.70,3970.70,2025.10.31 10:30:00,1761906600000,4022.90,4022.95,4022.93,TARGET_K80_M30_CLOSE,WIN,PROFIT,311.22,0.0,0.0,311.22,311.22,0.0,22.230000000000018,2223.000000000002,0.7410000000000007,14400,21.256314828227513,20.711902475587294,35,6,87.55824199170189,78.0184346913546,96.20177877031291,87.45819810623895,11.58999999999969,22.740000000000236,0,0.04999999999972715,0.04999999999972715,0.0,EXPERT
146,292,STOCHEXTREME_ORO_XAUUSD_1751328000,XAUUSD,SELL,2025.10.31 10:43:42,2025.10.31 10:44:42,2025.10.31 10:44:42,1761907482156,4012.11,4012.21,4012.11,0.14,4042.11,4042.11,2025.10.31 20:00:00,1761940800000,3980.88,3980.94,3980.93,TARGET_K20_M30_CLOSE,WIN,PROFIT,436.52,0.0,0.0,436.52,436.52,0.0,31.18000000000029,3118.000000000029,1.039333333333343,33318,80.49602050959281,82.22294535266559,27,5,18.921579468714032,27.057478363042463,18.556050660505775,21.842999753593062,24.129999999999654,39.76000000000022,0,0.09999999999990905,0.05999999999994543,0.0,EXPERT
147,294,STOCHEXTREME_ORO_XAUUSD_1751328000,XAUUSD,BUY,2025.11.03 12:50:39,2025.11.03 12:51:39,2025.11.03 12:51:39,1762174299207,3997.52,3997.57,3997.57,0.16,3967.57,3967.57,2025.11.03 14:30:00,1762180200000,4005.30,4005.35,4005.26,TARGET_K80_M30_CLOSE,WIN,PROFIT,123.04,0.0,0.0,123.04,123.04,0.0,7.690000000000055,769.0000000000055,0.25633333333333513,5901,21.632564324380425,21.181459366894824,20,3,88.53329880921264,71.38951868878401,72.64680208980491,79.05748660943839,3.0399999999999636,11.139999999999873,0,0.0500000000001819,0.04999999999972715,0.0,EXPERT
148,296,STOCHEXTREME_ORO_XAUUSD_1751328000,XAUUSD,SELL,2025.11.03 14:44:19,2025.11.03 14:45:19,2025.11.03 14:45:19,1762181119199,4008.34,4008.39,4008.34,0.16,4038.34,4038.34,2025.11.04 08:00:00,1762243200000,3973.17,3973.23,3973.22,TARGET_K20_M30_CLOSE,WIN,PROFIT,561.92,0.0,6.53,568.4499999999999,561.92,0.0,35.120000000000346,3512.0000000000346,1.1706666666666783,62081,79.87118541885728,81.46561438578918,16,3,6.934140143453305,27.227164986941165,4.178374248715207,12.168141202359019,22.31999999999971,35.620000000000346,0,0.04999999999972715,0.05999999999994543,0.0,EXPERT
149,298,STOCHEXTREME_ORO_XAUUSD_1751328000,XAUUSD,BUY,2025.11.04 16:00:00,2025.11.04 16:01:00,2025.11.04 16:01:00,1762272060000,3972.82,3972.92,3972.92,0.16,3942.92,3942.92,2025.11.04 16:33:43,1762274023172,3942.92,3943.02,3942.92,INITIAL_STOP,LOSS,LOSS,-480.0,0.0,0.0,-480.0,-480.0,0.0,-30.0,-3000.0,-1.0,1963,8.333030499195337,7.625909303536331,34,6,0.0,0.0,4.522375723225793,6.567031004062025,29.970000000000255,4.8400000000001455,0,0.09999999999990905,0.09999999999990905,0.0,SL
150,300,STOCHEXTREME_ORO_XAUUSD_1751328000,XAUUSD,SELL,2025.11.05 15:34:38,2025.11.05 15:35:38,2025.11.05 15:35:38,1762356938155,3971.56,3971.66,3971.56,0.16,4001.56,4001.56,2025.11.06 01:02:00,1762390920000,3972.45,3972.53,3972.47,TARGET_K20_M30_CLOSE,WIN,PROFIT,-14.56,0.0,19.58,5.019999999999998,-14.56,0.0,-0.9099999999998545,-90.99999999998545,-0.030333333333328483,33982,83.90532748033394,86.34117783949166,26,4,16.44392311703182,36.31483373922953,9.919635722097391,19.491585539321317,18.990000000000236,7.420000000000073,0,0.09999999999990905,0.08000000000038199,0.0,EXPERT
151,302,STOCHEXTREME_ORO_XAUUSD_1751328000,XAUUSD,BUY,2025.11.06 01:30:00,2025.11.06 01:31:00,2025.11.06 01:31:00,1762392660000,3971.88,3971.94,3971.94,0.16,3941.94,3941.94,2025.11.06 05:00:00,1762405200000,3983.51,3983.56,3983.48,TARGET_K80_M30_CLOSE,WIN,PROFIT,184.64,0.0,0.0,184.64,184.64,0.0,11.539999999999964,1153.9999999999964,0.38466666666666544,12540,16.387062648766058,14.324983836324657,27,5,91.55389512509737,75.55948381843614,88.10564723682846,82.75201224536019,7.369999999999891,13.25,0,0.05999999999994543,0.04999999999972715,0.0,EXPERT
152,304,STOCHEXTREME_ORO_XAUUSD_1751328000,XAUUSD,SELL,2025.11.06 10:59:04,2025.11.06 11:00:04,2025.11.06 11:00:04,1762426804516,4014.56,4014.61,4014.56,0.16,4044.56,4044.56,2025.11.06 17:30:00,1762450200000,3987.24,3987.29,3987.28,TARGET_K20_M30_CLOSE,WIN,PROFIT,436.48,0.0,0.0,436.48,436.48,0.0,27.279999999999745,2727.9999999999745,0.9093333333333249,23396,87.99982428749958,89.0125900560921,19,3,14.151541116877029,27.34372276709296,18.968432075659482,19.640705825387396,5.119999999999891,35.960000000000036,0,0.0500000000001819,0.0500000000001819,0.0,EXPERT
153,306,STOCHEXTREME_ORO_XAUUSD_1751328000,XAUUSD,BUY,2025.11.06 18:00:00,2025.11.06 18:01:00,2025.11.06 18:01:00,1762452060000,3981.83,3981.90,3981.90,0.16,3951.90,3951.90,2025.11.06 21:30:00,1762464600000,3992.49,3992.54,3992.47,TARGET_K80_M30_CLOSE,WIN,PROFIT,169.12,0.0,0.0,169.12,169.12,0.0,10.569999999999709,1056.999999999971,0.3523333333333236,12540,15.997155144067015,15.141531493722937,38,6,80.86602487066546,70.53038489219287,81.83092339817246,80.29306624920993,16.18000000000029,13.420000000000073,0,0.07000000000016371,0.0500000000001819,0.0,EXPERT
154,308,STOCHEXTREME_ORO_XAUUSD_1751328000,XAUUSD,BUY,2025.11.06 23:30:00,2025.11.06 23:31:00,2025.11.06 23:31:00,1762471860000,3980.66,3980.73,3980.73,0.18,3950.73,3950.73,2025.11.07 02:30:00,1762482600000,3991.77,3991.82,3991.76,TARGET_K80_M30_CLOSE,WIN,PROFIT,198.54,0.0,-10.67,187.87,198.54,0.0,11.0300000000002,1103.00000000002,0.36766666666667336,10740,22.93014334489287,16.02485454420629,16,3,92.00006727548312,63.96793974789727,94.91013830007249,82.7253360448186,6.190000000000055,11.809999999999945,0,0.07000000000016371,0.0500000000001819,0.0,EXPERT
155,310,STOCHEXTREME_ORO_XAUUSD_1751328000,XAUUSD,SELL,2025.11.10 15:30:00,2025.11.10 15:31:00,2025.11.10 15:31:00,1762788660000,4103.00,4103.05,4103.00,0.18,4133.00,4133.00,2025.11.11 02:55:31,1762829731448,4132.95,4133.00,4133.00,INITIAL_STOP,LOSS,LOSS,-540.0,0.0,7.34,-532.66,-540.0,0.0,-30.0,-3000.0,-1.0,41071,88.79052982508826,90.74635540331019,32,5,0.0,0.0,89.54953604835545,88.7804678962426,29.979999999999563,28.539999999999964,0,0.0500000000001819,0.0500000000001819,0.0,SL
156,312,STOCHEXTREME_ORO_XAUUSD_1751328000,XAUUSD,SELL,2025.11.11 12:00:00,2025.11.11 12:01:00,2025.11.11 12:01:00,1762862460000,4141.93,4141.98,4141.93,0.16,4171.93,4171.93,2025.11.11 17:30:00,1762882200000,4100.62,4100.67,4100.71,TARGET_K20_M30_CLOSE,WIN,PROFIT,659.52,0.0,0.0,659.52,659.52,0.0,41.220000000000255,4122.0000000000255,1.3740000000000085,19740,79.36686875373003,83.49102014444965,16,3,12.429115316088577,32.194062285604026,11.508747244259704,18.92121506252384,4.819999999999709,44.77000000000044,0,0.049999999999272404,0.0500000000001819,0.0,EXPERT
157,314,STOCHEXTREME_ORO_XAUUSD_1751328000,XAUUSD,BUY,2025.11.11 18:00:00,2025.11.11 18:01:00,2025.11.11 18:01:00,1762884060000,4106.06,4106.11,4106.11,0.18,4076.11,4076.11,2025.11.11 22:30:00,1762900200000,4125.75,4125.80,4125.76,TARGET_K80_M30_CLOSE,WIN,PROFIT,353.7,0.0,0.0,353.7,353.7,0.0,19.650000000000546,1965.0000000000546,0.6550000000000182,16140,15.416162431088635,14.480564916916142,44,7,86.38279217825728,76.95595736247236,84.05961500678215,83.22657432939515,0.8899999999994179,22.68000000000029,0,0.049999999999272404,0.0500000000001819,0.0,EXPERT
158,316,STOCHEXTREME_ORO_XAUUSD_1751328000,XAUUSD,SELL,2025.11.11 23:00:00,2025.11.11 23:01:00,2025.11.11 23:01:00,1762902060000,4129.20,4129.25,4129.20,0.18,4159.20,4159.20,2025.11.12 06:00:00,1762927200000,4111.84,4111.94,4111.87,TARGET_K20_M30_CLOSE,WIN,PROFIT,311.94,0.0,7.34,319.28,311.94,0.0,17.329999999999927,1732.9999999999927,0.5776666666666642,25140,85.21032206310325,85.95129668749946,23,4,11.424860389990348,19.20280804414044,4.81700796453923,12.364579239306488,16.36999999999989,17.329999999999927,0,0.0500000000001819,0.0999999999994543,0.0,EXPERT
159,318,STOCHEXTREME_ORO_XAUUSD_1751328000,XAUUSD,SELL,2025.11.12 11:30:00,2025.11.12 11:31:00,2025.11.12 11:31:00,1762947060000,4129.21,4129.26,4129.21,0.2,4159.21,4159.21,2025.11.12 17:11:41,1762967501643,4159.18,4159.23,4159.23,INITIAL_STOP,LOSS,LOSS,-600.4,0.0,0.0,-600.4,-600.4,0.0,-30.019999999999527,-3001.9999999999527,-1.0006666666666508,20441,80.67013843777544,83.49757048974122,27,5,0.0,0.0,77.99101079438219,57.51645370197944,29.93000000000029,11.100000000000364,0,0.0500000000001819,0.049999999999272404,0.019999999999527063,SL
160,320,STOCHEXTREME_ORO_XAUUSD_1751328000,XAUUSD,SELL,2025.11.13 11:00:00,2025.11.13 11:01:00,2025.11.13 11:01:00,1763031660000,4233.97,4234.07,4233.97,0.18,4263.97,4263.97,2025.11.13 17:30:00,1763055000000,4194.87,4194.94,4194.99,TARGET_K20_M30_CLOSE,WIN,PROFIT,701.64,0.0,0.0,701.64,701.64,0.0,38.98000000000047,3898.0000000000473,1.299333333333349,23340,87.06030568596266,91.50279572828778,29,5,14.97404340921617,26.829849278549386,17.48155489483538,19.32625572019673,11.170000000000073,49.36999999999989,0,0.0999999999994543,0.06999999999970896,0.0,EXPERT
161,322,STOCHEXTREME_ORO_XAUUSD_1751328000,XAUUSD,BUY,2025.11.13 17:57:40,2025.11.13 17:58:40,2025.11.13 17:58:40,1763056720137,4201.43,4201.48,4201.48,0.2,4171.48,4171.48,2025.11.13 20:32:21,1763065941654,4171.48,4171.59,4171.48,INITIAL_STOP,LOSS,LOSS,-600.0,0.0,0.0,-600.0,-600.0,0.0,-30.0,-3000.0,-1.0,9221,21.093491906177963,20.530234723977596,44,7,0.0,0.0,25.98752598752579,37.60792431376257,29.899999999999636,9.330000000000837,0,0.049999999999272404,0.11000000000058208,0.0,SL
162,324,STOCHEXTREME_ORO_XAUUSD_1751328000,XAUUSD,BUY,2025.11.14 13:02:41,2025.11.14 13:03:41,2025.11.14 13:03:41,1763125421123,4165.76,4165.81,4165.81,0.18,4135.81,4135.81,2025.11.14 13:55:59,1763128559402,4135.80,4135.91,4135.80,INITIAL_STOP,LOSS,LOSS,-540.18,0.0,0.0,-540.18,-540.18,0.0,-30.01000000000022,-3001.000000000022,-1.0003333333333406,3138,23.67468266217919,23.10158732385467,29,5,0.0,0.0,15.397097919680748,18.932349463908754,29.980000000000473,2.3499999999994543,0,0.0500000000001819,0.10999999999967258,0.010000000000218279,SL
163,326,STOCHEXTREME_ORO_XAUUSD_1751328000,XAUUSD,BUY,2025.11.17 22:29:27,2025.11.17 22:30:27,2025.11.17 22:30:27,1763418627157,4029.47,4029.52,4029.52,0.18,3999.52,3999.52,2025.11.18 01:30:00,1763429400000,4048.28,4048.35,4048.22,TARGET_K80_M30_CLOSE,WIN,PROFIT,336.6,0.0,-10.67,325.93,336.6,0.0,18.699999999999818,1869.9999999999818,0.6233333333333273,10773,19.351390709593456,12.265841823368591,44,7,84.6239552768018,68.83966682926918,86.27955317454524,81.17435263334706,4.190000000000055,25.84999999999991,0,0.0500000000001819,0.06999999999970896,0.0,EXPERT
164,328,STOCHEXTREME_ORO_XAUUSD_1751328000,XAUUSD,SELL,2025.11.18 01:42:00,2025.11.18 01:43:00,2025.11.18 01:43:00,1763430180000,4039.90,4039.99,4039.90,0.18,4069.90,4069.90,2025.11.18 05:00:00,1763442000000,4017.60,4017.65,4017.66,TARGET_K20_M30_CLOSE,WIN,PROFIT,400.32,0.0,0.0,400.32,400.32,0.0,22.240000000000236,2224.0000000000236,0.7413333333333412,11820,76.9808403472038,78.07478169089991,31,5,19.979977467438186,28.822347013970937,19.845293552366044,24.233877897208984,5.420000000000073,24.590000000000146,0,0.08999999999969077,0.0500000000001819,0.0,EXPERT
165,330,STOCHEXTREME_ORO_XAUUSD_1751328000,XAUUSD,SELL,2025.11.18 11:34:30,2025.11.18 11:35:30,2025.11.18 11:35:30,1763465730000,4033.33,4033.44,4033.33,0.18,4063.33,4063.33,2025.11.18 15:00:00,1763478000000,4033.12,4033.21,4033.25,TARGET_K20_M30_CLOSE,WIN,PROFIT,1.44,0.0,0.0,1.44,1.44,0.0,0.07999999999992724,7.999999999992724,0.0026666666666642414,12270,79.95502137949101,80.18649197331699,25,4,12.757552594951074,35.255436887858814,12.709718265273667,20.440909186944193,17.240000000000236,3.9400000000000546,0,0.11000000000012733,0.09000000000014552,0.0,EXPERT
166,332,STOCHEXTREME_ORO_XAUUSD_1751328000,XAUUSD,SELL,2025.11.18 17:00:00,2025.11.18 17:01:00,2025.11.18 17:01:00,1763485260000,4065.10,4065.20,4065.10,0.18,4095.10,4095.10,2025.11.19 01:02:00,1763514120000,4069.97,4070.04,4070.03,TARGET_K20_M30_CLOSE,WIN,LOSS,-88.74,0.0,7.34,-81.39999999999999,-88.74,0.0,-4.930000000000291,-493.0000000000291,-0.16433333333334305,28860,75.38893985376126,81.38847396972261,44,7,15.828949822548642,29.836226252037736,38.32382810647228,25.32054344393066,17.269999999999982,24.579999999999927,0,0.09999999999990905,0.07000000000016371,0.0,EXPERT
167,334,STOCHEXTREME_ORO_XAUUSD_1751328000,XAUUSD,SELL,2025.11.19 13:19:26,2025.11.19 13:20:26,2025.11.19 13:20:26,1763558426134,4116.53,4116.62,4116.53,0.18,4146.53,4146.53,2025.11.19 19:00:00,1763578800000,4074.12,4074.17,4074.20,TARGET_K20_M30_CLOSE,WIN,PROFIT,761.94,0.0,0.0,761.94,761.94,0.0,42.32999999999993,4232.999999999993,1.4109999999999976,20374,81.00282854380167,81.3680953122796,21,4,10.036389132577328,28.711869636968796,8.132638792313571,13.627501132299022,16.32000000000062,48.559999999999945,0,0.09000000000014552,0.0500000000001819,0.0,EXPERT
168,336,STOCHEXTREME_ORO_XAUUSD_1751328000,XAUUSD,SELL,2025.11.20 15:33:39,2025.11.20 15:34:39,2025.11.20 15:34:39,1763652879016,4075.31,4075.40,4075.31,0.2,4105.31,4105.31,2025.11.20 16:50:30,1763657430648,4105.22,4105.33,4105.33,INITIAL_STOP,LOSS,LOSS,-600.4,0.0,0.0,-600.4,-600.4,0.0,-30.019999999999982,-3001.999999999998,-1.0006666666666661,4551,78.6136485438219,80.87579198377149,44,7,0.0,0.0,76.45584549609326,75.96825237148785,29.980000000000018,2.9899999999997817,0,0.09000000000014552,0.10999999999967258,0.019999999999527063,SL
169,338,STOCHEXTREME_ORO_XAUUSD_1751328000,XAUUSD,SELL,2025.11.20 22:44:03,2025.11.20 22:45:03,2025.11.20 22:45:03,1763678703223,4077.71,4077.76,4077.71,0.18,4107.71,4107.71,2025.11.21 03:30:00,1763695800000,4061.96,4062.01,4062.04,TARGET_K20_M30_CLOSE,WIN,PROFIT,282.06,0.0,7.34,289.4,282.06,0.0,15.670000000000073,1567.0000000000073,0.5223333333333358,17097,75.92545192611185,80.88527357658892,22,4,11.653668153887153,25.739077772647306,5.76763333681597,13.965722509009742,11.269999999999982,16.190000000000055,0,0.0500000000001819,0.0500000000001819,0.0,EXPERT
170,340,STOCHEXTREME_ORO_XAUUSD_1751328000,XAUUSD,SELL,2025.11.21 16:20:40,2025.11.21 16:21:40,2025.11.21 16:21:40,1763742100224,4068.47,4068.54,4068.47,0.2,4098.47,4098.47,2025.11.21 18:55:39,1763751339259,4098.41,4098.49,4098.49,INITIAL_STOP,LOSS,LOSS,-600.4,0.0,0.0,-600.4,-600.4,0.0,-30.019999999999982,-3001.999999999998,-1.0006666666666661,9239,84.8622429531161,85.14192426104104,31,5,0.0,0.0,72.27156990529774,66.78377698136626,29.980000000000018,13.279999999999745,0,0.07000000000016371,0.07999999999992724,0.019999999999527063,SL
171,342,STOCHEXTREME_ORO_XAUUSD_1751328000,XAUUSD,SELL,2025.11.24 12:12:28,2025.11.24 12:13:28,2025.11.24 12:13:28,1763986408235,4072.27,4072.32,4072.27,0.18,4102.27,4102.27,2025.11.24 20:37:31,1764016651384,4102.23,4102.28,4102.28,INITIAL_STOP,LOSS,LOSS,-540.18,0.0,0.0,-540.18,-540.18,0.0,-30.009999999999764,-3000.9999999999764,-1.0003333333333255,30243,75.12705224062405,75.37383618595351,20,3,0.0,0.0,65.45516136979437,55.613453478506024,29.91000000000031,9.0300000000002,0,0.0500000000001819,0.0500000000001819,0.009999999999308784,SL
172,344,STOCHEXTREME_ORO_XAUUSD_1751328000,XAUUSD,BUY,2025.11.25 22:00:00,2025.11.25 22:01:00,2025.11.25 22:01:00,1764108060000,4134.57,4134.62,4134.62,0.16,4104.62,4104.62,2025.11.26 03:00:00,1764126000000,4142.91,4143.03,4142.88,TARGET_K80_M30_CLOSE,WIN,PROFIT,132.16,0.0,-9.49,122.67,132.16,0.0,8.260000000000218,826.0000000000218,0.2753333333333406,17940,21.304286394726773,18.226324226160322,21,4,80.26353948822707,67.9362680025964,90.04699090444093,80.52799884507982,7.109999999999673,9.699999999999818,0,0.0500000000001819,0.11999999999989086,0.0,EXPERT
173,346,STOCHEXTREME_ORO_XAUUSD_1751328000,XAUUSD,BUY,2025.11.26 17:14:39,2025.11.26 17:15:39,2025.11.26 17:15:39,1764177339098,4153.74,4153.79,4153.79,0.18,4123.79,4123.79,2025.11.26 18:30:00,1764181800000,4162.03,4162.08,4162.05,TARGET_K80_M30_CLOSE,WIN,PROFIT,148.68,0.0,0.0,148.68,148.68,0.0,8.260000000000218,826.0000000000218,0.2753333333333406,4461,22.788695725708493,21.49004416086751,36,6,84.16127291055557,55.750490414848876,90.95326041195034,77.37094438774672,1.3599999999996726,12.029999999999745,0,0.0500000000001819,0.0500000000001819,0.0,EXPERT
174,348,STOCHEXTREME_ORO_XAUUSD_1751328000,XAUUSD,SELL,2025.11.26 19:00:00,2025.11.26 19:01:00,2025.11.26 19:01:00,1764183660000,4166.96,4167.01,4166.96,0.18,4196.96,4196.96,2025.11.27 05:00:00,1764219600000,4145.29,4145.34,4145.37,TARGET_K20_M30_CLOSE,WIN,PROFIT,388.62,0.0,22.03,410.65,388.62,0.0,21.590000000000146,2159.0000000000146,0.7196666666666716,35940,85.89749240350255,87.34413600966376,17,3,18.62281361647529,25.78233958179494,10.647942287382167,18.38936391784822,4.75,22.300000000000182,0,0.0500000000001819,0.0500000000001819,0.0,EXPERT
175,350,STOCHEXTREME_ORO_XAUUSD_1751328000,XAUUSD,SELL,2025.11.27 11:00:31,2025.11.27 11:01:31,2025.11.27 11:01:31,1764241291320,4163.45,4163.56,4163.45,0.18,4193.45,4193.45,2025.11.27 15:30:00,1764257400100,4152.46,4152.51,4152.52,TARGET_K20_M30_CLOSE,WIN,PROFIT,196.74,0.0,0.0,196.74,196.74,0.0,10.929999999999382,1092.9999999999382,0.3643333333333127,16109,76.94678101470642,82.33369887408719,16,3,14.124123990327869,27.917795830388858,20.277383037799414,18.862226705119724,0.11999999999989086,14.899999999999636,0,0.11000000000058208,0.0500000000001819,0.0,EXPERT
176,351,STOCHEXTREME_ORO_XAUUSD_1751328000,XAUUSD,BUY,2025.11.27 15:30:00,2025.11.27 15:30:00,2025.11.27 15:30:00,1764257400000,4152.47,4152.52,4152.52,0.18,4122.52,4122.52,2025.11.28 02:30:00,1764297000000,4170.68,4170.79,4170.69,TARGET_K80_M30_CLOSE,WIN,PROFIT,327.06,0.0,-10.67,316.39,327.06,0.0,18.169999999999163,1816.9999999999163,0.6056666666666388,39600,20.310749737833508,18.87334893846442,22,4,93.3229723173041,80.70505794520658,90.47677286771818,86.50279343457242,1.0200000000004366,19.389999999999418,0,0.0500000000001819,0.10999999999967258,0.0,EXPERT
177,354,STOCHEXTREME_ORO_XAUUSD_1751328000,XAUUSD,BUY,2025.11.28 11:00:00,2025.11.28 11:01:00,2025.11.28 11:01:00,1764327660000,4168.17,4168.28,4168.28,0.2,4138.28,4138.28,2025.11.28 17:00:00,1764349200000,4198.31,4198.36,4198.29,TARGET_K80_M30_CLOSE,WIN,PROFIT,600.2,0.0,0.0,600.2,600.2,0.0,30.01000000000022,3001.000000000022,1.0003333333333406,21540,24.655004859086258,15.577448126670127,44,7,87.70638284634082,75.87839928637051,79.64508125085865,79.56962622461513,8.039999999999964,40.82999999999993,0,0.10999999999967258,0.049999999999272404,0.0,EXPERT
178,356,STOCHEXTREME_ORO_XAUUSD_1751328000,XAUUSD,SELL,2025.11.28 17:00:19,2025.11.28 17:01:19,2025.11.28 17:01:19,1764349279081,4195.67,4195.72,4195.67,0.2,4225.67,4225.67,2025.11.28 20:32:37,1764361957099,4225.65,4225.70,4225.70,INITIAL_STOP,LOSS,LOSS,-600.6,0.0,0.0,-600.6,-600.6,0.0,-30.029999999999745,-3002.9999999999745,-1.0009999999999915,12678,77.49401794115414,78.85260512138031,44,7,0.0,0.0,99.21041638549768,93.50327204064348,29.98999999999978,9.850000000000364,0,0.0500000000001819,0.0500000000001819,0.02999999999974534,SL
179,358,STOCHEXTREME_ORO_XAUUSD_1751328000,XAUUSD,BUY,2025.12.02 12:30:00,2025.12.02 12:31:00,2025.12.02 12:31:00,1764678660000,4186.86,4186.95,4186.95,0.2,4156.95,4156.95,2025.12.02 15:00:00,1764687600000,4209.03,4209.12,4209.02,TARGET_K80_M30_CLOSE,WIN,PROFIT,441.4,0.0,0.0,441.4,441.4,0.0,22.07000000000062,2207.000000000062,0.7356666666666872,8940,19.80236430578944,19.264175877689073,29,5,93.92096608608826,75.07707675949958,92.35560618811049,88.07478101823217,4.619999999999891,22.650000000000546,0,0.09000000000014552,0.09000000000014552,0.0,EXPERT
180,360,STOCHEXTREME_ORO_XAUUSD_1751328000,XAUUSD,SELL,2025.12.02 15:08:01,2025.12.02 15:09:01,2025.12.02 15:09:01,1764688141127,4206.60,4206.70,4206.60,0.2,4236.60,4236.60,2025.12.02 18:30:00,1764700200000,4177.14,4177.19,4177.20,TARGET_K20_M30_CLOSE,WIN,PROFIT,588.0,0.0,0.0,588.0,588.0,0.0,29.400000000000546,2940.0000000000546,0.9800000000000182,12059,80.46558153469671,84.11143946709426,26,4,10.894271218106796,30.804713927815765,16.53746770025874,18.005776986999297,24.11999999999989,42.960000000000036,0,0.0999999999994543,0.049999999999272404,0.0,EXPERT
181,362,STOCHEXTREME_ORO_XAUUSD_1751328000,XAUUSD,BUY,2025.12.02 18:33:21,2025.12.02 18:34:21,2025.12.02 18:34:21,1764700461035,4182.29,4182.34,4182.34,0.22,4152.34,4152.34,2025.12.02 22:00:00,1764712800000,4196.72,4196.77,4196.68,TARGET_K80_M30_CLOSE,WIN,PROFIT,315.48,0.0,0.0,315.48,315.48,0.0,14.340000000000146,1434.0000000000146,0.47800000000000487,12339,19.096601073345422,18.858821444694858,44,7,80.16896609562163,76.63140510116465,82.81127450322707,79.48082733792747,1.8800000000001091,18.220000000000255,0,0.0500000000001819,0.0500000000001819,0.0,EXPERT
182,364,STOCHEXTREME_ORO_XAUUSD_1751328000,XAUUSD,SELL,2025.12.02 23:30:00,2025.12.02 23:31:00,2025.12.02 23:31:00,1764718260000,4209.60,4209.65,4209.60,0.22,4239.60,4239.60,2025.12.03 09:30:00,1764754200000,4202.54,4202.59,4202.60,TARGET_K20_M30_CLOSE,WIN,PROFIT,154.0,0.0,8.97,162.97,154.0,0.0,7.0,700.0,0.23333333333333334,35940,86.31340051104756,87.23732328085788,17,3,16.54973554877787,21.909513497566092,8.654406287169033,15.758185808173002,19.279999999999745,7.200000000000728,0,0.049999999999272404,0.0500000000001819,0.0,EXPERT
183,365,STOCHEXTREME_ORO_XAUUSD_1751328000,XAUUSD,BUY,2025.12.03 09:00:01,2025.12.03 09:00:01,2025.12.03 09:00:01,1764752401666,4208.16,4208.22,4208.22,0.22,4178.22,4178.22,2025.12.03 14:00:00,1764770400000,4208.69,4208.77,4208.70,TARGET_K80_M30_CLOSE,WIN,PROFIT,10.56,0.0,0.0,10.56,10.56,0.0,0.47999999999956344,47.999999999956344,0.01599999999998545,17999,24.92402572921311,24.70094355771117,25,4,80.54395671512931,64.64476619571838,96.73708125876186,81.29312969763606,13.659999999999854,2.139999999999418,0,0.06000000000040018,0.08000000000083674,0.0,EXPERT
184,368,STOCHEXTREME_ORO_XAUUSD_1751328000,XAUUSD,SELL,2025.12.03 15:00:00,2025.12.03 15:01:00,2025.12.03 15:01:00,1764774060000,4212.83,4212.95,4212.83,0.22,4242.83,4242.83,2025.12.04 15:00:00,1764860400000,4190.26,4190.36,4190.38,TARGET_K20_M30_CLOSE,WIN,PROFIT,493.9,0.0,26.92,520.8199999999999,493.9,0.0,22.449999999999818,2244.999999999982,0.7483333333333273,86340,87.69391281336082,90.39586809716586,21,4,13.26202313409369,27.92546113023946,11.463528588346248,17.41727179131185,28.909999999999854,37.76999999999953,0,0.11999999999989086,0.0999999999994543,0.0,EXPERT
185,370,STOCHEXTREME_ORO_XAUUSD_1751328000,XAUUSD,BUY,2025.12.04 15:27:28,2025.12.04 15:28:28,2025.12.04 15:28:28,1764862108117,4195.97,4196.03,4196.03,0.24,4166.03,4166.03,2025.12.04 18:30:00,1764873000000,4216.08,4216.13,4216.06,TARGET_K80_M30_CLOSE,WIN,PROFIT,480.72,0.0,0.0,480.72,480.72,0.0,20.030000000000655,2003.0000000000655,0.6676666666666885,10892,23.648866866802493,21.479051217463933,33,6,80.47893630219481,74.72198350248851,85.21207132555851,78.38271249783953,8.639999999999418,23.400000000000546,0,0.05999999999949068,0.0500000000001819,0.0,EXPERT
187,373,STOCHEXTREME_ORO_XAUUSD_1751328000,XAUUSD,BUY,2025.12.05 03:32:38,2025.12.05 03:32:38,2025.12.05 03:32:38,1764905558015,4200.04,4200.16,4200.16,0.24,4170.16,4170.16,2025.12.05 07:00:00,1764918000000,4216.75,4216.80,4216.76,TARGET_K80_M30_CLOSE,WIN,PROFIT,398.4,0.0,0.0,398.4,398.4,0.0,16.600000000000364,1660.0000000000364,0.5533333333333454,12442,22.62651677774683,22.599698304295273,26,4,89.97484414532236,81.35406947728227,91.15141880916048,85.66456272119581,3.3599999999996726,17.23999999999978,0,0.11999999999989086,0.0500000000001819,0.0,EXPERT
186,372,STOCHEXTREME_ORO_XAUUSD_1751328000,XAUUSD,SELL,2025.12.04 19:04:27,2025.12.04 19:05:27,2025.12.04 19:05:27,1764875127090,4212.84,4212.89,4212.84,0.24,4242.84,4242.84,2025.12.05 11:00:00,1764932400000,4220.33,4220.38,4220.39,TARGET_K20_M30_CLOSE,WIN,LOSS,-181.2,0.0,9.79,-171.41,-181.2,0.0,-7.550000000000182,-755.0000000000182,-0.25166666666667276,57273,79.25740769994496,81.52663138915055,26,4,11.789794717513502,39.09726654529463,3.9901231247398496,19.66627649139767,17.93000000000029,17.920000000000073,0,0.0500000000001819,0.0500000000001819,0.0,EXPERT
188,376,STOCHEXTREME_ORO_XAUUSD_1751328000,XAUUSD,SELL,2025.12.05 16:00:28,2025.12.05 16:01:28,2025.12.05 16:01:28,1764950488221,4234.00,4234.09,4234.00,0.24,4264.00,4264.00,2025.12.05 23:30:00,1764977400000,4196.95,4197.00,4196.99,TARGET_K20_M30_CLOSE,WIN,PROFIT,888.24,0.0,0.0,888.24,888.24,0.0,37.01000000000022,3701.000000000022,1.233666666666674,26912,78.78429455701958,79.23468250669241,36,6,18.66227947365302,20.98665221497556,27.389861903208896,22.08047341661816,25.350000000000364,41.85999999999967,0,0.09000000000014552,0.0500000000001819,0.0,EXPERT
189,378,STOCHEXTREME_ORO_XAUUSD_1751328000,XAUUSD,BUY,2025.12.05 23:30:30,2025.12.05 23:31:30,2025.12.05 23:31:30,1764977490352,4195.57,4195.62,4195.62,0.26,4165.62,4165.62,2025.12.08 03:30:00,1765164600000,4207.80,4207.85,4207.81,TARGET_K80_M30_CLOSE,WIN,PROFIT,316.94,0.0,-15.41,301.53,316.94,0.0,12.19000000000051,1219.000000000051,0.4063333333333503,187110,24.463653251809216,21.10507053281827,21,4,86.3600762007596,76.59231307700122,82.78691039263661,82.4518594586455,5.869999999999891,16.13000000000011,0,0.0500000000001819,0.0500000000001819,0.0,EXPERT
190,380,STOCHEXTREME_ORO_XAUUSD_1751328000,XAUUSD,SELL,2025.12.09 11:39:39,2025.12.09 11:40:39,2025.12.09 11:40:39,1765280439130,4202.78,4202.83,4202.78,0.28,4232.78,4232.78,2025.12.10 06:30:00,1765348200000,4206.81,4206.86,4206.85,TARGET_K20_M30_CLOSE,WIN,LOSS,-113.96,0.0,11.42,-102.53999999999999,-113.96,0.0,-4.0700000000006185,-407.00000000006185,-0.13566666666668728,67761,85.80054274084107,86.17859301049894,40,7,14.482746997471333,30.89161333222926,29.375478482925818,25.3175864889632,18.590000000000146,13.159999999999854,0,0.0500000000001819,0.049999999999272404,0.0,EXPERT
191,382,STOCHEXTREME_ORO_XAUUSD_1751328000,XAUUSD,BUY,2025.12.10 11:10:53,2025.12.10 11:11:53,2025.12.10 11:11:53,1765365113333,4198.27,4198.32,4198.32,0.28,4168.32,4168.32,2025.12.10 19:30:00,1765395000100,4200.73,4200.78,4200.71,TARGET_K80_M30_CLOSE,WIN,PROFIT,66.92,0.0,0.0,66.92,66.92,0.0,2.3900000000003274,239.00000000003274,0.07966666666667759,29887,24.52734706416562,24.185829380906373,27,5,86.10075617682311,70.15059989975337,77.49701339325593,78.37544653361493,10.519999999999527,8.710000000000036,0,0.049999999999272404,0.0500000000001819,0.0,EXPERT
192,383,STOCHEXTREME_ORO_XAUUSD_1751328000,XAUUSD,SELL,2025.12.10 19:30:00,2025.12.10 19:30:00,2025.12.10 19:30:00,1765395000000,4200.71,4200.76,4200.71,0.28,4230.71,4230.71,2025.12.10 22:11:42,1765404702397,4230.68,4230.73,4230.73,INITIAL_STOP,LOSS,LOSS,-840.56,0.0,0.0,-840.56,-840.56,0.0,-30.019999999999527,-3001.9999999999527,-1.0006666666666508,9702,77.44187140263136,78.35706587007341,22,4,0.0,0.0,71.87507110131122,46.85965628702331,29.970000000000255,18.789999999999964,0,0.0500000000001819,0.049999999999272404,0.019999999999527063,SL
193,386,STOCHEXTREME_ORO_XAUUSD_1751328000,XAUUSD,SELL,2025.12.10 23:30:00,2025.12.10 23:31:00,2025.12.10 23:31:00,1765409460000,4226.54,4226.59,4226.54,0.26,4256.54,4256.54,2025.12.11 05:30:00,1765431000000,4213.09,4213.14,4213.13,TARGET_K20_M30_CLOSE,WIN,PROFIT,348.66,0.0,31.82,380.48,348.66,0.0,13.409999999999854,1340.9999999999854,0.4469999999999951,21540,80.22370578589864,84.09533316624017,41,7,6.021536707714039,22.322053422491873,8.52172027197504,12.170883760999155,21.23999999999978,17.100000000000364,0,0.0500000000001819,0.0500000000001819,0.0,EXPERT
194,388,STOCHEXTREME_ORO_XAUUSD_1751328000,XAUUSD,SELL,2025.12.11 17:03:43,2025.12.11 17:04:43,2025.12.11 17:04:43,1765472683192,4235.17,4235.27,4235.17,0.26,4265.17,4265.17,2025.12.11 18:47:26,1765478846727,4265.16,4265.21,4265.21,INITIAL_STOP,LOSS,LOSS,-781.04,0.0,0.0,-781.04,-781.04,0.0,-30.039999999999964,-3003.9999999999964,-1.001333333333332,6163,78.78975873448782,79.07243602738247,44,7,0.0,0.0,94.07945221651634,87.76611534869427,29.949999999999818,1.8699999999998909,0,0.1000000000003638,0.0500000000001819,0.03999999999996362,SL
195,390,STOCHEXTREME_ORO_XAUUSD_1751328000,XAUUSD,SELL,2025.12.12 11:30:59,2025.12.12 11:31:59,2025.12.12 11:31:59,1765539119166,4312.03,4312.08,4312.03,0.24,4342.03,4342.03,2025.12.12 15:30:37,1765553437127,4341.95,4342.05,4342.05,INITIAL_STOP,LOSS,LOSS,-720.48,0.0,0.0,-720.48,-720.48,0.0,-30.020000000000437,-3002.0000000000437,-1.0006666666666812,14318,89.7953771296924,90.45189227092423,34,6,0.0,0.0,75.58349386523408,70.07910426185724,29.970000000000255,4.619999999999891,0,0.0500000000001819,0.1000000000003638,0.020000000000436557,SL
196,392,STOCHEXTREME_ORO_XAUUSD_1751328000,XAUUSD,BUY,2025.12.12 19:00:00,2025.12.12 19:01:00,2025.12.12 19:01:00,1765566060000,4281.82,4281.87,4281.87,0.24,4251.87,4251.87,2025.12.15 01:02:00,1765760520000,4299.47,4299.52,4299.46,TARGET_K80_M30_CLOSE,WIN,PROFIT,422.16,0.0,-14.23,407.93,422.16,0.0,17.590000000000146,1759.0000000000146,0.5863333333333381,194460,23.99238705485642,18.348517022666687,44,7,82.25568661815561,69.20200531118023,78.54657234137002,75.9535838806167,10.699999999999818,22.289999999999964,0,0.0500000000001819,0.0500000000001819,0.0,EXPERT
197,394,STOCHEXTREME_ORO_XAUUSD_1751328000,XAUUSD,BUY,2025.12.15 17:04:41,2025.12.15 17:05:41,2025.12.15 17:05:41,1765818341012,4321.69,4321.78,4321.78,0.24,4291.78,4291.78,2025.12.15 18:34:37,1765823677562,4291.76,4291.81,4291.76,INITIAL_STOP,LOSS,LOSS,-720.48,0.0,0.0,-720.48,-720.48,0.0,-30.019999999999527,-3001.9999999999527,-1.0006666666666508,5336,19.962126106460367,18.321947418031268,44,7,0.0,0.0,8.100995023805691,11.204941515166757,29.969999999999345,6.110000000000582,0,0.09000000000014552,0.0500000000001819,0.019999999999527063,SL
198,396,STOCHEXTREME_ORO_XAUUSD_1751328000,XAUUSD,SELL,2025.12.16 15:45:41,2025.12.16 15:46:41,2025.12.16 15:46:41,1765900001063,4300.30,4300.40,4300.30,0.22,4330.30,4330.30,2025.12.16 16:23:39,1765902219512,4330.24,4330.30,4330.30,INITIAL_STOP,LOSS,LOSS,-660.0,0.0,0.0,-660.0,-660.0,0.0,-30.0,-3000.0,-1.0,2218,87.59358902175761,89.4746222414468,44,7,0.0,0.0,98.65476462055744,97.62140550027976,29.979999999999563,0.38000000000010914,0,0.0999999999994543,0.06000000000040018,0.0,SL
199,398,STOCHEXTREME_ORO_XAUUSD_1751328000,XAUUSD,BUY,2025.12.18 11:37:38,2025.12.18 11:38:38,2025.12.18 11:38:38,1766057918145,4323.00,4323.05,4323.05,0.22,4293.05,4293.05,2025.12.18 18:30:00,1766082600000,4367.40,4367.46,4367.34,TARGET_K80_M30_CLOSE,WIN,PROFIT,974.38,0.0,0.0,974.38,974.38,0.0,44.289999999999964,4428.999999999996,1.4763333333333322,24682,23.02508120618178,22.96653590019619,20,3,82.07666289794979,72.88303374203296,87.93172549140087,80.62959313955946,14.800000000000182,51.649999999999636,0,0.0500000000001819,0.06000000000040018,0.0,EXPERT
200,400,STOCHEXTREME_ORO_XAUUSD_1751328000,XAUUSD,SELL,2025.12.18 19:01:02,2025.12.18 19:02:02,2025.12.18 19:02:02,1766084522095,4360.69,4360.74,4360.69,0.24,4390.69,4390.69,2025.12.18 22:00:00,1766095200000,4325.04,4325.09,4325.10,TARGET_K20_M30_CLOSE,WIN,PROFIT,854.16,0.0,0.0,854.16,854.16,0.0,35.589999999999236,3558.9999999999236,1.186333333333308,10678,82.01655379984973,82.83617126564195,44,7,19.371285429199702,22.227253796804646,16.97647487796277,19.470476865145713,2.2200000000002547,38.6899999999996,0,0.0500000000001819,0.0500000000001819,0.0,EXPERT
201,401,STOCHEXTREME_ORO_XAUUSD_1751328000,XAUUSD,BUY,2025.12.18 21:43:38,2025.12.18 21:43:38,2025.12.18 21:43:38,1766094218455,4329.73,4329.78,4329.78,0.24,4299.78,4299.78,2025.12.19 19:00:00,1766170800000,4349.63,4349.68,4349.66,TARGET_K80_M30_CLOSE,WIN,PROFIT,477.12,0.0,-14.23,462.89,477.12,0.0,19.88000000000011,1988.000000000011,0.6626666666666703,76582,24.984398089148787,24.098291350121006,29,5,86.43453053711693,81.3238784706129,80.45923185262825,82.29282590637392,20.420000000000073,24.920000000000073,0,0.0500000000001819,0.0500000000001819,0.0,EXPERT
202,403,STOCHEXTREME_ORO_XAUUSD_1751328000,XAUUSD,SELL,2025.12.19 09:30:00,2025.12.19 09:30:00,2025.12.19 09:30:00,1766136600000,4327.63,4327.68,4327.63,0.24,4357.63,4357.63,2025.12.22 01:02:00,1766365320100,4338.71,4338.76,4338.72,TARGET_K20_M30_CLOSE,WIN,LOSS,-266.16,0.0,9.79,-256.37,-266.16,0.0,-11.090000000000146,-1109.0000000000146,-0.36966666666667153,228720,75.01815098917501,75.62462018285696,21,4,15.041563146502677,21.713555964877532,20.780247402252847,19.842010325203134,29.019999999999527,7.720000000000255,0,0.0500000000001819,0.0500000000001819,0.0,EXPERT
203,405,STOCHEXTREME_ORO_XAUUSD_1751328000,XAUUSD,BUY,2025.12.22 01:02:00,2025.12.22 01:02:00,2025.12.22 01:02:00,1766365320000,4338.67,4338.72,4338.72,0.26,4308.72,4308.72,2025.12.22 02:30:00,1766370600000,4363.48,4363.53,4363.41,TARGET_K80_M30_CLOSE,WIN,PROFIT,641.94,0.0,0.0,641.94,641.94,0.0,24.6899999999996,2468.99999999996,0.8229999999999866,5280,20.53055951211575,19.75878102849077,16,3,94.79848069343275,68.30370307366053,93.63066862143619,85.8637036448083,0.5799999999999272,26.609999999999673,0,0.0500000000001819,0.0500000000001819,0.0,EXPERT
204,408,STOCHEXTREME_ORO_XAUUSD_1751328000,XAUUSD,SELL,2025.12.22 16:31:38,2025.12.22 16:32:38,2025.12.22 16:32:38,1766421158056,4419.20,4419.30,4419.20,0.26,4449.20,4449.20,2025.12.22 23:29:14,1766446154901,4449.18,4449.23,4449.23,INITIAL_STOP,LOSS,LOSS,-780.78,0.0,0.0,-780.78,-780.78,0.0,-30.029999999999745,-3002.9999999999745,-1.0009999999999915,24996,76.20185823701108,77.67561720084343,33,6,0.0,0.0,76.49795537314147,60.60186671550512,29.98999999999978,6.970000000000255,0,0.1000000000003638,0.049999999999272404,0.02999999999974534,SL
205,410,STOCHEXTREME_ORO_XAUUSD_1751328000,XAUUSD,BUY,2025.12.23 17:35:38,2025.12.23 17:36:38,2025.12.23 17:36:38,1766511398110,4449.34,4449.39,4449.39,0.26,4419.39,4419.39,2025.12.23 20:00:00,1766520000000,4472.92,4472.97,4472.91,TARGET_K80_M30_CLOSE,WIN,PROFIT,611.52,0.0,0.0,611.52,611.52,0.0,23.519999999999527,2351.9999999999527,0.7839999999999843,8602,19.051040002479528,18.9262161887227,44,7,90.13728486522446,76.26983391897504,87.7907984949561,85.38707195402024,1.4600000000000364,30.5,0,0.0500000000001819,0.0500000000001819,0.0,EXPERT
206,412,STOCHEXTREME_ORO_XAUUSD_1751328000,XAUUSD,SELL,2025.12.26 16:47:29,2025.12.26 16:48:29,2025.12.26 16:48:29,1766767709169,4515.98,4516.08,4515.98,0.26,4545.98,4545.98,2025.12.26 17:56:30,1766771790701,4545.93,4546.01,4546.01,INITIAL_STOP,LOSS,LOSS,-780.78,0.0,0.0,-780.78,-780.78,0.0,-30.030000000000655,-3003.0000000000655,-1.0010000000000219,4081,75.73601656012175,77.98418785532483,44,7,0.0,0.0,85.81529997670812,84.2100878269117,29.980000000000473,2.8799999999991996,0,0.1000000000003638,0.07999999999992724,0.030000000000654836,SL
207,414,STOCHEXTREME_ORO_XAUUSD_1751328000,XAUUSD,BUY,2025.12.29 17:30:18,2025.12.29 17:31:18,2025.12.29 17:31:18,1767029478048,4322.53,4322.58,4322.58,0.24,4292.58,4292.58,2025.12.29 22:30:00,1767047400000,4341.05,4341.10,4341.04,TARGET_K80_M30_CLOSE,WIN,PROFIT,443.04,0.0,0.0,443.04,443.04,0.0,18.460000000000036,1846.0000000000036,0.6153333333333345,17922,8.815417731150072,8.418137734527416,44,7,81.4680895009207,68.9976198347768,83.8528545291211,79.08110407542028,7.420000000000073,24.98999999999978,0,0.0500000000001819,0.0500000000001819,0.0,EXPERT
208,416,STOCHEXTREME_ORO_XAUUSD_1751328000,XAUUSD,SELL,2025.12.29 22:34:29,2025.12.29 22:35:29,2025.12.29 22:35:29,1767047729240,4336.59,4336.64,4336.59,0.26,4366.59,4366.59,2025.12.30 05:25:29,1767072329847,4366.49,4366.61,4366.61,INITIAL_STOP,LOSS,LOSS,-780.52,0.0,10.61,-769.91,-780.52,0.0,-30.019999999999527,-3001.9999999999527,-1.0006666666666508,24600,75.07678211668477,76.15574660460817,26,4,0.0,0.0,92.70631869004701,87.60055924374045,29.960000000000036,13.25,0,0.0500000000001819,0.11999999999989086,0.019999999999527063,SL
209,418,STOCHEXTREME_ORO_XAUUSD_1751328000,XAUUSD,SELL,2025.12.30 13:30:00,2025.12.30 13:31:00,2025.12.30 13:31:00,1767101460000,4387.87,4387.92,4387.87,0.24,4417.87,4417.87,2025.12.30 22:00:00,1767132000100,4348.57,4348.62,4348.60,TARGET_K20_M30_CLOSE,WIN,PROFIT,942.48,0.0,0.0,942.48,942.48,0.0,39.26999999999953,3926.9999999999527,1.3089999999999842,30540,81.06412351673707,86.68684097166096,18,3,18.787764164469937,26.672795242645336,23.94558754305993,22.44802565720562,16.470000000000255,50.149999999999636,0,0.0500000000001819,0.0500000000001819,0.0,EXPERT
211,421,STOCHEXTREME_ORO_XAUUSD_1751328000,XAUUSD,SELL,2025.12.31 04:31:03,2025.12.31 04:31:03,2025.12.31 04:31:03,1767155463507,4362.62,4362.71,4362.62,0.26,4392.62,4392.62,2025.12.31 07:00:00,1767164400000,4333.13,4333.25,4333.28,TARGET_K20_M30_CLOSE,WIN,PROFIT,762.84,0.0,0.0,762.84,762.84,0.0,29.340000000000146,2934.0000000000146,0.9780000000000049,8937,75.01266477210804,76.80310833088794,26,4,16.447966504719883,25.954377261793727,11.835322608815103,18.507565276843415,8.5600000000004,31.599999999999454,0,0.09000000000014552,0.11999999999989086,0.0,EXPERT
210,419,STOCHEXTREME_ORO_XAUUSD_1751328000,XAUUSD,BUY,2025.12.30 22:00:00,2025.12.30 22:00:00,2025.12.30 22:00:00,1767132000000,4348.55,4348.60,4348.60,0.24,4318.60,4318.60,2025.12.31 07:40:40,1767166840837,4318.53,4318.65,4318.53,INITIAL_STOP,LOSS,LOSS,-721.68,0.0,-14.23,-735.91,-721.68,0.0,-30.07000000000062,-3007.000000000062,-1.002333333333354,34840,23.929339269439385,22.44260956599877,34,6,0.0,0.0,16.67922339340463,18.686621982897975,29.920000000000073,24.549999999999272,0,0.0500000000001819,0.11999999999989086,0.07000000000061846,SL
212,424,STOCHEXTREME_ORO_XAUUSD_1751328000,XAUUSD,BUY,2025.12.31 14:28:38,2025.12.31 14:29:38,2025.12.31 14:29:38,1767191378256,4306.75,4306.83,4306.83,0.26,4276.83,4276.83,2025.12.31 16:00:00,1767196800000,4346.00,4346.09,4345.92,TARGET_K80_M30_CLOSE,WIN,PROFIT,1016.34,0.0,0.0,1016.34,1016.34,0.0,39.090000000000146,3909.0000000000146,1.3030000000000048,5422,23.714966081688644,23.40198555491341,26,4,88.02692874422605,64.32401222267559,95.32016878339597,82.49845605394853,0.31999999999970896,41.55000000000018,0,0.07999999999992724,0.09000000000014552,0.0,EXPERT
213,426,STOCHEXTREME_ORO_XAUUSD_1751328000,XAUUSD,SELL,2025.12.31 16:30:00,2025.12.31 16:31:00,2025.12.31 16:31:00,1767198660000,4342.25,4342.37,4342.25,0.28,4372.25,4372.25,2025.12.31 19:30:00,1767209400000,4320.70,4320.75,4320.79,TARGET_K20_M30_CLOSE,WIN,PROFIT,600.88,0.0,0.0,600.88,600.88,0.0,21.460000000000036,2146.0000000000036,0.7153333333333346,10740,85.26622193073185,87.35463393342508,39,7,14.068422114814744,30.729231083192627,15.406160314007266,20.10146962130537,11.140000000000327,24.979999999999563,0,0.11999999999989086,0.0500000000001819,0.0,EXPERT
214,428,STOCHEXTREME_ORO_XAUUSD_1751328000,XAUUSD,BUY,2025.12.31 22:52:38,2025.12.31 22:53:38,2025.12.31 22:53:38,1767221618104,4308.47,4308.58,4308.58,0.3,4278.58,4278.58,2026.01.02 02:00:00,1767319200000,4348.68,4348.77,4348.65,TARGET_K80_M30_CLOSE,WIN,PROFIT,1202.1,0.0,-71.15,1130.9499999999998,1202.1,0.0,40.06999999999971,4006.999999999971,1.335666666666657,97582,24.30809155641599,21.6163660297032,29,5,85.35992205025264,64.13831689221506,93.90547987879556,80.85520957017472,1.4600000000000364,42.88000000000011,0,0.10999999999967258,0.09000000000014552,0.0,EXPERT
215,430,STOCHEXTREME_ORO_XAUUSD_1751328000,XAUUSD,BUY,2026.01.02 17:00:00,2026.01.02 17:01:00,2026.01.02 17:01:00,1767373260000,4354.36,4354.47,4354.47,0.32,4324.47,4324.47,2026.01.02 18:04:15,1767377055266,4324.47,4324.57,4324.47,INITIAL_STOP,LOSS,LOSS,-960.0,0.0,0.0,-960.0,-960.0,0.0,-30.0,-3000.0,-1.0,3795,12.650566793142014,11.444681967431245,44,7,0.0,0.0,5.221218438729973,8.476893701717765,29.970000000000255,2.5999999999994543,0,0.11000000000058208,0.0999999999994543,0.0,SL
216,432,STOCHEXTREME_ORO_XAUUSD_1751328000,XAUUSD,SELL,2026.01.02 23:30:00,2026.01.02 23:31:00,2026.01.02 23:31:00,1767396660000,4328.44,4328.49,4328.44,0.3,4358.44,4358.44,2026.01.05 01:03:38,1767575018589,4358.39,4358.46,4358.46,INITIAL_STOP,LOSS,LOSS,-900.6,0.0,12.24,-888.36,-900.6,0.0,-30.020000000000437,-3002.0000000000437,-1.0006666666666812,178358,76.19636410461582,82.88238929212088,16,3,0.0,0.0,81.40147239202064,85.84151874017118,34.88000000000011,0.8299999999999272,0,0.0500000000001819,0.06999999999970896,0.020000000000436557,SL
217,434,STOCHEXTREME_ORO_XAUUSD_1751328000,XAUUSD,BUY,2026.01.05 15:01:31,2026.01.05 15:02:31,2026.01.05 15:02:31,1767625351178,4413.52,4413.62,4413.62,0.28,4383.62,4383.62,2026.01.05 17:30:00,1767634200000,4444.98,4445.04,4444.97,TARGET_K80_M30_CLOSE,WIN,PROFIT,877.8,0.0,0.0,877.8,877.8,0.0,31.350000000000364,3135.0000000000364,1.0450000000000121,8849,23.1672996578135,22.107054353988662,24,4,80.62513626694208,64.77725239290353,83.16441030943547,78.02850377734575,17.220000000000255,42.19000000000051,0,0.0999999999994543,0.06000000000040018,0.0,EXPERT
218,436,STOCHEXTREME_ORO_XAUUSD_1751328000,XAUUSD,SELL,2026.01.05 18:06:23,2026.01.05 18:07:23,2026.01.05 18:07:23,1767636443132,4442.83,4442.89,4442.83,0.3,4472.83,4472.83,2026.01.06 03:00:00,1767668400100,4436.87,4436.92,4436.84,TARGET_K20_M30_CLOSE,WIN,PROFIT,179.7,0.0,12.24,191.94,179.7,0.0,5.989999999999782,598.9999999999782,0.1996666666666594,31957,82.3374291645621,82.7081316020642,35,6,17.79563674929905,29.76574468745173,23.27395025678611,21.1451827666644,17.36999999999989,12.229999999999563,0,0.06000000000040018,0.0500000000001819,0.0,EXPERT
219,437,STOCHEXTREME_ORO_XAUUSD_1751328000,XAUUSD,BUY,2026.01.06 03:00:00,2026.01.06 03:00:00,2026.01.06 03:00:00,1767668400000,4436.79,4436.84,4436.84,0.3,4406.84,4406.84,2026.01.06 05:00:00,1767675600000,4454.93,4454.98,4454.91,TARGET_K80_M30_CLOSE,WIN,PROFIT,542.1,0.0,0.0,542.1,542.1,0.0,18.06999999999971,1806.999999999971,0.6023333333333236,7200,23.140282754697683,21.100626932634924,21,4,91.02813760212184,69.09344095320294,86.25681832586834,82.82359074796867,9.0,24.139999999999418,0,0.0500000000001819,0.049999999999272404,0.0,EXPERT
220,440,STOCHEXTREME_ORO_XAUUSD_1751328000,XAUUSD,BUY,2026.01.06 12:31:28,2026.01.06 12:32:28,2026.01.06 12:32:28,1767702748290,4452.56,4452.67,4452.67,0.32,4422.67,4422.67,2026.01.06 14:00:00,1767708000000,4463.33,4463.41,4463.32,TARGET_K80_M30_CLOSE,WIN,PROFIT,340.8,0.0,0.0,340.8,340.8,0.0,10.649999999999636,1064.9999999999636,0.3549999999999879,5252,22.950781466285722,22.79317296746106,25,4,83.96674044041784,58.94183502632992,93.64711011651453,79.73048383440495,3.949999999999818,11.86999999999989,0,0.10999999999967258,0.07999999999992724,0.0,EXPERT
221,442,STOCHEXTREME_ORO_XAUUSD_1751328000,XAUUSD,SELL,2026.01.06 14:30:39,2026.01.06 14:31:39,2026.01.06 14:31:39,1767709899113,4461.96,4462.06,4461.96,0.32,4491.96,4491.96,2026.01.06 20:16:23,1767730583617,4491.92,4491.97,4491.97,INITIAL_STOP,LOSS,LOSS,-960.32,0.0,0.0,-960.32,-960.32,0.0,-30.01000000000022,-3001.000000000022,-1.0003333333333406,20684,82.35370218455085,86.74929918127589,17,3,0.0,0.0,87.88195683778936,84.98830296429425,29.98999999999978,7.6599999999998545,0,0.1000000000003638,0.0500000000001819,0.010000000000218279,SL
223,445,STOCHEXTREME_ORO_XAUUSD_1751328000,XAUUSD,BUY,2026.01.07 15:00:03,2026.01.07 15:00:03,2026.01.07 15:00:03,1767798003750,4444.18,4444.26,4444.26,0.3,4414.26,4414.26,2026.01.07 19:00:00,1767812400000,4464.31,4464.36,4464.28,TARGET_K80_M30_CLOSE,WIN,PROFIT,600.6,0.0,0.0,600.6,600.6,0.0,20.019999999999527,2001.9999999999527,0.6673333333333176,14397,24.99998133608951,23.122885288332743,29,5,84.62097549828418,73.52124929202839,91.02303755314217,83.19600443233797,20.800000000000182,24.13000000000011,0,0.07999999999992724,0.049999999999272404,0.0,EXPERT
222,444,STOCHEXTREME_ORO_XAUUSD_1751328000,XAUUSD,SELL,2026.01.07 11:00:43,2026.01.07 11:01:43,2026.01.07 11:01:43,1767783703113,4466.45,4466.54,4466.45,0.3,4496.45,4496.45,2026.01.08 05:00:00,1767848400000,4441.30,4441.35,4441.40,TARGET_K20_M30_CLOSE,WIN,PROFIT,751.5,0.0,36.71,788.21,751.5,0.0,25.050000000000182,2505.000000000018,0.8350000000000061,64697,76.26754691455442,77.61515278525987,24,4,19.66792135226471,25.453450682712145,20.314056499427746,21.98830295803141,1.9899999999997817,42.92999999999938,0,0.09000000000014552,0.0500000000001819,0.0,EXPERT
224,448,STOCHEXTREME_ORO_XAUUSD_1751328000,XAUUSD,SELL,2026.01.08 19:05:13,2026.01.08 19:06:13,2026.01.08 19:06:13,1767899173134,4461.08,4461.13,4461.08,0.32,4491.08,4491.08,2026.01.08 21:30:00,1767907800000,4447.73,4447.78,4447.79,TARGET_K20_M30_CLOSE,WIN,PROFIT,425.28,0.0,0.0,425.28,425.28,0.0,13.289999999999964,1328.9999999999964,0.4429999999999988,8627,91.52725197005257,91.6642797798895,31,5,14.329028938565264,37.71291901801828,18.143058936571666,23.293694676884616,3.069999999999709,16.229999999999563,0,0.0500000000001819,0.0500000000001819,0.0,EXPERT
225,450,STOCHEXTREME_ORO_XAUUSD_1751328000,XAUUSD,SELL,2026.01.08 23:30:00,2026.01.08 23:31:00,2026.01.08 23:31:00,1767915060000,4475.32,4475.37,4475.32,0.34,4505.32,4505.32,2026.01.09 03:00:00,1767927600000,4463.43,4463.55,4463.65,TARGET_K20_M30_CLOSE,WIN,PROFIT,396.78,0.0,13.87,410.65,396.78,0.0,11.670000000000073,1167.0000000000073,0.3890000000000024,12540,77.35658966348264,83.55722174760726,20,3,16.514027284271346,31.265226468843327,14.408472684019792,19.73012226387901,8.800000000000182,15.210000000000036,0,0.0500000000001819,0.11999999999989086,0.0,EXPERT
226,452,STOCHEXTREME_ORO_XAUUSD_1751328000,XAUUSD,SELL,2026.01.09 18:00:00,2026.01.09 18:01:00,2026.01.09 18:01:00,1767981660000,4511.68,4511.73,4511.68,0.34,4541.68,4541.68,2026.01.12 01:41:30,1768182090389,4541.64,4541.69,4541.69,INITIAL_STOP,LOSS,LOSS,-1020.34,0.0,13.87,-1006.47,-1020.34,0.0,-30.00999999999931,-3000.999999999931,-1.0003333333333102,200430,90.7105832387881,91.14772848051854,43,7,0.0,0.0,92.60495113101801,89.82207820219178,29.949999999999818,29.99000000000069,0,0.049999999999272404,0.049999999999272404,0.009999999999308784,SL
227,454,STOCHEXTREME_ORO_XAUUSD_1751328000,XAUUSD,SELL,2026.01.12 18:30:00,2026.01.12 18:31:00,2026.01.12 18:31:00,1768242660000,4621.04,4621.09,4621.04,0.32,4651.04,4651.04,2026.01.12 23:30:00,1768260600000,4593.83,4593.88,4593.87,TARGET_K20_M30_CLOSE,WIN,PROFIT,869.44,0.0,0.0,869.44,869.44,0.0,27.170000000000073,2717.0000000000073,0.9056666666666691,17940,80.88537653238575,81.76154654479144,34,6,10.361176859272677,29.29881248566008,9.936929883016175,15.588813111118967,2.230000000000473,29.779999999999745,0,0.0500000000001819,0.0500000000001819,0.0,EXPERT
228,456,STOCHEXTREME_ORO_XAUUSD_1751328000,XAUUSD,BUY,2026.01.12 23:56:37,2026.01.12 23:57:37,2026.01.12 23:57:37,1768262257435,4596.58,4596.98,4596.98,0.34,4566.98,4566.98,2026.01.13 06:00:00,1768284000000,4594.13,4594.18,4594.14,TARGET_K80_M30_CLOSE,WIN,LOSS,-96.56,0.0,-20.16,-116.72,-96.56,0.0,-2.839999999999236,-283.9999999999236,-0.0946666666666412,21743,21.50526430691835,19.444924585753025,17,3,81.29802711703579,65.17220815383773,57.77263626272275,69.61693390937788,21.23999999999978,11.330000000000837,0,0.3999999999996362,0.0500000000001819,0.0,EXPERT
229,458,STOCHEXTREME_ORO_XAUUSD_1751328000,XAUUSD,SELL,2026.01.13 16:32:37,2026.01.13 16:33:37,2026.01.13 16:33:37,1768322017035,4614.79,4614.89,4614.79,0.34,4644.79,4644.79,2026.01.15 01:30:00,1768440600000,4609.08,4609.13,4609.16,TARGET_K20_M30_CLOSE,WIN,PROFIT,191.42,0.0,55.48,246.89999999999998,191.42,0.0,5.630000000000109,563.0000000000109,0.1876666666666703,118583,82.300069253151,82.58130126059245,43,7,17.87438150069568,35.118568631099365,18.594257570508987,24.33129687953858,28.18000000000029,44.76999999999953,0,0.1000000000003638,0.0500000000001819,0.0,EXPERT
230,460,STOCHEXTREME_ORO_XAUUSD_1751328000,XAUUSD,SELL,2026.01.15 13:09:28,2026.01.15 13:10:28,2026.01.15 13:10:28,1768482628032,4619.02,4619.07,4619.02,0.34,4649.02,4649.02,2026.01.15 16:00:00,1768492800000,4587.58,4587.66,4587.59,TARGET_K20_M30_CLOSE,WIN,PROFIT,1068.62,0.0,0.0,1068.62,1068.62,0.0,31.43000000000029,3143.000000000029,1.0476666666666763,10172,84.22531284224512,84.82972743595307,19,3,16.271625483284417,25.665674880274263,13.813742354669921,17.032578266995575,3.9399999999996,36.6200000000008,0,0.049999999999272404,0.07999999999992724,0.0,EXPERT
231,462,STOCHEXTREME_ORO_XAUUSD_1751328000,XAUUSD,BUY,2026.01.15 16:06:38,2026.01.15 16:07:38,2026.01.15 16:07:38,1768493258017,4593.78,4593.85,4593.85,0.36,4563.85,4563.85,2026.01.15 18:00:00,1768500000000,4615.46,4615.52,4615.48,TARGET_K80_M30_CLOSE,WIN,PROFIT,778.68,0.0,0.0,778.68,778.68,0.0,21.6299999999992,2162.99999999992,0.7209999999999733,6742,18.905308421845692,18.729766956054167,44,7,84.32753113571015,66.57911466980623,91.37121808876914,81.9448950389981,1.160000000000764,24.279999999999745,0,0.07000000000061846,0.06000000000040018,0.0,EXPERT
232,464,STOCHEXTREME_ORO_XAUUSD_1751328000,XAUUSD,SELL,2026.01.15 18:30:00,2026.01.15 18:31:00,2026.01.15 18:31:00,1768501860000,4612.55,4612.62,4612.55,0.38,4642.55,4642.55,2026.01.16 12:00:00,1768564800000,4600.69,4600.74,4600.75,TARGET_K20_M30_CLOSE,WIN,PROFIT,448.4,0.0,15.5,463.9,448.4,0.0,11.800000000000182,1180.0000000000182,0.3933333333333394,62940,77.68937168460643,81.90874872366119,37,6,16.602637266525367,35.99051588781904,15.999978098578625,22.719958414929067,8.970000000000255,21.11999999999989,0,0.06999999999970896,0.0500000000001819,0.0,EXPERT
233,466,STOCHEXTREME_ORO_XAUUSD_1751328000,XAUUSD,SELL,2026.01.20 12:00:00,2026.01.20 12:01:00,2026.01.20 12:01:00,1768910460000,4731.50,4731.59,4731.50,0.38,4761.50,4761.50,2026.01.20 19:57:28,1768939048601,4761.47,4761.52,4761.52,INITIAL_STOP,LOSS,LOSS,-1140.76,0.0,0.0,-1140.76,-1140.76,0.0,-30.020000000000437,-3002.0000000000437,-1.0006666666666812,28588,82.23577657578787,85.17726375339076,26,4,0.0,0.0,93.92301858172264,84.55131976915011,29.979999999999563,16.039999999999964,0,0.09000000000014552,0.0500000000001819,0.020000000000436557,SL
234,468,STOCHEXTREME_ORO_XAUUSD_1751328000,XAUUSD,SELL,2026.01.22 19:00:00,2026.01.22 19:01:00,2026.01.22 19:01:00,1769108460000,4876.24,4876.29,4876.24,0.36,4906.24,4906.24,2026.01.22 19:57:42,1769111862290,4906.19,4906.24,4906.24,INITIAL_STOP,LOSS,LOSS,-1080.0,0.0,0.0,-1080.0,-1080.0,0.0,-30.0,-3000.0,-1.0,3402,88.73562027062987,92.20635230849969,34,6,0.0,0.0,94.38874942164576,93.15461521828747,29.960000000000036,6.25,0,0.0500000000001819,0.0500000000001819,0.0,SL
235,470,STOCHEXTREME_ORO_XAUUSD_1751328000,XAUUSD,BUY,2026.01.23 11:00:20,2026.01.23 11:01:20,2026.01.23 11:01:20,1769166080145,4917.70,4917.78,4917.78,0.34,4887.78,4887.78,2026.01.23 13:30:00,1769175000000,4921.13,4921.18,4921.08,TARGET_K80_M30_CLOSE,WIN,PROFIT,112.2,0.0,0.0,112.2,112.2,0.0,3.300000000000182,330.0000000000182,0.11000000000000607,8920,21.02934437537421,20.02685224821485,44,7,82.60300191397255,66.08961098276457,72.72267883417857,75.62763047849889,18.38000000000011,14.710000000000036,0,0.07999999999992724,0.0500000000001819,0.0,EXPERT
236,472,STOCHEXTREME_ORO_XAUUSD_1751328000,XAUUSD,SELL,2026.01.23 13:33:41,2026.01.23 13:34:41,2026.01.23 13:34:41,1769175281284,4923.58,4923.63,4923.58,0.34,4953.58,4953.58,2026.01.23 16:48:31,1769186911294,4953.55,4953.61,4953.61,INITIAL_STOP,LOSS,LOSS,-1021.02,0.0,0.0,-1021.02,-1021.02,0.0,-30.029999999999745,-3002.9999999999745,-1.0009999999999915,11630,75.511840947111,76.55735118280971,29,5,0.0,0.0,82.64190052276098,73.8582805307687,29.970000000000255,5.109999999999673,0,0.0500000000001819,0.05999999999949068,0.02999999999974534,SL
237,474,STOCHEXTREME_ORO_XAUUSD_1751328000,XAUUSD,SELL,2026.01.26 18:19:31,2026.01.26 18:20:31,2026.01.26 18:20:31,1769451631008,5095.45,5095.52,5095.45,0.32,5125.45,5125.45,2026.01.26 22:00:00,1769464800000,5029.27,5029.32,5029.38,TARGET_K20_M30_CLOSE,WIN,PROFIT,2114.24,0.0,0.0,2114.24,2114.24,0.0,66.06999999999971,6606.999999999971,2.2023333333333235,13169,82.95653850522324,83.65491089054198,42,7,17.31408320179936,32.92549740520056,16.863377165173276,20.430319193533816,9.61999999999989,87.10999999999967,0,0.07000000000061846,0.049999999999272404,0.0,EXPERT
238,476,STOCHEXTREME_ORO_XAUUSD_1751328000,XAUUSD,BUY,2026.01.26 22:10:39,2026.01.26 22:11:39,2026.01.26 22:11:39,1769465499148,5050.10,5050.15,5050.15,0.36,5020.15,5020.15,2026.01.26 23:21:24,1769469684380,5020.08,5020.13,5020.08,INITIAL_STOP,LOSS,LOSS,-1082.52,0.0,0.0,-1082.52,-1082.52,0.0,-30.06999999999971,-3006.999999999971,-1.0023333333333235,4185,24.037724482111965,22.821768299180047,44,7,0.0,0.0,36.99296035159859,34.34324014904306,29.98999999999978,12.19000000000051,0,0.049999999999272404,0.0500000000001819,0.06999999999970896,SL
239,478,STOCHEXTREME_ORO_XAUUSD_1751328000,XAUUSD,SELL,2026.01.27 19:00:00,2026.01.27 19:01:00,2026.01.27 19:01:00,1769540460000,5086.33,5086.38,5086.33,0.34,5116.33,5116.33,2026.01.27 22:03:35,1769551415818,5116.36,5116.41,5116.41,INITIAL_STOP,LOSS,LOSS,-1022.72,0.0,0.0,-1022.72,-1022.72,0.0,-30.079999999999927,-3007.9999999999927,-1.0026666666666642,10955,78.03794096927611,81.42874602484427,31,5,0.0,0.0,84.89085289288138,70.93111507868977,29.93000000000029,9.920000000000073,0,0.0500000000001819,0.0500000000001819,0.07999999999992724,SL
240,480,STOCHEXTREME_ORO_XAUUSD_1751328000,XAUUSD,SELL,2026.01.28 23:30:00,2026.01.28 23:31:00,2026.01.28 23:31:00,1769643060000,5382.95,5383.00,5382.95,0.32,5412.95,5412.95,2026.01.28 23:55:29,1769644529999,5412.56,5412.96,5412.96,INITIAL_STOP,LOSS,LOSS,-960.32,0.0,0.0,-960.32,-960.32,0.0,-30.01000000000022,-3001.000000000022,-1.0003333333333406,1469,89.56361289029576,91.41580845975318,44,7,0.0,0.0,93.01134712417625,92.56505320438002,29.890000000000327,0.8400000000001455,0,0.0500000000001819,0.3999999999996362,0.010000000000218279,SL
241,482,STOCHEXTREME_ORO_XAUUSD_1751328000,XAUUSD,SELL,2026.01.29 15:09:39,2026.01.29 15:10:39,2026.01.29 15:10:39,1769699439130,5526.79,5526.87,5526.79,0.3,5556.79,5276.90,2026.01.29 18:00:00,1769709600000,5181.65,5181.71,5181.92,TARGET_K20_M30_CLOSE,WIN,PROFIT,10346.1,0.0,0.0,10346.1,10346.1,0.0,344.8699999999999,34486.999999999985,11.495666666666663,10161,87.41642458615719,88.51472937723948,33,6,14.163929345593298,35.32966785970791,16.52399401884028,23.31736047162865,22.98999999999978,421.53999999999996,2,0.07999999999992724,0.06000000000040018,0.0,EXPERT
242,484,STOCHEXTREME_ORO_XAUUSD_1751328000,XAUUSD,SELL,2026.01.30 01:15:38,2026.01.30 01:16:38,2026.01.30 01:16:38,1769735798023,5417.99,5418.10,5417.99,0.52,5447.99,5447.99,2026.01.30 01:50:42,1769737842816,5447.98,5448.07,5448.07,INITIAL_STOP,LOSS,LOSS,-1564.16,0.0,0.0,-1564.16,-1564.16,0.0,-30.079999999999927,-3007.9999999999927,-1.0026666666666642,2044,77.78523862995648,78.20498239384152,44,7,0.0,0.0,80.75847649449943,79.59454457756522,29.980000000000473,30.449999999999818,0,0.11000000000058208,0.09000000000014552,0.07999999999992724,SL
243,486,STOCHEXTREME_ORO_XAUUSD_1751328000,XAUUSD,BUY,2026.01.30 12:00:27,2026.01.30 12:01:27,2026.01.30 12:01:27,1769774487008,5032.05,5032.13,5032.13,0.48,5002.13,5002.13,2026.01.30 12:08:41,1769774921676,5002.01,5002.09,5002.01,INITIAL_STOP,LOSS,LOSS,-1445.76,0.0,0.0,-1445.76,-1445.76,0.0,-30.11999999999989,-3011.999999999989,-1.0039999999999965,434,24.55907417642698,23.49034102213007,44,7,0.0,0.0,20.463976297589543,22.125308395850926,29.980000000000473,20.88000000000011,0,0.07999999999992724,0.07999999999992724,0.11999999999989086,SL
244,488,STOCHEXTREME_ORO_XAUUSD_1751328000,XAUUSD,BUY,2026.01.30 12:09:38,2026.01.30 12:10:38,2026.01.30 12:10:38,1769775038092,5026.16,5026.25,5026.25,0.46,4996.25,4996.25,2026.01.30 14:00:00,1769781600000,5135.92,5136.02,5136.00,TARGET_K80_M30_CLOSE,WIN,PROFIT,5048.5,0.0,0.0,5048.5,5048.5,0.0,109.75,10975.0,3.658333333333333,6562,23.756140537733444,23.222696475898896,44,7,80.37980766354356,65.5425573504003,87.8825110726978,78.108100487056,3.3100000000004,118.51000000000022,0,0.09000000000014552,0.1000000000003638,0.0,EXPERT
245,490,STOCHEXTREME_ORO_XAUUSD_1751328000,XAUUSD,SELL,2026.02.02 12:20:57,2026.02.02 12:21:57,2026.02.02 12:21:57,1770034917046,4692.79,4692.90,4692.79,0.56,4722.79,4722.79,2026.02.02 13:07:42,1770037662509,4722.71,4722.79,4722.79,INITIAL_STOP,LOSS,LOSS,-1680.0,0.0,0.0,-1680.0,-1680.0,0.0,-30.0,-3000.0,-1.0,2745,91.16468407957029,92.50178567214328,35,6,0.0,0.0,83.56133913756179,86.11058406448878,29.829999999999927,35.590000000000146,0,0.10999999999967258,0.07999999999992724,0.0,SL
246,492,STOCHEXTREME_ORO_XAUUSD_1751328000,XAUUSD,BUY,2026.02.02 18:31:24,2026.02.02 18:32:24,2026.02.02 18:32:24,1770057144062,4661.31,4661.39,4661.39,0.52,4631.39,4631.39,2026.02.02 20:16:15,1770063375331,4631.39,4631.47,4631.39,INITIAL_STOP,LOSS,LOSS,-1560.0,0.0,0.0,-1560.0,-1560.0,0.0,-30.0,-3000.0,-1.0,6231,23.394531001138677,17.78026200556192,44,7,0.0,0.0,43.82729515833432,41.71651296697933,29.920000000000073,52.54999999999927,0,0.07999999999992724,0.07999999999992724,0.0,SL
247,494,STOCHEXTREME_ORO_XAUUSD_1751328000,XAUUSD,BUY,2026.02.04 13:01:30,2026.02.04 13:02:30,2026.02.04 13:02:30,1770210150000,5051.44,5051.52,5051.52,0.5,5021.52,5021.52,2026.02.04 13:17:16,1770211036153,5021.51,5021.62,5021.51,INITIAL_STOP,LOSS,LOSS,-1500.5,0.0,0.0,-1500.5,-1500.5,0.0,-30.01000000000022,-3001.000000000022,-1.0003333333333406,886,24.897461558525308,22.05109446752877,16,3,0.0,0.0,10.748886754213295,17.33490286609143,29.900000000000546,1.519999999999527,0,0.08000000000083674,0.10999999999967258,0.010000000000218279,SL
248,496,STOCHEXTREME_ORO_XAUUSD_1751328000,XAUUSD,BUY,2026.02.04 18:11:29,2026.02.04 18:12:29,2026.02.04 18:12:29,1770228749142,4931.96,4932.04,4932.04,0.46,4902.04,4902.04,2026.02.04 18:21:28,1770229288172,4901.87,4901.96,4901.87,INITIAL_STOP,LOSS,LOSS,-1387.82,0.0,0.0,-1387.82,-1387.82,0.0,-30.170000000000073,-3017.0000000000073,-1.0056666666666692,539,16.769249500660035,15.820257603429814,34,6,0.0,0.0,11.130206271359098,13.94057652699617,29.98999999999978,8.239999999999782,0,0.07999999999992724,0.09000000000014552,0.17000000000007276,SL
249,498,STOCHEXTREME_ORO_XAUUSD_1751328000,XAUUSD,BUY,2026.02.05 12:34:26,2026.02.05 12:35:26,2026.02.05 12:35:26,1770294926147,4864.35,4864.43,4864.43,0.44,4834.43,4834.43,2026.02.05 14:13:41,1770300821420,4834.39,4834.47,4834.39,INITIAL_STOP,LOSS,LOSS,-1321.76,0.0,0.0,-1321.76,-1321.76,0.0,-30.039999999999964,-3003.9999999999964,-1.001333333333332,5895,20.881392453932815,19.490600391930865,20,3,0.0,0.0,44.491412646500116,56.576343460133245,29.970000000000255,30.00999999999931,0,0.07999999999992724,0.07999999999992724,0.03999999999996362,SL
250,500,STOCHEXTREME_ORO_XAUUSD_1751328000,XAUUSD,BUY,2026.02.05 22:32:02,2026.02.05 22:33:02,2026.02.05 22:33:02,1770330782158,4820.97,4821.05,4821.05,0.4,4791.05,4791.05,2026.02.05 23:33:30,1770334410514,4791.03,4791.14,4791.03,INITIAL_STOP,LOSS,LOSS,-1200.8,0.0,0.0,-1200.8,-1200.8,0.0,-30.020000000000437,-3002.0000000000437,-1.0006666666666812,3628,20.923952229026188,20.447172505295555,19,3,0.0,0.0,16.497705364179627,21.712464951858163,29.800000000000182,4.989999999999782,0,0.07999999999992724,0.11000000000058208,0.020000000000436557,SL
251,502,STOCHEXTREME_ORO_XAUUSD_1751328000,XAUUSD,SELL,2026.02.06 14:10:38,2026.02.06 14:11:38,2026.02.06 14:11:38,1770387098202,4892.48,4892.57,4892.48,0.38,4922.48,4922.48,2026.02.06 15:01:39,1770390099578,4922.43,4922.53,4922.53,INITIAL_STOP,LOSS,LOSS,-1141.9,0.0,0.0,-1141.9,-1141.9,0.0,-30.050000000000182,-3005.000000000018,-1.0016666666666727,3001,81.51922209729695,82.28056811710756,16,3,0.0,0.0,74.76135994868653,70.63044808406548,29.82000000000062,20.609999999999673,0,0.09000000000014552,0.0999999999994543,0.0500000000001819,SL
252,504,STOCHEXTREME_ORO_XAUUSD_1751328000,XAUUSD,BUY,2026.02.09 13:00:59,2026.02.09 13:01:59,2026.02.09 13:01:59,1770642119117,4994.17,4994.28,4994.28,0.36,4964.28,4964.28,2026.02.09 17:30:00,1770658200000,5033.54,5033.62,5033.50,TARGET_K80_M30_CLOSE,WIN,PROFIT,1411.92,0.0,0.0,1411.92,1411.92,0.0,39.220000000000255,3922.0000000000255,1.307333333333342,16081,21.215772349974984,20.303663995145083,20,3,86.47510080082616,68.01660040801671,80.31358266908566,80.1897933685292,4.019999999999527,47.92000000000007,0,0.10999999999967258,0.07999999999992724,0.0,EXPERT
253,505,STOCHEXTREME_ORO_XAUUSD_1751328000,XAUUSD,SELL,2026.02.09 15:03:41,2026.02.09 15:03:41,2026.02.09 15:03:41,1770649421422,5018.46,5018.56,5018.46,0.36,5048.46,5048.46,2026.02.09 17:33:31,1770658411999,5048.40,5048.48,5048.48,INITIAL_STOP,LOSS,LOSS,-1080.72,0.0,0.0,-1080.72,-1080.72,0.0,-30.019999999999527,-3001.9999999999527,-1.0006666666666508,8990,75.25248360705899,76.76302081916457,16,3,0.0,0.0,90.6304756879086,83.62875770813685,29.899999999999636,23.18000000000029,0,0.1000000000003638,0.07999999999992724,0.019999999999527063,SL
254,508,STOCHEXTREME_ORO_XAUUSD_1751328000,XAUUSD,BUY,2026.02.10 18:41:28,2026.02.10 18:42:28,2026.02.10 18:42:28,1770748948030,5015.57,5015.68,5015.68,0.36,4985.68,4985.68,2026.02.11 06:00:00,1770789600000,5054.46,5054.54,5054.48,TARGET_K80_M30_CLOSE,WIN,PROFIT,1396.8,0.0,-21.34,1375.46,1396.8,0.0,38.79999999999927,3879.9999999999272,1.293333333333309,40652,24.250066124053486,23.633488597534583,23,4,84.30775848196252,79.39583337661774,73.49327948702204,77.95226289511038,10.760000000000218,45.13999999999942,0,0.11000000000058208,0.07999999999992724,0.0,EXPERT
255,510,STOCHEXTREME_ORO_XAUUSD_1751328000,XAUUSD,SELL,2026.02.11 14:01:29,2026.02.11 14:02:29,2026.02.11 14:02:29,1770818549150,5109.21,5109.30,5109.21,0.4,5139.21,5139.21,2026.02.12 06:30:00,1770877800000,5056.21,5056.29,5056.28,TARGET_K20_M30_CLOSE,WIN,PROFIT,2117.2,0.0,48.95,2166.1499999999996,2117.2,0.0,52.93000000000029,5293.000000000029,1.764333333333343,59251,87.36764094977984,89.25978527714229,18,3,19.599978920932617,36.88339747707561,22.096479810200492,25.29604824792435,0.09000000000014552,90.22000000000025,0,0.09000000000014552,0.07999999999992724,0.0,EXPERT
256,512,STOCHEXTREME_ORO_XAUUSD_1751328000,XAUUSD,SELL,2026.02.13 11:01:27,2026.02.13 11:02:27,2026.02.13 11:02:27,1770980547176,4980.21,4980.29,4980.21,0.44,5010.21,5010.21,2026.02.13 16:33:40,1771000420408,5010.11,5010.21,5010.21,INITIAL_STOP,LOSS,LOSS,-1320.0,0.0,0.0,-1320.0,-1320.0,0.0,-30.0,-3000.0,-1.0,19873,75.32467686464442,76.93058782076979,26,4,0.0,0.0,91.29246813111472,85.96041644881832,29.920000000000073,46.289999999999964,0,0.07999999999992724,0.1000000000003638,0.0,SL
257,514,STOCHEXTREME_ORO_XAUUSD_1751328000,XAUUSD,SELL,2026.02.13 16:37:39,2026.02.13 16:38:39,2026.02.13 16:38:39,1771000719000,4994.30,4994.40,4994.30,0.42,5024.30,5024.30,2026.02.13 18:27:58,1771007278878,5024.22,5024.32,5024.32,INITIAL_STOP,LOSS,LOSS,-1260.84,0.0,0.0,-1260.84,-1260.84,0.0,-30.019999999999527,-3001.9999999999527,-1.0006666666666508,6559,81.89512390231008,82.8279683725501,38,6,0.0,0.0,75.97760840218727,78.42291117157187,29.98999999999978,29.840000000000146,0,0.0999999999994543,0.0999999999994543,0.019999999999527063,SL
258,516,STOCHEXTREME_ORO_XAUUSD_1751328000,XAUUSD,SELL,2026.02.16 11:04:21,2026.02.16 11:05:21,2026.02.16 11:05:21,1771239921176,5012.52,5012.58,5012.52,0.38,5042.52,5042.52,2026.02.17 03:00:00,1771297200000,4936.56,4936.62,4936.63,TARGET_K20_M30_CLOSE,WIN,PROFIT,2883.82,0.0,15.5,2899.32,2883.82,0.0,75.89000000000033,7589.000000000033,2.5296666666666776,57279,75.10965865353374,75.83921295244899,16,3,14.14866283038836,29.719631202147752,6.42959683193002,17.547221712868392,4.819999999999709,80.18000000000029,0,0.05999999999949068,0.05999999999949068,0.0,EXPERT
259,518,STOCHEXTREME_ORO_XAUUSD_1751328000,XAUUSD,SELL,2026.02.18 16:00:00,2026.02.18 16:01:00,2026.02.18 16:01:00,1771430460000,4954.59,4954.65,4954.59,0.44,4984.59,4984.59,2026.02.18 16:38:39,1771432719331,4984.55,4984.65,4984.65,INITIAL_STOP,LOSS,LOSS,-1322.64,0.0,0.0,-1322.64,-1322.64,0.0,-30.05999999999949,-3005.999999999949,-1.0019999999999831,2259,82.07967586092991,84.07989512748178,29,5,0.0,0.0,86.984257323677,86.45102788633118,29.979999999999563,2.25,0,0.05999999999949068,0.0999999999994543,0.05999999999949068,SL
260,520,STOCHEXTREME_ORO_XAUUSD_1751328000,XAUUSD,BUY,2026.02.18 21:59:57,2026.02.18 22:00:57,2026.02.18 22:00:57,1771452057163,4981.94,4982.00,4982.00,0.42,4952.00,4952.00,2026.02.19 07:00:00,1771484400000,4984.25,4984.31,4984.26,TARGET_K80_M30_CLOSE,WIN,PROFIT,94.92,0.0,-74.7,20.22,94.92,0.0,2.2600000000002183,226.00000000002183,0.07533333333334061,32343,24.69786860030703,22.938328614461025,29,5,84.9668886681797,67.98580243620285,83.63451463122551,77.81666425884077,21.140000000000327,6.680000000000291,0,0.06000000000040018,0.06000000000040018,0.0,EXPERT
261,522,STOCHEXTREME_ORO_XAUUSD_1751328000,XAUUSD,BUY,2026.02.19 12:56:18,2026.02.19 12:57:18,2026.02.19 12:57:18,1771505838620,4990.01,4990.07,4990.07,0.42,4960.07,4960.07,2026.02.19 18:00:00,1771524000000,5014.08,5014.14,5014.09,TARGET_K80_M30_CLOSE,WIN,PROFIT,1008.84,0.0,0.0,1008.84,1008.84,0.0,24.020000000000437,2402.0000000000437,0.8006666666666812,18162,17.706758213849593,17.38418755917016,19,3,91.45630681302775,77.27196001030985,90.32712632196917,84.24871173450568,25.98999999999978,32.18000000000029,0,0.05999999999949068,0.06000000000040018,0.0,EXPERT
262,524,STOCHEXTREME_ORO_XAUUSD_1751328000,XAUUSD,SELL,2026.02.19 18:27:18,2026.02.19 18:28:18,2026.02.19 18:28:18,1771525698235,4996.25,4996.35,4996.25,0.44,5026.25,5026.25,2026.02.19 20:30:00,1771533000000,4978.02,4978.08,4978.12,TARGET_K20_M30_CLOSE,WIN,PROFIT,797.72,0.0,0.0,797.72,797.72,0.0,18.13000000000011,1813.000000000011,0.6043333333333369,7302,80.10994679071028,80.84298522408604,32,5,8.315476958227585,24.71545398350641,6.298628838994922,12.978531450812193,12.710000000000036,20.109999999999673,0,0.1000000000003638,0.05999999999949068,0.0,EXPERT
263,526,STOCHEXTREME_ORO_XAUUSD_1751328000,XAUUSD,SELL,2026.02.19 23:02:35,2026.02.19 23:03:35,2026.02.19 23:03:35,1771542215250,5000.43,5000.49,5000.43,0.46,5030.43,5030.43,2026.02.20 06:00:00,1771567200100,4988.10,4988.15,4988.25,TARGET_K20_M30_CLOSE,WIN,PROFIT,560.28,0.0,18.76,579.04,560.28,0.0,12.180000000000291,1218.000000000029,0.4060000000000097,24985,87.75373607958751,89.32176911089017,16,3,17.96290681127638,23.626359284622954,20.981927367486225,20.36472755095416,14.409999999999854,18.57000000000062,0,0.05999999999949068,0.049999999999272404,0.0,EXPERT
264,527,STOCHEXTREME_ORO_XAUUSD_1751328000,XAUUSD,BUY,2026.02.20 06:00:00,2026.02.20 06:00:00,2026.02.20 06:00:00,1771567200000,4988.20,4988.25,4988.25,0.46,4958.25,4958.25,2026.02.20 08:00:00,1771574400000,5012.07,5012.12,5012.06,TARGET_K80_M30_CLOSE,WIN,PROFIT,1095.26,0.0,0.0,1095.26,1095.26,0.0,23.8100000000004,2381.00000000004,0.79366666666668,7200,21.11173006738168,20.40799511758598,29,5,86.66962533869129,74.88545264197974,92.1891058581715,85.49303369818216,1.5100000000002183,23.8100000000004,0,0.0500000000001819,0.0500000000001819,0.0,EXPERT
265,530,STOCHEXTREME_ORO_XAUUSD_1751328000,XAUUSD,SELL,2026.02.20 17:17:15,2026.02.20 17:18:15,2026.02.20 17:18:15,1771607895147,5034.42,5034.49,5034.42,0.48,5064.42,5064.42,2026.02.20 18:32:40,1771612360941,5064.37,5064.44,5064.44,INITIAL_STOP,LOSS,LOSS,-1440.96,0.0,0.0,-1440.96,-1440.96,0.0,-30.019999999999527,-3001.9999999999527,-1.0006666666666508,4465,77.07197373245168,83.11490981681554,44,7,0.0,0.0,85.66484517304207,74.34980215910092,29.920000000000073,22.840000000000146,0,0.06999999999970896,0.06999999999970896,0.019999999999527063,SL
266,532,STOCHEXTREME_ORO_XAUUSD_1751328000,XAUUSD,SELL,2026.02.23 12:30:27,2026.02.23 12:31:27,2026.02.23 12:31:27,1771849887118,5151.11,5151.16,5151.11,0.46,5181.11,5181.11,2026.02.23 16:37:38,1771864658990,5181.05,5181.15,5181.15,INITIAL_STOP,LOSS,LOSS,-1381.84,0.0,0.0,-1381.84,-1381.84,0.0,-30.039999999999964,-3003.9999999999964,-1.001333333333332,14771,86.44015527546439,89.19777423424348,22,4,0.0,0.0,70.60014292762847,53.88896750421828,29.99000000000069,9.549999999999272,0,0.0500000000001819,0.0999999999994543,0.03999999999996362,SL
267,534,STOCHEXTREME_ORO_XAUUSD_1751328000,XAUUSD,SELL,2026.02.23 18:00:00,2026.02.23 18:01:00,2026.02.23 18:01:00,1771869660000,5191.56,5191.66,5191.56,0.44,5221.56,5221.56,2026.02.23 22:03:41,1771884221404,5221.53,5221.58,5221.58,INITIAL_STOP,LOSS,LOSS,-1320.88,0.0,0.0,-1320.88,-1320.88,0.0,-30.019999999999527,-3001.9999999999527,-1.0006666666666508,14561,85.1592033517659,88.29178845266706,44,7,0.0,0.0,79.59742181956538,70.80624536481129,29.979999999999563,15.460000000000036,0,0.0999999999994543,0.0500000000001819,0.019999999999527063,SL
268,536,STOCHEXTREME_ORO_XAUUSD_1751328000,XAUUSD,BUY,2026.02.24 16:32:31,2026.02.24 16:33:31,2026.02.24 16:33:31,1771950811093,5119.88,5119.97,5119.97,0.4,5089.97,5089.97,2026.02.24 19:00:00,1771959600100,5141.91,5141.96,5141.90,TARGET_K80_M30_CLOSE,WIN,PROFIT,877.2,0.0,0.0,877.2,877.2,0.0,21.92999999999938,2192.999999999938,0.7309999999999793,8789,21.412642309172526,20.935216229278243,44,7,82.36774066285484,73.07248711230953,76.72578735690429,78.03941836855635,5.0600000000004,35.36999999999989,0,0.09000000000014552,0.0500000000001819,0.0,EXPERT
269,537,STOCHEXTREME_ORO_XAUUSD_1751328000,XAUUSD,SELL,2026.02.24 19:00:00,2026.02.24 19:00:00,2026.02.24 19:00:00,1771959600000,5141.90,5141.95,5141.90,0.4,5171.90,5171.90,2026.02.24 22:35:30,1771972530893,5171.87,5171.92,5171.92,INITIAL_STOP,LOSS,LOSS,-1200.8,0.0,0.0,-1200.8,-1200.8,0.0,-30.020000000000437,-3002.0000000000437,-1.0006666666666812,12930,76.71844035815312,78.03696936897263,35,6,0.0,0.0,74.74249983680035,54.132538399250905,29.980000000000473,0.049999999999272404,0,0.0500000000001819,0.0500000000001819,0.020000000000436557,SL
270,540,STOCHEXTREME_ORO_XAUUSD_1751328000,XAUUSD,SELL,2026.02.25 15:30:00,2026.02.25 15:31:00,2026.02.25 15:31:00,1772033460000,5187.25,5187.30,5187.25,0.4,5217.25,5217.25,2026.02.25 19:11:38,1772046698901,5217.20,5217.25,5217.25,INITIAL_STOP,LOSS,LOSS,-1200.0,0.0,0.0,-1200.0,-1200.0,0.0,-30.0,-3000.0,-1.0,13238,80.57756624850744,82.51153100277124,23,4,0.0,0.0,96.87790357227675,87.55601990168371,29.970000000000255,28.01000000000022,0,0.0500000000001819,0.0500000000001819,0.0,SL
271,542,STOCHEXTREME_ORO_XAUUSD_1751328000,XAUUSD,BUY,2026.02.26 14:00:16,2026.02.26 14:01:16,2026.02.26 14:01:16,1772114476080,5166.52,5166.60,5166.60,0.38,5136.60,5136.60,2026.02.26 17:27:38,1772126858400,5136.39,5136.49,5136.39,INITIAL_STOP,LOSS,LOSS,-1147.98,0.0,0.0,-1147.98,-1147.98,0.0,-30.210000000000036,-3021.0000000000036,-1.0070000000000012,12382,24.912011717579905,24.5770487024224,19,3,0.0,0.0,31.481973746412034,38.24684695833803,29.970000000000255,21.199999999999818,0,0.07999999999992724,0.0999999999994543,0.21000000000003638,SL
272,544,STOCHEXTREME_ORO_XAUUSD_1751328000,XAUUSD,SELL,2026.02.26 22:32:29,2026.02.26 22:33:29,2026.02.26 22:33:29,1772145209162,5194.07,5194.12,5194.07,0.36,5224.07,5224.07,2026.02.27 01:30:00,1772155800000,5184.22,5184.27,5184.24,TARGET_K20_M30_CLOSE,WIN,PROFIT,353.88,0.0,14.69,368.57,353.88,0.0,9.829999999999927,982.9999999999927,0.3276666666666642,10591,76.43805942406662,78.39207219341705,19,3,19.6838914286092,37.01608303390456,26.1434759051692,26.875578167419366,7.100000000000364,18.329999999999927,0,0.0500000000001819,0.0500000000001819,0.0,EXPERT
273,546,STOCHEXTREME_ORO_XAUUSD_1751328000,XAUUSD,SELL,2026.02.27 14:30:39,2026.02.27 14:31:39,2026.02.27 14:31:39,1772202699259,5185.87,5185.97,5185.87,0.36,5215.87,5215.87,2026.02.27 15:15:27,1772205327722,5215.85,5215.96,5215.96,INITIAL_STOP,LOSS,LOSS,-1083.24,0.0,0.0,-1083.24,-1083.24,0.0,-30.090000000000146,-3009.0000000000146,-1.0030000000000048,2628,81.77640520501134,82.0000978109623,16,3,0.0,0.0,85.85853080887752,85.47676074781263,29.98999999999978,2.7399999999997817,0,0.1000000000003638,0.10999999999967258,0.09000000000014552,SL
274,548,STOCHEXTREME_ORO_XAUUSD_1751328000,XAUUSD,BUY,2026.03.02 18:29:03,2026.03.02 18:30:03,2026.03.02 18:30:03,1772476203063,5310.64,5310.69,5310.69,0.34,5280.69,5280.69,2026.03.02 22:00:00,1772488800000,5330.51,5330.57,5330.52,TARGET_K80_M30_CLOSE,WIN,PROFIT,674.22,0.0,0.0,674.22,674.22,0.0,19.830000000000837,1983.0000000000837,0.6610000000000279,12597,24.011257440437372,21.211754032728294,44,7,92.91396283225686,76.68836376678782,92.87251720053776,87.40207682479489,29.8799999999992,23.57000000000062,0,0.049999999999272404,0.05999999999949068,0.0,EXPERT
275,550,STOCHEXTREME_ORO_XAUUSD_1751328000,XAUUSD,SELL,2026.03.02 22:30:00,2026.03.02 22:31:00,2026.03.02 22:31:00,1772490660000,5335.94,5335.99,5335.94,0.34,5365.94,5365.94,2026.03.03 03:07:17,1772507237980,5365.91,5365.96,5365.96,INITIAL_STOP,LOSS,LOSS,-1020.68,0.0,13.87,-1006.81,-1020.68,0.0,-30.020000000000437,-3002.0000000000437,-1.0006666666666812,16577,83.79714363488614,88.39988503077656,44,7,0.0,0.0,89.40985224685436,87.10754703917443,29.94000000000051,13.8799999999992,0,0.0500000000001819,0.0500000000001819,0.020000000000436557,SL
276,552,STOCHEXTREME_ORO_XAUUSD_1751328000,XAUUSD,BUY,2026.03.03 14:00:00,2026.03.03 14:01:00,2026.03.03 14:01:00,1772546460000,5150.65,5150.74,5150.74,0.32,5120.74,5120.74,2026.03.03 16:31:38,1772555498646,5120.67,5120.77,5120.67,INITIAL_STOP,LOSS,LOSS,-962.24,0.0,0.0,-962.24,-962.24,0.0,-30.06999999999971,-3006.999999999971,-1.0023333333333235,9038,22.940853847160017,21.69237647930909,44,7,0.0,0.0,36.311052075185664,43.97289827592584,29.86999999999989,76.05000000000018,0,0.09000000000014552,0.1000000000003638,0.06999999999970896,SL
277,554,STOCHEXTREME_ORO_XAUUSD_1751328000,XAUUSD,BUY,2026.03.04 17:41:41,2026.03.04 17:42:41,2026.03.04 17:42:41,1772646161012,5146.46,5146.52,5146.52,0.32,5116.52,5116.52,2026.03.04 20:20:26,1772655626903,5116.50,5116.55,5116.50,INITIAL_STOP,LOSS,LOSS,-960.64,0.0,0.0,-960.64,-960.64,0.0,-30.020000000000437,-3002.0000000000437,-1.0006666666666812,9465,23.563159864559946,21.39422370769805,43,7,0.0,0.0,24.226840939932227,29.793208137185484,29.910000000000764,16.149999999999636,0,0.06000000000040018,0.0500000000001819,0.020000000000436557,SL
278,556,STOCHEXTREME_ORO_XAUUSD_1751328000,XAUUSD,BUY,2026.03.05 19:02:19,2026.03.05 19:03:19,2026.03.05 19:03:19,1772737399056,5081.25,5081.30,5081.30,0.3,5051.30,5051.30,2026.03.05 20:03:15,1772740995815,5051.21,5051.26,5051.21,INITIAL_STOP,LOSS,LOSS,-902.7,0.0,0.0,-902.7,-902.7,0.0,-30.090000000000146,-3009.0000000000146,-1.0030000000000048,3596,24.789080553640105,24.403500849722004,34,6,0.0,0.0,19.645700636942543,25.13582397178654,29.98999999999978,8.25,0,0.0500000000001819,0.0500000000001819,0.09000000000014552,SL
279,558,STOCHEXTREME_ORO_XAUUSD_1751328000,XAUUSD,BUY,2026.03.06 12:30:00,2026.03.06 12:31:00,2026.03.06 12:31:00,1772800260000,5087.70,5087.75,5087.75,0.28,5057.75,5057.75,2026.03.06 17:30:00,1772818200000,5162.23,5162.28,5162.13,TARGET_K80_M30_CLOSE,WIN,PROFIT,2082.64,0.0,0.0,2082.64,2082.64,0.0,74.38000000000011,7438.000000000011,2.479333333333337,17940,24.320175735381643,23.215985000970758,25,4,82.96549271048562,64.8562892423469,93.04188672571031,79.84947485281774,24.850000000000364,83.8100000000004,0,0.0500000000001819,0.0500000000001819,0.0,EXPERT
280,560,STOCHEXTREME_ORO_XAUUSD_1751328000,XAUUSD,SELL,2026.03.06 18:00:00,2026.03.06 18:01:00,2026.03.06 18:01:00,1772820060000,5141.50,5141.60,5141.50,0.32,5171.50,5171.50,2026.03.06 21:15:40,1772831740327,5171.45,5171.50,5171.50,INITIAL_STOP,LOSS,LOSS,-960.0,0.0,0.0,-960.0,-960.0,0.0,-30.0,-3000.0,-1.0,11680,77.36903353173976,82.34315142817623,34,6,0.0,0.0,90.8356560586579,75.73475516462763,29.970000000000255,15.4399999999996,0,0.1000000000003638,0.0500000000001819,0.0,SL
281,562,STOCHEXTREME_ORO_XAUUSD_1751328000,XAUUSD,BUY,2026.03.09 14:30:25,2026.03.09 14:31:25,2026.03.09 14:31:25,1773066685199,5089.04,5089.09,5089.09,0.3,5059.09,5059.09,2026.03.09 22:30:00,1773095400000,5139.36,5139.41,5139.35,TARGET_K80_M30_CLOSE,WIN,PROFIT,1507.8,0.0,0.0,1507.8,1507.8,0.0,50.26000000000022,5026.000000000022,1.6753333333333407,28715,15.350215474339562,14.894326072664617,24,4,91.39935551636775,69.6505020463699,92.43433976128013,84.83257908396514,27.829999999999927,54.279999999999745,0,0.0500000000001819,0.0500000000001819,0.0,EXPERT
282,564,STOCHEXTREME_ORO_XAUUSD_1751328000,XAUUSD,SELL,2026.03.09 23:04:19,2026.03.09 23:05:19,2026.03.09 23:05:19,1773097519285,5140.04,5140.09,5140.04,0.32,5170.04,5170.04,2026.03.10 04:49:37,1773118177272,5170.00,5170.05,5170.05,INITIAL_STOP,LOSS,LOSS,-960.32,0.0,13.05,-947.2700000000001,-960.32,0.0,-30.01000000000022,-3001.000000000022,-1.0003333333333406,20658,91.52268523346409,92.06609303160126,25,4,0.0,0.0,67.28934085457747,44.182088050584866,29.949999999999818,22.51000000000022,0,0.0500000000001819,0.0500000000001819,0.010000000000218279,SL
283,566,STOCHEXTREME_ORO_XAUUSD_1751328000,XAUUSD,SELL,2026.03.10 17:16:37,2026.03.10 17:17:37,2026.03.10 17:17:37,1773163057218,5207.64,5207.70,5207.64,0.3,5237.64,5237.64,2026.03.10 18:45:38,1773168338139,5237.62,5237.67,5237.67,INITIAL_STOP,LOSS,LOSS,-900.9,0.0,0.0,-900.9,-900.9,0.0,-30.029999999999745,-3002.9999999999745,-1.0009999999999915,5281,75.14044346532688,79.97005593848951,44,7,0.0,0.0,81.2199216312825,71.77218302266053,29.979999999999563,4.680000000000291,0,0.05999999999949068,0.0500000000001819,0.02999999999974534,SL
284,568,STOCHEXTREME_ORO_XAUUSD_1751328000,XAUUSD,SELL,2026.03.11 23:02:44,2026.03.11 23:03:44,2026.03.11 23:03:44,1773270224028,5179.25,5179.30,5179.25,0.28,5209.25,5209.25,2026.03.12 02:00:00,1773280800000,5138.44,5138.49,5138.56,TARGET_K20_M30_CLOSE,WIN,PROFIT,1139.32,0.0,34.27,1173.59,1139.32,0.0,40.6899999999996,4068.99999999996,1.35633333333332,10576,85.01048487661646,85.10785356355858,16,3,16.512650958541055,34.22216572726246,19.114129420925305,22.137178503474104,4.5900000000001455,49.27000000000044,0,0.0500000000001819,0.0500000000001819,0.0,EXPERT
285,570,STOCHEXTREME_ORO_XAUUSD_1751328000,XAUUSD,SELL,2026.03.12 10:32:05,2026.03.12 10:33:05,2026.03.12 10:33:05,1773311585128,5171.03,5171.09,5171.03,0.32,5201.03,5201.03,2026.03.12 18:00:00,1773338400000,5142.63,5142.68,5142.63,TARGET_K20_M30_CLOSE,WIN,PROFIT,908.8,0.0,0.0,908.8,908.8,0.0,28.399999999999636,2839.9999999999636,0.9466666666666546,26815,88.71096704004742,89.4491582202583,16,3,12.35634192491946,27.63755278224321,11.142516483572608,15.902657974412298,20.730000000000473,32.529999999999745,0,0.06000000000040018,0.0500000000001819,0.0,EXPERT
286,572,STOCHEXTREME_ORO_XAUUSD_1751328000,XAUUSD,BUY,2026.03.12 22:03:32,2026.03.12 22:04:32,2026.03.12 22:04:32,1773353072167,5088.20,5088.25,5088.25,0.34,5058.25,5058.25,2026.03.12 23:30:40,1773358240239,5058.09,5058.14,5058.09,INITIAL_STOP,LOSS,LOSS,-1025.44,0.0,0.0,-1025.44,-1025.44,0.0,-30.159999999999854,-3015.9999999999854,-1.0053333333333285,5168,13.327303012313036,11.553574298012277,25,4,0.0,0.0,5.889762811847109,12.19829662294861,29.970000000000255,8.590000000000146,0,0.0500000000001819,0.0500000000001819,0.15999999999985448,SL
287,574,STOCHEXTREME_ORO_XAUUSD_1751328000,XAUUSD,BUY,2026.03.12 23:42:20,2026.03.12 23:43:20,2026.03.12 23:43:20,1773359000000,5071.75,5072.15,5072.15,0.3,5042.15,5042.15,2026.03.13 02:30:00,1773369000000,5094.16,5094.22,5094.15,TARGET_K80_M30_CLOSE,WIN,PROFIT,660.0,0.0,-17.79,642.21,660.0,0.0,22.0,2200.0,0.7333333333333333,10000,17.14245968347584,15.949195580158184,32,5,92.80514919662001,71.56096090319666,89.4286837292429,86.53890038001497,1.6700000000000728,27.25,0,0.3999999999996362,0.06000000000040018,0.0,EXPERT
288,576,STOCHEXTREME_ORO_XAUUSD_1751328000,XAUUSD,SELL,2026.03.13 15:41:42,2026.03.13 15:42:42,2026.03.13 15:42:42,1773416562200,5109.89,5109.94,5109.89,0.32,5139.89,5139.89,2026.03.13 18:00:00,1773424800000,5041.23,5041.32,5041.38,TARGET_K20_M30_CLOSE,WIN,PROFIT,2192.32,0.0,0.0,2192.32,2192.32,0.0,68.51000000000022,6851.000000000022,2.283666666666674,8238,86.37152189003014,88.27204566379199,25,4,18.416929136822088,39.16461329233718,9.782022307403645,21.80312246591305,12.029999999999745,73.89000000000033,0,0.049999999999272404,0.09000000000014552,0.0,EXPERT
289,578,STOCHEXTREME_ORO_XAUUSD_1751328000,XAUUSD,BUY,2026.03.13 23:38:27,2026.03.13 23:39:27,2026.03.13 23:39:27,1773445167378,5018.88,5018.93,5018.93,0.36,4988.93,4988.93,2026.03.16 02:20:37,1773627637118,4988.82,4988.87,4988.82,INITIAL_STOP,LOSS,LOSS,-1083.96,0.0,-21.34,-1105.3,-1083.96,0.0,-30.110000000000582,-3011.000000000058,-1.003666666666686,182470,15.155729104130637,14.92255376569967,24,4,0.0,0.0,26.12764281716255,26.5391386994205,29.890000000000327,11.63000000000011,0,0.0500000000001819,0.0500000000001819,0.11000000000058208,SL
290,580,STOCHEXTREME_ORO_XAUUSD_1751328000,XAUUSD,BUY,2026.03.16 11:30:00,2026.03.16 11:31:00,2026.03.16 11:31:00,1773660660000,4995.64,4995.74,4995.74,0.34,4965.74,4965.74,2026.03.16 14:30:00,1773671400000,5019.33,5019.39,5019.34,TARGET_K80_M30_CLOSE,WIN,PROFIT,802.4,0.0,0.0,802.4,802.4,0.0,23.600000000000364,2360.0000000000364,0.7866666666666788,10740,14.563623719720368,14.261869723205075,35,6,80.35083513953246,54.257139802783335,94.98291600926355,75.77337705858305,25.48999999999978,26.94000000000051,0,0.0999999999994543,0.06000000000040018,0.0,EXPERT
291,582,STOCHEXTREME_ORO_XAUUSD_1751328000,XAUUSD,SELL,2026.03.16 15:19:28,2026.03.16 15:20:28,2026.03.16 15:20:28,1773674428101,5014.34,5014.43,5014.34,0.36,5044.34,5044.34,2026.03.16 19:00:00,1773687600000,4987.01,4987.06,4987.10,TARGET_K20_M30_CLOSE,WIN,PROFIT,980.64,0.0,0.0,980.64,980.64,0.0,27.23999999999978,2723.999999999978,0.9079999999999927,13172,76.34941827198135,79.19606187762325,31,5,11.708335853645787,29.80115352380928,8.12915339418449,15.181310539393811,23.6899999999996,30.360000000000582,0,0.09000000000014552,0.0500000000001819,0.0,EXPERT
292,584,STOCHEXTREME_ORO_XAUUSD_1751328000,XAUUSD,SELL,2026.03.16 22:32:28,2026.03.16 22:33:28,2026.03.16 22:33:28,1773700408343,5010.57,5010.62,5010.57,0.38,5040.57,5040.57,2026.03.17 02:00:00,1773712800000,5002.19,5002.24,5002.26,TARGET_K20_M30_CLOSE,WIN,PROFIT,315.78,0.0,15.5,331.28,315.78,0.0,8.30999999999949,830.9999999999491,0.27699999999998304,12392,75.29793143707364,79.75015300982797,24,4,14.52869318047751,26.146466479348106,18.17771782609525,19.45279704744181,11.280000000000655,11.909999999999854,0,0.0500000000001819,0.0500000000001819,0.0,EXPERT
293,586,STOCHEXTREME_ORO_XAUUSD_1751328000,XAUUSD,BUY,2026.03.17 10:02:26,2026.03.17 10:03:26,2026.03.17 10:03:26,1773741806363,5013.96,5014.02,5014.02,0.38,4984.02,4984.02,2026.03.17 18:36:39,1773772599616,4983.98,4984.08,4983.98,INITIAL_STOP,LOSS,LOSS,-1141.52,0.0,0.0,-1141.52,-1141.52,0.0,-30.040000000000873,-3004.0000000000873,-1.0013333333333625,30793,18.12030081557657,17.3680058536747,22,4,0.0,0.0,6.395293202954466,20.426167435744798,29.94000000000051,17.419999999999163,0,0.06000000000040018,0.1000000000003638,0.040000000000873115,SL
294,588,STOCHEXTREME_ORO_XAUUSD_1751328000,XAUUSD,SELL,2026.03.18 10:00:00,2026.03.18 10:01:00,2026.03.18 10:01:00,1773828060000,5011.10,5011.15,5011.10,0.36,5041.10,5041.10,2026.03.18 14:30:00,1773844200000,4948.33,4948.38,4948.43,TARGET_K20_M30_CLOSE,WIN,PROFIT,2256.12,0.0,0.0,2256.12,2256.12,0.0,62.67000000000007,6267.000000000007,2.0890000000000026,16140,80.80645868140779,81.42806412764043,17,3,10.649436688128588,34.39364504740675,8.36071817530661,18.46248062193286,3.9200000000000728,64.53999999999996,0,0.049999999999272404,0.0500000000001819,0.0,EXPERT
295,590,STOCHEXTREME_ORO_XAUUSD_1751328000,XAUUSD,BUY,2026.03.18 15:52:26,2026.03.18 15:53:26,2026.03.18 15:53:26,1773849206064,4887.26,4887.31,4887.31,0.4,4857.31,4857.31,2026.03.18 16:01:29,1773849689493,4857.25,4857.33,4857.25,INITIAL_STOP,LOSS,LOSS,-1202.4,0.0,0.0,-1202.4,-1202.4,0.0,-30.0600000000004,-3006.00000000004,-1.0020000000000133,483,8.647825814206529,7.940790042933237,44,7,0.0,0.0,4.641227662083857,5.776866060328488,29.980000000000473,4.259999999999309,0,0.0500000000001819,0.07999999999992724,0.06000000000040018,SL
296,592,STOCHEXTREME_ORO_XAUUSD_1751328000,XAUUSD,BUY,2026.03.18 16:04:00,2026.03.18 16:05:00,2026.03.18 16:05:00,1773849900000,4860.62,4860.67,4860.67,0.38,4830.67,4830.67,2026.03.18 20:30:00,1773865800000,4891.15,4891.20,4891.14,TARGET_K80_M30_CLOSE,WIN,PROFIT,1157.86,0.0,0.0,1157.86,1157.86,0.0,30.470000000000255,3047.0000000000255,1.0156666666666752,15900,6.427155985228963,6.372175501376858,44,7,89.51588499865159,71.87932611801615,84.15649059330583,81.77316400838578,26.289999999999964,37.35999999999967,0,0.0500000000001819,0.0500000000001819,0.0,EXPERT
297,594,STOCHEXTREME_ORO_XAUUSD_1751328000,XAUUSD,SELL,2026.03.18 21:00:00,2026.03.18 21:01:00,2026.03.18 21:01:00,1773867660000,4896.24,4896.29,4896.24,0.4,4926.24,4926.24,2026.03.18 23:00:00,1773874800000,4842.72,4842.77,4842.81,TARGET_K20_M30_CLOSE,WIN,PROFIT,2137.2,0.0,0.0,2137.2,2137.2,0.0,53.42999999999938,5342.999999999938,1.7809999999999795,7140,83.96701000780506,85.56699634109354,31,5,6.350864488782669,26.577349080034157,8.309971055089838,13.291613667820469,1.1700000000000728,57.9399999999996,0,0.0500000000001819,0.0500000000001819,0.0,EXPERT
298,596,STOCHEXTREME_ORO_XAUUSD_1751328000,XAUUSD,BUY,2026.03.18 23:36:31,2026.03.18 23:37:31,2026.03.18 23:37:31,1773877051221,4817.93,4817.98,4817.98,0.46,4787.98,4787.98,2026.03.19 03:30:00,1773891000000,4842.23,4842.28,4842.25,TARGET_K80_M30_CLOSE,WIN,PROFIT,1116.42,0.0,-81.81,1034.6100000000001,1116.42,0.0,24.270000000000437,2427.0000000000437,0.8090000000000146,13949,7.455187565697621,6.852717081770667,43,7,81.9422038297331,62.67255274847302,85.63411975923584,77.56933891258512,13.969999999999345,30.040000000000873,0,0.049999999999272404,0.0500000000001819,0.0,EXPERT
299,598,STOCHEXTREME_ORO_XAUUSD_1751328000,XAUUSD,BUY,2026.03.19 10:00:00,2026.03.19 10:01:00,2026.03.19 10:01:00,1773914460000,4765.54,4765.60,4765.60,0.48,4735.60,4735.60,2026.03.19 10:58:29,1773917909108,4735.60,4735.69,4735.60,INITIAL_STOP,LOSS,LOSS,-1440.0,0.0,0.0,-1440.0,-1440.0,0.0,-30.0,-3000.0,-1.0,3449,10.913697385609083,7.019674724089504,44,7,0.0,0.0,12.329820457474232,10.189444292246423,29.94000000000051,18.75999999999931,0,0.06000000000040018,0.08999999999923602,0.0,SL
300,600,STOCHEXTREME_ORO_XAUUSD_1751328000,XAUUSD,SELL,2026.03.19 23:44:39,2026.03.19 23:45:39,2026.03.19 23:45:39,1773963939459,4651.67,4652.07,4651.67,0.44,4681.67,4681.67,2026.03.20 04:40:38,1773981638266,4681.65,4681.70,4681.70,INITIAL_STOP,LOSS,LOSS,-1321.32,0.0,17.95,-1303.37,-1321.32,0.0,-30.029999999999745,-3002.9999999999745,-1.0009999999999915,17699,80.09059513048015,81.42650791699151,24,4,0.0,0.0,68.50606478536479,49.77766114382337,29.909999999999854,17.3100000000004,0,0.3999999999996362,0.0500000000001819,0.02999999999974534,SL
301,602,STOCHEXTREME_ORO_XAUUSD_1751328000,XAUUSD,BUY,2026.03.20 10:07:41,2026.03.20 10:08:41,2026.03.20 10:08:41,1774001321064,4684.03,4684.08,4684.08,0.42,4654.08,4654.08,2026.03.20 13:01:40,1774011700963,4653.97,4654.07,4653.97,INITIAL_STOP,LOSS,LOSS,-1264.62,0.0,0.0,-1264.62,-1264.62,0.0,-30.109999999999673,-3010.9999999999673,-1.0036666666666558,10379,20.064961784170034,18.241453469719993,39,7,0.0,0.0,15.537581250586802,33.39357720986288,29.970000000000255,50.68000000000029,0,0.0500000000001819,0.0999999999994543,0.10999999999967258,SL
302,604,STOCHEXTREME_ORO_XAUUSD_1751328000,XAUUSD,BUY,2026.03.20 14:08:38,2026.03.20 14:09:38,2026.03.20 14:09:38,1774015778137,4663.86,4663.91,4663.91,0.4,4633.91,4633.91,2026.03.20 16:51:38,1774025498805,4633.85,4633.90,4633.85,INITIAL_STOP,LOSS,LOSS,-1202.4,0.0,0.0,-1202.4,-1202.4,0.0,-30.05999999999949,-3005.999999999949,-1.0019999999999831,9720,16.069485269136482,15.55074110736227,42,7,0.0,0.0,36.72702425691785,54.924643259655,29.93000000000029,31.69000000000051,0,0.0500000000001819,0.049999999999272404,0.05999999999949068,SL
303,606,STOCHEXTREME_ORO_XAUUSD_1751328000,XAUUSD,SELL,2026.03.23 13:30:00,2026.03.23 13:31:00,2026.03.23 13:31:00,1774272660000,4263.49,4263.55,4263.49,0.36,4293.49,4293.49,2026.03.23 14:02:04,1774274524574,4293.50,4293.56,4293.56,INITIAL_STOP,LOSS,LOSS,-1082.52,0.0,0.0,-1082.52,-1082.52,0.0,-30.07000000000062,-3007.000000000062,-1.002333333333354,1864,76.65089481817424,79.12046129054171,44,7,0.0,0.0,81.63992526730665,81.11016872977054,29.93000000000029,22.159999999999854,0,0.06000000000040018,0.06000000000040018,0.07000000000061846,SL
304,608,STOCHEXTREME_ORO_XAUUSD_1751328000,XAUUSD,SELL,2026.03.24 11:00:00,2026.03.24 11:01:00,2026.03.24 11:01:00,1774350060000,4408.58,4408.63,4408.58,0.34,4438.58,4438.58,2026.03.24 13:57:38,1774360658434,4438.58,4438.63,4438.63,INITIAL_STOP,LOSS,LOSS,-1021.7,0.0,0.0,-1021.7,-1021.7,0.0,-30.050000000000182,-3005.000000000018,-1.0016666666666727,10598,82.43548206988339,87.7517282585787,29,5,0.0,0.0,86.6138101432223,72.26034266927246,29.970000000000255,17.1899999999996,0,0.0500000000001819,0.0500000000001819,0.0500000000001819,SL
305,610,STOCHEXTREME_ORO_XAUUSD_1751328000,XAUUSD,SELL,2026.03.25 15:00:00,2026.03.25 15:01:00,2026.03.25 15:01:00,1774450860000,4580.92,4581.00,4580.92,0.32,4610.92,4610.92,2026.03.26 06:30:00,1774506600000,4506.76,4506.81,4506.82,TARGET_K20_M30_CLOSE,WIN,PROFIT,2371.2,0.0,39.16,2410.3599999999997,2371.2,0.0,74.10000000000036,7410.000000000036,2.470000000000012,55740,84.63905275257946,84.89868906669226,16,3,18.08314383126719,34.83271573724468,16.57165150082056,22.140317553365453,2.800000000000182,93.86999999999989,0,0.07999999999992724,0.0500000000001819,0.0,EXPERT
306,612,STOCHEXTREME_ORO_XAUUSD_1751328000,XAUUSD,SELL,2026.03.26 18:00:00,2026.03.26 18:01:00,2026.03.26 18:01:00,1774548060000,4465.80,4465.86,4465.80,0.38,4495.80,4495.80,2026.03.26 20:00:00,1774555200000,4388.74,4388.79,4388.87,TARGET_K20_M30_CLOSE,WIN,PROFIT,2923.34,0.0,0.0,2923.34,2923.34,0.0,76.93000000000029,7693.000000000029,2.564333333333343,7140,77.7966196832338,80.11294060194417,36,6,13.149508255516167,27.23800772692124,16.67381532768525,17.68403467202076,0.9600000000000364,99.02999999999975,0,0.05999999999949068,0.0500000000001819,0.0,EXPERT
307,614,STOCHEXTREME_ORO_XAUUSD_1751328000,XAUUSD,BUY,2026.03.27 12:12:40,2026.03.27 12:13:40,2026.03.27 12:13:40,1774613620188,4430.42,4430.48,4430.48,0.44,4400.48,4400.48,2026.03.27 18:30:00,1774636200000,4543.65,4543.72,4543.64,TARGET_K80_M30_CLOSE,WIN,PROFIT,4979.04,0.0,0.0,4979.04,4979.04,0.0,113.16000000000076,11316.000000000076,3.7720000000000256,22580,14.337660853271023,13.228719897753953,17,3,87.13375042027769,72.0964342435873,92.81612336768899,85.12830493271797,26.11999999999989,124.96000000000004,0,0.05999999999949068,0.07000000000061846,0.0,EXPERT
308,616,STOCHEXTREME_ORO_XAUUSD_1751328000,XAUUSD,BUY,2026.03.27 21:26:28,2026.03.27 21:27:28,2026.03.27 21:27:28,1774646848207,4508.98,4509.03,4509.03,0.54,4479.03,4479.03,2026.03.30 02:05:39,1774836339344,4478.99,4479.04,4478.99,INITIAL_STOP,LOSS,LOSS,-1622.16,0.0,-32.01,-1654.17,-1622.16,0.0,-30.039999999999964,-3003.9999999999964,-1.001333333333332,189491,24.925763262037123,23.952411290324523,18,3,0.0,0.0,42.643279092131436,38.56115790248101,42.42999999999938,19.720000000000255,0,0.0500000000001819,0.0500000000001819,0.03999999999996362,SL
309,618,STOCHEXTREME_ORO_XAUUSD_1751328000,XAUUSD,BUY,2026.03.30 22:06:30,2026.03.30 22:07:30,2026.03.30 22:07:30,1774908450000,4503.76,4503.81,4503.81,0.5,4473.81,4473.81,2026.03.31 04:30:00,1774931400000,4581.60,4581.65,4581.61,TARGET_K80_M30_CLOSE,WIN,PROFIT,3890.0,0.0,-29.64,3860.36,3890.0,0.0,77.79999999999927,7779.999999999927,2.5933333333333093,22950,12.704819725723192,10.864414206267766,18,3,86.7641926066176,73.90078957595152,97.01673450152579,87.00551788204343,21.080000000000837,82.08999999999924,0,0.0500000000001819,0.049999999999272404,0.0,EXPERT
310,620,STOCHEXTREME_ORO_XAUUSD_1751328000,XAUUSD,SELL,2026.03.31 12:04:24,2026.03.31 12:05:24,2026.03.31 12:05:24,1774958724174,4571.27,4571.34,4571.27,0.58,4601.27,4601.27,2026.03.31 16:53:30,1774976010476,4601.23,4601.30,4601.30,INITIAL_STOP,LOSS,LOSS,-1741.74,0.0,0.0,-1741.74,-1741.74,0.0,-30.029999999999745,-3002.9999999999745,-1.0009999999999915,17286,80.35943315619708,81.10775891852022,18,3,0.0,0.0,61.5072203638735,62.783953673999555,29.959999999999127,41.52000000000044,0,0.06999999999970896,0.07000000000061846,0.02999999999974534,SL
311,622,STOCHEXTREME_ORO_XAUUSD_1751328000,XAUUSD,SELL,2026.03.31 21:34:29,2026.03.31 21:35:29,2026.03.31 21:35:29,1774992929136,4662.81,4662.86,4662.81,0.54,4692.81,4692.81,2026.04.01 01:38:41,1775007521860,4692.78,4692.83,4692.83,INITIAL_STOP,LOSS,LOSS,-1621.08,0.0,22.03,-1599.05,-1621.08,0.0,-30.019999999999527,-3001.9999999999527,-1.0006666666666508,14592,84.76620814156253,84.78754089391948,26,4,0.0,0.0,53.77215850335531,42.715580142148646,29.849999999999454,0.9400000000005093,0,0.049999999999272404,0.0500000000001819,0.019999999999527063,SL
312,624,STOCHEXTREME_ORO_XAUUSD_1751328000,XAUUSD,SELL,2026.04.01 10:43:31,2026.04.01 10:44:31,2026.04.01 10:44:31,1775040271153,4731.36,4731.41,4731.36,0.5,4761.36,4761.36,2026.04.01 14:44:27,1775054667510,4761.30,4761.38,4761.38,INITIAL_STOP,LOSS,LOSS,-1501.0,0.0,0.0,-1501.0,-1501.0,0.0,-30.020000000000437,-3002.0000000000437,-1.0006666666666812,14396,83.47686120997248,84.34377959930164,31,5,0.0,0.0,89.17732845734218,80.00885572882937,29.970000000000255,21.659999999999854,0,0.0500000000001819,0.07999999999992724,0.020000000000436557,SL
313,626,STOCHEXTREME_ORO_XAUUSD_1751328000,XAUUSD,BUY,2026.04.01 22:00:00,2026.04.01 22:01:00,2026.04.01 22:01:00,1775080860000,4754.22,4754.27,4754.27,0.48,4724.27,4724.27,2026.04.02 02:30:00,1775097000000,4794.96,4795.01,4794.97,TARGET_K80_M30_CLOSE,WIN,PROFIT,1953.6,0.0,-85.37,1868.23,1953.6,0.0,40.69999999999982,4069.999999999982,1.3566666666666607,16140,15.823858869553739,15.292292921876006,31,5,83.54055963023696,64.08850768271373,87.53544235944706,76.46554703784345,2.290000000000873,44.60999999999967,0,0.0500000000001819,0.0500000000001819,0.0,EXPERT
314,628,STOCHEXTREME_ORO_XAUUSD_1751328000,XAUUSD,SELL,2026.04.06 12:36:30,2026.04.06 12:37:30,2026.04.06 12:37:30,1775479050285,4702.99,4703.04,4702.99,0.52,4732.99,4732.99,2026.04.06 15:00:00,1775487600000,4678.16,4678.21,4678.17,TARGET_K20_M30_CLOSE,WIN,PROFIT,1290.64,0.0,0.0,1290.64,1290.64,0.0,24.81999999999971,2481.999999999971,0.8273333333333236,8550,92.44463538378442,92.99712249516473,17,3,18.975031590114273,21.06610948249776,13.171833543277069,18.477954632841826,3.6900000000005093,25.829999999999927,0,0.0500000000001819,0.0500000000001819,0.0,EXPERT
315,629,STOCHEXTREME_ORO_XAUUSD_1751328000,XAUUSD,BUY,2026.04.06 14:30:37,2026.04.06 14:30:37,2026.04.06 14:30:37,1775485837636,4687.48,4687.53,4687.53,0.52,4657.53,4657.53,2026.04.06 18:15:38,1775499338684,4657.50,4657.58,4657.50,INITIAL_STOP,LOSS,LOSS,-1561.56,0.0,0.0,-1561.56,-1561.56,0.0,-30.029999999999745,-3002.9999999999745,-1.0009999999999915,13501,24.81900326883282,23.01410004207061,17,3,0.0,0.0,45.760310062821276,53.90388046442073,29.92999999999938,10.11999999999989,0,0.0500000000001819,0.07999999999992724,0.02999999999974534,SL
316,632,STOCHEXTREME_ORO_XAUUSD_1751328000,XAUUSD,SELL,2026.04.07 12:40:40,2026.04.07 12:41:40,2026.04.07 12:41:40,1775565700227,4669.95,4670.00,4669.95,0.52,4699.95,4699.95,2026.04.07 22:20:40,1775600440090,4699.92,4699.98,4699.98,INITIAL_STOP,LOSS,LOSS,-1561.56,0.0,0.0,-1561.56,-1561.56,0.0,-30.029999999999745,-3002.9999999999745,-1.0009999999999915,34740,76.58273729369765,77.50995873746626,27,5,0.0,0.0,69.17154296273533,67.92154224246627,29.909999999999854,62.19999999999982,0,0.0500000000001819,0.05999999999949068,0.02999999999974534,SL
317,634,STOCHEXTREME_ORO_XAUUSD_1751328000,XAUUSD,BUY,2026.04.08 12:23:36,2026.04.08 12:24:36,2026.04.08 12:24:36,1775651076000,4802.84,4802.92,4802.92,0.48,4772.92,4772.92,2026.04.08 13:16:36,1775654196176,4772.88,4772.95,4772.88,INITIAL_STOP,LOSS,LOSS,-1441.92,0.0,0.0,-1441.92,-1441.92,0.0,-30.039999999999964,-3003.9999999999964,-1.001333333333332,3120,24.415494215584555,24.310536272922064,22,4,0.0,0.0,14.103882708838498,16.707458474105717,29.94000000000051,3.7200000000002547,0,0.07999999999992724,0.06999999999970896,0.03999999999996362,SL
318,636,STOCHEXTREME_ORO_XAUUSD_1751328000,XAUUSD,BUY,2026.04.08 22:11:27,2026.04.08 22:12:27,2026.04.08 22:12:27,1775686347067,4713.98,4714.03,4714.03,0.46,4684.03,4684.03,2026.04.09 14:30:00,1775745000000,4745.83,4745.93,4745.82,TARGET_K80_M30_CLOSE,WIN,PROFIT,1462.34,0.0,-81.81,1380.53,1462.34,0.0,31.789999999999964,3178.9999999999964,1.0596666666666654,58653,12.253049643907536,11.782439077339928,29,5,86.39611383089213,80.77094190186621,84.80223847953931,83.16188769221915,15.36999999999989,33.39000000000033,0,0.0500000000001819,0.1000000000003638,0.0,EXPERT
319,637,STOCHEXTREME_ORO_XAUUSD_1751328000,XAUUSD,SELL,2026.04.09 14:02:40,2026.04.09 14:02:40,2026.04.09 14:02:40,1775743360465,4739.41,4739.46,4739.41,0.46,4769.41,4769.41,2026.04.09 16:38:40,1775752720133,4769.37,4769.43,4769.43,INITIAL_STOP,LOSS,LOSS,-1380.92,0.0,0.0,-1380.92,-1380.92,0.0,-30.020000000000437,-3002.0000000000437,-1.0006666666666812,9360,77.9135651643964,77.94342567970097,17,3,0.0,0.0,73.10172391104136,56.71778131611661,29.94000000000051,5.069999999999709,0,0.0500000000001819,0.06000000000040018,0.020000000000436557,SL
320,640,STOCHEXTREME_ORO_XAUUSD_1751328000,XAUUSD,BUY,2026.04.09 23:01:38,2026.04.09 23:02:38,2026.04.09 23:02:38,1775775758086,4770.83,4770.88,4770.88,0.46,4740.88,4740.88,2026.04.10 05:31:27,1775799087054,4740.83,4740.88,4740.83,INITIAL_STOP,LOSS,LOSS,-1382.3,0.0,-27.27,-1409.57,-1382.3,0.0,-30.050000000000182,-3005.000000000018,-1.0016666666666727,23329,18.11353873642717,16.339965795576628,19,3,0.0,0.0,19.628026158950927,44.8628985575748,29.98999999999978,9.599999999999454,0,0.0500000000001819,0.0500000000001819,0.0500000000001819,SL
321,642,STOCHEXTREME_ORO_XAUUSD_1751328000,XAUUSD,SELL,2026.04.10 14:31:39,2026.04.10 14:32:39,2026.04.10 14:32:39,1775831559324,4759.32,4759.39,4759.32,0.42,4789.32,4789.32,2026.04.10 17:24:29,1775841869491,4789.28,4789.33,4789.33,INITIAL_STOP,LOSS,LOSS,-1260.42,0.0,0.0,-1260.42,-1260.42,0.0,-30.01000000000022,-3001.000000000022,-1.0003333333333406,10310,79.18270040302667,82.3148395341103,16,3,0.0,0.0,82.69783402330103,74.180989457021,29.970000000000255,0.6700000000000728,0,0.07000000000061846,0.0500000000001819,0.010000000000218279,SL
322,644,STOCHEXTREME_ORO_XAUUSD_1751328000,XAUUSD,BUY,2026.04.13 13:11:39,2026.04.13 13:12:39,2026.04.13 13:12:39,1776085959200,4717.97,4718.06,4718.06,0.4,4688.06,4688.06,2026.04.13 20:30:00,1776112200000,4743.09,4743.14,4743.10,TARGET_K80_M30_CLOSE,WIN,PROFIT,1001.6,0.0,0.0,1001.6,1001.6,0.0,25.039999999999964,2503.9999999999964,0.8346666666666654,26241,19.474758121535032,18.750475297466124,19,3,82.01905172528335,66.08436530829186,80.80278124460317,77.17107729483844,17.580000000000837,32.039999999999964,0,0.09000000000014552,0.0500000000001819,0.0,EXPERT
323,646,STOCHEXTREME_ORO_XAUUSD_1751328000,XAUUSD,SELL,2026.04.14 18:00:00,2026.04.14 18:01:00,2026.04.14 18:01:00,1776189660000,4800.19,4800.28,4800.19,0.42,4830.19,4830.19,2026.04.14 20:07:29,1776197249520,4830.13,4830.24,4830.24,INITIAL_STOP,LOSS,LOSS,-1262.1,0.0,0.0,-1262.1,-1262.1,0.0,-30.050000000000182,-3005.000000000018,-1.0016666666666727,7589,79.89014872389232,81.68235195856748,33,6,0.0,0.0,85.0979845279857,77.0795461615855,29.980000000000473,8.86999999999989,0,0.09000000000014552,0.10999999999967258,0.0500000000001819,SL
324,648,STOCHEXTREME_ORO_XAUUSD_1751328000,XAUUSD,BUY,2026.04.15 10:30:00,2026.04.15 10:31:00,2026.04.15 10:31:00,1776249060000,4809.15,4809.20,4809.20,0.4,4779.20,4779.20,2026.04.15 15:30:00,1776267000000,4812.02,4812.08,4812.06,TARGET_K80_M30_CLOSE,WIN,PROFIT,114.4,0.0,0.0,114.4,114.4,0.0,2.860000000000582,286.0000000000582,0.09533333333335274,17940,18.086952709667298,17.240833790500286,33,6,88.26928037111183,71.4130702766259,84.88746455543017,82.33547130043308,22.779999999999745,11.970000000000255,0,0.0500000000001819,0.05999999999949068,0.0,EXPERT
325,650,STOCHEXTREME_ORO_XAUUSD_1751328000,XAUUSD,SELL,2026.04.15 16:00:00,2026.04.15 16:01:00,2026.04.15 16:01:00,1776268860000,4812.25,4812.30,4812.25,0.4,4842.25,4842.25,2026.04.16 01:02:00,1776301320000,4797.49,4797.60,4797.57,TARGET_K20_M30_CLOSE,WIN,PROFIT,587.2,0.0,48.95,636.1500000000001,587.2,0.0,14.680000000000291,1468.000000000029,0.48933333333334306,32460,77.30189583312391,83.29232119683128,22,4,15.347806125874788,40.06884478567357,36.885085354243614,31.274959740381707,18.390000000000327,25.329999999999927,0,0.0500000000001819,0.11000000000058208,0.0,EXPERT
326,652,STOCHEXTREME_ORO_XAUUSD_1751328000,XAUUSD,BUY,2026.04.17 10:24:38,2026.04.17 10:25:38,2026.04.17 10:25:38,1776421538012,4792.00,4792.05,4792.05,0.4,4762.05,4762.05,2026.04.17 16:00:00,1776441600000,4846.69,4846.79,4846.68,TARGET_K80_M30_CLOSE,WIN,PROFIT,2185.2,0.0,0.0,2185.2,2185.2,0.0,54.63000000000011,5463.000000000011,1.8210000000000037,20062,23.785754704085495,22.038091586201002,22,4,82.75796939475197,67.82325466470304,96.42407435416533,83.5020782045725,13.170000000000073,55.6899999999996,0,0.0500000000001819,0.1000000000003638,0.0,EXPERT
327,654,STOCHEXTREME_ORO_XAUUSD_1751328000,XAUUSD,SELL,2026.04.17 16:30:00,2026.04.17 16:31:00,2026.04.17 16:31:00,1776443460000,4852.02,4852.07,4852.02,0.46,4882.02,4882.02,2026.04.17 16:59:39,1776445179827,4881.96,4882.04,4882.04,INITIAL_STOP,LOSS,LOSS,-1380.92,0.0,0.0,-1380.92,-1380.92,0.0,-30.019999999999527,-3001.9999999999527,-1.0006666666666508,1719,75.83399783124429,81.25841053410541,44,7,0.0,0.0,85.13935913660548,84.36019763589248,29.98999999999978,2.240000000000691,0,0.049999999999272404,0.07999999999992724,0.019999999999527063,SL
328,656,STOCHEXTREME_ORO_XAUUSD_1751328000,XAUUSD,SELL,2026.04.20 17:35:20,2026.04.20 17:36:20,2026.04.20 17:36:20,1776706580000,4815.65,4815.70,4815.65,0.42,4845.65,4845.65,2026.04.21 07:30:00,1776756600000,4792.24,4792.29,4792.28,TARGET_K20_M30_CLOSE,WIN,PROFIT,981.54,0.0,17.13,998.67,981.54,0.0,23.36999999999989,2336.999999999989,0.7789999999999964,50020,80.15031593085824,81.09055707612004,44,7,18.096568886481048,21.445895498408657,15.069748963108651,19.407166580776707,17.88000000000011,24.269999999999527,0,0.0500000000001819,0.0500000000001819,0.0,EXPERT
329,657,STOCHEXTREME_ORO_XAUUSD_1751328000,XAUUSD,BUY,2026.04.21 04:02:26,2026.04.21 04:02:26,2026.04.21 04:02:26,1776744146490,4820.46,4820.58,4820.58,0.42,4790.58,4790.58,2026.04.21 07:30:41,1776756641102,4790.53,4790.58,4790.53,INITIAL_STOP,LOSS,LOSS,-1262.1,0.0,0.0,-1262.1,-1262.1,0.0,-30.050000000000182,-3005.000000000018,-1.0016666666666727,12495,24.98685622510595,23.001909125355954,27,5,0.0,0.0,11.58315892479496,18.24496990133881,29.98999999999978,0.0,0,0.11999999999989086,0.0500000000001819,0.0500000000001819,SL
330,660,STOCHEXTREME_ORO_XAUUSD_1751328000,XAUUSD,BUY,2026.04.21 20:59:20,2026.04.21 21:00:20,2026.04.21 21:00:20,1776805220076,4712.45,4712.52,4712.52,0.42,4682.52,4682.52,2026.04.21 22:42:31,1776811351615,4682.47,4682.58,4682.47,INITIAL_STOP,LOSS,LOSS,-1262.1,0.0,0.0,-1262.1,-1262.1,0.0,-30.050000000000182,-3005.000000000018,-1.0016666666666727,6131,15.45589254276709,8.717893278100288,42,7,0.0,0.0,36.3731656184483,33.200939766406876,29.93000000000029,2.6699999999991633,0,0.07000000000061846,0.10999999999967258,0.0500000000001819,SL
331,662,STOCHEXTREME_ORO_XAUUSD_1751328000,XAUUSD,BUY,2026.04.23 13:39:28,2026.04.23 13:40:28,2026.04.23 13:40:28,1776951628048,4696.01,4696.06,4696.06,0.4,4666.06,4666.06,2026.04.23 15:30:00,1776958200000,4733.73,4733.78,4733.74,TARGET_K80_M30_CLOSE,WIN,PROFIT,1507.2,0.0,0.0,1507.2,1507.2,0.0,37.67999999999938,3767.999999999938,1.2559999999999794,6572,14.628494923900618,13.049779763476494,34,6,89.45178918868686,67.44123514881274,93.78868475889952,85.11098930440909,6.580000000000837,42.399999999999636,0,0.0500000000001819,0.0500000000001819,0.0,EXPERT
332,664,STOCHEXTREME_ORO_XAUUSD_1751328000,XAUUSD,SELL,2026.04.23 16:00:28,2026.04.23 16:01:28,2026.04.23 16:01:28,1776960088178,4734.28,4734.33,4734.28,0.42,4764.28,4764.28,2026.04.24 06:30:00,1777012200000,4674.85,4674.91,4674.92,TARGET_K20_M30_CLOSE,WIN,PROFIT,2493.12,0.0,17.13,2510.25,2493.12,0.0,59.35999999999967,5935.999999999967,1.9786666666666557,52112,90.1157402268675,91.51664634460441,37,6,10.587404447414215,22.6616536921159,15.289190167116326,16.050604210821025,7.030000000000655,69.86999999999989,0,0.0500000000001819,0.05999999999949068,0.0,EXPERT
333,666,STOCHEXTREME_ORO_XAUUSD_1751328000,XAUUSD,SELL,2026.04.24 11:30:00,2026.04.24 11:31:00,2026.04.24 11:31:00,1777030260000,4687.60,4687.65,4687.60,0.48,4717.60,4717.60,2026.04.24 13:30:00,1777037400000,4682.32,4682.37,4682.38,TARGET_K20_M30_CLOSE,WIN,PROFIT,250.56,0.0,0.0,250.56,250.56,0.0,5.220000000000255,522.0000000000255,0.17400000000000848,7140,78.11295863680168,79.13950128023394,28,5,12.747272344637759,31.767814021010604,16.023977258683956,20.328293269281765,9.199999999999818,8.110000000000582,0,0.049999999999272404,0.0500000000001819,0.0,EXPERT
334,668,STOCHEXTREME_ORO_XAUUSD_1751328000,XAUUSD,BUY,2026.04.27 12:40:30,2026.04.27 12:41:30,2026.04.27 12:41:30,1777293690280,4705.01,4705.08,4705.08,0.48,4675.08,4675.08,2026.04.27 18:02:19,1777312939252,4675.04,4675.09,4675.04,INITIAL_STOP,LOSS,LOSS,-1441.92,0.0,0.0,-1441.92,-1441.92,0.0,-30.039999999999964,-3003.9999999999964,-1.001333333333332,19249,17.876115938358744,17.798828479202584,20,3,0.0,0.0,5.048009242900995,15.011094905451749,29.949999999999818,7.5600000000004,0,0.06999999999970896,0.0500000000001819,0.03999999999996362,SL
335,670,STOCHEXTREME_ORO_XAUUSD_1751328000,XAUUSD,SELL,2026.04.27 21:30:00,2026.04.27 21:31:00,2026.04.27 21:31:00,1777325460000,4683.55,4683.60,4683.55,0.44,4713.55,4713.55,2026.04.28 05:00:00,1777352400000,4670.69,4670.74,4670.73,TARGET_K20_M30_CLOSE,WIN,PROFIT,564.08,0.0,17.95,582.0300000000001,564.08,0.0,12.820000000000618,1282.0000000000618,0.42733333333335394,26940,77.0156725044909,78.44550508867053,16,3,7.291750344379319,23.9684818560248,8.46427965761203,13.387613746752223,17.909999999999854,13.930000000000291,0,0.0500000000001819,0.0500000000001819,0.0,EXPERT
336,672,STOCHEXTREME_ORO_XAUUSD_1751328000,XAUUSD,BUY,2026.04.28 10:04:29,2026.04.28 10:05:29,2026.04.28 10:05:29,1777370729062,4638.47,4638.53,4638.53,0.46,4608.53,4608.53,2026.04.28 12:42:40,1777380160519,4608.51,4608.56,4608.51,INITIAL_STOP,LOSS,LOSS,-1380.92,0.0,0.0,-1380.92,-1380.92,0.0,-30.019999999999527,-3001.9999999999527,-1.0006666666666508,9431,19.420498740482103,18.927258118471222,42,7,0.0,0.0,26.70225086103383,32.576354698669384,29.979999999999563,0.11999999999989086,0,0.05999999999949068,0.0500000000001819,0.019999999999527063,SL
337,674,STOCHEXTREME_ORO_XAUUSD_1751328000,XAUUSD,BUY,2026.04.28 14:00:41,2026.04.28 14:01:41,2026.04.28 14:01:41,1777384901063,4606.44,4606.51,4606.51,0.44,4576.51,4576.51,2026.04.28 14:37:28,1777387048224,4576.51,4576.56,4576.51,INITIAL_STOP,LOSS,LOSS,-1320.0,0.0,0.0,-1320.0,-1320.0,0.0,-30.0,-3000.0,-1.0,2147,12.980138474508877,11.642040443925282,27,5,0.0,0.0,4.315908357535013,7.94334607081777,29.949999999999818,2.2899999999999636,0,0.07000000000061846,0.0500000000001819,0.0,SL
338,676,STOCHEXTREME_ORO_XAUUSD_1751328000,XAUUSD,BUY,2026.04.28 15:02:26,2026.04.28 15:03:26,2026.04.28 15:03:26,1777388606024,4565.15,4565.20,4565.20,0.4,4535.20,4535.20,2026.04.28 20:00:00,1777406400000,4592.38,4592.43,4592.42,TARGET_K80_M30_CLOSE,WIN,PROFIT,1088.8,0.0,0.0,1088.8,1088.8,0.0,27.220000000000255,2722.0000000000255,0.9073333333333419,17794,11.811428072883539,10.302557964566242,44,7,85.28995477150657,71.21078506279416,88.85972166131283,81.84186637550332,7.8400000000001455,34.86000000000058,0,0.0500000000001819,0.0500000000001819,0.0,EXPERT
339,678,STOCHEXTREME_ORO_XAUUSD_1751328000,XAUUSD,SELL,2026.04.28 20:59:41,2026.04.28 21:00:41,2026.04.28 21:00:41,1777410041266,4597.36,4597.41,4597.36,0.42,4627.36,4627.36,2026.04.29 09:30:00,1777455000000,4585.07,4585.12,4585.16,TARGET_K20_M30_CLOSE,WIN,PROFIT,512.4,0.0,17.13,529.53,512.4,0.0,12.199999999999818,1219.9999999999818,0.4066666666666606,44959,79.84061674430743,83.91462349122067,23,4,19.712916473538833,46.79173429553006,9.86524205767982,25.34915366996225,13.210000000000036,21.519999999999527,0,0.0500000000001819,0.0500000000001819,0.0,EXPERT
340,680,STOCHEXTREME_ORO_XAUUSD_1751328000,XAUUSD,BUY,2026.04.29 10:00:00,2026.04.29 10:01:00,2026.04.29 10:01:00,1777456860000,4585.16,4585.27,4585.27,0.44,4555.27,4555.27,2026.04.29 12:50:29,1777467029902,4555.20,4555.29,4555.20,INITIAL_STOP,LOSS,LOSS,-1323.08,0.0,0.0,-1323.08,-1323.08,0.0,-30.07000000000062,-3007.000000000062,-1.002333333333354,10169,15.691951966705703,15.059007095398036,25,4,0.0,0.0,28.871026155706428,26.09848796994221,29.980000000000473,3.589999999999236,0,0.11000000000058208,0.09000000000014552,0.07000000000061846,SL
341,682,STOCHEXTREME_ORO_XAUUSD_1751328000,XAUUSD,SELL,2026.04.30 10:36:00,2026.04.30 10:37:00,2026.04.30 10:37:00,1777545420000,4588.38,4588.43,4588.38,0.42,4618.38,4618.38,2026.04.30 11:04:29,1777547069855,4618.34,4618.44,4618.44,INITIAL_STOP,LOSS,LOSS,-1262.52,0.0,0.0,-1262.52,-1262.52,0.0,-30.05999999999949,-3005.999999999949,-1.0019999999999831,1649,90.68908616026988,91.41322226277363,31,5,0.0,0.0,93.15180423561215,93.24626009042656,29.86999999999989,0.03999999999996362,0,0.0500000000001819,0.0999999999994543,0.05999999999949068,SL
342,684,STOCHEXTREME_ORO_XAUUSD_1751328000,XAUUSD,BUY,2026.05.01 10:02:40,2026.05.01 10:03:40,2026.05.01 10:03:40,1777629820125,4595.33,4595.40,4595.40,0.38,4565.40,4565.40,2026.05.01 11:52:40,1777636360490,4565.35,4565.44,4565.35,INITIAL_STOP,LOSS,LOSS,-1141.9,0.0,0.0,-1141.9,-1141.9,0.0,-30.049999999999272,-3004.9999999999272,-1.0016666666666425,6540,10.909796119369718,10.840418890723669,26,4,0.0,0.0,2.638284188800378,9.087842846847403,29.98999999999978,2.7200000000002547,0,0.06999999999970896,0.08999999999923602,0.049999999999272404,SL
343,686,STOCHEXTREME_ORO_XAUUSD_1751328000,XAUUSD,SELL,2026.05.01 16:01:40,2026.05.01 16:02:40,2026.05.01 16:02:40,1777651360176,4595.73,4595.78,4595.73,0.36,4625.73,4625.73,2026.05.01 16:55:38,1777654538367,4625.74,4625.79,4625.79,INITIAL_STOP,LOSS,LOSS,-1082.16,0.0,0.0,-1082.16,-1082.16,0.0,-30.0600000000004,-3006.00000000004,-1.0020000000000133,3178,76.2517548803112,81.80351534013703,44,7,0.0,0.0,74.70443891820584,76.4465875437043,29.950000000000728,9.109999999999673,0,0.0500000000001819,0.0500000000001819,0.06000000000040018,SL
344,688,STOCHEXTREME_ORO_XAUUSD_1751328000,XAUUSD,BUY,2026.05.01 21:30:00,2026.05.01 21:31:00,2026.05.01 21:31:00,1777671060000,4620.90,4620.96,4620.96,0.34,4590.96,4590.96,2026.05.04 09:05:24,1777885524130,4590.93,4591.01,4590.93,INITIAL_STOP,LOSS,LOSS,-1021.02,0.0,-20.16,-1041.18,-1021.02,0.0,-30.029999999999745,-3002.9999999999745,-1.0009999999999915,214464,20.88942705252727,20.453652827054956,31,5,0.0,0.0,11.413800568174837,24.103745461982257,29.970000000000255,17.5,0,0.06000000000040018,0.07999999999992724,0.02999999999974534,SL
345,690,STOCHEXTREME_ORO_XAUUSD_1751328000,XAUUSD,BUY,2026.05.04 10:46:26,2026.05.04 10:47:26,2026.05.04 10:47:26,1777891646296,4590.00,4590.05,4590.05,0.32,4560.05,4560.05,2026.05.04 13:03:31,1777899811621,4560.02,4560.14,4560.02,INITIAL_STOP,LOSS,LOSS,-960.96,0.0,0.0,-960.96,-960.96,0.0,-30.029999999999745,-3002.9999999999745,-1.0009999999999915,8165,21.19232487553177,19.836947446767876,29,5,0.0,0.0,32.14637556805258,33.294086761399335,29.88000000000011,0.8000000000001819,0,0.0500000000001819,0.11999999999989086,0.02999999999974534,SL
346,692,STOCHEXTREME_ORO_XAUUSD_1751328000,XAUUSD,SELL,2026.05.05 16:00:00,2026.05.05 16:01:00,2026.05.05 16:01:00,1777996860000,4566.84,4566.89,4566.84,0.3,4596.84,4596.84,2026.05.05 20:00:00,1778011200000,4561.26,4561.31,4561.37,TARGET_K20_M30_CLOSE,WIN,PROFIT,164.1,0.0,0.0,164.1,164.1,0.0,5.470000000000255,547.0000000000255,0.1823333333333418,14340,82.46547875077323,87.41840616503198,28,5,16.58699391140183,33.51775249096163,21.554610184964332,22.56578559592937,19.889999999999418,13.0,0,0.0500000000001819,0.0500000000001819,0.0,EXPERT
347,694,STOCHEXTREME_ORO_XAUUSD_1751328000,XAUUSD,SELL,2026.05.06 10:12:05,2026.05.06 10:13:05,2026.05.06 10:13:05,1778062385052,4660.74,4660.83,4660.74,0.3,4690.74,4690.74,2026.05.06 11:50:30,1778068230069,4690.66,4690.77,4690.77,INITIAL_STOP,LOSS,LOSS,-900.9,0.0,0.0,-900.9,-900.9,0.0,-30.030000000000655,-3003.0000000000655,-1.0010000000000219,5845,86.71560482379708,89.45138445121925,26,4,0.0,0.0,92.63482102346357,92.5883427073549,29.850000000000364,3.1799999999993815,0,0.09000000000014552,0.11000000000058208,0.030000000000654836,SL
348,696,STOCHEXTREME_ORO_XAUUSD_1751328000,XAUUSD,SELL,2026.05.07 10:30:00,2026.05.07 10:31:00,2026.05.07 10:31:00,1778149860000,4740.82,4740.87,4740.82,0.28,4770.82,4770.82,2026.05.07 19:30:00,1778182200000,4720.05,4720.10,4720.08,TARGET_K20_M30_CLOSE,WIN,PROFIT,580.72,0.0,0.0,580.72,580.72,0.0,20.73999999999978,2073.999999999978,0.691333333333326,32340,81.30825710635203,82.698633336488,37,6,19.929282260442758,45.272419806493645,19.739634003492082,27.88223626211189,23.99000000000069,36.30999999999949,0,0.0500000000001819,0.0500000000001819,0.0,EXPERT
349,698,STOCHEXTREME_ORO_XAUUSD_1751328000,XAUUSD,SELL,2026.05.08 21:32:25,2026.05.08 21:33:25,2026.05.08 21:33:25,1778276005081,4725.25,4725.30,4725.25,0.3,4755.25,4755.25,2026.05.11 01:30:00,1778463000000,4694.30,4694.35,4694.42,TARGET_K20_M30_CLOSE,WIN,PROFIT,924.9,0.0,12.24,937.14,924.9,0.0,30.829999999999927,3082.9999999999927,1.0276666666666643,186995,75.31161601099159,79.46256385947976,17,3,19.93670761015913,29.299323969912034,25.06480952366437,24.42363366609611,1.5900000000001455,47.590000000000146,0,0.0500000000001819,0.0500000000001819,0.0,EXPERT
350,700,STOCHEXTREME_ORO_XAUUSD_1751328000,XAUUSD,SELL,2026.05.11 11:18:30,2026.05.11 11:19:30,2026.05.11 11:19:30,1778498370212,4675.24,4675.29,4675.24,0.32,4705.24,4705.24,2026.05.11 13:00:00,1778504400000,4656.71,4656.76,4656.77,TARGET_K20_M30_CLOSE,WIN,PROFIT,591.04,0.0,0.0,591.04,591.04,0.0,18.469999999999345,1846.9999999999345,0.6156666666666448,6030,75.8687903856441,76.6308034620219,29,5,15.22019293900307,32.59052697558266,15.521611378720657,20.871376806180766,3.5900000000001455,24.55999999999949,0,0.0500000000001819,0.0500000000001819,0.0,EXPERT
351,702,STOCHEXTREME_ORO_XAUUSD_1751328000,XAUUSD,BUY,2026.05.11 13:18:19,2026.05.11 13:19:19,2026.05.11 13:19:19,1778505559223,4662.50,4662.55,4662.55,0.34,4632.55,4632.55,2026.05.11 15:00:00,1778511600000,4674.90,4674.95,4674.89,TARGET_K80_M30_CLOSE,WIN,PROFIT,419.56,0.0,0.0,419.56,419.56,0.0,12.340000000000146,1234.0000000000146,0.41133333333333816,6041,24.36211826514024,23.81821243498729,25,4,86.74944592330537,71.36182571689223,87.55276048824184,83.53080525837504,2.1900000000005093,14.800000000000182,0,0.0500000000001819,0.0500000000001819,0.0,EXPERT
352,704,STOCHEXTREME_ORO_XAUUSD_1751328000,XAUUSD,BUY,2026.05.12 10:30:00,2026.05.12 10:31:00,2026.05.12 10:31:00,1778581860000,4696.36,4696.41,4696.41,0.34,4666.41,4666.41,2026.05.12 18:12:29,1778609549160,4666.38,4666.43,4666.38,INITIAL_STOP,LOSS,LOSS,-1021.02,0.0,0.0,-1021.02,-1021.02,0.0,-30.029999999999745,-3002.9999999999745,-1.0009999999999915,27689,20.331356988807496,14.74577037632283,31,5,0.0,0.0,9.262452514663648,13.807305323949436,29.979999999999563,15.180000000000291,0,0.0500000000001819,0.0500000000001819,0.02999999999974534,SL
353,706,STOCHEXTREME_ORO_XAUUSD_1751328000,XAUUSD,SELL,2026.05.12 21:00:00,2026.05.12 21:01:00,2026.05.12 21:01:00,1778619660000,4679.64,4679.69,4679.64,0.32,4709.64,4709.64,2026.05.12 22:36:13,1778625373913,4709.54,4709.65,4709.65,INITIAL_STOP,LOSS,LOSS,-960.32,0.0,0.0,-960.32,-960.32,0.0,-30.00999999999931,-3000.999999999931,-1.0003333333333102,5713,80.93238147016784,81.57405334969604,16,3,0.0,0.0,96.24598716208543,91.16931162019922,29.979999999999563,3.2600000000002183,0,0.049999999999272404,0.10999999999967258,0.009999999999308784,SL
354,708,STOCHEXTREME_ORO_XAUUSD_1751328000,XAUUSD,BUY,2026.05.13 16:02:24,2026.05.13 16:03:24,2026.05.13 16:03:24,1778688204137,4689.09,4689.14,4689.14,0.3,4659.14,4659.14,2026.05.13 19:30:00,1778700600000,4706.99,4707.04,4707.01,TARGET_K80_M30_CLOSE,WIN,PROFIT,536.1,0.0,0.0,536.1,536.1,0.0,17.86999999999989,1786.999999999989,0.595666666666663,12396,22.51507756795057,22.216174271354532,44,7,87.17472362296137,69.34117712842993,88.64179423812118,81.12503509477608,19.640000000000327,20.699999999999818,0,0.0500000000001819,0.0500000000001819,0.0,EXPERT
355,710,STOCHEXTREME_ORO_XAUUSD_1751328000,XAUUSD,BUY,2026.05.14 12:48:38,2026.05.14 12:49:38,2026.05.14 12:49:38,1778762978208,4700.14,4700.19,4700.19,0.3,4670.19,4670.19,2026.05.14 16:42:24,1778776944201,4670.17,4670.27,4670.17,INITIAL_STOP,LOSS,LOSS,-900.6,0.0,0.0,-900.6,-900.6,0.0,-30.019999999999527,-3001.9999999999527,-1.0006666666666508,13966,24.893273050015196,24.48593451890243,23,4,0.0,0.0,25.44018204223111,45.372353484776745,29.969999999999345,9.910000000000764,0,0.049999999999272404,0.1000000000003638,0.019999999999527063,SL
356,712,STOCHEXTREME_ORO_XAUUSD_1751328000,XAUUSD,BUY,2026.05.14 23:40:41,2026.05.14 23:41:41,2026.05.14 23:41:41,1778802101379,4650.96,4651.36,4651.36,0.3,4621.36,4621.36,2026.05.15 02:30:00,1778812200000,4664.15,4664.25,4664.04,TARGET_K80_M30_CLOSE,WIN,PROFIT,380.4,0.0,-17.79,362.60999999999996,380.4,0.0,12.680000000000291,1268.000000000029,0.42266666666667635,10099,10.748906326106514,8.96564483844061,21,4,88.7022730115043,64.87445673929086,98.34851167984614,85.1905864808309,4.539999999999964,12.920000000000073,0,0.3999999999996362,0.1000000000003638,0.0,EXPERT
357,714,STOCHEXTREME_ORO_XAUUSD_1751328000,XAUUSD,BUY,2026.05.15 12:30:00,2026.05.15 12:31:00,2026.05.15 12:31:00,1778848260000,4553.87,4553.92,4553.92,0.3,4523.92,4523.92,2026.05.15 16:41:37,1778863297918,4523.90,4524.00,4523.90,INITIAL_STOP,LOSS,LOSS,-900.6,0.0,0.0,-900.6,-900.6,0.0,-30.020000000000437,-3002.0000000000437,-1.0006666666666812,15037,22.89804310724091,18.75581929353609,42,7,0.0,0.0,23.119260794682315,37.50408698252741,29.980000000000473,18.68000000000029,0,0.0500000000001819,0.1000000000003638,0.020000000000436557,SL
358,716,STOCHEXTREME_ORO_XAUUSD_1751328000,XAUUSD,SELL,2026.05.15 21:40:37,2026.05.15 21:41:37,2026.05.15 21:41:37,1778881297142,4557.06,4557.11,4557.06,0.28,4587.06,4587.06,2026.05.15 23:30:00,1778887800000,4539.24,4539.29,4539.23,TARGET_K20_M30_CLOSE,WIN,PROFIT,499.24,0.0,0.0,499.24,499.24,0.0,17.830000000000837,1783.0000000000837,0.5943333333333612,6503,75.17181142282094,75.26874000871697,23,4,12.172153327329562,32.144727561355786,15.87847540230267,19.520169847413438,5.849999999999454,23.770000000000437,0,0.049999999999272404,0.0500000000001819,0.0,EXPERT
359,718,STOCHEXTREME_ORO_XAUUSD_1751328000,XAUUSD,BUY,2026.05.18 14:10:28,2026.05.18 14:11:28,2026.05.18 14:11:28,1779113488216,4534.53,4534.63,4534.63,0.3,4504.63,4504.63,2026.05.18 17:00:00,1779123600000,4575.24,4575.29,4575.25,TARGET_K80_M30_CLOSE,WIN,PROFIT,1218.6,0.0,0.0,1218.6,1218.6,0.0,40.61999999999989,4061.999999999989,1.3539999999999963,10112,23.689637841883894,21.907295960512513,29,5,88.83869987793209,78.77944676899108,85.82656789388882,84.68800158409123,2.7799999999997453,49.60999999999967,0,0.1000000000003638,0.0500000000001819,0.0,EXPERT
360,720,STOCHEXTREME_ORO_XAUUSD_1751328000,XAUUSD,SELL,2026.05.18 17:00:39,2026.05.18 17:01:39,2026.05.18 17:01:39,1779123699179,4571.04,4571.10,4571.04,0.32,4601.04,4601.04,2026.05.18 19:00:00,1779130800000,4543.60,4543.66,4543.64,TARGET_K20_M30_CLOSE,WIN,PROFIT,876.8,0.0,0.0,876.8,876.8,0.0,27.399999999999636,2739.9999999999636,0.9133333333333212,7101,83.23876752420314,83.82540146086266,41,7,16.909104152239493,33.654487135269044,18.357269763335903,21.38712396568413,0.47000000000025466,39.11999999999989,0,0.06000000000040018,0.05999999999949068,0.0,EXPERT
361,722,STOCHEXTREME_ORO_XAUUSD_1751328000,XAUUSD,BUY,2026.05.19 13:18:28,2026.05.19 13:19:28,2026.05.19 13:19:28,1779196768108,4539.20,4539.25,4539.25,0.34,4509.25,4509.25,2026.05.19 16:23:26,1779207806896,4509.22,4509.32,4509.22,INITIAL_STOP,LOSS,LOSS,-1021.02,0.0,0.0,-1021.02,-1021.02,0.0,-30.029999999999745,-3002.9999999999745,-1.0009999999999915,11038,24.54416751626957,23.854337870215062,20,3,0.0,0.0,43.79637874740305,50.19293558919554,29.960000000000036,8.670000000000073,0,0.0500000000001819,0.0999999999994543,0.02999999999974534,SL
362,724,STOCHEXTREME_ORO_XAUUSD_1751328000,XAUUSD,BUY,2026.05.19 22:00:30,2026.05.19 22:01:30,2026.05.19 22:01:30,1779228090236,4495.36,4495.45,4495.45,0.32,4465.45,4465.45,2026.05.20 03:30:00,1779247800000,4502.07,4502.12,4502.03,TARGET_K80_M30_CLOSE,WIN,PROFIT,210.56,0.0,-18.97,191.59,210.56,0.0,6.579999999999927,657.9999999999927,0.2193333333333309,19710,19.46001090749792,19.352594091426635,19,3,80.04612725560378,69.93955937871564,87.29706798146624,80.13394854017842,17.81999999999971,6.630000000000109,0,0.09000000000014552,0.0500000000001819,0.0,EXPERT
363,726,STOCHEXTREME_ORO_XAUUSD_1751328000,XAUUSD,SELL,2026.05.20 11:00:00,2026.05.20 11:01:00,2026.05.20 11:01:00,1779274860000,4478.90,4478.97,4478.90,0.32,4508.90,4508.90,2026.05.20 17:00:00,1779296400000,4484.42,4484.47,4484.46,TARGET_K20_M30_CLOSE,WIN,LOSS,-177.92,0.0,0.0,-177.92,-177.92,0.0,-5.5600000000004,-556.00000000004,-0.18533333333334667,21540,77.12829153324226,78.70946658645475,26,4,13.712521731542799,42.15948385424782,4.694640631491816,20.03126796619419,27.38000000000011,5.899999999999636,0,0.07000000000061846,0.0500000000001819,0.0,EXPERT
364,728,STOCHEXTREME_ORO_XAUUSD_1751328000,XAUUSD,SELL,2026.05.20 23:00:29,2026.05.20 23:01:29,2026.05.20 23:01:29,1779318089312,4547.63,4547.68,4547.63,0.32,4577.63,4577.63,2026.05.21 06:30:00,1779345000100,4535.97,4536.05,4536.06,TARGET_K20_M30_CLOSE,WIN,PROFIT,370.24,0.0,39.16,409.4,370.24,0.0,11.569999999999709,1156.999999999971,0.38566666666665694,26911,78.56412838444338,80.88340741784621,16,3,6.591881502396826,29.920090090890767,19.374132467225362,17.334809658148757,23.099999999999454,15.949999999999818,0,0.0500000000001819,0.07999999999992724,0.0,EXPERT
365,729,STOCHEXTREME_ORO_XAUUSD_1751328000,XAUUSD,BUY,2026.05.21 06:30:00,2026.05.21 06:30:00,2026.05.21 06:30:00,1779345000000,4535.98,4536.06,4536.06,0.32,4506.06,4506.06,2026.05.21 12:30:00,1779366600000,4536.97,4537.08,4536.98,TARGET_K80_M30_CLOSE,WIN,PROFIT,29.44,0.0,0.0,29.44,29.44,0.0,0.9199999999991633,91.99999999991633,0.030666666666638774,21600,19.404826144325757,17.345040883848892,20,3,83.26259401178704,62.472296354692396,80.70199844835965,76.43840825671215,24.19000000000051,6.419999999999163,0,0.08000000000083674,0.10999999999967258,0.0,EXPERT
366,732,STOCHEXTREME_ORO_XAUUSD_1751328000,XAUUSD,BUY,2026.05.21 15:22:29,2026.05.21 15:23:29,2026.05.21 15:23:29,1779377009189,4508.09,4508.21,4508.21,0.32,4478.21,4478.21,2026.05.21 20:00:00,1779393600000,4519.85,4519.90,4519.78,TARGET_K80_M30_CLOSE,WIN,PROFIT,370.24,0.0,0.0,370.24,370.24,0.0,11.569999999999709,1156.999999999971,0.38566666666665694,16591,24.397247483784025,23.137462449051355,21,4,86.11076353272254,73.56276173306627,88.8284163094106,81.85378153899336,20.020000000000437,12.659999999999854,0,0.11999999999989086,0.049999999999272404,0.0,EXPERT
367,734,STOCHEXTREME_ORO_XAUUSD_1751328000,XAUUSD,SELL,2026.05.21 21:01:20,2026.05.21 21:02:20,2026.05.21 21:02:20,1779397340000,4548.96,4549.07,4548.96,0.32,4578.96,4578.96,2026.05.22 05:00:00,1779426000000,4526.33,4526.38,4526.43,TARGET_K20_M30_CLOSE,WIN,PROFIT,720.96,0.0,13.05,734.01,720.96,0.0,22.529999999999745,2252.9999999999745,0.7509999999999916,28660,86.58439729918969,88.62769874798035,37,6,19.40640714044743,22.432756611986974,26.173080934985382,23.31081730124362,2.100000000000364,27.75,0,0.10999999999967258,0.0500000000001819,0.0,EXPERT
368,735,STOCHEXTREME_ORO_XAUUSD_1751328000,XAUUSD,BUY,2026.05.22 04:50:12,2026.05.22 04:50:12,2026.05.22 04:50:12,1779425412908,4529.17,4529.22,4529.22,0.32,4499.22,4499.22,2026.05.22 17:13:40,1779470020322,4499.20,4499.25,4499.20,INITIAL_STOP,LOSS,LOSS,-960.64,0.0,0.0,-960.64,-960.64,0.0,-30.020000000000437,-3002.0000000000437,-1.0006666666666812,44608,23.97764504501841,23.9565025801773,26,4,0.0,0.0,19.752236436793485,38.69930583740835,29.960000000000036,7.609999999999673,0,0.0500000000001819,0.0500000000001819,0.020000000000436557,SL
369,738,STOCHEXTREME_ORO_XAUUSD_1751328000,XAUUSD,BUY,2026.05.22 18:00:00,2026.05.22 18:01:00,2026.05.22 18:01:00,1779472860000,4501.36,4501.41,4501.41,0.32,4471.41,4471.41,2026.05.22 19:30:00,1779478200000,4523.77,4523.82,4523.78,TARGET_K80_M30_CLOSE,WIN,PROFIT,715.84,0.0,0.0,715.84,715.84,0.0,22.36999999999989,2236.999999999989,0.745666666666663,5340,24.08769379446264,23.742791365097627,31,5,90.2680821671906,65.86669406207305,96.02656240240577,84.00030991217795,0.7699999999995271,22.699999999999818,0,0.0500000000001819,0.049999999999272404,0.0,EXPERT
370,740,STOCHEXTREME_ORO_XAUUSD_1751328000,XAUUSD,BUY,2026.05.22 23:00:00,2026.05.22 23:01:00,2026.05.22 23:01:00,1779490860000,4506.94,4507.04,4507.04,0.34,4477.04,4477.04,2026.05.25 02:00:00,1779674400000,4565.02,4565.12,4565.03,TARGET_K80_M30_CLOSE,WIN,PROFIT,1971.66,0.0,-20.16,1951.5,1971.66,0.0,57.98999999999978,5798.999999999978,1.9329999999999927,183540,18.018388209828945,16.89460718036388,16,3,81.87396214841536,64.22657494258404,96.13001657538393,81.39336742554354,2.9600000000000364,58.63000000000011,0,0.1000000000003638,0.0999999999994543,0.0,EXPERT
371,742,STOCHEXTREME_ORO_XAUUSD_1751328000,XAUUSD,SELL,2026.05.26 23:30:23,2026.05.26 23:31:23,2026.05.26 23:31:23,1779838283000,4507.74,4507.79,4507.74,0.38,4537.74,4537.74,2026.05.27 10:00:00,1779876000000,4485.26,4485.36,4485.35,TARGET_K20_M30_CLOSE,WIN,PROFIT,850.82,0.0,15.5,866.32,850.82,0.0,22.389999999999418,2238.999999999942,0.746333333333314,37717,77.2464307445789,83.644237351553,17,3,14.784262947432515,30.127373999536115,12.354579342197885,18.350947811488563,29.51000000000022,27.609999999999673,0,0.0500000000001819,0.0999999999994543,0.0,EXPERT
372,744,STOCHEXTREME_ORO_XAUUSD_1751328000,XAUUSD,BUY,2026.05.27 10:30:00,2026.05.27 10:31:00,2026.05.27 10:31:00,1779877860000,4486.58,4486.63,4486.63,0.4,4456.63,4456.63,2026.05.27 13:46:16,1779889576973,4456.60,4456.70,4456.60,INITIAL_STOP,LOSS,LOSS,-1201.2,0.0,0.0,-1201.2,-1201.2,0.0,-30.029999999999745,-3002.9999999999745,-1.0009999999999915,11716,18.34136392663264,15.482034702352339,27,5,0.0,0.0,17.316411177182257,41.68860534104308,29.949999999999818,12.079999999999927,0,0.0500000000001819,0.0999999999994543,0.02999999999974534,SL
373,746,STOCHEXTREME_ORO_XAUUSD_1751328000,XAUUSD,BUY,2026.05.27 15:00:00,2026.05.27 15:01:00,2026.05.27 15:01:00,1779894060000,4430.59,4430.69,4430.69,0.38,4400.69,4400.69,2026.05.27 20:30:00,1779913800000,4450.10,4450.20,4450.09,TARGET_K80_M30_CLOSE,WIN,PROFIT,737.2,0.0,0.0,737.2,737.2,0.0,19.400000000000546,1940.0000000000546,0.6466666666666848,19740,4.707143295425045,3.9994013130154165,44,7,82.45070387135293,73.674030283543,87.4595110492043,81.48592352535759,29.1899999999996,35.650000000000546,0,0.0999999999994543,0.0999999999994543,0.0,EXPERT
374,748,STOCHEXTREME_ORO_XAUUSD_1751328000,XAUUSD,SELL,2026.05.27 21:00:00,2026.05.27 21:01:00,2026.05.27 21:01:00,1779915660000,4449.95,4450.04,4449.95,0.38,4479.95,4479.95,2026.05.28 03:30:00,1779939000000,4446.40,4446.45,4446.43,TARGET_K20_M30_CLOSE,WIN,PROFIT,133.76,0.0,46.5,180.26,133.76,0.0,3.519999999999527,351.9999999999527,0.11733333333331757,23340,77.42031345252259,81.83556436690372,22,4,11.232968604168343,23.893794837205245,12.392976345958308,15.31174092533738,16.909999999999854,6.039999999999964,0,0.09000000000014552,0.0500000000001819,0.0,EXPERT
375,750,STOCHEXTREME_ORO_XAUUSD_1751328000,XAUUSD,SELL,2026.05.28 17:31:42,2026.05.28 17:32:42,2026.05.28 17:32:42,1779989562000,4461.26,4461.32,4461.26,0.38,4491.26,4491.26,2026.05.28 19:17:40,1779995860883,4491.15,4491.26,4491.26,INITIAL_STOP,LOSS,LOSS,-1140.0,0.0,0.0,-1140.0,-1140.0,0.0,-30.0,-3000.0,-1.0,6298,86.85285251184622,87.22351389885911,44,7,0.0,0.0,97.01458586184106,93.53696936385005,29.979999999999563,8.210000000000036,0,0.05999999999949068,0.11000000000058208,0.0,SL
376,752,STOCHEXTREME_ORO_XAUUSD_1751328000,XAUUSD,SELL,2026.05.29 10:06:20,2026.05.29 10:07:20,2026.05.29 10:07:20,1780049240113,4518.95,4519.00,4518.95,0.36,4548.95,4548.95,2026.05.29 17:02:40,1780074160841,4548.85,4548.95,4548.95,INITIAL_STOP,LOSS,LOSS,-1080.0,0.0,0.0,-1080.0,-1080.0,0.0,-30.0,-3000.0,-1.0,24920,84.47624985718632,84.95080879705547,29,5,0.0,0.0,76.37752318603366,56.20281805462986,29.960000000000036,8.800000000000182,0,0.0500000000001819,0.0999999999994543,0.0,SL
377,754,STOCHEXTREME_ORO_XAUUSD_1751328000,XAUUSD,BUY,2026.05.29 21:46:42,2026.05.29 21:47:42,2026.05.29 21:47:42,1780091262061,4554.27,4554.38,4554.38,0.34,4524.38,4524.38,2026.06.01 01:02:00,1780275720000,4520.93,4520.98,4520.93,INITIAL_STOP,LOSS,LOSS,-1137.3,0.0,-20.16,-1157.46,-1137.3,0.0,-33.44999999999982,-3344.999999999982,-1.114999999999994,184458,23.111046626542343,21.929918276882145,19,3,0.0,0.0,4.888541739729615,10.400996946804378,34.77000000000044,5.9099999999998545,0,0.10999999999967258,0.049999999999272404,3.449999999999818,SL
378,756,STOCHEXTREME_ORO_XAUUSD_1751328000,XAUUSD,BUY,2026.06.01 11:01:15,2026.06.01 11:02:15,2026.06.01 11:02:15,1780311735328,4501.66,4501.71,4501.71,0.32,4471.71,4471.71,2026.06.01 16:21:38,1780330898543,4471.68,4471.78,4471.68,INITIAL_STOP,LOSS,LOSS,-960.96,0.0,0.0,-960.96,-960.96,0.0,-30.029999999999745,-3002.9999999999745,-1.0009999999999915,19163,24.82312587745731,21.288797102684637,33,6,0.0,0.0,30.483644390930937,49.44819700624964,29.9399999999996,11.220000000000255,0,0.0500000000001819,0.0999999999994543,0.02999999999974534,SL
379,758,STOCHEXTREME_ORO_XAUUSD_1751328000,XAUUSD,BUY,2026.06.01 17:34:38,2026.06.01 17:35:38,2026.06.01 17:35:38,1780335338006,4459.68,4459.73,4459.73,0.3,4429.73,4429.73,2026.06.01 20:30:00,1780345800000,4483.66,4483.77,4483.71,TARGET_K80_M30_CLOSE,WIN,PROFIT,719.4,0.0,0.0,719.4,719.4,0.0,23.980000000000473,2398.0000000000473,0.7993333333333491,10462,11.301983877838303,10.786184117850931,44,7,83.14060374700993,73.24775236973673,97.19581768648634,85.95009905116513,7.5,23.980000000000473,0,0.049999999999272404,0.11000000000058208,0.0,EXPERT
380,760,STOCHEXTREME_ORO_XAUUSD_1751328000,XAUUSD,SELL,2026.06.01 21:00:00,2026.06.01 21:01:00,2026.06.01 21:01:00,1780347660000,4487.89,4487.94,4487.89,0.32,4517.89,4517.89,2026.06.02 07:58:40,1780387120116,4517.80,4517.92,4517.92,INITIAL_STOP,LOSS,LOSS,-960.96,0.0,13.05,-947.9100000000001,-960.96,0.0,-30.029999999999745,-3002.9999999999745,-1.0009999999999915,39460,83.92722106520047,85.40448906014645,29,5,0.0,0.0,92.38779564758784,91.21031458891308,29.949999999999818,24.720000000000255,0,0.049999999999272404,0.11999999999989086,0.02999999999974534,SL
381,762,STOCHEXTREME_ORO_XAUUSD_1751328000,XAUUSD,SELL,2026.06.02 10:30:00,2026.06.02 10:31:00,2026.06.02 10:31:00,1780396260000,4532.77,4532.83,4532.77,0.3,4562.77,4562.77,2026.06.02 12:30:00,1780403400000,4527.17,4527.28,4527.29,TARGET_K20_M30_CLOSE,WIN,PROFIT,164.4,0.0,0.0,164.4,164.4,0.0,5.480000000000473,548.0000000000473,0.18266666666668244,7140,76.20774040100491,83.3827685663398,23,4,13.25309094910366,34.53181196713992,11.304911044252426,19.629260246730677,6.539999999999964,7.350000000000364,0,0.05999999999949068,0.10999999999967258,0.0,EXPERT
382,764,STOCHEXTREME_ORO_XAUUSD_1751328000,XAUUSD,BUY,2026.06.02 17:30:00,2026.06.02 17:31:00,2026.06.02 17:31:00,1780421460000,4495.97,4496.02,4496.02,0.3,4466.02,4466.02,2026.06.02 23:30:00,1780443000000,4489.88,4489.93,4489.85,TARGET_K80_M30_CLOSE,WIN,LOSS,-185.1,0.0,0.0,-185.1,-185.1,0.0,-6.170000000000073,-617.0000000000073,-0.20566666666666908,21540,8.206391044123649,5.36866306426277,42,7,84.44136406465594,76.68774553659154,82.98633760962804,81.32527253137273,17.220000000000255,12.539999999999964,0,0.0500000000001819,0.0500000000001819,0.0,EXPERT
383,766,STOCHEXTREME_ORO_XAUUSD_1751328000,XAUUSD,SELL,2026.06.02 23:44:22,2026.06.02 23:45:22,2026.06.02 23:45:22,1780443922000,4488.77,4489.17,4488.77,0.3,4518.77,4518.77,2026.06.03 03:00:00,1780455600000,4474.51,4474.57,4474.58,TARGET_K20_M30_CLOSE,WIN,PROFIT,425.7,0.0,12.24,437.94,425.7,0.0,14.19000000000051,1419.000000000051,0.47300000000001696,11678,78.09215771544984,79.69387923331334,16,3,19.821834866593957,25.721633160463313,30.063965884861137,23.884892342281336,6.5,26.3100000000004,0,0.3999999999996362,0.05999999999949068,0.0,EXPERT
384,768,STOCHEXTREME_ORO_XAUUSD_1751328000,XAUUSD,BUY,2026.06.03 11:30:00,2026.06.03 11:31:00,2026.06.03 11:31:00,1780486260000,4457.75,4457.80,4457.80,0.3,4427.80,4427.80,2026.06.03 16:44:41,1780505081360,4427.73,4427.83,4427.73,INITIAL_STOP,LOSS,LOSS,-902.1,0.0,0.0,-902.1,-902.1,0.0,-30.07000000000062,-3007.000000000062,-1.002333333333354,18821,22.67374319589176,16.64721870935648,29,5,0.0,0.0,33.84528719664103,49.19427690933414,29.98999999999978,10.300000000000182,0,0.0500000000001819,0.1000000000003638,0.07000000000061846,SL
385,769,STOCHEXTREME_ORO_XAUUSD_1751328000,XAUUSD,SELL,2026.06.03 15:00:00,2026.06.03 15:00:00,2026.06.03 15:00:00,1780498800000,4462.21,4462.26,4462.21,0.3,4492.21,4492.21,2026.06.04 11:00:00,1780570800000,4461.69,4461.79,4461.74,TARGET_K20_M30_CLOSE,WIN,PROFIT,14.1,0.0,36.71,50.81,14.1,0.0,0.47000000000025466,47.000000000025466,0.015666666666675155,72000,75.79671177843358,76.49886440770514,24,4,16.480734842453796,26.033414419217365,12.511172400870374,19.01638238702484,21.86999999999989,38.07999999999993,0,0.0500000000001819,0.1000000000003638,0.0,EXPERT
386,772,STOCHEXTREME_ORO_XAUUSD_1751328000,XAUUSD,BUY,2026.06.04 11:32:17,2026.06.04 11:33:17,2026.06.04 11:33:17,1780572797000,4463.15,4463.23,4463.23,0.28,4433.23,4433.23,2026.06.04 15:00:00,1780585200000,4511.56,4511.63,4511.55,TARGET_K80_M30_CLOSE,WIN,PROFIT,1352.96,0.0,0.0,1352.96,1352.96,0.0,48.32000000000062,4832.000000000062,1.6106666666666873,12403,20.826997130854046,18.32186021186361,31,5,92.15481003622058,79.29984338172181,94.57245751513473,87.97013865380755,3.5599999999994907,51.39000000000033,0,0.07999999999992724,0.06999999999970896,0.0,EXPERT
387,774,STOCHEXTREME_ORO_XAUUSD_1751328000,XAUUSD,SELL,2026.06.04 15:11:20,2026.06.04 15:12:20,2026.06.04 15:12:20,1780585940061,4493.58,4493.68,4493.58,0.32,4523.58,4523.58,2026.06.05 03:00:00,1780628400000,4461.20,4461.32,4461.30,TARGET_K20_M30_CLOSE,WIN,PROFIT,1032.96,0.0,13.05,1046.01,1032.96,0.0,32.279999999999745,3227.9999999999745,1.0759999999999914,42460,83.38877896814188,84.24224580480993,44,7,11.91184159157431,21.542956699804545,11.078494515708451,17.257236124794332,21.970000000000255,36.149999999999636,0,0.1000000000003638,0.11999999999989086,0.0,EXPERT
388,776,STOCHEXTREME_ORO_XAUUSD_1751328000,XAUUSD,SELL,2026.06.05 11:00:00,2026.06.05 11:01:00,2026.06.05 11:01:00,1780657260000,4460.47,4460.56,4460.47,0.34,4490.47,4490.47,2026.06.05 16:30:00,1780677000000,4404.81,4404.86,4404.81,TARGET_K20_M30_CLOSE,WIN,PROFIT,1892.44,0.0,0.0,1892.44,1892.44,0.0,55.659999999999854,5565.999999999985,1.8553333333333284,19740,85.10480103059986,86.34143208589273,26,4,14.67850327796458,36.19673774696178,4.643227689737178,18.310026785430207,15.529999999999745,60.3100000000004,0,0.09000000000014552,0.049999999999272404,0.0,EXPERT
389,778,STOCHEXTREME_ORO_XAUUSD_1751328000,XAUUSD,BUY,2026.06.05 17:30:00,2026.06.05 17:31:00,2026.06.05 17:31:00,1780680660000,4361.35,4361.41,4361.41,0.38,4331.41,4331.41,2026.06.05 19:00:41,1780686041164,4331.40,4331.45,4331.40,INITIAL_STOP,LOSS,LOSS,-1140.38,0.0,0.0,-1140.38,-1140.38,0.0,-30.01000000000022,-3001.000000000022,-1.0003333333333406,5381,4.467722229270102,3.7336134570218267,44,7,0.0,0.0,2.1575512528921044,7.009199157135169,29.960000000000036,11.13000000000011,0,0.05999999999949068,0.0500000000001819,0.010000000000218279,SL
390,780,STOCHEXTREME_ORO_XAUUSD_1751328000,XAUUSD,BUY,2026.06.05 22:30:30,2026.06.05 22:31:30,2026.06.05 22:31:30,1780698690084,4321.75,4321.83,4321.83,0.36,4291.83,4291.83,2026.06.08 03:30:00,1780889400000,4351.49,4351.54,4351.53,TARGET_K80_M30_CLOSE,WIN,PROFIT,1069.2,0.0,-21.34,1047.8600000000001,1069.2,0.0,29.699999999999818,2969.999999999982,0.9899999999999939,190710,23.52624905932718,21.908837418491647,38,6,88.18781876885373,64.1467113938122,94.23894077431258,82.13780151769738,11.760000000000218,31.56999999999971,0,0.07999999999992724,0.0500000000001819,0.0,EXPERT
391,782,STOCHEXTREME_ORO_XAUUSD_1751328000,XAUUSD,SELL,2026.06.08 15:48:39,2026.06.08 15:49:39,2026.06.08 15:49:39,1780933779107,4333.05,4333.13,4333.05,0.38,4363.05,4363.05,2026.06.08 23:00:00,1780959600000,4326.57,4326.62,4326.61,TARGET_K20_M30_CLOSE,WIN,PROFIT,244.72,0.0,0.0,244.72,244.72,0.0,6.440000000000509,644.0000000000509,0.21466666666668363,25821,92.27233831471676,92.48616144359973,38,6,13.819300786279337,32.02110705849875,12.530773304251213,20.21902453951307,13.550000000000182,18.029999999999745,0,0.07999999999992724,0.0500000000001819,0.0,EXPERT
392,784,STOCHEXTREME_ORO_XAUUSD_1751328000,XAUUSD,BUY,2026.06.08 23:42:35,2026.06.08 23:43:35,2026.06.08 23:43:35,1780962215526,4325.57,4325.97,4325.97,0.38,4295.97,4295.97,2026.06.09 05:30:00,1780983000000,4335.62,4335.67,4335.61,TARGET_K80_M30_CLOSE,WIN,PROFIT,366.32,0.0,-22.53,343.78999999999996,366.32,0.0,9.639999999999418,963.9999999999418,0.32133333333331393,20785,21.969951117853935,16.81782746269654,16,3,89.1585221838189,72.12505395800834,87.17041479949347,83.72333933365319,12.930000000000291,12.920000000000073,0,0.4000000000005457,0.0500000000001819,0.0,EXPERT
393,786,STOCHEXTREME_ORO_XAUUSD_1751328000,XAUUSD,SELL,2026.06.09 15:00:27,2026.06.09 15:01:27,2026.06.09 15:01:27,1781017287058,4341.13,4341.23,4341.13,0.38,4371.13,4371.13,2026.06.09 17:30:00,1781026200000,4318.47,4318.53,4318.49,TARGET_K20_M30_CLOSE,WIN,PROFIT,860.32,0.0,0.0,860.32,860.32,0.0,22.640000000000327,2264.0000000000327,0.7546666666666776,8913,75.39608343821823,81.2284959142478,18,3,11.885468015051226,22.451657784199863,17.55382345716177,19.25455705392181,22.55999999999949,34.900000000000546,0,0.0999999999994543,0.05999999999949068,0.0,EXPERT
394,788,STOCHEXTREME_ORO_XAUUSD_1751328000,XAUUSD,BUY,2026.06.09 18:00:00,2026.06.09 18:01:00,2026.06.09 18:01:00,1781028060000,4297.53,4297.58,4297.58,0.4,4267.58,4267.58,2026.06.09 18:31:38,1781029898720,4267.53,4267.63,4267.53,INITIAL_STOP,LOSS,LOSS,-1202.0,0.0,0.0,-1202.0,-1202.0,0.0,-30.050000000000182,-3005.000000000018,-1.0016666666666727,1838,23.136320323683766,18.00414864739628,44,7,0.0,0.0,9.216651107559974,14.856986876910936,29.949999999999818,1.6700000000000728,0,0.0500000000001819,0.1000000000003638,0.0500000000001819,SL
395,790,STOCHEXTREME_ORO_XAUUSD_1751328000,XAUUSD,BUY,2026.06.10 12:32:04,2026.06.10 12:33:04,2026.06.10 12:33:04,1781094784064,4175.67,4175.78,4175.78,0.38,4145.78,4145.78,2026.06.10 14:59:15,1781103555700,4145.76,4145.84,4145.76,INITIAL_STOP,LOSS,LOSS,-1140.76,0.0,0.0,-1140.76,-1140.76,0.0,-30.019999999999527,-3001.9999999999527,-1.0006666666666508,8771,17.48366024516449,14.900618207472933,38,6,0.0,0.0,39.240440569118455,43.272865360907865,29.98999999999978,3.7100000000000364,0,0.10999999999967258,0.07999999999992724,0.019999999999527063,SL
396,792,STOCHEXTREME_ORO_XAUUSD_1751328000,XAUUSD,SELL,2026.06.11 23:30:00,2026.06.11 23:31:00,2026.06.11 23:31:00,1781220660000,4214.57,4214.66,4214.57,0.36,4244.57,4244.57,2026.06.12 01:57:39,1781229459069,4244.55,4244.60,4244.60,INITIAL_STOP,LOSS,LOSS,-1081.08,0.0,14.69,-1066.3899999999999,-1081.08,0.0,-30.030000000000655,-3003.0000000000655,-1.0010000000000219,8799,91.62804468303791,93.09177198872858,25,4,0.0,0.0,79.96159471785542,79.72960414098553,29.93000000000029,9.019999999999527,0,0.09000000000014552,0.0500000000001819,0.030000000000654836,SL
397,794,STOCHEXTREME_ORO_XAUUSD_1751328000,XAUUSD,SELL,2026.06.12 12:30:00,2026.06.12 12:31:00,2026.06.12 12:31:00,1781267460000,4222.56,4222.67,4222.56,0.34,4252.56,4252.56,2026.06.12 14:30:00,1781274600000,4202.68,4202.75,4202.77,TARGET_K20_M30_CLOSE,WIN,PROFIT,672.86,0.0,0.0,672.86,672.86,0.0,19.789999999999964,1978.9999999999964,0.6596666666666654,7140,88.66567793979783,89.2509116706503,26,4,16.661508514749492,41.140556138124275,11.886033030098465,24.119707520921178,5.509999999999309,20.270000000000437,0,0.10999999999967258,0.06999999999970896,0.0,EXPERT
398,796,STOCHEXTREME_ORO_XAUUSD_1751328000,XAUUSD,BUY,2026.06.12 15:00:29,2026.06.12 15:01:29,2026.06.12 15:01:29,1781276489058,4204.87,4204.97,4204.97,0.34,4174.97,4174.97,2026.06.15 01:30:00,1781487000000,4286.91,4287.00,4286.90,TARGET_K80_M30_CLOSE,WIN,PROFIT,2785.62,0.0,-20.16,2765.46,2785.62,0.0,81.92999999999938,8192.999999999938,2.7309999999999794,210511,23.054054549791317,20.689239185968272,23,4,82.81410575853943,61.671576786466154,85.27245905256288,78.29057308462376,27.780000000000655,104.03999999999996,0,0.1000000000003638,0.09000000000014552,0.0,EXPERT
399,798,STOCHEXTREME_ORO_XAUUSD_1751328000,XAUUSD,BUY,2026.06.15 10:01:39,2026.06.15 10:02:39,2026.06.15 10:02:39,1781517759130,4306.22,4306.29,4306.29,0.4,4276.29,4276.29,2026.06.15 11:30:00,1781523000000,4328.70,4328.75,4328.73,TARGET_K80_M30_CLOSE,WIN,PROFIT,897.6,0.0,0.0,897.6,897.6,0.0,22.4399999999996,2243.99999999996,0.7479999999999867,5241,24.090688510560216,23.26065850776502,19,3,88.80625945051031,65.14147158861475,87.99112325289936,81.35999909719943,0.3999999999996362,26.399999999999636,0,0.06999999999970896,0.0500000000001819,0.0,EXPERT
400,800,STOCHEXTREME_ORO_XAUUSD_1751328000,XAUUSD,SELL,2026.06.15 12:00:00,2026.06.15 12:01:00,2026.06.15 12:01:00,1781524860000,4337.17,4337.25,4337.17,0.42,4367.17,4367.17,2026.06.15 16:41:37,1781541697855,4367.09,4367.19,4367.19,INITIAL_STOP,LOSS,LOSS,-1260.84,0.0,0.0,-1260.84,-1260.84,0.0,-30.019999999999527,-3001.9999999999527,-1.0006666666666508,16837,78.53687608949319,83.68309253378328,25,4,0.0,0.0,96.81632504856418,79.3172226882794,29.970000000000255,12.38000000000011,0,0.07999999999992724,0.0999999999994543,0.019999999999527063,SL
401,802,STOCHEXTREME_ORO_XAUUSD_1751328000,XAUUSD,BUY,2026.06.15 21:12:17,2026.06.15 21:13:17,2026.06.15 21:13:17,1781557997191,4322.74,4322.79,4322.79,0.4,4292.79,4292.79,2026.06.16 07:00:00,1781593200000,4330.55,4330.60,4330.56,TARGET_K80_M30_CLOSE,WIN,PROFIT,310.8,0.0,-23.71,287.09000000000003,310.8,0.0,7.770000000000437,777.0000000000437,0.25900000000001455,35203,14.51277813564654,13.439672417982145,18,3,87.9042959236498,68.16223505889694,88.31806879543218,81.26506434340422,16.8100000000004,10.359999999999673,0,0.0500000000001819,0.0500000000001819,0.0,EXPERT
402,804,STOCHEXTREME_ORO_XAUUSD_1751328000,XAUUSD,SELL,2026.06.16 12:00:00,2026.06.16 12:01:00,2026.06.16 12:01:00,1781611260000,4347.32,4347.39,4347.32,0.4,4377.32,4377.32,2026.06.16 17:30:00,1781631000000,4319.79,4319.89,4319.86,TARGET_K20_M30_CLOSE,WIN,PROFIT,1098.4,0.0,0.0,1098.4,1098.4,0.0,27.460000000000036,2746.0000000000036,0.9153333333333346,19740,93.31046729215787,93.84893427604908,17,3,4.811404432502518,32.28081947872899,3.753320133474183,14.896003223325687,7.670000000000073,29.4399999999996,0,0.07000000000061846,0.1000000000003638,0.0,EXPERT
403,806,STOCHEXTREME_ORO_XAUUSD_1751328000,XAUUSD,BUY,2026.06.16 18:00:00,2026.06.16 18:01:00,2026.06.16 18:01:00,1781632860000,4322.43,4322.50,4322.50,0.42,4292.50,4292.50,2026.06.16 20:00:00,1781640000000,4340.53,4340.59,4340.54,TARGET_K80_M30_CLOSE,WIN,PROFIT,757.68,0.0,0.0,757.68,757.68,0.0,18.039999999999964,1803.9999999999964,0.6013333333333322,7140,21.34944570864904,12.230274876679589,26,4,80.31950471269056,66.4528259766547,71.44383926545669,74.16985133896908,1.3299999999999272,24.449999999999818,0,0.06999999999970896,0.06000000000040018,0.0,EXPERT
404,808,STOCHEXTREME_ORO_XAUUSD_1751328000,XAUUSD,SELL,2026.06.17 17:37:02,2026.06.17 17:38:02,2026.06.17 17:38:02,1781717882037,4352.26,4352.34,4352.26,0.44,4382.26,4382.26,2026.06.17 20:33:40,1781728420526,4382.26,4382.34,4382.34,INITIAL_STOP,LOSS,LOSS,-1323.52,0.0,0.0,-1323.52,-1323.52,0.0,-30.079999999999927,-3007.9999999999927,-1.0026666666666642,10538,82.55884973047023,84.43419622295512,35,6,0.0,0.0,65.19084122000599,68.62816446611332,29.92999999999938,21.030000000000655,0,0.07999999999992724,0.07999999999992724,0.07999999999992724,SL
405,810,STOCHEXTREME_ORO_XAUUSD_1751328000,XAUUSD,BUY,2026.06.17 23:05:26,2026.06.17 23:06:26,2026.06.17 23:06:26,1781737586055,4247.94,4247.99,4247.99,0.42,4217.99,4217.99,2026.06.18 02:30:00,1781749800000,4280.09,4280.14,4280.14,TARGET_K80_M30_CLOSE,WIN,PROFIT,1350.3,0.0,-74.7,1275.6,1350.3,0.0,32.150000000000546,3215.0000000000546,1.0716666666666848,12214,9.447986722926755,9.103436900583054,44,7,81.01864805033934,58.79736467502202,89.20439914995295,76.16797268956222,0.05999999999949068,35.88000000000011,0,0.0500000000001819,0.0500000000001819,0.0,EXPERT
406,812,STOCHEXTREME_ORO_XAUUSD_1751328000,XAUUSD,BUY,2026.06.18 12:19:20,2026.06.18 12:20:20,2026.06.18 12:20:20,1781785220086,4272.63,4272.68,4272.68,0.44,4242.68,4242.68,2026.06.18 14:11:30,1781791890600,4242.67,4242.77,4242.67,INITIAL_STOP,LOSS,LOSS,-1320.44,0.0,0.0,-1320.44,-1320.44,0.0,-30.01000000000022,-3001.000000000022,-1.0003333333333406,6670,10.785379728925662,9.966023930751435,37,6,0.0,0.0,11.207637472551456,18.14994994726692,29.970000000000255,0.6300000000001091,0,0.0500000000001819,0.1000000000003638,0.010000000000218279,SL
407,814,STOCHEXTREME_ORO_XAUUSD_1751328000,XAUUSD,SELL,2026.06.19 11:45:42,2026.06.19 11:46:42,2026.06.19 11:46:42,1781869602000,4167.27,4167.32,4167.27,0.42,4197.27,4197.27,2026.06.19 14:00:00,1781877600000,4149.61,4149.66,4149.64,TARGET_K20_M30_CLOSE,WIN,PROFIT,740.46,0.0,0.0,740.46,740.46,0.0,17.63000000000011,1763.000000000011,0.5876666666666703,7998,85.19938344307417,85.53315221146279,31,5,14.663485897050707,30.740505940043462,6.392251734825076,15.770324423841467,3.7399999999997817,19.080000000000837,0,0.049999999999272404,0.0500000000001819,0.0,EXPERT
408,816,STOCHEXTREME_ORO_XAUUSD_1751328000,XAUUSD,BUY,2026.06.19 14:38:26,2026.06.19 14:39:26,2026.06.19 14:39:26,1781879966113,4147.01,4147.10,4147.10,0.42,4117.10,4117.10,2026.06.22 04:30:00,1782102600000,4207.31,4207.39,4207.32,TARGET_K80_M30_CLOSE,WIN,PROFIT,2529.24,0.0,-24.9,2504.3399999999997,2529.24,0.0,60.219999999999345,6021.9999999999345,2.0073333333333117,222634,12.644689481681871,11.123718234585239,26,4,91.70278812263005,72.61881138866993,89.34108405607493,83.06485207318634,10.5600000000004,73.65999999999985,0,0.09000000000014552,0.07999999999992724,0.0,EXPERT
409,818,STOCHEXTREME_ORO_XAUUSD_1751328000,XAUUSD,SELL,2026.06.22 13:46:19,2026.06.22 13:47:19,2026.06.22 13:47:19,1782136039166,4206.14,4206.24,4206.14,0.48,4236.14,4236.14,2026.06.23 06:00:00,1782194400000,4147.79,4147.84,4147.80,TARGET_K20_M30_CLOSE,WIN,PROFIT,2800.32,0.0,19.58,2819.9,2800.32,0.0,58.340000000000146,5834.000000000015,1.9446666666666714,58361,76.97767764432648,79.22249517827078,21,4,16.671040363441005,29.433080741461293,9.674591264887978,17.291116235719993,9.13000000000011,59.400000000000546,0,0.0999999999994543,0.0500000000001819,0.0,EXPERT
410,820,STOCHEXTREME_ORO_XAUUSD_1751328000,XAUUSD,BUY,2026.06.23 10:02:21,2026.06.23 10:03:21,2026.06.23 10:03:21,1782209001164,4117.42,4117.50,4117.50,0.54,4087.50,4087.50,2026.06.23 13:30:00,1782221400000,4130.38,4130.43,4130.41,TARGET_K80_M30_CLOSE,WIN,PROFIT,697.14,0.0,0.0,697.14,697.14,0.0,12.909999999999854,1290.9999999999854,0.43033333333332846,12399,15.945262722648005,14.786338143874877,37,6,85.8269313239504,64.8769845950638,94.82794486254251,82.95313232143462,26.5300000000002,15.949999999999818,0,0.07999999999992724,0.0500000000001819,0.0,EXPERT
411,822,STOCHEXTREME_ORO_XAUUSD_1751328000,XAUUSD,SELL,2026.06.23 14:20:31,2026.06.23 14:21:31,2026.06.23 14:21:31,1782224491178,4130.21,4130.31,4130.21,0.54,4160.21,4160.21,2026.06.23 21:30:00,1782250200000,4120.74,4120.82,4120.83,TARGET_K20_M30_CLOSE,WIN,PROFIT,506.52,0.0,0.0,506.52,506.52,0.0,9.38000000000011,938.0000000000109,0.3126666666666703,25709,78.49355804983567,82.16626555198849,27,5,9.66831114905684,28.674563308663107,1.1965113855036522,12.448651074865182,14.710000000000036,24.670000000000073,0,0.1000000000003638,0.07999999999992724,0.0,EXPERT
412,823,STOCHEXTREME_ORO_XAUUSD_1751328000,XAUUSD,BUY,2026.06.23 16:30:30,2026.06.23 16:30:30,2026.06.23 16:30:30,1782232230188,4113.48,4113.58,4113.58,0.54,4083.58,4083.58,2026.06.24 02:39:30,1782268770961,4083.56,4083.63,4083.56,INITIAL_STOP,LOSS,LOSS,-1621.08,0.0,-32.01,-1653.09,-1621.08,0.0,-30.019999999999982,-3001.999999999998,-1.0006666666666661,36540,24.947683809965984,23.293998457791158,39,7,0.0,0.0,11.64897950578407,13.506075231326347,29.960000000000036,31.25,0,0.1000000000003638,0.07000000000016371,0.01999999999998181,SL
413,826,STOCHEXTREME_ORO_XAUUSD_1751328000,XAUUSD,BUY,2026.06.24 13:30:00,2026.06.24 13:31:00,2026.06.24 13:31:00,1782307860000,4062.24,4062.29,4062.29,0.52,4032.29,4032.29,2026.06.24 15:25:16,1782314716779,4032.26,4032.31,4032.26,INITIAL_STOP,LOSS,LOSS,-1561.56,0.0,0.0,-1561.56,-1561.56,0.0,-30.029999999999745,-3002.9999999999745,-1.0009999999999915,6856,16.345908413544336,10.854706016500485,24,4,0.0,0.0,10.492591109331356,11.289076823342045,29.829999999999927,4.610000000000127,0,0.0500000000001819,0.04999999999972715,0.02999999999974534,SL
414,828,STOCHEXTREME_ORO_XAUUSD_1751328000,XAUUSD,BUY,2026.06.25 14:46:29,2026.06.25 14:47:29,2026.06.25 14:47:29,1782398849126,3985.88,3985.93,3985.93,0.5,3955.93,3955.93,2026.06.25 19:30:00,1782415800000,4040.54,4040.59,4040.53,TARGET_K80_M30_CLOSE,WIN,PROFIT,2730.0,0.0,0.0,2730.0,2730.0,0.0,54.600000000000364,5460.000000000036,1.820000000000012,16951,24.658316000939646,24.4023987037141,27,5,89.15703452410965,81.76567509134277,93.89476136565668,87.58390434029106,6.940000000000055,58.14000000000033,0,0.04999999999972715,0.0500000000001819,0.0,EXPERT
415,830,STOCHEXTREME_ORO_XAUUSD_1751328000,XAUUSD,SELL,2026.06.26 10:44:26,2026.06.26 10:45:26,2026.06.26 10:45:26,1782470726202,4031.39,4031.44,4031.39,0.54,4061.39,4061.39,2026.06.26 15:59:15,1782489555544,4061.34,4061.39,4061.39,INITIAL_STOP,LOSS,LOSS,-1620.0,0.0,0.0,-1620.0,-1620.0,0.0,-30.0,-3000.0,-1.0,18829,88.81186614648618,89.37002380669522,22,4,0.0,0.0,54.10097939593496,56.78216774576092,29.980000000000018,5.4099999999998545,0,0.0500000000001819,0.04999999999972715,0.0,SL
416,832,STOCHEXTREME_ORO_XAUUSD_1751328000,XAUUSD,BUY,2026.06.26 21:30:30,2026.06.26 21:31:30,2026.06.26 21:31:30,1782509490000,4075.03,4075.08,4075.08,0.52,4045.08,4045.08,2026.06.29 08:30:30,1782721830272,4045.03,4045.12,4045.03,INITIAL_STOP,LOSS,LOSS,-1562.6,0.0,-30.83,-1593.4299999999998,-1562.6,0.0,-30.049999999999727,-3004.9999999999727,-1.0016666666666576,212340,15.496536001223754,14.776456809523568,16,3,0.0,0.0,6.324720182532527,17.02443246382418,29.9699999999998,13.659999999999854,0,0.04999999999972715,0.08999999999969077,0.04999999999972715,SL
417,834,STOCHEXTREME_ORO_XAUUSD_1751328000,XAUUSD,BUY,2026.06.29 13:12:25,2026.06.29 13:13:25,2026.06.29 13:13:25,1782738805066,4038.95,4039.05,4039.05,0.48,4009.05,4009.05,2026.06.29 17:13:14,1782753194326,4009.04,4009.09,4009.04,INITIAL_STOP,LOSS,LOSS,-1440.48,0.0,0.0,-1440.48,-1440.48,0.0,-30.01000000000022,-3001.000000000022,-1.0003333333333406,14389,21.91483956137904,20.44224401361664,29,5,0.0,0.0,17.26717279885119,34.69758572665785,29.970000000000255,13.36999999999989,0,0.1000000000003638,0.0500000000001819,0.010000000000218279,SL
418,836,STOCHEXTREME_ORO_XAUUSD_1751328000,XAUUSD,SELL,2026.06.30 11:00:00,2026.06.30 11:01:00,2026.06.30 11:01:00,1782817260000,4033.86,4033.97,4033.86,0.46,4063.86,4063.86,2026.06.30 23:00:00,1782860400000,4015.83,4015.94,4015.95,TARGET_K20_M30_CLOSE,WIN,PROFIT,823.86,0.0,0.0,823.86,823.86,0.0,17.91000000000031,1791.000000000031,0.5970000000000103,43140,91.87932729443405,92.98064628098348,24,4,13.78175618793415,39.07034280322606,4.276323052448274,19.00920577067954,29.609999999999673,25.050000000000182,0,0.10999999999967258,0.11000000000012733,0.0,EXPERT
419,837,STOCHEXTREME_ORO_XAUUSD_1751328000,XAUUSD,BUY,2026.06.30 16:37:04,2026.06.30 16:37:04,2026.06.30 16:37:04,1782837424285,4014.03,4014.08,4014.08,0.46,3984.08,3984.08,2026.07.01 04:08:36,1782878916737,3984.07,3984.12,3984.07,INITIAL_STOP,LOSS,LOSS,-1380.46,0.0,-27.27,-1407.73,-1380.46,0.0,-30.009999999999764,-3000.9999999999764,-1.0003333333333255,41492,24.9854057209572,24.93058321575293,36,6,0.0,0.0,5.854317387801021,7.808756999417452,29.9699999999998,49.340000000000146,0,0.04999999999972715,0.04999999999972715,0.009999999999763531,SL
420,840,STOCHEXTREME_ORO_XAUUSD_1751328000,XAUUSD,SELL,2026.07.01 15:01:17,2026.07.01 15:02:17,2026.07.01 15:02:17,1782918137116,4030.40,4030.45,4030.40,0.44,4060.40,4060.40,2026.07.01 16:38:27,1782923907549,4060.39,4060.44,4060.44,INITIAL_STOP,LOSS,LOSS,-1321.76,0.0,0.0,-1321.76,-1321.76,0.0,-30.039999999999964,-3003.9999999999964,-1.001333333333332,5770,93.52693795092286,94.43992732670385,33,6,0.0,0.0,92.04547335650307,87.26100266337664,29.949999999999818,17.450000000000273,0,0.04999999999972715,0.0500000000001819,0.03999999999996362,SL
421,842,STOCHEXTREME_ORO_XAUUSD_1751328000,XAUUSD,BUY,2026.07.01 21:00:00,2026.07.01 21:01:00,2026.07.01 21:01:00,1782939660000,4069.34,4069.44,4069.44,0.42,4039.44,4039.44,2026.07.01 22:52:42,1782946362057,4039.42,4039.53,4039.42,INITIAL_STOP,LOSS,LOSS,-1260.84,0.0,0.0,-1260.84,-1260.84,0.0,-30.019999999999982,-3001.999999999998,-1.0006666666666661,6702,12.102784456299482,6.9254713781696715,17,3,0.0,0.0,14.768145655585078,13.900597234116836,29.929999999999836,1.4099999999998545,0,0.09999999999990905,0.11000000000012733,0.01999999999998181,SL
422,844,STOCHEXTREME_ORO_XAUUSD_1751328000,XAUUSD,BUY,2026.07.01 23:30:00,2026.07.01 23:31:00,2026.07.01 23:31:00,1782948660000,4038.76,4038.81,4038.81,0.4,4008.81,4008.81,2026.07.02 04:30:00,1782966600000,4053.25,4053.30,4053.31,TARGET_K80_M30_CLOSE,WIN,PROFIT,580.0,0.0,-71.14,508.86,580.0,0.0,14.5,1450.0,0.48333333333333334,17940,20.209050522289775,18.591297695023794,31,5,81.74088731696388,64.50720175342796,71.9130094333669,73.35545097626935,8.61999999999989,29.639999999999873,0,0.04999999999972715,0.0500000000001819,0.0,EXPERT
423,846,STOCHEXTREME_ORO_XAUUSD_1751328000,XAUUSD,SELL,2026.07.02 17:35:27,2026.07.02 17:36:27,2026.07.02 17:36:27,1783013787044,4117.65,4117.70,4117.65,0.4,4147.65,4147.65,2026.07.03 03:51:41,1783050701894,4147.61,4147.69,4147.69,INITIAL_STOP,LOSS,LOSS,-1201.6,0.0,16.32,-1185.28,-1201.6,0.0,-30.039999999999964,-3003.9999999999964,-1.001333333333332,36914,75.9602878474792,76.2339316596607,44,7,0.0,0.0,77.95698924731256,74.53133812742392,29.950000000000728,17.159999999999854,0,0.0500000000001819,0.07999999999992724,0.03999999999996362,SL
424,848,STOCHEXTREME_ORO_XAUUSD_1751328000,XAUUSD,BUY,2026.07.06 13:00:00,2026.07.06 13:01:00,2026.07.06 13:01:00,1783342860000,4144.47,4144.54,4144.54,0.38,4114.54,4114.54,2026.07.06 14:30:00,1783348200000,4155.06,4155.11,4155.04,TARGET_K80_M30_CLOSE,WIN,PROFIT,399.0,0.0,0.0,399.0,399.0,0.0,10.5,1050.0,0.35,5340,23.633012750667294,21.079615998020653,23,4,84.31174458639322,63.10757714100519,75.95541225124309,75.75805315623693,2.4799999999995634,15.029999999999745,0,0.06999999999970896,0.049999999999272404,0.0,EXPERT
425,850,STOCHEXTREME_ORO_XAUUSD_1751328000,XAUUSD,SELL,2026.07.06 14:36:39,2026.07.06 14:37:39,2026.07.06 14:37:39,1783348659428,4154.89,4154.94,4154.89,0.38,4184.89,4184.89,2026.07.07 03:00:00,1783393200000,4157.29,4157.34,4157.35,TARGET_K20_M30_CLOSE,WIN,LOSS,-93.48,0.0,15.5,-77.98,-93.48,0.0,-2.4600000000000364,-246.00000000000364,-0.08200000000000121,44541,75.43217433188306,75.58364051645025,20,3,13.269315519720971,39.262602449628666,4.136288703464269,18.323124560140272,13.699999999999818,26.329999999999927,0,0.049999999999272404,0.0500000000001819,0.0,EXPERT
426,852,STOCHEXTREME_ORO_XAUUSD_1751328000,XAUUSD,SELL,2026.07.07 14:31:19,2026.07.07 14:32:19,2026.07.07 14:32:19,1783434739135,4139.96,4140.01,4139.96,0.38,4169.96,4169.96,2026.07.07 15:09:40,1783436980147,4169.93,4169.98,4169.98,INITIAL_STOP,LOSS,LOSS,-1140.76,0.0,0.0,-1140.76,-1140.76,0.0,-30.019999999999527,-3001.9999999999527,-1.0006666666666508,2241,78.38364901672769,81.35804208997776,23,4,0.0,0.0,96.09214561502425,91.44476941923726,29.899999999999636,0.0,0,0.0500000000001819,0.049999999999272404,0.019999999999527063,SL
427,854,STOCHEXTREME_ORO_XAUUSD_1751328000,XAUUSD,BUY,2026.07.07 22:34:29,2026.07.07 22:35:29,2026.07.07 22:35:29,1783463729189,4113.56,4113.62,4113.62,0.36,4083.62,4083.62,2026.07.08 11:18:38,1783509518658,4083.62,4083.73,4083.62,INITIAL_STOP,LOSS,LOSS,-1080.0,0.0,-21.34,-1101.34,-1080.0,0.0,-30.0,-3000.0,-1.0,45789,21.895806258316735,21.146230004858168,44,7,0.0,0.0,21.062957018014362,28.633838850179288,29.929999999999836,20.300000000000182,0,0.05999999999949068,0.11000000000012733,0.0,SL
428,856,STOCHEXTREME_ORO_XAUUSD_1751328000,XAUUSD,BUY,2026.07.08 13:20:18,2026.07.08 13:21:18,2026.07.08 13:21:18,1783516878117,4055.50,4055.61,4055.61,0.34,4025.61,4025.61,2026.07.08 18:30:38,1783535438625,4025.54,4025.59,4025.54,INITIAL_STOP,LOSS,LOSS,-1022.38,0.0,0.0,-1022.38,-1022.38,0.0,-30.070000000000164,-3007.0000000000164,-1.0023333333333388,18560,8.824485918122459,7.678440578589094,39,7,0.0,0.0,7.077799601164685,22.697838453493585,29.980000000000018,30.909999999999854,0,0.11000000000012733,0.0500000000001819,0.07000000000016371,SL
429,858,STOCHEXTREME_ORO_XAUUSD_1751328000,XAUUSD,SELL,2026.07.08 21:30:00,2026.07.08 21:31:00,2026.07.08 21:31:00,1783546260000,4067.58,4067.67,4067.58,0.32,4097.58,4097.58,2026.07.09 09:00:41,1783587641241,4097.49,4097.58,4097.58,INITIAL_STOP,LOSS,LOSS,-960.0,0.0,39.16,-920.84,-960.0,0.0,-30.0,-3000.0,-1.0,41381,80.88996455929932,83.27910512309215,33,6,0.0,0.0,91.78369828808184,80.23222536697587,29.850000000000364,13.230000000000018,0,0.09000000000014552,0.09000000000014552,0.0,SL
430,860,STOCHEXTREME_ORO_XAUUSD_1751328000,XAUUSD,SELL,2026.07.09 10:30:17,2026.07.09 10:31:17,2026.07.09 10:31:17,1783593077055,4105.62,4105.73,4105.62,0.3,4135.62,4135.62,2026.07.09 17:05:38,1783616738909,4135.53,4135.63,4135.63,INITIAL_STOP,LOSS,LOSS,-900.3,0.0,0.0,-900.3,-900.3,0.0,-30.01000000000022,-3001.000000000022,-1.0003333333333406,23661,95.73930264373001,96.99916162090123,27,5,0.0,0.0,91.95349103960022,77.34163391733388,29.94000000000051,11.670000000000073,0,0.10999999999967258,0.1000000000003638,0.010000000000218279,SL
431,861,STOCHEXTREME_ORO_XAUUSD_1751328000,XAUUSD,BUY,2026.07.09 14:00:02,2026.07.09 14:00:02,2026.07.09 14:00:02,1783605602045,4098.74,4098.83,4098.83,0.3,4068.83,4068.83,2026.07.09 17:30:00,1783618200000,4125.06,4125.11,4125.05,TARGET_K80_M30_CLOSE,WIN,PROFIT,786.6,0.0,0.0,786.6,786.6,0.0,26.220000000000255,2622.0000000000255,0.8740000000000084,12598,24.982943405477723,22.596751856709243,18,3,81.71957291094562,73.93032787444902,72.46341701094137,76.3124689624711,0.8900000000003274,37.86999999999989,0,0.09000000000014552,0.049999999999272404,0.0,EXPERT
432,864,STOCHEXTREME_ORO_XAUUSD_1751328000,XAUUSD,BUY,2026.07.09 22:51:29,2026.07.09 22:52:29,2026.07.09 22:52:29,1783637549280,4122.82,4122.87,4122.87,0.3,4092.87,4092.87,2026.07.10 16:27:23,1783700843925,4092.86,4092.95,4092.86,INITIAL_STOP,LOSS,LOSS,-900.3,0.0,-17.79,-918.0899999999999,-900.3,0.0,-30.009999999999764,-3000.9999999999764,-1.0003333333333255,63294,22.580426231197436,22.485743923495505,16,3,0.0,0.0,22.70101483216335,28.654147947319654,29.9699999999998,11.920000000000073,0,0.0500000000001819,0.08999999999969077,0.009999999999763531,SL
433,866,STOCHEXTREME_ORO_XAUUSD_1751328000,XAUUSD,BUY,2026.07.10 21:48:19,2026.07.10 21:49:19,2026.07.10 21:49:19,1783720159333,4099.38,4099.43,4099.43,0.28,4069.43,4069.43,2026.07.13 01:02:00,1783904520000,4095.47,4095.57,4095.54,TARGET_K80_M30_CLOSE,WIN,LOSS,-108.92,0.0,-16.6,-125.52000000000001,-108.92,0.0,-3.8900000000003274,-389.00000000003274,-0.1296666666666776,184361,19.724649859945988,19.64294495448375,16,3,88.95998393607177,74.7638922861003,66.34899437572379,76.69752091038475,13.250000000000455,21.420000000000073,0,0.0500000000001819,0.1000000000003638,0.0,EXPERT
434,868,STOCHEXTREME_ORO_XAUUSD_1751328000,XAUUSD,SELL,2026.07.13 12:00:00,2026.07.13 12:01:00,2026.07.13 12:01:00,1783944060000,4074.60,4074.67,4074.60,0.28,4104.60,4104.60,2026.07.13 18:00:00,1783965600000,4015.33,4015.38,4015.40,TARGET_K20_M30_CLOSE,WIN,PROFIT,1657.6,0.0,0.0,1657.6,1657.6,0.0,59.19999999999982,5919.999999999982,1.9733333333333272,21540,79.48034350364985,81.41384829743924,25,4,15.968668026083582,32.12883535314852,21.815504234222644,22.024550436920677,2.2200000000002547,74.03999999999996,0,0.07000000000016371,0.0500000000001819,0.0,EXPERT
435,870,STOCHEXTREME_ORO_XAUUSD_1751328000,XAUUSD,BUY,2026.07.13 18:19:26,2026.07.13 18:20:26,2026.07.13 18:20:26,1783966826076,4018.21,4018.31,4018.31,0.3,3988.31,3988.31,2026.07.13 19:55:28,1783972528011,3988.30,3988.37,3988.30,INITIAL_STOP,LOSS,LOSS,-900.3,0.0,0.0,-900.3,-900.3,0.0,-30.009999999999764,-3000.9999999999764,-1.0003333333333255,5702,23.246844624859353,22.501663900466244,39,7,0.0,0.0,13.641597896958894,19.527254305432717,29.9699999999998,1.9600000000000364,0,0.09999999999990905,0.06999999999970896,0.009999999999763531,SL
436,872,STOCHEXTREME_ORO_XAUUSD_1751328000,XAUUSD,BUY,2026.07.14 12:46:03,2026.07.14 12:47:03,2026.07.14 12:47:03,1784033223096,4018.82,4018.87,4018.87,0.3,3988.87,3988.87,2026.07.14 15:00:00,1784041200000,4031.61,4031.66,4031.62,TARGET_K80_M30_CLOSE,WIN,PROFIT,382.5,0.0,0.0,382.5,382.5,0.0,12.75,1275.0,0.425,7977,22.86613262071624,21.96018177174285,23,4,83.44648454793496,70.52969086481384,90.01614309290062,79.2496818107007,3.699999999999818,13.11999999999989,0,0.04999999999972715,0.04999999999972715,0.0,EXPERT
437,874,STOCHEXTREME_ORO_XAUUSD_1751328000,XAUUSD,SELL,2026.07.14 15:47:28,2026.07.14 15:48:28,2026.07.14 15:48:28,1784044108115,4084.88,4084.95,4084.88,0.3,4114.88,4114.88,2026.07.14 20:00:00,1784059200000,4061.58,4061.63,4061.65,TARGET_K20_M30_CLOSE,WIN,PROFIT,696.9,0.0,0.0,696.9,696.9,0.0,23.230000000000018,2323.000000000002,0.774333333333334,15092,82.30017624437507,82.38751517238491,44,7,5.832796010716318,28.935487404406988,8.841566971607518,14.326630485715917,15.599999999999454,27.140000000000327,0,0.06999999999970896,0.0500000000001819,0.0,EXPERT
438,876,STOCHEXTREME_ORO_XAUUSD_1751328000,XAUUSD,SELL,2026.07.15 16:26:31,2026.07.15 16:27:31,2026.07.15 16:27:31,1784132851089,4055.00,4055.09,4055.00,0.32,4085.00,4085.00,2026.07.15 20:00:00,1784145600000,4033.99,4034.04,4034.06,TARGET_K20_M30_CLOSE,WIN,PROFIT,670.08,0.0,0.0,670.08,670.08,0.0,20.940000000000055,2094.0000000000055,0.6980000000000018,12749,78.47810386966489,79.23628126585858,43,7,16.75332728711295,27.152472512904524,13.619053514709046,17.603996859544573,11.539999999999964,27.98999999999978,0,0.09000000000014552,0.0500000000001819,0.0,EXPERT
439,878,STOCHEXTREME_ORO_XAUUSD_1751328000,XAUUSD,BUY,2026.07.16 21:12:29,2026.07.16 21:13:29,2026.07.16 21:13:29,1784236409310,3987.14,3987.19,3987.19,0.32,3957.19,3957.19,2026.07.17 04:00:00,1784260800000,3992.03,3992.10,3992.02,TARGET_K80_M30_CLOSE,WIN,PROFIT,154.56,0.0,-18.97,135.59,154.56,0.0,4.829999999999927,482.9999999999927,0.16099999999999756,24391,23.443687027144534,20.823923458074663,25,4,87.26266241666161,81.54528968266278,88.38616095865534,84.62766372590998,17.840000000000146,4.849999999999909,0,0.0500000000001819,0.06999999999970896,0.0,EXPERT
440,879,STOCHEXTREME_ORO_XAUUSD_1751328000,XAUUSD,SELL,2026.07.17 03:30:00,2026.07.17 03:30:00,2026.07.17 03:30:00,1784259000000,3984.90,3984.95,3984.90,0.32,4014.90,4014.90,2026.07.17 09:00:00,1784278800000,3985.15,3985.20,3985.18,TARGET_K20_M30_CLOSE,WIN,LOSS,-8.96,0.0,0.0,-8.96,-8.96,0.0,-0.27999999999974534,-27.999999999974534,-0.009333333333324844,19800,75.93650358192833,77.76990340441837,29,5,18.722208457412545,25.484530475759986,27.817194990294137,23.056344703524456,23.809999999999945,14.0300000000002,0,0.04999999999972715,0.04999999999972715,0.0,EXPERT
441,882,STOCHEXTREME_ORO_XAUUSD_1751328000,XAUUSD,BUY,2026.07.20 10:01:18,2026.07.20 10:02:18,2026.07.20 10:02:18,1784541738165,4005.73,4005.83,4005.83,0.32,3975.83,3975.83,2026.07.21 04:00:00,1784606400000,4025.22,4025.30,4025.21,TARGET_K80_M30_CLOSE,WIN,PROFIT,620.16,0.0,-18.97,601.1899999999999,620.16,0.0,19.38000000000011,1938.000000000011,0.6460000000000037,64662,12.195557796541948,9.413913927141474,22,4,89.3009819576808,68.62986551618219,88.61515265654425,82.9036459404753,7.5,34.90000000000009,0,0.09999999999990905,0.08000000000038199,0.0,EXPERT
442,884,STOCHEXTREME_ORO_XAUUSD_1751328000,XAUUSD,SELL,2026.07.21 10:07:36,2026.07.21 10:08:36,2026.07.21 10:08:36,1784628516170,4076.71,4076.76,4076.71,0.34,4106.71,4106.71,2026.07.21 12:00:00,1784635200000,4063.06,4063.14,4063.12,TARGET_K20_M30_CLOSE,WIN,PROFIT,462.06,0.0,0.0,462.06,462.06,0.0,13.590000000000146,1359.0000000000146,0.45300000000000484,6684,84.80020381287058,85.03012385149088,25,4,15.637552916100447,31.213729356888138,17.882118146906496,19.526319656963807,0.0500000000001819,17.36999999999989,0,0.0500000000001819,0.07999999999992724,0.0,EXPERT
443,886,STOCHEXTREME_ORO_XAUUSD_1751328000,XAUUSD,BUY,2026.07.21 12:01:37,2026.07.21 12:02:37,2026.07.21 12:02:37,1784635357281,4064.94,4064.99,4064.99,0.36,4034.99,4034.99,2026.07.21 18:30:00,1784658600000,4076.86,4076.91,4076.88,TARGET_K80_M30_CLOSE,WIN,PROFIT,428.04,0.0,0.0,428.04,428.04,0.0,11.890000000000327,1189.0000000000327,0.39633333333334425,23243,22.600993648914894,21.099278157633275,20,3,91.76051641462688,69.8102590643333,89.54471679998359,84.39428072293612,20.429999999999836,14.170000000000073,0,0.04999999999972715,0.04999999999972715,0.0,EXPERT
444,888,STOCHEXTREME_ORO_XAUUSD_1751328000,XAUUSD,SELL,2026.07.21 23:02:38,2026.07.21 23:03:38,2026.07.21 23:03:38,1784675018181,4084.59,4084.70,4084.59,0.36,4114.59,4114.59,2026.07.22 04:06:30,1784693190920,4114.55,4114.60,4114.60,INITIAL_STOP,LOSS,LOSS,-1080.36,0.0,14.69,-1065.6699999999998,-1080.36,0.0,-30.01000000000022,-3001.000000000022,-1.0003333333333406,18172,79.15368116135845,80.18957904579476,16,3,0.0,0.0,92.97834188989509,75.31605365181125,29.979999999999563,7.640000000000327,0,0.10999999999967258,0.0500000000001819,0.010000000000218279,SL
445,890,STOCHEXTREME_ORO_XAUUSD_1751328000,XAUUSD,BUY,2026.07.22 11:04:31,2026.07.22 11:05:31,2026.07.22 11:05:31,1784718331076,4114.50,4114.55,4114.55,0.34,4084.55,4084.55,2026.07.22 15:30:00,1784734200000,4132.96,4133.04,4132.91,TARGET_K80_M30_CLOSE,WIN,PROFIT,624.24,0.0,0.0,624.24,624.24,0.0,18.359999999999673,1835.9999999999673,0.6119999999999891,15869,19.404851774210865,19.380014656799716,29,5,82.78356518844804,69.02206828143206,97.47530310892988,82.35391573336403,2.0399999999999636,18.659999999999854,0,0.0500000000001819,0.07999999999992724,0.0,EXPERT
446,892,STOCHEXTREME_ORO_XAUUSD_1751328000,XAUUSD,SELL,2026.07.22 18:03:15,2026.07.22 18:04:15,2026.07.22 18:04:15,1784743455148,4153.76,4153.81,4153.76,0.34,4183.76,4183.76,2026.07.22 20:30:00,1784752200000,4146.05,4146.13,4146.15,TARGET_K20_M30_CLOSE,WIN,PROFIT,258.74,0.0,0.0,258.74,258.74,0.0,7.610000000000582,761.0000000000582,0.2536666666666861,8745,75.4457674308397,80.39512732515006,39,7,16.460029192670273,39.579306403269975,15.276888698430762,23.424710916470776,12.399999999999636,10.900000000000546,0,0.0500000000001819,0.07999999999992724,0.0,EXPERT
447,894,STOCHEXTREME_ORO_XAUUSD_1751328000,XAUUSD,BUY,2026.07.22 21:00:00,2026.07.22 21:01:00,2026.07.22 21:01:00,1784754060000,4140.56,4140.67,4140.67,0.36,4110.67,4110.67,2026.07.23 10:09:31,1784801371000,4110.64,4110.69,4110.64,INITIAL_STOP,LOSS,LOSS,-1081.08,0.0,-64.03,-1145.11,-1081.08,0.0,-30.029999999999745,-3002.9999999999745,-1.0009999999999915,47311,16.73853594623678,16.1723809155214,22,4,0.0,0.0,11.767227330369044,24.439952323781764,29.98999999999978,0.8400000000001455,0,0.10999999999967258,0.049999999999272404,0.02999999999974534,SL
448,895,STOCHEXTREME_ORO_XAUUSD_1751328000,XAUUSD,SELL,2026.07.23 04:30:40,2026.07.23 04:30:40,2026.07.23 04:30:40,1784781040626,4130.50,4130.55,4130.50,0.36,4160.50,4160.50,2026.07.23 10:30:00,1784802600000,4108.46,4108.51,4108.50,TARGET_K20_M30_CLOSE,WIN,PROFIT,792.0,0.0,0.0,792.0,792.0,0.0,22.0,2200.0,0.7333333333333333,21560,76.20905388059714,76.22753492548107,40,7,19.267227330369284,26.939952323781842,19.277286135693032,20.99145335018388,4.979999999999563,28.340000000000146,0,0.0500000000001819,0.0500000000001819,0.0,EXPERT
449,898,STOCHEXTREME_ORO_XAUUSD_1751328000,XAUUSD,BUY,2026.07.23 12:00:00,2026.07.23 12:01:00,2026.07.23 12:01:00,1784808060000,4093.10,4093.20,4093.20,0.34,4063.20,4063.20,2026.07.23 15:48:42,1784821722882,4063.18,4063.27,4063.18,INITIAL_STOP,LOSS,LOSS,-1020.68,0.0,0.0,-1020.68,-1020.68,0.0,-30.019999999999982,-3001.999999999998,-1.0006666666666661,13662,18.38300389528989,15.40974430557515,26,4,0.0,0.0,21.123919313413683,29.34298136900036,29.980000000000018,6.230000000000473,0,0.09999999999990905,0.09000000000014552,0.01999999999998181,SL
450,900,STOCHEXTREME_ORO_XAUUSD_1751328000,XAUUSD,BUY,2026.07.23 16:30:00,2026.07.23 16:31:00,2026.07.23 16:31:00,1784824260000,4061.21,4061.31,4061.31,0.32,4031.31,4031.31,2026.07.23 23:30:00,1784849400000,4050.29,4050.40,4050.28,TARGET_K80_M30_CLOSE,WIN,LOSS,-352.96,0.0,0.0,-352.96,-352.96,0.0,-11.029999999999745,-1102.9999999999745,-0.3676666666666582,25140,24.50893244417702,21.183253513246594,44,7,87.33269685080325,75.43450689576355,86.48632770733123,84.27750916365981,21.15000000000009,6.170000000000073,0,0.09999999999990905,0.11000000000012733,0.0,EXPERT
451,902,STOCHEXTREME_ORO_XAUUSD_1751328000,XAUUSD,SELL,2026.07.23 23:40:24,2026.07.23 23:41:25,2026.07.23 23:41:25,1784850085000,4049.38,4049.78,4049.38,0.32,4079.38,4079.38,2026.07.24 07:00:00,1784876400000,4029.30,4029.42,4029.40,TARGET_K20_M30_CLOSE,WIN,PROFIT,639.36,0.0,13.05,652.41,639.36,0.0,19.980000000000018,1998.0000000000018,0.6660000000000006,26315,81.60173296766483,82.64931091710434,16,3,18.508785473369024,27.0414718191399,35.975683820186305,28.270379034657452,1.4800000000000182,26.16000000000031,0,0.40000000000009095,0.11999999999989086,0.0,EXPERT
452,904,STOCHEXTREME_ORO_XAUUSD_1751328000,XAUUSD,SELL,2026.07.24 11:00:00,2026.07.24 11:01:00,2026.07.24 11:01:00,1784890860000,4048.61,4048.68,4048.61,0.34,4078.61,4078.61,2026.07.24 18:15:40,1784916940521,4078.53,4078.63,4078.63,INITIAL_STOP,LOSS,LOSS,-1020.68,0.0,0.0,-1020.68,-1020.68,0.0,-30.019999999999982,-3001.999999999998,-1.0006666666666661,26080,84.33690166305259,85.35161757785399,24,4,0.0,0.0,86.10124917817258,77.87585156071145,29.960000000000036,3.8099999999999454,0,0.06999999999970896,0.09999999999990905,0.01999999999998181,SL
454,907,STOCHEXTREME_ORO_XAUUSD_1751328000,XAUUSD,SELL,2026.07.27 03:00:01,2026.07.27 03:00:01,2026.07.27 03:00:01,1785121201137,4094.22,4094.34,4094.22,0.32,4124.22,4124.22,2026.07.27 06:30:00,1785133800000,4085.43,4085.48,4085.49,TARGET_K20_M30_CLOSE,WIN,PROFIT,279.36,0.0,0.0,279.36,279.36,0.0,8.730000000000018,873.0000000000018,0.2910000000000006,12599,78.44840759339179,78.45115104511514,21,4,16.5674121303306,39.99138547374292,0.3397360512214373,20.091542800638837,22.080000000000382,8.769999999999982,0,0.12000000000034561,0.0500000000001819,0.0,EXPERT
453,906,STOCHEXTREME_ORO_XAUUSD_1751328000,XAUUSD,BUY,2026.07.24 22:02:20,2026.07.24 22:03:20,2026.07.24 22:03:20,1784930600111,4055.05,4055.14,4055.14,0.32,4025.14,4025.14,2026.07.27 10:00:00,1785146400000,4096.08,4096.15,4096.07,TARGET_K80_M30_CLOSE,WIN,PROFIT,1309.76,0.0,-18.97,1290.79,1309.76,0.0,40.929999999999836,4092.9999999999836,1.3643333333333278,215800,13.154961458293032,11.065410939266018,23,4,86.06873001769831,69.78928392954661,84.0264460864276,78.93112108045817,5.839999999999691,61.11000000000013,0,0.08999999999969077,0.06999999999970896,0.0,EXPERT
455,910,STOCHEXTREME_ORO_XAUUSD_1751328000,XAUUSD,SELL,2026.07.27 10:30:00,2026.07.27 10:31:00,2026.07.27 10:31:00,1785148260000,4102.31,4102.36,4102.31,0.34,4132.31,4132.31,2026.07.27 16:30:00,1785169800000,4076.13,4076.23,4076.22,TARGET_K20_M30_CLOSE,WIN,PROFIT,887.06,0.0,0.0,887.06,887.06,0.0,26.0900000000006,2609.00000000006,0.8696666666666867,21540,79.65688218992148,84.21377107577577,26,4,10.902223710125908,25.650053287009754,3.5635555332721602,13.050193129200892,1.949999999999818,26.270000000000437,0,0.049999999999272404,0.09999999999990905,0.0,EXPERT
456,912,STOCHEXTREME_ORO_XAUUSD_1751328000,XAUUSD,BUY,2026.07.27 16:47:38,2026.07.27 16:48:38,2026.07.27 16:48:38,1785170918064,4088.88,4088.93,4088.93,0.36,4058.93,4058.93,2026.07.28 03:49:16,1785210556204,4058.92,4059.02,4058.92,INITIAL_STOP,LOSS,LOSS,-1080.36,0.0,-21.34,-1101.6999999999998,-1080.36,0.0,-30.009999999999764,-3000.9999999999764,-1.0003333333333255,39638,19.032213107215615,18.20641232051538,44,7,0.0,0.0,26.735900476667325,32.549356609343256,29.949999999999818,5.0300000000002,0,0.04999999999972715,0.09999999999990905,0.009999999999763531,SL
457,914,STOCHEXTREME_ORO_XAUUSD_1751328000,XAUUSD,SELL,2026.07.28 10:30:00,2026.07.28 10:31:00,2026.07.28 10:31:00,1785234660000,4050.10,4050.15,4050.10,0.34,4080.10,4080.10,2026.07.28 13:00:00,1785243600000,4023.22,4023.30,4023.31,TARGET_K20_M30_CLOSE,WIN,PROFIT,910.86,0.0,0.0,910.86,910.86,0.0,26.789999999999964,2678.9999999999964,0.8929999999999988,8940,79.64146464051339,80.62739800567813,21,4,15.587686172212946,33.5744711133806,9.708795832293488,20.474926240269138,5.150000000000091,30.579999999999927,0,0.0500000000001819,0.08000000000038199,0.0,EXPERT
458,916,STOCHEXTREME_ORO_XAUUSD_1751328000,XAUUSD,BUY,2026.07.28 13:48:28,2026.07.28 13:49:28,2026.07.28 13:49:28,1785246568025,4025.25,4025.32,4025.32,0.36,3995.32,3995.32,2026.07.28 19:30:00,1785267000000,4042.16,4042.21,4042.17,TARGET_K80_M30_CLOSE,WIN,PROFIT,606.6,0.0,0.0,606.6,606.6,0.0,16.84999999999991,1684.999999999991,0.5616666666666636,20432,11.290052591846134,11.19029633999606,34,6,87.23617133722219,73.38112756976987,86.79279867768285,83.32621000742115,13.840000000000146,21.769999999999982,0,0.07000000000016371,0.0500000000001819,0.0,EXPERT
459,918,STOCHEXTREME_ORO_XAUUSD_1751328000,XAUUSD,BUY,2026.07.28 22:03:28,2026.07.28 22:04:28,2026.07.28 22:04:28,1785276268012,4024.52,4024.59,4024.59,0.38,3994.59,3994.59,2026.07.29 09:30:00,1785317400000,4041.07,4041.14,4041.06,TARGET_K80_M30_CLOSE,WIN,PROFIT,625.86,0.0,-22.53,603.33,625.86,0.0,16.4699999999998,1646.99999999998,0.5489999999999934,41132,16.65094315522906,14.855095186673717,16,3,81.40599167521857,73.22024941623026,81.60484942818559,79.60530885566219,14.240000000000236,18.4699999999998,0,0.07000000000016371,0.06999999999970896,0.0,EXPERT
460,920,STOCHEXTREME_ORO_XAUUSD_1751328000,XAUUSD,SELL,2026.07.29 10:30:19,2026.07.29 10:31:19,2026.07.29 10:31:19,1785321079011,4045.06,4045.15,4045.06,0.38,4075.06,4075.06,2026.07.29 12:30:00,1785328200000,4033.83,4033.89,4033.88,TARGET_K20_M30_CLOSE,WIN,PROFIT,424.84,0.0,0.0,424.84,424.84,0.0,11.179999999999836,1117.9999999999836,0.3726666666666612,7121,78.33294309902558,81.20523964572719,19,3,10.604986411439048,29.103918086886324,8.028427072345904,14.907066556963342,2.5599999999999454,11.539999999999964,0,0.09000000000014552,0.05999999999994543,0.0,EXPERT
461,922,STOCHEXTREME_ORO_XAUUSD_1751328000,XAUUSD,BUY,2026.07.29 12:41:42,2026.07.29 12:42:42,2026.07.29 12:42:42,1785328962064,4034.92,4034.99,4034.99,0.4,4004.99,4004.99,2026.07.29 16:56:41,1785344201068,4004.99,4005.04,4004.99,INITIAL_STOP,LOSS,LOSS,-1200.0,0.0,0.0,-1200.0,-1200.0,0.0,-30.0,-3000.0,-1.0,15239,19.873075289788215,18.85528262944411,18,3,0.0,0.0,23.039536546117706,29.120148287533976,29.979999999999563,1.430000000000291,0,0.06999999999970896,0.0500000000001819,0.0,SL
462,924,STOCHEXTREME_ORO_XAUUSD_1751328000,XAUUSD,BUY,2026.07.29 18:00:00,2026.07.29 18:01:00,2026.07.29 18:01:00,1785348060000,4003.67,4003.72,4003.72,0.36,3973.72,3973.72,2026.07.29 20:00:00,1785355200000,4027.37,4027.46,4027.36,TARGET_K80_M30_CLOSE,WIN,PROFIT,851.04,0.0,0.0,851.04,851.04,0.0,23.640000000000327,2364.0000000000327,0.7880000000000109,7140,23.66508128535101,20.929393269294845,38,6,80.7233271717215,64.5314975084069,87.62554640974491,78.91866626546123,0.4499999999998181,29.170000000000073,0,0.04999999999972715,0.09000000000014552,0.0,EXPERT
463,926,STOCHEXTREME_ORO_XAUUSD_1751328000,XAUUSD,SELL,2026.07.30 13:00:00,2026.07.30 13:01:00,2026.07.30 13:01:00,1785416460000,4064.38,4064.43,4064.38,0.38,4094.38,4094.38,2026.07.30 16:38:28,1785429508457,4094.28,4094.38,4094.38,INITIAL_STOP,LOSS,LOSS,-1140.0,0.0,0.0,-1140.0,-1140.0,0.0,-30.0,-3000.0,-1.0,13048,79.31238491266787,80.55392897017634,38,6,0.0,0.0,67.78698800703303,62.13952966877624,29.98999999999978,0.44000000000005457,0,0.04999999999972715,0.09999999999990905,0.0,SL
464,928,STOCHEXTREME_ORO_XAUUSD_1751328000,XAUUSD,BUY,2026.07.31 11:40:28,2026.07.31 11:41:28,2026.07.31 11:41:28,1785498088000,4060.85,4060.90,4060.90,0.36,4030.90,4030.90,2026.07.31 16:39:21,1785515961443,4030.89,4030.98,4030.89,INITIAL_STOP,LOSS,LOSS,-1080.36,0.0,0.0,-1080.36,-1080.36,0.0,-30.01000000000022,-3001.000000000022,-1.0003333333333406,17873,8.255285655031301,7.66139456401513,29,5,0.0,0.0,10.55611254160842,10.867470530978748,29.990000000000236,3.5099999999997635,0,0.0500000000001819,0.09000000000014552,0.010000000000218279,SL
465,930,STOCHEXTREME_ORO_XAUUSD_1751328000,XAUUSD,BUY,2026.08.03 17:01:28,2026.08.03 17:02:28,2026.08.03 17:02:28,1785776548026,4033.48,4033.58,4033.58,0.34,4003.58,4003.58,2026.08.03 22:30:00,1785796200000,4052.99,4053.05,4052.98,TARGET_K80_M30_CLOSE,WIN,PROFIT,659.6,0.0,0.0,659.6,659.6,0.0,19.40000000000009,1940.000000000009,0.6466666666666697,19652,22.99527607919929,21.2261895150951,43,7,90.94706513166302,62.68193352086726,92.86697915839072,81.44782549984988,6.860000000000127,20.75,0,0.09999999999990905,0.06000000000040018,0.0,EXPERT
466,932,STOCHEXTREME_ORO_XAUUSD_1751328000,XAUUSD,SELL,2026.08.03 23:00:00,2026.08.03 23:01:00,2026.08.03 23:01:00,1785798060000,4050.44,4050.49,4050.44,0.36,4080.44,4080.44,2026.08.04 12:30:00,1785846600000,4050.44,4050.49,4050.48,TARGET_K20_M30_CLOSE,WIN,PROFIT,-1.44,0.0,14.69,13.25,-1.44,0.0,-0.03999999999996362,-3.999999999996362,-0.0013333333333321207,48540,77.33499483145182,85.52750551907229,20,3,18.53294503032865,43.004061112067916,7.609417466211977,23.94422435470493,22.61999999999989,7.7800000000002,0,0.04999999999972715,0.04999999999972715,0.0,EXPERT
467,934,STOCHEXTREME_ORO_XAUUSD_1751328000,XAUUSD,BUY,2026.08.04 13:00:00,2026.08.04 13:01:00,2026.08.04 13:01:00,1785848460000,4049.04,4049.12,4049.12,0.36,4019.12,4019.12,2026.08.04 20:00:00,1785873600000,4093.39,4093.44,4093.40,TARGET_K80_M30_CLOSE,WIN,PROFIT,1594.08,0.0,0.0,1594.08,1594.08,0.0,44.2800000000002,4428.00000000002,1.4760000000000066,25140,19.22298878151273,16.00857505839142,19,3,83.02918790029807,71.07564148498547,93.544090512643,81.45613159366833,3.5299999999997453,45.07999999999993,0,0.07999999999992724,0.0500000000001819,0.0,EXPERT
468,935,STOCHEXTREME_ORO_XAUUSD_1751328000,XAUUSD,SELL,2026.08.04 15:35:32,2026.08.04 15:35:32,2026.08.04 15:35:32,1785857732019,4080.74,4080.84,4080.74,0.36,4110.74,4110.74,2026.08.04 22:00:00,1785880800000,4079.91,4079.96,4079.97,TARGET_K20_M30_CLOSE,WIN,PROFIT,27.72,0.0,0.0,27.72,27.72,0.0,0.7699999999999818,76.99999999999818,0.02566666666666606,23068,75.00429774797995,75.37214302657686,44,7,9.599134467697878,31.16540884914964,12.634423277634687,15.983894677705948,25.75,19.479999999999563,0,0.1000000000003638,0.0500000000001819,0.0,EXPERT
469,938,STOCHEXTREME_ORO_XAUUSD_1751328000,XAUUSD,BUY,2026.08.04 22:09:18,2026.08.04 22:10:18,2026.08.04 22:10:18,1785881418139,4083.76,4083.81,4083.81,0.38,4053.81,4053.81,2026.08.05 04:30:00,1785904200000,4084.58,4084.67,4084.59,TARGET_K80_M30_CLOSE,WIN,PROFIT,29.64,0.0,-22.53,7.109999999999999,29.64,0.0,0.7800000000002001,78.00000000002001,0.02600000000000667,22782,18.65946240126575,17.992241052249636,22,4,91.538824331491,71.52290103402025,86.27888487696363,84.51702831671344,18.409999999999854,4.8400000000001455,0,0.04999999999972715,0.09000000000014552,0.0,EXPERT
470,940,STOCHEXTREME_ORO_XAUUSD_1751328000,XAUUSD,SELL,2026.08.05 10:13:19,2026.08.05 10:14:19,2026.08.05 10:14:19,1785924859058,4167.48,4167.56,4167.48,0.38,4197.48,4197.48,2026.08.05 12:30:00,1785933000000,4157.72,4157.83,4157.82,TARGET_K20_M30_CLOSE,WIN,PROFIT,367.08,0.0,0.0,367.08,367.08,0.0,9.659999999999854,965.9999999999854,0.3219999999999951,8141,86.99904253078263,87.33165576871023,36,6,11.978340544459057,27.68999596953906,11.99174046525966,16.574238498496985,5.330000000000837,12.1899999999996,0,0.08000000000083674,0.10999999999967258,0.0,EXPERT
471,942,STOCHEXTREME_ORO_XAUUSD_1751328000,XAUUSD,BUY,2026.08.05 13:00:00,2026.08.05 13:01:00,2026.08.05 13:01:00,1785934860000,4156.83,4156.88,4156.88,0.4,4126.88,4126.88,2026.08.05 15:00:00,1785942000000,4188.96,4189.05,4188.97,TARGET_K80_M30_CLOSE,WIN,PROFIT,1283.6,0.0,0.0,1283.6,1283.6,0.0,32.090000000000146,3209.0000000000146,1.0696666666666714,7140,19.5214733372818,15.685491465942263,29,5,80.62271792591572,62.230561332545676,89.12658493975395,77.5614210982833,6.680000000000291,35.710000000000036,0,0.0500000000001819,0.09000000000014552,0.0,EXPERT
472,944,STOCHEXTREME_ORO_XAUUSD_1751328000,XAUUSD,SELL,2026.08.05 15:40:40,2026.08.05 15:41:40,2026.08.05 15:41:40,1785944500081,4196.25,4196.30,4196.25,0.42,4226.25,4226.25,2026.08.05 17:08:41,1785949721102,4226.18,4226.25,4226.25,INITIAL_STOP,LOSS,LOSS,-1260.0,0.0,0.0,-1260.0,-1260.0,0.0,-30.0,-3000.0,-1.0,5221,83.72222084974413,83.99935341205646,44,7,0.0,0.0,87.24842765880221,76.78651385681142,29.98999999999978,12.930000000000291,0,0.0500000000001819,0.06999999999970896,0.0,SL
474,947,STOCHEXTREME_ORO_XAUUSD_1751328000,XAUUSD,BUY,2026.08.06 15:02:46,2026.08.06 15:02:46,2026.08.06 15:02:46,1786028566073,4261.27,4261.32,4261.32,0.4,4231.32,4231.32,2026.08.06 16:09:42,1786032582433,4231.32,4231.42,4231.32,INITIAL_STOP,LOSS,LOSS,-1200.0,0.0,0.0,-1200.0,-1200.0,0.0,-30.0,-3000.0,-1.0,4016,23.465089335294618,23.457729202818413,33,6,0.0,0.0,10.186245824494529,18.37747093011124,29.960000000000036,9.760000000000218,0,0.049999999999272404,0.1000000000003638,0.0,SL
475,949,STOCHEXTREME_ORO_XAUUSD_1751328000,XAUUSD,BUY,2026.08.06 16:20:38,2026.08.06 16:20:38,2026.08.06 16:20:38,1786033238486,4246.37,4246.42,4246.42,0.36,4216.42,4216.42,2026.08.06 18:00:00,1786039200000,4273.02,4273.12,4273.01,TARGET_K80_M30_CLOSE,WIN,PROFIT,957.24,0.0,0.0,957.24,957.24,0.0,26.590000000000146,2659.0000000000146,0.8863333333333382,5962,22.479937016843625,22.475367994227607,44,7,85.55991142735024,65.08261578525436,89.19801172193873,80.6797996278746,6.020000000000437,28.9399999999996,0,0.0500000000001819,0.0999999999994543,0.0,EXPERT
473,946,STOCHEXTREME_ORO_XAUUSD_1751328000,XAUUSD,SELL,2026.08.06 12:37:41,2026.08.06 12:38:41,2026.08.06 12:38:41,1786019921134,4276.42,4276.47,4276.42,0.4,4306.42,4306.42,2026.08.06 20:00:00,1786046400000,4241.53,4241.59,4241.58,TARGET_K20_M30_CLOSE,WIN,PROFIT,1393.6,0.0,0.0,1393.6,1393.6,0.0,34.840000000000146,3484.0000000000146,1.1613333333333382,26479,89.39571984754025,89.91814507343629,33,6,19.07963467902179,32.53301562943882,27.79608828769173,24.17233166047106,2.9099999999998545,52.94000000000051,0,0.0500000000001819,0.06000000000040018,0.0,EXPERT
476,952,STOCHEXTREME_ORO_XAUUSD_1751328000,XAUUSD,SELL,2026.08.07 10:16:20,2026.08.07 10:17:20,2026.08.07 10:17:20,1786097840173,4290.32,4290.37,4290.32,0.42,4320.32,4320.32,2026.08.07 12:47:03,1786106823378,4320.27,4320.32,4320.32,INITIAL_STOP,LOSS,LOSS,-1260.0,0.0,0.0,-1260.0,-1260.0,0.0,-30.0,-3000.0,-1.0,8983,83.07447024937552,83.52084830597896,32,5,0.0,0.0,83.1677976172341,75.95752361502313,29.980000000000473,7.3400000000001455,0,0.0500000000001819,0.049999999999272404,0.0,SL
477,954,STOCHEXTREME_ORO_XAUUSD_1751328000,XAUUSD,SELL,2026.08.10 10:30:00,2026.08.10 10:31:00,2026.08.10 10:31:00,1786357860000,4353.80,4353.85,4353.80,0.4,4383.80,4383.80,2026.08.10 13:00:00,1786366800000,4341.23,4341.31,4341.32,TARGET_K20_M30_CLOSE,WIN,PROFIT,499.2,0.0,0.0,499.2,499.2,0.0,12.480000000000473,1248.0000000000473,0.41600000000001575,8940,85.55476360180495,87.30874235238969,27,5,12.493382382885828,28.45655473088148,10.326840458876871,16.34626773194824,8.260000000000218,13.320000000000618,0,0.0500000000001819,0.08000000000083674,0.0,EXPERT
478,956,STOCHEXTREME_ORO_XAUUSD_1751328000,XAUUSD,BUY,2026.08.10 13:21:42,2026.08.10 13:22:42,2026.08.10 13:22:42,1786368162119,4344.05,4344.11,4344.11,0.4,4314.11,4314.11,2026.08.10 18:30:00,1786386600000,4349.23,4349.33,4349.22,TARGET_K80_M30_CLOSE,WIN,PROFIT,204.4,0.0,0.0,204.4,204.4,0.0,5.110000000000582,511.0000000000582,0.17033333333335274,18438,22.304467750912668,20.338810162626842,16,3,87.87727359287392,65.73075174305954,87.6218680166639,78.20082315591132,27.359999999999673,8.410000000000764,0,0.05999999999949068,0.1000000000003638,0.0,EXPERT
479,958,STOCHEXTREME_ORO_XAUUSD_1751328000,XAUUSD,SELL,2026.08.10 23:00:00,2026.08.10 23:01:00,2026.08.10 23:01:00,1786402860000,4390.16,4390.21,4390.16,0.4,4420.16,4420.16,2026.08.11 04:21:42,1786422102624,4420.10,4420.17,4420.17,INITIAL_STOP,LOSS,LOSS,-1200.4,0.0,16.32,-1184.0800000000002,-1200.4,0.0,-30.01000000000022,-3001.000000000022,-1.0003333333333406,19242,88.06145874887443,89.2758814952716,29,5,0.0,0.0,85.48105489879568,83.59580225006155,29.98999999999978,4.269999999999527,0,0.0500000000001819,0.06999999999970896,0.010000000000218279,SL
480,960,STOCHEXTREME_ORO_XAUUSD_1751328000,XAUUSD,BUY,2026.08.11 10:00:00,2026.08.11 10:01:00,2026.08.11 10:01:00,1786442460000,4366.46,4366.56,4366.56,0.38,4336.56,4336.56,2026.08.11 14:00:00,1786456800000,4382.37,4382.46,4382.38,TARGET_K80_M30_CLOSE,WIN,PROFIT,601.16,0.0,0.0,601.16,601.16,0.0,15.819999999999709,1581.999999999971,0.5273333333333237,14340,7.885418870728618,7.745197775467162,37,6,84.00740673623841,77.50764945227085,90.69872072879919,83.73218172909641,9.780000000000655,16.0,0,0.1000000000003638,0.09000000000014552,0.0,EXPERT
481,962,STOCHEXTREME_ORO_XAUUSD_1751328000,XAUUSD,SELL,2026.08.11 14:31:27,2026.08.11 14:32:27,2026.08.11 14:32:27,1786458747053,4386.66,4386.73,4386.66,0.4,4416.66,4416.66,2026.08.11 21:30:00,1786483800000,4361.39,4361.49,4361.48,TARGET_K20_M30_CLOSE,WIN,PROFIT,1007.2,0.0,0.0,1007.2,1007.2,0.0,25.18000000000029,2518.000000000029,0.839333333333343,25053,82.78496315883575,83.5384852730089,29,5,14.99338666798945,36.99694534574868,2.9823974209101114,19.436046553064003,17.610000000000582,26.26000000000022,0,0.06999999999970896,0.0999999999994543,0.0,EXPERT
482,964,STOCHEXTREME_ORO_XAUUSD_1751328000,XAUUSD,BUY,2026.08.11 22:18:39,2026.08.11 22:19:39,2026.08.11 22:19:39,1786486779117,4362.60,4362.65,4362.65,0.42,4332.65,4332.65,2026.08.12 04:30:00,1786509000000,4390.62,4390.68,4390.61,TARGET_K80_M30_CLOSE,WIN,PROFIT,1174.32,0.0,-24.9,1149.4199999999998,1174.32,0.0,27.960000000000036,2796.0000000000036,0.9320000000000012,22221,24.809746040408683,19.590432265890332,19,3,88.83985683912603,80.10405836945561,85.27899023188347,84.24740352716002,0.5299999999997453,31.539999999999964,0,0.049999999999272404,0.06000000000040018,0.0,EXPERT
483,966,STOCHEXTREME_ORO_XAUUSD_1751328000,XAUUSD,SELL,2026.08.12 16:46:32,2026.08.12 16:47:32,2026.08.12 16:47:32,1786553252005,4423.78,4423.83,4423.78,0.44,4453.78,4453.78,2026.08.12 21:00:00,1786568400000,4399.43,4399.48,4399.49,TARGET_K20_M30_CLOSE,WIN,PROFIT,1068.76,0.0,0.0,1068.76,1068.76,0.0,24.289999999999964,2428.9999999999964,0.8096666666666654,15148,76.60489094258382,81.05964556545591,44,7,17.121952422054466,25.68420485552389,16.232638031006555,20.52304609794517,16.01000000000022,27.0,0,0.0500000000001819,0.049999999999272404,0.0,EXPERT
484,968,STOCHEXTREME_ORO_XAUUSD_1751328000,XAUUSD,BUY,2026.08.12 21:10:19,2026.08.12 21:11:19,2026.08.12 21:11:19,1786569079115,4405.94,4405.99,4405.99,0.46,4375.99,4375.99,2026.08.13 03:30:00,1786591800000,4428.34,4428.39,4428.35,TARGET_K80_M30_CLOSE,WIN,PROFIT,1028.56,0.0,-81.81,946.75,1028.56,0.0,22.360000000000582,2236.000000000058,0.7453333333333527,22721,24.50190703843945,23.2794691004228,24,4,83.60363329515603,61.894418618882945,84.10916339079789,78.05580641581531,7.670000000000073,31.640000000000327,0,0.0500000000001819,0.0500000000001819,0.0,EXPERT
485,970,STOCHEXTREME_ORO_XAUUSD_1751328000,XAUUSD,BUY,2026.08.13 10:00:00,2026.08.13 10:01:00,2026.08.13 10:01:00,1786615260000,4379.79,4379.88,4379.88,0.48,4349.88,4349.88,2026.08.13 13:00:00,1786626000000,4384.58,4384.69,4384.59,TARGET_K80_M30_CLOSE,WIN,PROFIT,226.08,0.0,0.0,226.08,226.08,0.0,4.710000000000036,471.00000000000364,0.15700000000000122,10740,21.712092994694345,21.568011727624555,26,4,83.96112964208434,62.30162762034285,94.13213353010038,80.9979664114852,15.8100000000004,4.989999999999782,0,0.09000000000014552,0.10999999999967258,0.0,EXPERT
486,972,STOCHEXTREME_ORO_XAUUSD_1751328000,XAUUSD,SELL,2026.08.13 14:00:00,2026.08.13 14:01:00,2026.08.13 14:01:00,1786629660000,4391.95,4392.04,4391.95,0.48,4421.95,4421.95,2026.08.13 17:30:00,1786642200000,4367.68,4367.73,4367.72,TARGET_K20_M30_CLOSE,WIN,PROFIT,1163.04,0.0,0.0,1163.04,1163.04,0.0,24.229999999999563,2422.9999999999563,0.8076666666666521,12540,90.31184808193166,92.92270239956984,19,3,10.12127332351221,37.928649696083546,3.9762536842837313,18.80365893821147,10.260000000000218,25.159999999999854,0,0.09000000000014552,0.049999999999272404,0.0,EXPERT
487,974,STOCHEXTREME_ORO_XAUUSD_1751328000,XAUUSD,SELL,2026.08.14 12:30:00,2026.08.14 12:31:00,2026.08.14 12:31:00,1786710660000,4351.78,4351.86,4351.78,0.5,4381.78,4381.78,2026.08.14 15:30:38,1786721438107,4381.71,4381.78,4381.78,INITIAL_STOP,LOSS,LOSS,-1500.0,0.0,0.0,-1500.0,-1500.0,0.0,-30.0,-3000.0,-1.0,10778,84.3166562728385,86.72898207802687,20,3,0.0,0.0,98.93625284222344,85.69703451853984,29.99000000000069,3.769999999999527,0,0.07999999999992724,0.06999999999970896,0.0,SL
488,976,STOCHEXTREME_ORO_XAUUSD_1751328000,XAUUSD,SELL,2026.08.14 16:00:00,2026.08.14 16:01:00,2026.08.14 16:01:00,1786723260000,4373.15,4373.25,4373.15,0.48,4403.15,4403.15,2026.08.14 21:00:00,1786741200000,4378.46,4378.53,4378.52,TARGET_K20_M30_CLOSE,WIN,LOSS,-257.76,0.0,0.0,-257.76,-257.76,0.0,-5.3700000000008,-537.00000000008,-0.17900000000002667,17940,76.06194610013885,85.58220011251579,33,6,18.903278420434383,34.67300869148706,13.167635618620457,20.516526444278824,24.0,1.4200000000000728,0,0.1000000000003638,0.06999999999970896,0.0,EXPERT
489,978,STOCHEXTREME_ORO_XAUUSD_1751328000,XAUUSD,BUY,2026.08.14 21:31:39,2026.08.14 21:32:39,2026.08.14 21:32:39,1786743159252,4378.04,4378.12,4378.12,0.48,4348.12,4348.12,2026.08.17 04:30:00,1786941000000,4407.21,4407.26,4407.20,TARGET_K80_M30_CLOSE,WIN,PROFIT,1395.84,0.0,-28.46,1367.3799999999999,1395.84,0.0,29.079999999999927,2907.9999999999927,0.9693333333333309,197841,24.77900155210889,19.98584581421712,17,3,90.9930361828459,67.88317734586921,86.0786438893662,82.15368324108505,10.989999999999782,38.38000000000011,0,0.07999999999992724,0.0500000000001819,0.0,EXPERT
490,980,STOCHEXTREME_ORO_XAUUSD_1751328000,XAUUSD,SELL,2026.08.17 10:12:19,2026.08.17 10:13:19,2026.08.17 10:13:19,1786961599041,4398.77,4398.85,4398.77,0.5,4428.77,4428.77,2026.08.17 19:10:41,1786993841764,4428.66,4428.77,4428.77,INITIAL_STOP,LOSS,LOSS,-1500.0,0.0,0.0,-1500.0,-1500.0,0.0,-30.0,-3000.0,-1.0,32242,75.14359704891244,76.28927521974099,21,4,0.0,0.0,98.19153606249239,91.6106482089416,29.98999999999978,21.360000000000582,0,0.07999999999992724,0.11000000000058208,0.0,SL
491,982,STOCHEXTREME_ORO_XAUUSD_1751328000,XAUUSD,BUY,2026.08.17 22:00:00,2026.08.17 22:01:00,2026.08.17 22:01:00,1787004060000,4405.07,4405.17,4405.17,0.46,4375.17,4375.17,2026.08.18 03:30:00,1787023800000,4431.12,4431.17,4431.11,TARGET_K80_M30_CLOSE,WIN,PROFIT,1193.24,0.0,-27.27,1165.97,1193.24,0.0,25.9399999999996,2593.99999999996,0.8646666666666534,19740,20.305881701174794,16.940680413335592,31,5,94.55546288408796,65.60845791334793,98.20029630832728,86.50263446699245,4.859999999999673,26.460000000000036,0,0.1000000000003638,0.0500000000001819,0.0,EXPERT
492,984,STOCHEXTREME_ORO_XAUUSD_1751328000,XAUUSD,SELL,2026.08.18 10:31:37,2026.08.18 10:32:37,2026.08.18 10:32:37,1787049157058,4400.56,4400.62,4400.56,0.5,4430.56,4430.56,2026.08.18 19:00:00,1787079600000,4364.88,4364.93,4364.92,TARGET_K20_M30_CLOSE,WIN,PROFIT,1782.0,0.0,0.0,1782.0,1782.0,0.0,35.64000000000033,3564.0000000000327,1.1880000000000108,30443,83.95436255348491,88.65313149086761,19,3,12.195058292785612,26.04944654618704,17.924130028346255,18.01826181738843,6.449999999999818,48.82000000000062,0,0.05999999999949068,0.0500000000001819,0.0,EXPERT
493,986,STOCHEXTREME_ORO_XAUUSD_1751328000,XAUUSD,BUY,2026.08.18 23:01:31,2026.08.18 23:02:31,2026.08.18 23:02:31,1787094151003,4345.85,4345.90,4345.90,0.52,4315.90,4315.90,2026.08.19 05:30:00,1787117400000,4359.76,4359.88,4359.75,TARGET_K80_M30_CLOSE,WIN,PROFIT,720.2,0.0,-30.83,689.37,720.2,0.0,13.850000000000364,1385.0000000000364,0.46166666666667877,23249,22.949525344963885,21.58790272087222,36,6,89.59287050477235,79.3221824029335,94.71174623018682,86.97433327084349,21.36999999999989,16.19000000000051,0,0.049999999999272404,0.11999999999989086,0.0,EXPERT
494,988,STOCHEXTREME_ORO_XAUUSD_1751328000,XAUUSD,SELL,2026.08.19 11:30:00,2026.08.19 11:31:00,2026.08.19 11:31:00,1787139060000,4360.13,4360.21,4360.13,0.54,4390.13,4390.13,2026.08.19 15:36:27,1787153787842,4390.04,4390.14,4390.14,INITIAL_STOP,LOSS,LOSS,-1620.54,0.0,0.0,-1620.54,-1620.54,0.0,-30.01000000000022,-3001.000000000022,-1.0003333333333406,14727,80.61402362850278,83.82071061550971,26,4,0.0,0.0,67.51315488446765,64.50030450071394,29.98999999999978,6.5900000000001455,0,0.07999999999992724,0.1000000000003638,0.010000000000218279,SL
495,990,STOCHEXTREME_ORO_XAUUSD_1751328000,XAUUSD,SELL,2026.08.19 23:35:41,2026.08.19 23:36:41,2026.08.19 23:36:41,1787182601052,4520.09,4520.14,4520.09,0.5,4550.09,4550.09,2026.08.20 03:00:00,1787194800000,4511.80,4511.85,4511.86,TARGET_K20_M30_CLOSE,WIN,PROFIT,411.5,0.0,61.19,472.69,411.5,0.0,8.230000000000473,823.0000000000473,0.2743333333333491,12199,94.51831255047831,94.7276530080319,31,5,15.036164833600395,39.288261452582816,8.804855650067289,20.739229275313335,7.5,8.640000000000327,0,0.0500000000001819,0.0500000000001819,0.0,EXPERT
496,992,STOCHEXTREME_ORO_XAUUSD_1751328000,XAUUSD,BUY,2026.08.20 15:53:31,2026.08.20 15:54:31,2026.08.20 15:54:31,1787241271087,4472.56,4472.61,4472.61,0.52,4442.61,4442.61,2026.08.20 18:00:00,1787248800000,4516.02,4516.07,4516.03,TARGET_K80_M30_CLOSE,WIN,PROFIT,2257.84,0.0,0.0,2257.84,2257.84,0.0,43.42000000000007,4342.000000000007,1.4473333333333358,7529,24.825307115522182,24.507197217372607,44,7,88.08742061036465,72.14042051571981,97.8171236845979,85.59068318879001,3.2799999999997453,43.82000000000062,0,0.049999999999272404,0.049999999999272404,0.0,EXPERT
497,994,STOCHEXTREME_ORO_XAUUSD_1751328000,XAUUSD,SELL,2026.08.20 23:06:30,2026.08.20 23:07:30,2026.08.20 23:07:30,1787267250299,4525.49,4525.54,4525.49,0.56,4555.49,4555.49,2026.08.21 08:58:40,1787302720465,4555.44,4555.49,4555.49,INITIAL_STOP,LOSS,LOSS,-1680.0,0.0,22.84,-1657.16,-1680.0,0.0,-30.0,-3000.0,-1.0,35470,75.41194226087076,76.24375199261787,27,5,0.0,0.0,61.22898004086118,66.59625615631407,29.98999999999978,16.639999999999418,0,0.0500000000001819,0.0500000000001819,0.0,SL
498,996,STOCHEXTREME_ORO_XAUUSD_1751328000,XAUUSD,SELL,2026.08.21 10:30:00,2026.08.21 10:31:00,2026.08.21 10:31:00,1787308260000,4563.12,4563.20,4563.12,0.52,4593.12,4593.12,2026.08.21 12:08:40,1787314120000,4593.03,4593.14,4593.14,INITIAL_STOP,LOSS,LOSS,-1561.04,0.0,0.0,-1561.04,-1561.04,0.0,-30.020000000000437,-3002.0000000000437,-1.0006666666666812,5860,84.65989383515141,86.15557667666742,31,5,0.0,0.0,97.33901502578506,93.81395976903217,29.98999999999978,3.869999999999891,0,0.07999999999992724,0.11000000000058208,0.020000000000436557,SL
499,998,STOCHEXTREME_ORO_XAUUSD_1751328000,XAUUSD,SELL,2026.08.24 16:43:14,2026.08.24 16:44:14,2026.08.24 16:44:14,1787589854005,4665.78,4665.83,4665.78,0.5,4695.78,4695.78,2026.08.24 21:00:00,1787605200000,4636.67,4636.76,4636.75,TARGET_K20_M30_CLOSE,WIN,PROFIT,1451.5,0.0,0.0,1451.5,1451.5,0.0,29.029999999999745,2902.9999999999745,0.9676666666666581,15346,76.58609515542764,77.97083848726169,44,7,14.776409887580291,22.408134899814794,15.584927351767035,18.612750583596135,14.0,36.07999999999993,0,0.0500000000001819,0.09000000000014552,0.0,EXPERT
500,1000,STOCHEXTREME_ORO_XAUUSD_1751328000,XAUUSD,BUY,2026.08.24 21:03:32,2026.08.24 21:04:32,2026.08.24 21:04:32,1787605472071,4640.11,4640.17,4640.17,0.52,4610.17,4610.17,2026.08.25 02:00:00,1787623200000,4667.64,4667.76,4667.62,TARGET_K80_M30_CLOSE,WIN,PROFIT,1427.4,0.0,-30.83,1396.5700000000002,1427.4,0.0,27.449999999999818,2744.999999999982,0.9149999999999939,17728,21.38811178652982,20.54714539518373,31,5,82.18671794782897,76.18044929300446,90.442187693941,81.55253964589006,14.989999999999782,28.289999999999964,0,0.06000000000040018,0.11999999999989086,0.0,EXPERT
501,1001,STOCHEXTREME_ORO_XAUUSD_1751328000,XAUUSD,SELL,2026.08.25 01:02:19,2026.08.25 01:02:19,2026.08.25 01:02:19,1787619739293,4655.79,4655.88,4655.79,0.52,4685.79,4685.79,2026.08.25 03:00:32,1787626832461,4685.73,4685.80,4685.80,INITIAL_STOP,LOSS,LOSS,-1560.52,0.0,0.0,-1560.52,-1560.52,0.0,-30.01000000000022,-3001.000000000022,-1.0003333333333406,7093,76.08478699858317,76.08489336124228,16,3,0.0,0.0,88.9112883509287,86.62397691548432,29.98999999999978,3.0799999999999272,0,0.09000000000014552,0.07000000000061846,0.010000000000218279,SL
502,1004,STOCHEXTREME_ORO_XAUUSD_1751328000,XAUUSD,BUY,2026.08.25 11:32:42,2026.08.25 11:33:42,2026.08.25 11:33:42,1787657622064,4632.06,4632.12,4632.12,0.52,4602.12,4602.12,2026.08.25 19:00:00,1787684400000,4652.88,4652.94,4652.87,TARGET_K80_M30_CLOSE,WIN,PROFIT,1079.0,0.0,0.0,1079.0,1079.0,0.0,20.75,2075.0,0.6916666666666667,26778,24.851093257093073,18.519413554399485,35,6,82.31791410721611,65.9448129707051,87.55038027327703,79.25902929331424,26.73999999999978,27.420000000000073,0,0.05999999999949068,0.05999999999949068,0.0,EXPERT
503,1006,STOCHEXTREME_ORO_XAUUSD_1751328000,XAUUSD,SELL,2026.08.25 22:30:00,2026.08.25 22:31:00,2026.08.25 22:31:00,1787697060000,4660.51,4660.57,4660.51,0.54,4690.51,4690.51,2026.08.26 03:30:00,1787715000000,4646.69,4646.74,4646.75,TARGET_K20_M30_CLOSE,WIN,PROFIT,743.04,0.0,22.03,765.0699999999999,743.04,0.0,13.760000000000218,1376.0000000000218,0.45866666666667394,17940,80.78777973801807,86.8226479772989,22,4,19.347950273066882,46.23904083362198,10.996145052972743,25.772202602848626,13.300000000000182,17.409999999999854,0,0.05999999999949068,0.0500000000001819,0.0,EXPERT
505,1009,STOCHEXTREME_ORO_XAUUSD_1751328000,XAUUSD,BUY,2026.08.26 19:30:00,2026.08.26 19:30:00,2026.08.26 19:30:00,1787772600000,4595.02,4595.07,4595.07,0.56,4565.07,4565.07,2026.08.27 02:30:00,1787797800000,4620.17,4620.28,4620.16,TARGET_K80_M30_CLOSE,WIN,PROFIT,1405.04,0.0,-99.6,1305.44,1405.04,0.0,25.090000000000146,2509.0000000000146,0.8363333333333381,25200,24.43298287376898,23.224681237596972,33,6,88.14442155809559,76.48023335418127,86.42413965579534,83.97718031241295,10.960000000000036,27.3100000000004,0,0.049999999999272404,0.10999999999967258,0.0,EXPERT
504,1008,STOCHEXTREME_ORO_XAUUSD_1751328000,XAUUSD,SELL,2026.08.26 15:32:42,2026.08.26 15:33:42,2026.08.26 15:33:42,1787758422028,4621.32,4621.41,4621.32,0.56,4651.32,4651.32,2026.08.27 08:00:00,1787817600000,4618.78,4618.90,4618.91,TARGET_K20_M30_CLOSE,WIN,PROFIT,134.96,0.0,68.53,203.49,134.96,0.0,2.4099999999998545,240.99999999998545,0.08033333333332848,59178,77.5805388389682,79.50288546682874,34,6,6.863942556813826,27.941798077792384,7.834331337323602,13.99498996055762,21.800000000000182,38.159999999999854,0,0.09000000000014552,0.11999999999989086,0.0,EXPERT
506,1012,STOCHEXTREME_ORO_XAUUSD_1751328000,XAUUSD,BUY,2026.08.27 13:30:00,2026.08.27 13:31:00,2026.08.27 13:31:00,1787837460000,4580.34,4580.41,4580.41,0.6,4550.41,4550.41,2026.08.27 15:00:00,1787842800000,4598.44,4598.49,4598.43,TARGET_K80_M30_CLOSE,WIN,PROFIT,1081.2,0.0,0.0,1081.2,1081.2,0.0,18.020000000000437,1802.0000000000437,0.6006666666666812,5340,23.934822923529477,23.802303952297407,31,5,85.11807568366557,61.64916625496221,92.42978817102453,80.47216029657177,4.0900000000001455,19.980000000000473,0,0.06999999999970896,0.0500000000001819,0.0,EXPERT
507,1014,STOCHEXTREME_ORO_XAUUSD_1751328000,XAUUSD,SELL,2026.08.27 15:32:17,2026.08.27 15:33:17,2026.08.27 15:33:17,1787844797068,4596.32,4596.41,4596.32,0.62,4626.32,4626.32,2026.08.28 03:30:00,1787887800000,4594.02,4594.10,4594.09,TARGET_K20_M30_CLOSE,WIN,PROFIT,138.26,0.0,25.29,163.54999999999998,138.26,0.0,2.2299999999995634,222.99999999995634,0.07433333333331878,43003,79.00940266458433,84.01623405818133,25,4,8.502057287987098,35.75536455550205,11.371753155995519,18.653778727737105,21.850000000000364,31.659999999999854,0,0.09000000000014552,0.07999999999992724,0.0,EXPERT
508,1016,STOCHEXTREME_ORO_XAUUSD_1751328000,XAUUSD,SELL,2026.08.28 11:00:00,2026.08.28 11:01:00,2026.08.28 11:01:00,1787914860000,4613.20,4613.29,4613.20,0.62,4643.20,4643.20,2026.08.28 15:00:00,1787929200000,4593.35,4593.45,4593.44,TARGET_K20_M30_CLOSE,WIN,PROFIT,1225.12,0.0,0.0,1225.12,1225.12,0.0,19.76000000000022,1976.0000000000218,0.658666666666674,14340,92.0678652173749,92.28958515165249,22,4,19.837028668035767,30.674020084511113,19.376278224988255,24.15341382240399,1.5200000000004366,21.729999999999563,0,0.09000000000014552,0.0999999999994543,0.0,EXPERT
509,1018,STOCHEXTREME_ORO_XAUUSD_1751328000,XAUUSD,BUY,2026.08.28 22:00:00,2026.08.28 22:01:00,2026.08.28 22:01:00,1787954460000,4456.52,4456.63,4456.63,0.64,4426.63,4426.63,2026.08.31 05:03:21,1788152601413,4426.63,4426.75,4426.63,INITIAL_STOP,LOSS,LOSS,-1920.0,0.0,-37.94,-1957.94,-1920.0,0.0,-30.0,-3000.0,-1.0,198141,8.386022747865391,6.977180709566908,41,7,0.0,0.0,14.92463906746526,35.200913441540024,29.980000000000473,15.5,0,0.10999999999967258,0.11999999999989086,0.0,SL
510,1019,STOCHEXTREME_ORO_XAUUSD_1751328000,XAUUSD,SELL,2026.08.31 03:00:40,2026.08.31 03:00:40,2026.08.31 03:00:40,1788145240388,4460.54,4460.59,4460.54,0.64,4490.54,4490.54,2026.08.31 05:30:00,1788154200000,4423.08,4423.18,4423.17,TARGET_K20_M30_CLOSE,WIN,PROFIT,2391.68,0.0,0.0,2391.68,2391.68,0.0,37.36999999999989,3736.999999999989,1.245666666666663,8960,75.00218435998336,75.19345831671431,39,7,18.04174619492138,36.23994915069206,10.228324323014684,21.324091637878578,11.640000000000327,42.399999999999636,0,0.0500000000001819,0.1000000000003638,0.0,EXPERT
511,1022,STOCHEXTREME_ORO_XAUUSD_1751328000,XAUUSD,SELL,2026.08.31 14:14:36,2026.08.31 14:15:36,2026.08.31 14:15:36,1788185736176,4453.17,4453.22,4453.17,0.64,4483.17,4483.17,2026.08.31 16:30:00,1788193800000,4446.02,4446.12,4446.13,TARGET_K20_M30_CLOSE,WIN,PROFIT,450.56,0.0,0.0,450.56,450.56,0.0,7.039999999999964,703.9999999999964,0.23466666666666544,8064,75.84347688781003,77.3068253135471,19,3,18.656330287760046,32.573785001539534,27.179547619725472,23.18073628674311,11.010000000000218,19.149999999999636,0,0.0500000000001819,0.0999999999994543,0.0,EXPERT
512,1024,STOCHEXTREME_ORO_XAUUSD_1751328000,XAUUSD,BUY,2026.08.31 16:30:40,2026.08.31 16:31:40,2026.08.31 16:31:40,1788193900012,4441.83,4441.93,4441.93,0.66,4411.93,4411.93,2026.08.31 23:30:00,1788219000000,4447.31,4447.39,4447.32,TARGET_K80_M30_CLOSE,WIN,PROFIT,355.74,0.0,0.0,355.74,355.74,0.0,5.389999999999418,538.9999999999418,0.17966666666664727,25100,22.537916956160075,21.633526065554644,32,5,85.05274667328915,67.38504248395392,71.9274045824313,76.82660913989803,26.25,13.9399999999996,0,0.1000000000003638,0.07999999999992724,0.0,EXPERT
513,1026,STOCHEXTREME_ORO_XAUUSD_1751328000,XAUUSD,SELL,2026.08.31 23:37:36,2026.08.31 23:38:36,2026.08.31 23:38:36,1788219516346,4448.98,4449.05,4448.98,0.66,4478.98,4478.98,2026.09.01 05:30:00,1788240600000,4440.64,4440.71,4440.70,TARGET_K20_M30_CLOSE,WIN,PROFIT,546.48,0.0,26.92,573.4,546.48,0.0,8.279999999999745,827.9999999999745,0.27599999999999153,21084,75.24089664592167,77.93110649439481,16,3,18.68234390158234,35.367688385762534,21.609634664892067,24.53315848126768,12.570000000000618,12.409999999999854,0,0.07000000000061846,0.06999999999970896,0.0,EXPERT
514,1028,STOCHEXTREME_ORO_XAUUSD_1751328000,XAUUSD,BUY,2026.09.01 11:13:38,2026.09.01 11:14:38,2026.09.01 11:14:38,1788261278011,4405.59,4405.64,4405.64,0.68,4375.64,4375.64,2026.09.01 11:32:29,1788262349298,4375.63,4375.68,4375.63,INITIAL_STOP,LOSS,LOSS,-2040.68,0.0,0.0,-2040.68,-2040.68,0.0,-30.01000000000022,-3001.000000000022,-1.0003333333333406,1071,20.784540681629796,20.144075578138814,44,7,0.0,0.0,8.61365439521626,13.505610270036925,29.99000000000069,0.7899999999999636,0,0.0500000000001819,0.0500000000001819,0.010000000000218279,SL
515,1030,STOCHEXTREME_ORO_XAUUSD_1751328000,XAUUSD,BUY,2026.09.01 21:16:41,2026.09.01 21:17:41,2026.09.01 21:17:41,1788297461048,4339.42,4339.51,4339.51,0.64,4309.51,4309.51,2026.09.02 04:02:38,1788321758568,4309.51,4309.63,4309.51,INITIAL_STOP,LOSS,LOSS,-1920.0,0.0,-37.94,-1957.94,-1920.0,0.0,-30.0,-3000.0,-1.0,24297,16.380121895383944,14.877394135037319,21,4,0.0,0.0,18.698802772526737,26.853195620253587,29.98999999999978,2.219999999999345,0,0.09000000000014552,0.11999999999989086,0.0,SL
516,1032,STOCHEXTREME_ORO_XAUUSD_1751328000,XAUUSD,BUY,2026.09.02 13:00:00,2026.09.02 13:01:00,2026.09.02 13:01:00,1788354060000,4308.92,4308.97,4308.97,0.6,4278.97,4278.97,2026.09.02 15:00:00,1788361200000,4332.41,4332.46,4332.42,TARGET_K80_M30_CLOSE,WIN,PROFIT,1407.0,0.0,0.0,1407.0,1407.0,0.0,23.449999999999818,2344.999999999982,0.7816666666666606,7140,17.945934745207683,17.170843696392676,19,3,86.16196354047672,65.11819488539957,94.94583422421772,82.56444499913687,7.199999999999818,23.979999999999563,0,0.0500000000001819,0.0500000000001819,0.0,EXPERT
517,1034,STOCHEXTREME_ORO_XAUUSD_1751328000,XAUUSD,SELL,2026.09.02 15:30:00,2026.09.02 15:31:00,2026.09.02 15:31:00,1788363060000,4334.62,4334.69,4334.62,0.62,4364.62,4364.62,2026.09.02 16:31:59,1788366719946,4364.60,4364.70,4364.70,INITIAL_STOP,LOSS,LOSS,-1864.96,0.0,0.0,-1864.96,-1864.96,0.0,-30.079999999999927,-3007.9999999999927,-1.0026666666666642,3659,85.46380378004619,86.94527421085066,42,7,0.0,0.0,89.81942468254424,85.4417902723477,29.520000000000437,7.109999999999673,0,0.06999999999970896,0.0999999999994543,0.07999999999992724,SL
518,1036,STOCHEXTREME_ORO_XAUUSD_1751328000,XAUUSD,SELL,2026.09.02 23:31:27,2026.09.02 23:32:27,2026.09.02 23:32:27,1788391947303,4387.38,4387.43,4387.38,0.58,4417.38,4417.38,2026.09.03 05:32:15,1788413535181,4417.28,4417.39,4417.39,INITIAL_STOP,LOSS,LOSS,-1740.58,0.0,70.98,-1669.6,-1740.58,0.0,-30.01000000000022,-3001.000000000022,-1.0003333333333406,21588,77.77630961761761,81.8319934039772,16,3,0.0,0.0,93.83834459283395,87.44965079224062,29.98999999999978,6.130000000000109,0,0.0500000000001819,0.11000000000058208,0.010000000000218279,SL
519,1038,STOCHEXTREME_ORO_XAUUSD_1751328000,XAUUSD,SELL,2026.09.03 16:16:28,2026.09.03 16:17:28,2026.09.03 16:17:28,1788452248004,4482.61,4482.66,4482.61,0.56,4512.61,4512.61,2026.09.03 22:00:00,1788472800000,4475.09,4475.14,4475.15,TARGET_K20_M30_CLOSE,WIN,PROFIT,417.76,0.0,0.0,417.76,417.76,0.0,7.460000000000036,746.0000000000036,0.24866666666666787,20552,89.56395700896599,90.25662322288595,44,7,10.916306218912077,27.47551045309616,3.4027791166662964,16.53545111037683,28.32000000000062,25.75,0,0.0500000000001819,0.0500000000001819,0.0,EXPERT
520,1040,STOCHEXTREME_ORO_XAUUSD_1751328000,XAUUSD,BUY,2026.09.03 22:30:00,2026.09.03 22:31:00,2026.09.03 22:31:00,1788474660000,4475.08,4475.14,4475.14,0.56,4445.14,4445.14,2026.09.04 15:30:13,1788535813812,4445.13,4445.23,4445.13,INITIAL_STOP,LOSS,LOSS,-1680.56,0.0,-33.2,-1713.76,-1680.56,0.0,-30.01000000000022,-3001.000000000022,-1.0003333333333406,61153,15.901166919243558,11.64288009080056,17,3,0.0,0.0,26.59195164433351,28.057253356064745,29.86999999999989,15.699999999999818,0,0.06000000000040018,0.0999999999994543,0.010000000000218279,SL
521,1042,STOCHEXTREME_ORO_XAUUSD_1751328000,XAUUSD,SELL,2026.09.04 23:26:35,2026.09.04 23:27:35,2026.09.04 23:27:35,1788564455044,4429.97,4430.03,4429.97,0.52,4459.97,4459.97,2026.09.07 13:30:00,1788787800000,4395.96,4396.04,4396.05,TARGET_K20_M30_CLOSE,WIN,PROFIT,1763.84,0.0,21.21,1785.05,1763.84,0.0,33.92000000000007,3392.0000000000073,1.1306666666666692,223345,77.56610173380943,77.57959781882685,16,3,4.326539668560444,26.283676916023747,3.935552173389555,10.761442727033005,5.359999999999673,44.650000000000546,0,0.05999999999949068,0.07999999999992724,0.0,EXPERT
522,1043,STOCHEXTREME_ORO_XAUUSD_1751328000,XAUUSD,BUY,2026.09.07 04:30:00,2026.09.07 04:30:00,2026.09.07 04:30:00,1788755400000,4403.47,4403.52,4403.52,0.52,4373.52,4373.52,2026.09.07 16:30:00,1788798600000,4403.86,4403.92,4403.87,TARGET_K80_M30_CLOSE,WIN,PROFIT,18.2,0.0,0.0,18.2,18.2,0.0,0.3499999999994543,34.99999999994543,0.011666666666648477,43200,23.854329022717177,22.98264848527748,44,7,95.93508998488359,68.62467996192457,93.97032033718585,86.28166537337093,22.38000000000011,20.289999999999964,0,0.0500000000001819,0.06000000000040018,0.0,EXPERT
523,1046,STOCHEXTREME_ORO_XAUUSD_1751328000,XAUUSD,SELL,2026.09.07 17:00:29,2026.09.07 17:01:29,2026.09.07 17:01:29,1788800489037,4406.35,4406.45,4406.35,0.56,4436.35,4436.35,2026.09.07 21:30:00,1788816600100,4406.22,4406.31,4406.33,TARGET_K20_M30_CLOSE,WIN,PROFIT,1.12,0.0,0.0,1.12,1.12,0.0,0.020000000000436557,2.0000000000436557,0.0006666666666812186,16111,82.8487049151103,87.7296341738538,20,3,11.832218508712032,27.24727415351246,19.24950114548854,18.88572915009704,13.359999999999673,3.110000000000582,0,0.0999999999994543,0.09000000000014552,0.0,EXPERT
524,1047,STOCHEXTREME_ORO_XAUUSD_1751328000,XAUUSD,BUY,2026.09.07 21:30:00,2026.09.07 21:30:00,2026.09.07 21:30:00,1788816600000,4406.24,4406.33,4406.33,0.56,4376.33,4376.33,2026.09.08 04:30:00,1788841800000,4434.47,4434.54,4434.48,TARGET_K80_M30_CLOSE,WIN,PROFIT,1576.4,0.0,-33.2,1543.2,1576.4,0.0,28.149999999999636,2814.9999999999636,0.9383333333333213,25200,19.319163284114545,18.908949862972374,16,3,80.72163767017753,73.39449660504135,90.74092272082999,82.12755105499666,0.10999999999967258,29.94000000000051,0,0.09000000000014552,0.06999999999970896,0.0,EXPERT
525,1050,STOCHEXTREME_ORO_XAUUSD_1751328000,XAUUSD,BUY,2026.09.08 10:00:00,2026.09.08 10:01:00,2026.09.08 10:01:00,1788861660000,4402.90,4402.95,4402.95,0.6,4372.95,4372.95,2026.09.08 16:00:00,1788883200000,4411.63,4411.69,4411.62,TARGET_K80_M30_CLOSE,WIN,PROFIT,520.2,0.0,0.0,520.2,520.2,0.0,8.670000000000073,867.0000000000073,0.2890000000000024,21540,10.446597449244537,7.426280391075157,26,4,88.07334140677521,76.3353922604996,90.62144869046061,85.58899346337351,17.55999999999949,8.86999999999989,0,0.0500000000001819,0.05999999999949068,0.0,EXPERT
526,1052,STOCHEXTREME_ORO_XAUUSD_1751328000,XAUUSD,SELL,2026.09.08 16:00:42,2026.09.08 16:01:42,2026.09.08 16:01:42,1788883302021,4405.15,4405.20,4405.15,0.6,4435.15,4435.15,2026.09.08 23:30:00,1788910200000,4356.81,4356.89,4356.88,TARGET_K20_M30_CLOSE,WIN,PROFIT,2896.2,0.0,0.0,2896.2,2896.2,0.0,48.26999999999953,4826.999999999953,1.6089999999999842,26898,81.11895503346544,82.42149557770846,44,7,11.373240286580886,19.200830554142374,5.482572713087386,13.307292276836327,5.770000000000437,49.4399999999996,0,0.0500000000001819,0.07999999999992724,0.0,EXPERT
527,1054,STOCHEXTREME_ORO_XAUUSD_1751328000,XAUUSD,SELL,2026.09.09 11:00:00,2026.09.09 11:01:00,2026.09.09 11:01:00,1788951660000,4408.49,4408.54,4408.49,0.66,4438.49,4438.49,2026.09.09 12:30:00,1788957000000,4398.41,4398.52,4398.51,TARGET_K20_M30_CLOSE,WIN,PROFIT,658.68,0.0,0.0,658.68,658.68,0.0,9.979999999999563,997.9999999999563,0.3326666666666521,5340,79.42881154272878,81.58139343897592,17,3,7.856086571610067,31.99280170312262,14.215333177033884,17.54872142287414,3.619999999999891,11.429999999999382,0,0.0500000000001819,0.11000000000058208,0.0,EXPERT
528,1056,STOCHEXTREME_ORO_XAUUSD_1751328000,XAUUSD,BUY,2026.09.09 13:00:00,2026.09.09 13:01:00,2026.09.09 13:01:00,1788958860000,4391.25,4391.36,4391.36,0.68,4361.36,4361.36,2026.09.09 15:00:00,1788966000000,4407.37,4407.42,4407.35,TARGET_K80_M30_CLOSE,WIN,PROFIT,1087.32,0.0,0.0,1087.32,1087.32,0.0,15.990000000000691,1599.0000000000691,0.533000000000023,7140,14.009164930421761,11.178360518141261,16,3,82.83320650339448,67.88359574213453,80.58010643212255,79.19816791706698,5.079999999999927,23.950000000000728,0,0.10999999999967258,0.0500000000001819,0.0,EXPERT
529,1058,STOCHEXTREME_ORO_XAUUSD_1751328000,XAUUSD,SELL,2026.09.09 15:03:37,2026.09.09 15:04:37,2026.09.09 15:04:37,1788966277206,4404.03,4404.08,4404.03,0.7,4434.03,4434.03,2026.09.09 16:32:17,1788971537518,4434.03,4434.08,4434.08,INITIAL_STOP,LOSS,LOSS,-2103.5,0.0,0.0,-2103.5,-2103.5,0.0,-30.050000000000182,-3005.000000000018,-1.0016666666666727,5260,76.74499333073311,77.91979688327051,29,5,0.0,0.0,78.60345216647316,59.355732667762815,29.980000000000473,13.0,0,0.0500000000001819,0.0500000000001819,0.0500000000001819,SL
530,1060,STOCHEXTREME_ORO_XAUUSD_1751328000,XAUUSD,BUY,2026.09.09 23:30:00,2026.09.09 23:31:00,2026.09.09 23:31:00,1788996660000,4395.58,4395.65,4395.65,0.66,4365.65,4365.65,2026.09.10 05:30:00,1789018200000,4417.28,4417.40,4417.27,TARGET_K80_M30_CLOSE,WIN,PROFIT,1426.92,0.0,-117.38,1309.54,1426.92,0.0,21.6200000000008,2162.00000000008,0.7206666666666933,21540,16.649188417520204,13.00964434233088,16,3,80.40494166094767,70.29307448442668,88.13772592084179,80.95907877678655,5.799999999999272,23.340000000000146,0,0.06999999999970896,0.11999999999989086,0.0,EXPERT
531,1062,STOCHEXTREME_ORO_XAUUSD_1751328000,XAUUSD,BUY,2026.09.10 12:43:41,2026.09.10 12:44:41,2026.09.10 12:44:41,1789044281333,4392.99,4393.07,4393.07,0.68,4363.07,4363.07,2026.09.10 15:26:37,1789053997241,4363.07,4363.12,4363.07,INITIAL_STOP,LOSS,LOSS,-2040.0,0.0,0.0,-2040.0,-2040.0,0.0,-30.0,-3000.0,-1.0,9716,12.30847087620244,11.315443400226377,24,4,0.0,0.0,9.377075005652557,13.842560844550443,29.960000000000036,7.110000000000582,0,0.07999999999992724,0.0500000000001819,0.0,SL
